user_id,variant,pre_signup_value,device,country,converted,revenue
1,control,31.38,mobile,ID,0,0.0
2,treatment,42.53,mobile,PH,0,0.0
3,control,27.56,mobile,PH,0,0.0
4,control,24.68,mobile,SG,0,0.0
5,treatment,46.19,mobile,ID,0,0.0
6,treatment,26.3,desktop,PH,1,9.84
7,treatment,35.19,mobile,SG,0,0.0
8,treatment,32.84,mobile,ID,0,0.0
9,control,46.16,desktop,SG,0,0.0
10,control,21.59,desktop,PH,0,0.0
11,control,56.93,mobile,SG,0,0.0
12,control,17.59,mobile,MY,0,0.0
13,treatment,36.79,mobile,ID,0,0.0
14,control,33.87,mobile,ID,0,0.0
15,control,16.33,desktop,SG,0,0.0
16,treatment,38.93,mobile,SG,1,47.93
17,control,22.86,mobile,PH,1,12.73
18,control,12.19,mobile,VN,0,0.0
19,treatment,42.33,mobile,ID,0,0.0
20,control,8.49,mobile,SG,0,0.0
21,treatment,14.2,desktop,ID,0,0.0
22,control,27.33,mobile,ID,0,0.0
23,control,45.96,mobile,MY,0,0.0
24,control,40.59,desktop,SG,0,0.0
25,control,31.03,mobile,SG,0,0.0
26,control,6.07,mobile,SG,0,0.0
27,treatment,16.95,mobile,ID,0,0.0
28,treatment,20.04,mobile,MY,0,0.0
29,control,11.7,mobile,ID,0,0.0
30,control,4.52,mobile,ID,0,0.0
31,treatment,28.29,desktop,ID,0,0.0
32,control,41.46,desktop,ID,0,0.0
33,control,18.84,mobile,ID,0,0.0
34,treatment,45.57,mobile,SG,0,0.0
35,treatment,7.54,desktop,SG,0,0.0
36,control,11.09,mobile,ID,0,0.0
37,control,27.86,mobile,MY,0,0.0
38,treatment,17.61,desktop,MY,0,0.0
39,control,39.18,mobile,MY,1,12.8
40,treatment,34.93,desktop,SG,1,25.48
41,control,18.61,mobile,SG,0,0.0
42,control,8.26,desktop,ID,0,0.0
43,treatment,16.97,mobile,ID,0,0.0
44,control,35.51,mobile,ID,1,11.5
45,control,40.23,mobile,SG,0,0.0
46,treatment,17.67,desktop,PH,0,0.0
47,treatment,4.49,mobile,MY,0,0.0
48,control,7.14,mobile,ID,0,0.0
49,treatment,33.57,desktop,MY,0,0.0
50,control,18.37,mobile,MY,0,0.0
51,treatment,18.72,mobile,PH,1,18.27
52,control,10.93,mobile,SG,0,0.0
53,control,10.75,desktop,SG,0,0.0
54,control,45.06,mobile,SG,0,0.0
55,treatment,34.39,mobile,VN,0,0.0
56,control,15.17,desktop,VN,0,0.0
57,treatment,26.42,mobile,ID,0,0.0
58,control,29.78,mobile,MY,0,0.0
59,treatment,70.62,mobile,SG,0,0.0
60,treatment,9.96,mobile,PH,0,0.0
61,control,29.51,mobile,SG,0,0.0
62,treatment,44.91,mobile,SG,0,0.0
63,control,65.39,mobile,PH,0,0.0
64,treatment,14.54,desktop,SG,0,0.0
65,control,18.19,mobile,PH,0,0.0
66,control,39.43,mobile,PH,0,0.0
67,treatment,5.97,mobile,PH,0,0.0
68,control,31.58,desktop,ID,0,0.0
69,control,87.03,desktop,MY,0,0.0
70,control,33.91,desktop,ID,0,0.0
71,treatment,2.27,desktop,PH,0,0.0
72,treatment,12.33,desktop,ID,0,0.0
73,treatment,14.92,desktop,PH,1,31.02
74,treatment,51.85,mobile,VN,0,0.0
75,treatment,22.05,mobile,ID,0,0.0
76,treatment,4.57,mobile,VN,0,0.0
77,treatment,23.97,mobile,SG,0,0.0
78,treatment,27.61,mobile,VN,0,0.0
79,treatment,16.52,mobile,VN,0,0.0
80,control,10.58,mobile,SG,0,0.0
81,treatment,93.02,desktop,ID,0,0.0
82,treatment,45.01,mobile,ID,0,0.0
83,control,47.73,mobile,PH,0,0.0
84,treatment,22.09,desktop,SG,0,0.0
85,treatment,14.34,mobile,ID,0,0.0
86,treatment,17.18,mobile,ID,0,0.0
87,treatment,7.52,mobile,MY,0,0.0
88,control,69.74,mobile,VN,0,0.0
89,treatment,22.77,desktop,ID,0,0.0
90,control,59.78,mobile,MY,0,0.0
91,control,17.86,desktop,PH,0,0.0
92,treatment,34.26,mobile,SG,1,54.61
93,treatment,28.72,desktop,SG,0,0.0
94,treatment,6.76,mobile,SG,0,0.0
95,treatment,75.44,mobile,VN,0,0.0
96,treatment,18.29,mobile,PH,0,0.0
97,treatment,9.11,mobile,ID,0,0.0
98,treatment,39.64,desktop,MY,0,0.0
99,control,24.9,desktop,MY,0,0.0
100,treatment,32.12,mobile,ID,0,0.0
101,treatment,26.8,desktop,ID,0,0.0
102,treatment,2.61,mobile,SG,0,0.0
103,control,11.97,desktop,SG,0,0.0
104,treatment,11.56,mobile,VN,0,0.0
105,control,47.26,mobile,ID,0,0.0
106,control,25.6,mobile,SG,0,0.0
107,control,35.7,mobile,VN,1,6.7
108,treatment,19.18,desktop,MY,1,33.96
109,treatment,36.94,mobile,ID,0,0.0
110,control,22.13,mobile,SG,0,0.0
111,treatment,20.91,desktop,VN,0,0.0
112,treatment,28.58,mobile,SG,0,0.0
113,control,26.79,mobile,VN,0,0.0
114,treatment,112.3,desktop,ID,0,0.0
115,control,11.85,mobile,SG,0,0.0
116,treatment,6.02,desktop,SG,0,0.0
117,control,31.62,mobile,PH,0,0.0
118,control,13.37,mobile,SG,0,0.0
119,treatment,2.21,mobile,SG,0,0.0
120,control,9.55,mobile,ID,0,0.0
121,treatment,96.91,mobile,SG,1,19.91
122,treatment,11.57,mobile,ID,0,0.0
123,control,4.07,desktop,ID,0,0.0
124,treatment,93.06,mobile,SG,0,0.0
125,control,9.21,desktop,MY,0,0.0
126,treatment,134.0,mobile,SG,0,0.0
127,control,18.53,desktop,VN,0,0.0
128,control,75.64,mobile,SG,0,0.0
129,treatment,20.54,desktop,ID,0,0.0
130,treatment,34.4,mobile,ID,0,0.0
131,control,22.5,mobile,PH,0,0.0
132,treatment,20.67,mobile,MY,0,0.0
133,treatment,29.77,desktop,SG,0,0.0
134,control,35.29,desktop,ID,0,0.0
135,treatment,28.13,desktop,ID,0,0.0
136,treatment,26.04,mobile,PH,0,0.0
137,treatment,13.47,mobile,SG,0,0.0
138,control,23.16,mobile,PH,0,0.0
139,treatment,69.52,mobile,SG,1,30.53
140,treatment,12.94,mobile,ID,0,0.0
141,treatment,30.41,desktop,ID,1,35.0
142,treatment,55.89,desktop,SG,0,0.0
143,control,35.5,mobile,VN,0,0.0
144,control,47.6,desktop,ID,1,2.81
145,treatment,9.07,mobile,SG,1,9.37
146,control,30.46,mobile,SG,0,0.0
147,treatment,19.76,mobile,PH,0,0.0
148,control,20.43,mobile,PH,0,0.0
149,treatment,65.69,mobile,SG,0,0.0
150,control,20.69,desktop,SG,0,0.0
151,treatment,31.18,desktop,ID,0,0.0
152,control,4.08,mobile,MY,0,0.0
153,treatment,75.59,desktop,MY,0,0.0
154,treatment,45.74,desktop,MY,0,0.0
155,control,23.83,mobile,ID,0,0.0
156,control,19.07,mobile,SG,0,0.0
157,treatment,38.07,desktop,MY,0,0.0
158,control,55.43,mobile,SG,1,17.76
159,treatment,76.26,mobile,SG,0,0.0
160,treatment,44.71,desktop,VN,0,0.0
161,treatment,26.31,desktop,SG,0,0.0
162,control,49.48,desktop,SG,1,13.94
163,control,43.42,desktop,PH,0,0.0
164,control,26.39,mobile,VN,0,0.0
165,control,42.54,desktop,PH,0,0.0
166,treatment,41.99,desktop,SG,1,44.44
167,treatment,23.73,mobile,ID,0,0.0
168,control,16.25,mobile,ID,0,0.0
169,control,39.49,mobile,PH,0,0.0
170,treatment,10.06,desktop,SG,0,0.0
171,treatment,8.07,desktop,MY,0,0.0
172,control,31.54,desktop,SG,0,0.0
173,control,38.74,mobile,ID,0,0.0
174,control,31.37,mobile,MY,0,0.0
175,control,33.9,mobile,ID,0,0.0
176,treatment,38.28,desktop,ID,0,0.0
177,treatment,65.86,mobile,PH,0,0.0
178,treatment,45.24,desktop,VN,0,0.0
179,treatment,44.3,mobile,ID,0,0.0
180,control,29.79,mobile,SG,0,0.0
181,control,30.61,mobile,PH,0,0.0
182,control,22.25,desktop,SG,1,16.18
183,treatment,33.18,mobile,SG,0,0.0
184,control,9.59,desktop,MY,0,0.0
185,control,66.06,mobile,ID,0,0.0
186,control,12.22,mobile,SG,0,0.0
187,treatment,45.18,mobile,SG,0,0.0
188,control,60.58,mobile,SG,0,0.0
189,control,45.1,mobile,ID,0,0.0
190,control,102.59,mobile,ID,0,0.0
191,control,2.81,mobile,ID,0,0.0
192,treatment,17.14,mobile,MY,1,21.42
193,treatment,59.9,mobile,PH,0,0.0
194,treatment,7.75,mobile,MY,0,0.0
195,treatment,12.56,desktop,MY,0,0.0
196,control,36.59,mobile,ID,0,0.0
197,treatment,26.07,mobile,ID,1,66.06
198,treatment,34.99,mobile,PH,0,0.0
199,treatment,27.77,mobile,SG,0,0.0
200,control,29.71,mobile,PH,0,0.0
201,control,13.69,mobile,MY,0,0.0
202,treatment,29.01,mobile,VN,0,0.0
203,treatment,18.12,desktop,ID,0,0.0
204,treatment,20.2,desktop,MY,0,0.0
205,control,44.75,mobile,SG,0,0.0
206,control,7.36,mobile,MY,0,0.0
207,treatment,1.57,mobile,MY,0,0.0
208,control,42.5,mobile,PH,0,0.0
209,treatment,29.03,desktop,PH,0,0.0
210,treatment,60.53,mobile,MY,0,0.0
211,control,12.86,mobile,PH,0,0.0
212,control,23.15,desktop,PH,0,0.0
213,control,26.83,desktop,VN,0,0.0
214,control,15.17,mobile,MY,0,0.0
215,treatment,11.44,desktop,SG,0,0.0
216,treatment,44.01,desktop,VN,0,0.0
217,treatment,6.65,desktop,ID,0,0.0
218,control,9.78,mobile,MY,0,0.0
219,treatment,22.55,desktop,MY,0,0.0
220,control,47.63,mobile,SG,0,0.0
221,control,16.02,mobile,SG,0,0.0
222,treatment,14.35,mobile,SG,0,0.0
223,treatment,21.51,mobile,ID,0,0.0
224,control,32.68,mobile,ID,0,0.0
225,control,18.93,mobile,ID,0,0.0
226,treatment,51.88,mobile,SG,0,0.0
227,treatment,53.39,desktop,SG,0,0.0
228,control,22.55,mobile,MY,0,0.0
229,treatment,85.01,mobile,SG,0,0.0
230,control,26.37,desktop,PH,0,0.0
231,control,52.17,mobile,MY,1,3.89
232,control,32.02,desktop,MY,0,0.0
233,control,31.58,mobile,ID,0,0.0
234,control,5.12,mobile,ID,0,0.0
235,control,9.0,mobile,SG,0,0.0
236,treatment,19.74,mobile,ID,0,0.0
237,control,53.12,mobile,SG,0,0.0
238,control,32.36,mobile,MY,0,0.0
239,treatment,19.89,mobile,MY,0,0.0
240,control,39.01,mobile,ID,0,0.0
241,treatment,51.78,desktop,ID,0,0.0
242,control,25.12,mobile,PH,0,0.0
243,treatment,29.57,desktop,ID,0,0.0
244,treatment,26.81,desktop,SG,0,0.0
245,control,23.92,mobile,ID,0,0.0
246,treatment,12.74,desktop,MY,0,0.0
247,treatment,11.87,desktop,ID,0,0.0
248,treatment,38.84,mobile,MY,0,0.0
249,control,52.46,mobile,MY,1,23.1
250,control,19.86,mobile,ID,0,0.0
251,treatment,19.49,desktop,ID,1,4.25
252,control,3.66,mobile,PH,1,10.49
253,treatment,2.87,mobile,ID,0,0.0
254,control,61.8,desktop,MY,0,0.0
255,control,13.5,mobile,SG,0,0.0
256,control,107.27,mobile,SG,1,19.37
257,control,15.65,mobile,SG,0,0.0
258,treatment,5.32,desktop,SG,0,0.0
259,control,26.98,mobile,SG,0,0.0
260,treatment,43.65,mobile,ID,1,17.55
261,treatment,40.3,mobile,MY,0,0.0
262,treatment,46.73,mobile,SG,1,16.41
263,treatment,10.53,desktop,MY,0,0.0
264,treatment,60.81,mobile,PH,1,51.83
265,treatment,63.23,mobile,MY,0,0.0
266,treatment,65.09,desktop,VN,1,24.77
267,control,30.34,mobile,PH,0,0.0
268,treatment,18.63,mobile,PH,0,0.0
269,control,17.28,desktop,ID,0,0.0
270,control,5.29,desktop,PH,0,0.0
271,control,15.95,mobile,MY,0,0.0
272,treatment,1.39,mobile,ID,0,0.0
273,treatment,4.5,mobile,SG,0,0.0
274,treatment,30.11,mobile,SG,0,0.0
275,control,20.41,mobile,VN,0,0.0
276,control,29.15,mobile,ID,0,0.0
277,control,41.34,mobile,SG,0,0.0
278,control,33.22,mobile,SG,1,23.75
279,control,31.19,desktop,MY,0,0.0
280,control,23.35,desktop,PH,1,34.69
281,treatment,13.06,desktop,PH,0,0.0
282,treatment,7.82,mobile,SG,0,0.0
283,control,16.31,mobile,SG,0,0.0
284,control,23.66,mobile,SG,0,0.0
285,treatment,26.0,mobile,ID,0,0.0
286,treatment,46.8,desktop,ID,0,0.0
287,treatment,22.03,desktop,ID,0,0.0
288,treatment,37.2,mobile,ID,0,0.0
289,control,6.14,mobile,SG,0,0.0
290,control,30.43,mobile,SG,1,22.36
291,control,28.86,desktop,MY,0,0.0
292,treatment,60.83,mobile,ID,0,0.0
293,treatment,20.42,mobile,ID,1,33.16
294,control,19.73,mobile,VN,0,0.0
295,treatment,41.54,desktop,SG,0,0.0
296,treatment,8.44,mobile,VN,0,0.0
297,treatment,29.84,mobile,SG,1,25.93
298,treatment,8.01,desktop,MY,1,13.2
299,treatment,79.45,desktop,SG,1,19.75
300,treatment,17.66,mobile,SG,0,0.0
301,treatment,7.49,desktop,SG,0,0.0
302,treatment,16.21,mobile,SG,1,34.02
303,control,29.98,desktop,ID,1,36.11
304,treatment,36.37,mobile,PH,0,0.0
305,treatment,58.69,desktop,ID,0,0.0
306,treatment,14.59,desktop,PH,0,0.0
307,control,42.88,mobile,ID,0,0.0
308,control,4.5,mobile,VN,0,0.0
309,control,9.84,desktop,SG,0,0.0
310,treatment,6.32,mobile,VN,0,0.0
311,control,12.41,desktop,MY,0,0.0
312,control,41.53,mobile,MY,0,0.0
313,treatment,14.9,mobile,ID,0,0.0
314,treatment,17.4,desktop,SG,1,17.98
315,treatment,30.58,mobile,SG,0,0.0
316,control,35.28,desktop,MY,1,5.45
317,treatment,17.85,mobile,PH,1,28.2
318,control,9.78,mobile,PH,0,0.0
319,control,70.97,mobile,SG,0,0.0
320,treatment,17.94,mobile,SG,0,0.0
321,control,19.46,desktop,ID,0,0.0
322,control,21.5,mobile,MY,0,0.0
323,control,37.99,mobile,SG,0,0.0
324,treatment,5.79,desktop,MY,0,0.0
325,treatment,89.54,mobile,ID,0,0.0
326,treatment,19.02,mobile,SG,0,0.0
327,control,38.91,desktop,SG,0,0.0
328,control,7.58,desktop,SG,0,0.0
329,treatment,28.32,mobile,ID,0,0.0
330,control,80.57,desktop,SG,1,23.43
331,treatment,73.2,mobile,ID,0,0.0
332,control,38.18,mobile,PH,0,0.0
333,control,11.66,mobile,SG,0,0.0
334,treatment,56.6,desktop,SG,1,32.2
335,control,4.46,mobile,SG,0,0.0
336,treatment,11.28,desktop,VN,0,0.0
337,control,23.45,mobile,ID,0,0.0
338,control,4.95,mobile,PH,0,0.0
339,treatment,16.18,desktop,PH,0,0.0
340,treatment,43.49,desktop,VN,1,29.71
341,treatment,13.57,mobile,PH,0,0.0
342,control,44.93,mobile,SG,1,20.6
343,treatment,105.34,desktop,ID,0,0.0
344,control,33.28,mobile,VN,0,0.0
345,control,44.39,mobile,ID,0,0.0
346,control,57.92,mobile,PH,0,0.0
347,treatment,17.48,desktop,VN,0,0.0
348,control,43.65,mobile,ID,0,0.0
349,control,17.13,mobile,ID,0,0.0
350,control,31.59,mobile,ID,0,0.0
351,control,48.34,mobile,MY,0,0.0
352,control,12.16,mobile,SG,0,0.0
353,control,1.61,mobile,ID,0,0.0
354,control,11.14,mobile,VN,0,0.0
355,control,53.34,mobile,VN,0,0.0
356,control,9.88,mobile,SG,0,0.0
357,control,51.32,desktop,PH,0,0.0
358,control,11.19,mobile,SG,1,21.59
359,treatment,20.95,mobile,ID,0,0.0
360,treatment,24.74,mobile,VN,0,0.0
361,control,9.84,mobile,VN,0,0.0
362,control,21.14,desktop,ID,0,0.0
363,control,5.3,desktop,ID,0,0.0
364,treatment,18.8,desktop,MY,0,0.0
365,treatment,23.18,mobile,ID,0,0.0
366,treatment,1.74,desktop,SG,0,0.0
367,treatment,11.05,mobile,SG,0,0.0
368,control,30.88,mobile,PH,0,0.0
369,treatment,8.78,mobile,SG,0,0.0
370,treatment,34.71,mobile,ID,0,0.0
371,control,37.2,mobile,MY,0,0.0
372,treatment,30.78,mobile,SG,0,0.0
373,control,43.29,desktop,SG,0,0.0
374,treatment,4.92,desktop,SG,0,0.0
375,control,49.85,mobile,SG,0,0.0
376,control,9.99,mobile,ID,0,0.0
377,control,26.97,mobile,ID,0,0.0
378,control,78.47,desktop,MY,0,0.0
379,control,18.47,mobile,PH,0,0.0
380,control,25.22,mobile,PH,0,0.0
381,control,10.05,mobile,ID,0,0.0
382,treatment,77.95,mobile,ID,1,9.48
383,treatment,11.07,mobile,ID,0,0.0
384,control,39.54,desktop,SG,0,0.0
385,control,57.85,desktop,SG,0,0.0
386,treatment,42.24,desktop,SG,0,0.0
387,control,32.2,mobile,ID,1,25.12
388,control,26.65,mobile,MY,0,0.0
389,control,7.5,desktop,VN,0,0.0
390,control,75.65,mobile,SG,0,0.0
391,control,30.28,mobile,MY,0,0.0
392,treatment,25.23,desktop,SG,0,0.0
393,treatment,9.24,mobile,PH,0,0.0
394,treatment,26.19,mobile,MY,0,0.0
395,treatment,24.02,mobile,ID,0,0.0
396,control,78.47,mobile,ID,0,0.0
397,treatment,25.22,mobile,SG,1,29.77
398,treatment,25.87,mobile,PH,0,0.0
399,treatment,9.35,mobile,PH,0,0.0
400,treatment,13.16,desktop,ID,0,0.0
401,control,36.26,desktop,SG,0,0.0
402,treatment,3.91,desktop,ID,0,0.0
403,control,49.66,desktop,ID,1,15.33
404,control,50.59,mobile,VN,0,0.0
405,control,11.95,mobile,SG,0,0.0
406,control,32.28,mobile,VN,0,0.0
407,control,59.13,mobile,PH,0,0.0
408,treatment,22.53,desktop,SG,0,0.0
409,treatment,19.32,mobile,ID,1,8.87
410,treatment,21.29,desktop,SG,0,0.0
411,treatment,30.22,mobile,SG,0,0.0
412,control,14.7,mobile,ID,1,2.15
413,treatment,18.0,desktop,SG,0,0.0
414,treatment,30.67,mobile,SG,0,0.0
415,control,16.79,desktop,ID,0,0.0
416,control,8.57,desktop,VN,0,0.0
417,treatment,3.5,desktop,SG,0,0.0
418,treatment,25.6,desktop,SG,0,0.0
419,control,56.65,mobile,SG,0,0.0
420,treatment,33.48,mobile,SG,0,0.0
421,treatment,8.9,desktop,VN,1,11.68
422,treatment,13.07,mobile,MY,0,0.0
423,treatment,19.2,mobile,ID,0,0.0
424,control,80.13,mobile,MY,1,32.86
425,treatment,83.01,mobile,VN,0,0.0
426,treatment,76.66,mobile,MY,1,11.95
427,control,27.62,desktop,VN,0,0.0
428,treatment,150.91,mobile,ID,0,0.0
429,treatment,13.65,mobile,VN,0,0.0
430,control,18.63,mobile,MY,0,0.0
431,treatment,47.05,mobile,PH,1,38.07
432,control,30.79,mobile,MY,0,0.0
433,control,32.1,desktop,ID,0,0.0
434,treatment,10.4,mobile,ID,0,0.0
435,treatment,23.89,mobile,MY,0,0.0
436,treatment,13.83,mobile,ID,0,0.0
437,control,6.98,mobile,SG,0,0.0
438,treatment,15.3,desktop,VN,0,0.0
439,control,30.8,desktop,MY,0,0.0
440,treatment,41.81,desktop,SG,0,0.0
441,treatment,3.35,desktop,ID,1,37.19
442,treatment,24.76,mobile,ID,0,0.0
443,treatment,23.05,desktop,SG,0,0.0
444,control,29.63,mobile,MY,0,0.0
445,treatment,9.07,desktop,ID,0,0.0
446,control,9.24,mobile,PH,0,0.0
447,control,57.69,mobile,MY,1,54.1
448,control,12.09,mobile,SG,0,0.0
449,treatment,17.9,mobile,ID,0,0.0
450,treatment,19.44,mobile,SG,0,0.0
451,treatment,14.06,mobile,PH,0,0.0
452,treatment,35.47,desktop,PH,0,0.0
453,treatment,33.33,mobile,PH,1,20.54
454,treatment,22.25,mobile,MY,0,0.0
455,treatment,14.78,mobile,SG,0,0.0
456,control,20.88,mobile,ID,0,0.0
457,treatment,26.38,mobile,SG,0,0.0
458,treatment,13.09,mobile,SG,0,0.0
459,treatment,37.38,mobile,MY,0,0.0
460,treatment,49.41,mobile,MY,1,25.2
461,treatment,64.4,mobile,MY,0,0.0
462,treatment,61.79,mobile,SG,0,0.0
463,control,19.34,desktop,SG,0,0.0
464,treatment,27.38,desktop,ID,0,0.0
465,treatment,21.92,mobile,MY,0,0.0
466,treatment,21.86,mobile,ID,0,0.0
467,control,20.77,desktop,ID,0,0.0
468,control,25.12,mobile,ID,0,0.0
469,control,55.04,mobile,VN,0,0.0
470,control,31.49,mobile,VN,0,0.0
471,control,8.68,mobile,SG,0,0.0
472,treatment,47.99,desktop,MY,1,15.36
473,control,29.33,desktop,PH,0,0.0
474,control,35.76,mobile,PH,0,0.0
475,control,31.03,mobile,SG,0,0.0
476,treatment,32.08,desktop,VN,0,0.0
477,treatment,33.17,mobile,PH,0,0.0
478,control,4.27,mobile,PH,0,0.0
479,control,35.43,mobile,SG,0,0.0
480,control,13.59,desktop,ID,0,0.0
481,treatment,16.75,desktop,MY,0,0.0
482,treatment,24.96,mobile,MY,0,0.0
483,treatment,71.2,desktop,SG,0,0.0
484,treatment,10.18,mobile,SG,0,0.0
485,treatment,24.32,mobile,PH,0,0.0
486,control,20.37,desktop,ID,0,0.0
487,control,47.51,desktop,ID,0,0.0
488,control,19.91,mobile,SG,0,0.0
489,control,29.57,mobile,VN,0,0.0
490,control,10.21,desktop,VN,1,21.67
491,control,53.07,mobile,ID,0,0.0
492,control,6.38,mobile,MY,0,0.0
493,control,35.09,mobile,SG,0,0.0
494,treatment,29.71,mobile,ID,0,0.0
495,treatment,32.97,mobile,PH,0,0.0
496,control,6.47,mobile,VN,0,0.0
497,control,19.59,mobile,SG,0,0.0
498,treatment,45.93,mobile,MY,1,82.53
499,treatment,78.33,mobile,MY,0,0.0
500,control,22.93,mobile,MY,1,15.92
501,treatment,42.98,mobile,ID,0,0.0
502,treatment,27.62,mobile,ID,0,0.0
503,treatment,23.87,desktop,PH,0,0.0
504,treatment,17.8,desktop,SG,1,36.7
505,control,25.06,mobile,MY,0,0.0
506,control,40.35,desktop,ID,0,0.0
507,treatment,42.69,desktop,PH,0,0.0
508,treatment,7.9,mobile,PH,0,0.0
509,treatment,16.5,desktop,PH,0,0.0
510,control,9.73,mobile,ID,0,0.0
511,control,26.02,mobile,SG,0,0.0
512,control,19.03,mobile,ID,0,0.0
513,treatment,32.18,mobile,VN,0,0.0
514,control,33.81,desktop,SG,0,0.0
515,control,2.09,desktop,SG,0,0.0
516,treatment,24.91,mobile,SG,0,0.0
517,control,55.77,mobile,ID,0,0.0
518,control,16.51,desktop,ID,1,13.46
519,control,16.11,desktop,SG,0,0.0
520,treatment,49.37,mobile,SG,0,0.0
521,control,44.07,mobile,ID,0,0.0
522,control,10.69,mobile,MY,0,0.0
523,treatment,41.11,mobile,SG,0,0.0
524,treatment,12.95,desktop,ID,0,0.0
525,treatment,15.97,desktop,SG,0,0.0
526,treatment,10.68,desktop,SG,1,37.09
527,treatment,7.84,mobile,SG,0,0.0
528,treatment,27.18,desktop,SG,0,0.0
529,control,6.69,desktop,SG,0,0.0
530,control,28.02,desktop,SG,0,0.0
531,treatment,27.36,desktop,SG,0,0.0
532,control,22.14,mobile,ID,0,0.0
533,control,17.16,mobile,PH,0,0.0
534,control,14.48,mobile,SG,0,0.0
535,treatment,9.46,mobile,ID,0,0.0
536,treatment,64.73,mobile,SG,1,17.57
537,control,21.38,desktop,PH,0,0.0
538,control,20.82,mobile,SG,0,0.0
539,control,11.16,mobile,SG,0,0.0
540,control,60.23,mobile,MY,0,0.0
541,control,15.27,desktop,SG,0,0.0
542,control,30.02,desktop,SG,1,19.71
543,treatment,34.35,mobile,MY,0,0.0
544,treatment,27.2,desktop,ID,0,0.0
545,control,6.52,desktop,SG,1,9.85
546,control,39.9,desktop,SG,0,0.0
547,treatment,15.14,desktop,PH,0,0.0
548,control,43.77,mobile,SG,0,0.0
549,control,23.72,desktop,SG,0,0.0
550,control,35.85,mobile,ID,0,0.0
551,treatment,57.59,desktop,SG,0,0.0
552,control,38.88,mobile,PH,0,0.0
553,control,36.47,mobile,SG,0,0.0
554,treatment,41.17,desktop,SG,0,0.0
555,control,12.55,desktop,PH,0,0.0
556,treatment,45.06,desktop,PH,0,0.0
557,control,20.1,desktop,ID,0,0.0
558,control,20.63,desktop,SG,0,0.0
559,control,26.56,mobile,ID,0,0.0
560,treatment,18.64,desktop,VN,1,66.07
561,control,10.33,mobile,MY,0,0.0
562,control,25.06,mobile,VN,0,0.0
563,control,20.71,mobile,ID,1,6.5
564,treatment,20.12,mobile,PH,0,0.0
565,treatment,23.14,desktop,SG,0,0.0
566,treatment,2.41,desktop,VN,0,0.0
567,control,20.24,mobile,PH,0,0.0
568,control,62.44,desktop,PH,1,12.93
569,control,59.17,mobile,VN,0,0.0
570,control,25.73,desktop,PH,0,0.0
571,treatment,25.07,mobile,ID,0,0.0
572,treatment,1.61,mobile,ID,0,0.0
573,control,15.89,desktop,PH,0,0.0
574,treatment,40.89,mobile,ID,0,0.0
575,control,18.27,mobile,ID,0,0.0
576,treatment,50.73,mobile,ID,1,39.62
577,control,48.66,mobile,PH,0,0.0
578,control,15.63,mobile,SG,0,0.0
579,control,27.2,mobile,ID,0,0.0
580,control,65.75,mobile,ID,0,0.0
581,treatment,6.37,desktop,PH,0,0.0
582,treatment,18.6,mobile,SG,0,0.0
583,control,5.7,mobile,ID,0,0.0
584,treatment,11.76,desktop,SG,0,0.0
585,control,78.64,desktop,ID,0,0.0
586,control,18.6,desktop,PH,0,0.0
587,control,3.26,desktop,ID,0,0.0
588,control,10.23,desktop,ID,0,0.0
589,control,5.05,desktop,MY,0,0.0
590,treatment,27.99,mobile,ID,0,0.0
591,treatment,33.99,mobile,PH,0,0.0
592,control,45.47,mobile,ID,0,0.0
593,control,39.37,mobile,SG,0,0.0
594,treatment,6.7,mobile,ID,0,0.0
595,treatment,32.76,mobile,ID,0,0.0
596,control,22.37,mobile,ID,0,0.0
597,control,50.03,desktop,ID,1,4.8
598,treatment,42.52,mobile,VN,0,0.0
599,treatment,85.42,desktop,PH,0,0.0
600,treatment,11.01,desktop,SG,1,17.6
601,control,9.6,desktop,ID,0,0.0
602,treatment,16.72,mobile,ID,0,0.0
603,treatment,23.07,desktop,PH,0,0.0
604,control,14.08,desktop,SG,0,0.0
605,control,11.54,mobile,SG,0,0.0
606,treatment,31.22,mobile,ID,0,0.0
607,control,16.67,mobile,MY,0,0.0
608,control,13.57,desktop,SG,0,0.0
609,control,6.68,desktop,VN,1,13.69
610,control,1.84,mobile,MY,0,0.0
611,treatment,60.44,desktop,SG,0,0.0
612,control,59.24,mobile,SG,0,0.0
613,control,43.42,desktop,SG,0,0.0
614,treatment,36.58,desktop,SG,0,0.0
615,treatment,15.41,mobile,MY,0,0.0
616,control,37.65,desktop,SG,0,0.0
617,control,8.95,desktop,ID,0,0.0
618,control,26.71,mobile,MY,0,0.0
619,treatment,12.58,desktop,ID,0,0.0
620,control,37.76,mobile,VN,1,3.93
621,control,68.7,mobile,VN,0,0.0
622,treatment,10.19,mobile,MY,0,0.0
623,control,16.06,mobile,MY,0,0.0
624,treatment,26.34,mobile,ID,0,0.0
625,treatment,3.79,mobile,MY,1,55.33
626,control,5.33,desktop,PH,0,0.0
627,treatment,67.38,mobile,ID,1,9.63
628,control,31.32,desktop,SG,0,0.0
629,treatment,14.7,mobile,MY,0,0.0
630,control,24.26,mobile,PH,0,0.0
631,control,16.78,desktop,ID,0,0.0
632,control,26.93,mobile,ID,0,0.0
633,control,17.3,mobile,ID,0,0.0
634,control,22.83,desktop,MY,0,0.0
635,control,40.14,mobile,SG,0,0.0
636,control,38.35,mobile,ID,0,0.0
637,control,64.88,mobile,SG,0,0.0
638,control,32.94,mobile,ID,0,0.0
639,treatment,25.46,desktop,SG,0,0.0
640,treatment,71.33,mobile,VN,0,0.0
641,treatment,21.01,mobile,ID,0,0.0
642,treatment,2.12,mobile,SG,0,0.0
643,control,43.8,mobile,PH,0,0.0
644,control,30.17,mobile,ID,0,0.0
645,treatment,24.55,desktop,ID,0,0.0
646,control,44.6,desktop,MY,0,0.0
647,treatment,17.43,mobile,ID,1,6.75
648,control,2.28,desktop,ID,0,0.0
649,control,45.21,desktop,MY,0,0.0
650,control,14.25,mobile,ID,0,0.0
651,treatment,10.58,mobile,SG,0,0.0
652,treatment,2.46,mobile,PH,0,0.0
653,treatment,42.62,mobile,VN,0,0.0
654,treatment,1.16,mobile,MY,0,0.0
655,treatment,57.28,mobile,MY,0,0.0
656,treatment,18.86,desktop,SG,0,0.0
657,treatment,44.04,mobile,PH,1,3.54
658,control,33.67,mobile,SG,0,0.0
659,control,80.08,desktop,PH,0,0.0
660,treatment,33.01,mobile,PH,0,0.0
661,treatment,55.86,mobile,MY,0,0.0
662,control,15.64,mobile,PH,0,0.0
663,treatment,5.31,desktop,MY,0,0.0
664,control,48.8,mobile,MY,1,38.17
665,treatment,5.13,mobile,PH,0,0.0
666,treatment,42.3,desktop,MY,0,0.0
667,treatment,9.43,desktop,SG,0,0.0
668,treatment,30.6,desktop,ID,0,0.0
669,control,81.06,desktop,ID,0,0.0
670,treatment,40.03,desktop,ID,1,42.97
671,control,21.08,mobile,MY,0,0.0
672,treatment,34.23,mobile,ID,0,0.0
673,control,16.12,mobile,SG,0,0.0
674,control,101.71,mobile,MY,0,0.0
675,treatment,13.33,mobile,SG,0,0.0
676,treatment,22.95,mobile,ID,0,0.0
677,treatment,37.55,mobile,PH,0,0.0
678,treatment,32.47,mobile,SG,0,0.0
679,control,35.16,mobile,SG,0,0.0
680,treatment,16.41,desktop,PH,0,0.0
681,treatment,20.4,mobile,MY,0,0.0
682,treatment,47.27,desktop,MY,0,0.0
683,treatment,45.68,mobile,ID,0,0.0
684,treatment,33.03,mobile,MY,0,0.0
685,treatment,60.56,desktop,SG,0,0.0
686,treatment,48.57,desktop,PH,0,0.0
687,control,44.74,desktop,SG,0,0.0
688,treatment,5.02,desktop,PH,0,0.0
689,control,32.74,mobile,PH,0,0.0
690,control,28.59,desktop,SG,0,0.0
691,control,65.77,desktop,PH,0,0.0
692,control,21.95,desktop,ID,0,0.0
693,treatment,26.87,desktop,VN,0,0.0
694,control,9.31,desktop,ID,0,0.0
695,treatment,11.13,mobile,MY,0,0.0
696,treatment,65.91,mobile,ID,0,0.0
697,treatment,35.06,mobile,ID,1,3.81
698,control,81.18,desktop,ID,1,63.69
699,treatment,21.63,mobile,MY,0,0.0
700,control,6.43,desktop,PH,0,0.0
701,treatment,19.24,mobile,SG,0,0.0
702,control,16.64,mobile,VN,0,0.0
703,treatment,41.01,mobile,MY,0,0.0
704,control,39.86,mobile,SG,0,0.0
705,control,36.31,mobile,SG,0,0.0
706,treatment,97.81,mobile,VN,0,0.0
707,treatment,58.23,mobile,PH,0,0.0
708,control,11.86,mobile,MY,0,0.0
709,treatment,49.66,mobile,VN,0,0.0
710,control,25.55,mobile,SG,0,0.0
711,control,21.16,mobile,SG,0,0.0
712,control,63.13,desktop,SG,0,0.0
713,control,11.18,desktop,MY,0,0.0
714,control,47.42,desktop,ID,0,0.0
715,control,42.39,mobile,SG,0,0.0
716,treatment,10.98,mobile,SG,0,0.0
717,control,4.82,mobile,MY,0,0.0
718,control,23.42,mobile,SG,0,0.0
719,control,53.59,mobile,ID,0,0.0
720,treatment,32.65,mobile,ID,0,0.0
721,control,64.49,mobile,SG,0,0.0
722,control,31.05,mobile,SG,0,0.0
723,treatment,67.36,mobile,ID,1,34.69
724,control,15.18,mobile,PH,0,0.0
725,control,36.23,desktop,MY,0,0.0
726,treatment,18.1,mobile,ID,0,0.0
727,control,22.85,mobile,VN,0,0.0
728,control,26.8,mobile,PH,0,0.0
729,treatment,32.58,mobile,MY,0,0.0
730,treatment,13.43,mobile,PH,0,0.0
731,treatment,35.0,mobile,ID,0,0.0
732,treatment,25.79,mobile,ID,0,0.0
733,control,6.83,mobile,ID,0,0.0
734,treatment,4.02,desktop,MY,0,0.0
735,treatment,53.73,desktop,PH,0,0.0
736,treatment,21.98,mobile,SG,0,0.0
737,control,6.07,mobile,MY,0,0.0
738,treatment,74.72,desktop,SG,1,22.57
739,treatment,37.57,mobile,ID,0,0.0
740,control,31.95,desktop,SG,0,0.0
741,treatment,12.37,mobile,MY,0,0.0
742,treatment,6.72,desktop,PH,0,0.0
743,control,28.62,mobile,SG,0,0.0
744,treatment,24.56,mobile,SG,1,65.42
745,control,9.46,desktop,ID,0,0.0
746,control,9.14,desktop,MY,0,0.0
747,treatment,8.69,mobile,SG,0,0.0
748,treatment,8.39,desktop,SG,0,0.0
749,control,14.75,desktop,SG,0,0.0
750,treatment,31.96,mobile,SG,0,0.0
751,treatment,35.95,mobile,PH,0,0.0
752,treatment,24.17,mobile,MY,0,0.0
753,control,27.65,desktop,MY,0,0.0
754,treatment,37.19,mobile,SG,0,0.0
755,treatment,2.84,mobile,VN,0,0.0
756,treatment,29.3,mobile,PH,0,0.0
757,control,59.99,mobile,MY,0,0.0
758,control,21.53,mobile,ID,0,0.0
759,control,52.25,mobile,MY,0,0.0
760,control,21.84,mobile,SG,1,40.94
761,treatment,38.96,mobile,MY,0,0.0
762,treatment,31.48,mobile,ID,0,0.0
763,treatment,8.55,mobile,MY,0,0.0
764,control,10.64,mobile,MY,0,0.0
765,treatment,67.36,desktop,ID,0,0.0
766,control,45.05,mobile,PH,0,0.0
767,treatment,23.02,mobile,PH,0,0.0
768,control,20.69,mobile,ID,0,0.0
769,control,12.45,desktop,ID,0,0.0
770,control,33.47,desktop,ID,0,0.0
771,control,13.43,desktop,MY,0,0.0
772,treatment,18.57,mobile,ID,0,0.0
773,treatment,14.7,mobile,SG,0,0.0
774,control,43.11,mobile,PH,0,0.0
775,treatment,22.28,mobile,SG,0,0.0
776,treatment,27.81,desktop,SG,0,0.0
777,treatment,8.72,mobile,SG,0,0.0
778,treatment,14.61,desktop,PH,1,15.84
779,control,28.27,desktop,SG,0,0.0
780,treatment,5.14,desktop,ID,0,0.0
781,control,20.98,mobile,MY,0,0.0
782,control,24.75,desktop,ID,0,0.0
783,control,7.66,mobile,ID,0,0.0
784,control,50.68,mobile,VN,0,0.0
785,control,32.31,mobile,MY,0,0.0
786,control,22.15,desktop,MY,0,0.0
787,treatment,13.71,desktop,SG,0,0.0
788,control,4.92,mobile,MY,0,0.0
789,control,48.06,desktop,PH,1,64.61
790,control,17.18,mobile,SG,0,0.0
791,control,6.43,desktop,VN,1,5.34
792,control,13.37,mobile,SG,0,0.0
793,treatment,34.83,mobile,PH,0,0.0
794,control,29.91,mobile,ID,0,0.0
795,control,9.5,desktop,VN,0,0.0
796,treatment,53.97,desktop,ID,1,36.46
797,control,6.34,mobile,ID,1,12.61
798,treatment,61.6,mobile,SG,0,0.0
799,control,28.98,mobile,MY,0,0.0
800,control,18.28,desktop,PH,0,0.0
801,control,20.42,mobile,SG,0,0.0
802,treatment,26.55,mobile,PH,0,0.0
803,control,36.79,mobile,MY,1,8.13
804,treatment,3.96,mobile,MY,0,0.0
805,control,12.98,desktop,ID,0,0.0
806,treatment,25.91,mobile,SG,0,0.0
807,treatment,55.37,mobile,ID,0,0.0
808,control,53.95,mobile,VN,0,0.0
809,treatment,70.18,mobile,SG,0,0.0
810,treatment,52.22,mobile,SG,1,6.87
811,control,12.12,mobile,SG,1,1.77
812,control,24.67,desktop,ID,0,0.0
813,control,52.43,mobile,ID,0,0.0
814,control,49.0,mobile,VN,0,0.0
815,treatment,21.26,mobile,MY,0,0.0
816,treatment,36.06,mobile,SG,0,0.0
817,treatment,17.1,mobile,SG,0,0.0
818,control,5.81,desktop,MY,0,0.0
819,treatment,22.76,mobile,ID,0,0.0
820,control,21.7,desktop,VN,0,0.0
821,treatment,16.42,mobile,SG,0,0.0
822,treatment,36.89,mobile,PH,0,0.0
823,treatment,20.7,mobile,MY,0,0.0
824,treatment,33.3,desktop,PH,0,0.0
825,control,42.57,mobile,PH,0,0.0
826,treatment,105.56,desktop,PH,0,0.0
827,treatment,23.06,mobile,MY,0,0.0
828,control,55.9,mobile,MY,0,0.0
829,treatment,29.59,mobile,SG,0,0.0
830,control,30.87,mobile,SG,0,0.0
831,treatment,23.31,mobile,ID,1,22.7
832,control,27.71,mobile,VN,0,0.0
833,control,20.85,mobile,ID,0,0.0
834,treatment,49.44,mobile,MY,0,0.0
835,control,13.41,desktop,SG,0,0.0
836,control,5.75,desktop,ID,0,0.0
837,treatment,15.96,mobile,SG,0,0.0
838,treatment,14.55,mobile,SG,0,0.0
839,control,15.96,mobile,SG,0,0.0
840,treatment,22.36,mobile,PH,0,0.0
841,treatment,16.01,mobile,MY,0,0.0
842,control,22.11,mobile,VN,0,0.0
843,treatment,16.05,mobile,MY,0,0.0
844,treatment,33.81,mobile,ID,1,20.3
845,control,104.94,mobile,PH,0,0.0
846,treatment,29.15,mobile,PH,0,0.0
847,treatment,16.61,mobile,SG,0,0.0
848,treatment,1.6,mobile,SG,0,0.0
849,control,82.92,desktop,SG,0,0.0
850,treatment,30.38,mobile,MY,0,0.0
851,control,21.96,mobile,SG,0,0.0
852,treatment,1.75,desktop,ID,0,0.0
853,control,22.87,mobile,MY,0,0.0
854,treatment,27.53,mobile,VN,0,0.0
855,treatment,16.1,desktop,PH,1,37.26
856,treatment,7.01,desktop,ID,0,0.0
857,control,6.53,desktop,ID,0,0.0
858,control,83.79,desktop,SG,0,0.0
859,control,26.94,desktop,SG,0,0.0
860,treatment,16.09,mobile,MY,0,0.0
861,treatment,25.73,mobile,VN,0,0.0
862,treatment,24.41,mobile,SG,0,0.0
863,treatment,6.18,mobile,MY,0,0.0
864,treatment,47.22,desktop,PH,1,28.69
865,control,21.51,mobile,MY,0,0.0
866,control,27.22,desktop,VN,0,0.0
867,control,65.91,mobile,VN,1,45.03
868,treatment,7.23,mobile,SG,0,0.0
869,treatment,12.8,desktop,ID,1,52.99
870,control,31.58,mobile,SG,0,0.0
871,treatment,46.58,mobile,MY,0,0.0
872,treatment,14.83,mobile,PH,0,0.0
873,treatment,15.57,mobile,SG,0,0.0
874,treatment,39.26,mobile,VN,0,0.0
875,control,99.64,desktop,VN,0,0.0
876,treatment,26.39,desktop,ID,0,0.0
877,treatment,12.76,desktop,MY,0,0.0
878,control,9.61,desktop,SG,0,0.0
879,treatment,22.31,desktop,MY,0,0.0
880,control,45.11,mobile,SG,0,0.0
881,treatment,128.42,desktop,SG,0,0.0
882,treatment,19.45,desktop,SG,0,0.0
883,treatment,26.42,mobile,ID,0,0.0
884,control,74.73,mobile,SG,0,0.0
885,treatment,31.2,desktop,MY,0,0.0
886,control,29.31,desktop,ID,0,0.0
887,control,65.36,desktop,SG,0,0.0
888,control,26.89,mobile,MY,1,27.85
889,control,10.38,desktop,SG,0,0.0
890,treatment,56.61,mobile,SG,1,29.04
891,control,5.11,desktop,SG,0,0.0
892,treatment,50.27,mobile,SG,0,0.0
893,treatment,24.85,desktop,MY,0,0.0
894,treatment,19.62,desktop,SG,0,0.0
895,control,19.21,mobile,MY,0,0.0
896,control,22.24,desktop,ID,0,0.0
897,treatment,17.36,desktop,ID,0,0.0
898,control,34.58,mobile,MY,0,0.0
899,control,17.88,mobile,VN,1,8.77
900,treatment,24.99,desktop,PH,0,0.0
901,treatment,2.95,mobile,ID,0,0.0
902,treatment,24.86,mobile,MY,1,32.29
903,control,17.08,mobile,SG,1,16.84
904,control,47.76,mobile,MY,0,0.0
905,control,20.28,mobile,ID,0,0.0
906,treatment,43.05,desktop,VN,0,0.0
907,treatment,39.67,mobile,VN,0,0.0
908,treatment,40.45,mobile,SG,0,0.0
909,treatment,20.87,mobile,VN,0,0.0
910,treatment,26.13,desktop,PH,0,0.0
911,treatment,33.92,mobile,ID,0,0.0
912,treatment,26.74,desktop,VN,0,0.0
913,treatment,20.32,desktop,MY,0,0.0
914,treatment,11.3,desktop,MY,0,0.0
915,control,25.21,mobile,PH,0,0.0
916,treatment,5.77,mobile,SG,0,0.0
917,control,2.66,mobile,ID,0,0.0
918,treatment,9.0,mobile,PH,0,0.0
919,treatment,40.12,mobile,PH,0,0.0
920,treatment,29.75,mobile,SG,0,0.0
921,control,40.4,mobile,ID,0,0.0
922,treatment,13.85,mobile,SG,0,0.0
923,control,51.15,mobile,PH,0,0.0
924,treatment,6.53,mobile,MY,0,0.0
925,control,9.33,desktop,ID,0,0.0
926,treatment,50.54,mobile,PH,0,0.0
927,treatment,28.17,mobile,ID,1,18.44
928,control,40.58,mobile,ID,0,0.0
929,treatment,29.84,desktop,MY,0,0.0
930,treatment,15.62,desktop,ID,0,0.0
931,treatment,8.27,mobile,ID,0,0.0
932,treatment,3.68,mobile,PH,0,0.0
933,control,78.94,desktop,SG,0,0.0
934,control,4.88,desktop,MY,1,23.95
935,treatment,63.89,mobile,MY,0,0.0
936,treatment,27.02,mobile,SG,0,0.0
937,treatment,30.53,mobile,PH,0,0.0
938,treatment,29.07,desktop,ID,0,0.0
939,treatment,37.05,mobile,SG,0,0.0
940,control,12.69,desktop,ID,0,0.0
941,control,2.18,desktop,MY,0,0.0
942,treatment,15.34,desktop,ID,0,0.0
943,control,34.84,desktop,SG,0,0.0
944,treatment,9.42,mobile,SG,0,0.0
945,treatment,52.01,desktop,SG,0,0.0
946,control,22.57,desktop,MY,0,0.0
947,treatment,8.58,desktop,ID,0,0.0
948,control,27.96,mobile,ID,0,0.0
949,treatment,34.42,mobile,SG,0,0.0
950,treatment,36.23,desktop,ID,1,7.3
951,control,50.58,mobile,MY,0,0.0
952,treatment,6.0,desktop,PH,0,0.0
953,treatment,50.62,mobile,SG,0,0.0
954,control,53.86,mobile,ID,0,0.0
955,control,8.29,desktop,ID,0,0.0
956,treatment,10.02,desktop,ID,0,0.0
957,treatment,42.03,mobile,MY,0,0.0
958,control,17.97,mobile,SG,0,0.0
959,treatment,59.35,mobile,SG,1,19.78
960,treatment,70.71,mobile,PH,0,0.0
961,treatment,8.57,mobile,ID,0,0.0
962,treatment,12.47,mobile,ID,0,0.0
963,control,26.88,mobile,ID,0,0.0
964,treatment,2.09,mobile,SG,0,0.0
965,treatment,3.82,desktop,MY,0,0.0
966,control,11.2,desktop,ID,0,0.0
967,control,87.22,mobile,SG,0,0.0
968,treatment,30.06,desktop,VN,0,0.0
969,treatment,14.35,mobile,SG,1,19.39
970,control,9.95,mobile,ID,0,0.0
971,control,8.19,mobile,MY,0,0.0
972,treatment,15.28,desktop,PH,1,42.27
973,treatment,14.54,mobile,PH,0,0.0
974,treatment,20.7,mobile,MY,0,0.0
975,control,35.62,desktop,MY,0,0.0
976,treatment,23.32,desktop,VN,0,0.0
977,treatment,43.81,desktop,ID,0,0.0
978,treatment,19.52,desktop,SG,0,0.0
979,control,74.35,desktop,PH,0,0.0
980,control,43.07,mobile,MY,0,0.0
981,treatment,29.45,desktop,SG,0,0.0
982,treatment,35.71,mobile,PH,0,0.0
983,treatment,15.64,mobile,VN,0,0.0
984,treatment,20.43,desktop,SG,0,0.0
985,treatment,19.8,mobile,MY,0,0.0
986,treatment,12.89,mobile,SG,0,0.0
987,treatment,6.83,mobile,PH,0,0.0
988,control,37.12,desktop,PH,0,0.0
989,control,48.74,desktop,VN,1,10.67
990,treatment,33.39,mobile,SG,1,60.43
991,control,23.27,mobile,SG,0,0.0
992,treatment,97.06,desktop,ID,0,0.0
993,treatment,14.2,mobile,SG,0,0.0
994,control,30.2,mobile,SG,0,0.0
995,control,53.65,mobile,SG,0,0.0
996,treatment,9.07,mobile,ID,0,0.0
997,treatment,39.18,mobile,ID,0,0.0
998,treatment,77.62,desktop,PH,0,0.0
999,control,24.8,mobile,SG,0,0.0
1000,treatment,28.21,desktop,PH,0,0.0
1001,treatment,14.27,desktop,MY,0,0.0
1002,treatment,35.41,mobile,MY,0,0.0
1003,treatment,12.61,desktop,ID,0,0.0
1004,treatment,23.67,mobile,PH,0,0.0
1005,treatment,5.96,mobile,SG,0,0.0
1006,treatment,0.88,mobile,PH,1,5.03
1007,treatment,16.84,desktop,ID,0,0.0
1008,treatment,16.61,desktop,ID,0,0.0
1009,treatment,18.07,mobile,PH,0,0.0
1010,control,42.16,desktop,ID,0,0.0
1011,treatment,49.69,mobile,ID,1,26.13
1012,treatment,31.15,mobile,MY,0,0.0
1013,treatment,40.08,mobile,ID,0,0.0
1014,treatment,12.94,desktop,PH,0,0.0
1015,treatment,10.27,mobile,VN,0,0.0
1016,treatment,35.93,mobile,PH,0,0.0
1017,control,8.95,desktop,PH,0,0.0
1018,treatment,7.99,mobile,ID,0,0.0
1019,control,131.2,mobile,PH,0,0.0
1020,treatment,26.06,mobile,SG,0,0.0
1021,treatment,16.62,mobile,MY,0,0.0
1022,control,15.05,mobile,ID,0,0.0
1023,treatment,6.14,mobile,ID,0,0.0
1024,treatment,30.66,desktop,ID,0,0.0
1025,treatment,19.48,desktop,VN,1,22.2
1026,control,48.72,desktop,PH,0,0.0
1027,control,36.75,mobile,PH,0,0.0
1028,treatment,18.94,mobile,PH,0,0.0
1029,treatment,2.93,mobile,PH,0,0.0
1030,treatment,26.11,mobile,ID,1,54.35
1031,treatment,24.34,mobile,SG,0,0.0
1032,treatment,2.18,mobile,PH,0,0.0
1033,treatment,33.75,desktop,SG,0,0.0
1034,control,8.65,desktop,ID,0,0.0
1035,control,50.49,mobile,SG,0,0.0
1036,treatment,23.2,desktop,ID,0,0.0
1037,control,14.69,mobile,MY,0,0.0
1038,treatment,28.97,desktop,ID,0,0.0
1039,treatment,27.64,mobile,PH,0,0.0
1040,control,26.88,mobile,SG,0,0.0
1041,control,45.94,mobile,SG,0,0.0
1042,control,30.31,mobile,VN,0,0.0
1043,control,13.57,desktop,SG,0,0.0
1044,control,19.97,mobile,ID,0,0.0
1045,control,63.12,desktop,PH,0,0.0
1046,treatment,12.51,mobile,ID,1,38.19
1047,treatment,33.35,desktop,SG,0,0.0
1048,control,47.12,mobile,ID,0,0.0
1049,treatment,35.72,desktop,VN,0,0.0
1050,control,26.23,desktop,MY,1,14.12
1051,control,29.4,mobile,ID,0,0.0
1052,control,37.36,mobile,SG,0,0.0
1053,treatment,12.38,mobile,VN,0,0.0
1054,control,24.46,desktop,SG,0,0.0
1055,treatment,96.7,desktop,MY,1,10.81
1056,treatment,34.1,mobile,SG,0,0.0
1057,treatment,26.95,desktop,VN,1,50.07
1058,treatment,18.37,desktop,ID,0,0.0
1059,control,12.5,desktop,SG,0,0.0
1060,treatment,30.14,mobile,SG,1,4.02
1061,control,31.7,mobile,PH,0,0.0
1062,treatment,23.21,desktop,SG,0,0.0
1063,control,122.43,desktop,ID,0,0.0
1064,control,13.5,mobile,ID,0,0.0
1065,treatment,10.83,desktop,PH,0,0.0
1066,control,18.59,mobile,ID,0,0.0
1067,control,23.79,desktop,PH,0,0.0
1068,treatment,11.93,desktop,SG,0,0.0
1069,control,29.6,desktop,MY,1,8.84
1070,control,32.01,desktop,SG,0,0.0
1071,control,40.55,mobile,MY,0,0.0
1072,treatment,16.2,mobile,ID,0,0.0
1073,treatment,59.61,desktop,ID,0,0.0
1074,treatment,38.64,desktop,VN,0,0.0
1075,treatment,13.25,mobile,VN,0,0.0
1076,control,11.88,desktop,MY,0,0.0
1077,treatment,19.63,mobile,ID,0,0.0
1078,treatment,32.07,mobile,ID,1,28.54
1079,treatment,35.52,desktop,VN,0,0.0
1080,control,38.59,desktop,SG,0,0.0
1081,treatment,92.68,desktop,ID,0,0.0
1082,control,4.17,desktop,MY,0,0.0
1083,treatment,22.71,mobile,MY,0,0.0
1084,treatment,87.66,mobile,ID,0,0.0
1085,treatment,41.86,desktop,SG,0,0.0
1086,treatment,10.21,mobile,SG,0,0.0
1087,control,28.5,mobile,PH,0,0.0
1088,control,21.67,mobile,SG,1,45.16
1089,treatment,21.06,mobile,MY,0,0.0
1090,control,15.94,mobile,ID,0,0.0
1091,control,26.8,mobile,ID,0,0.0
1092,control,52.32,desktop,ID,0,0.0
1093,treatment,17.17,mobile,VN,0,0.0
1094,treatment,38.79,mobile,MY,1,88.57
1095,control,43.64,mobile,SG,0,0.0
1096,treatment,59.28,desktop,SG,0,0.0
1097,treatment,11.7,mobile,ID,0,0.0
1098,treatment,25.22,mobile,MY,0,0.0
1099,control,14.42,desktop,VN,0,0.0
1100,control,26.84,mobile,ID,0,0.0
1101,control,26.7,mobile,MY,0,0.0
1102,control,9.18,desktop,PH,1,43.09
1103,control,28.04,mobile,PH,0,0.0
1104,treatment,95.71,mobile,ID,0,0.0
1105,treatment,35.62,mobile,ID,0,0.0
1106,control,7.44,desktop,SG,0,0.0
1107,treatment,11.04,desktop,ID,0,0.0
1108,control,24.25,desktop,SG,0,0.0
1109,control,11.28,desktop,ID,0,0.0
1110,treatment,57.16,desktop,PH,0,0.0
1111,control,6.56,mobile,ID,0,0.0
1112,control,35.8,mobile,SG,0,0.0
1113,control,5.17,desktop,SG,0,0.0
1114,treatment,23.96,desktop,PH,0,0.0
1115,treatment,9.82,mobile,SG,0,0.0
1116,control,40.49,mobile,ID,0,0.0
1117,control,50.84,mobile,PH,0,0.0
1118,control,32.0,mobile,SG,0,0.0
1119,control,52.43,mobile,ID,1,32.63
1120,control,1.44,desktop,SG,0,0.0
1121,treatment,27.77,desktop,ID,0,0.0
1122,treatment,35.44,mobile,SG,0,0.0
1123,treatment,38.73,desktop,SG,0,0.0
1124,control,33.96,mobile,SG,1,47.21
1125,treatment,39.33,mobile,PH,0,0.0
1126,treatment,27.54,desktop,ID,0,0.0
1127,control,7.52,desktop,PH,0,0.0
1128,control,15.84,desktop,ID,0,0.0
1129,treatment,57.36,mobile,PH,0,0.0
1130,treatment,53.08,mobile,ID,0,0.0
1131,treatment,34.97,desktop,MY,0,0.0
1132,treatment,41.09,desktop,ID,0,0.0
1133,control,48.91,mobile,SG,0,0.0
1134,control,34.69,mobile,VN,0,0.0
1135,treatment,56.27,mobile,VN,0,0.0
1136,treatment,55.02,mobile,SG,0,0.0
1137,control,115.23,mobile,VN,0,0.0
1138,control,16.41,desktop,SG,0,0.0
1139,treatment,16.66,mobile,ID,0,0.0
1140,treatment,32.86,desktop,PH,0,0.0
1141,control,84.33,mobile,SG,0,0.0
1142,control,59.26,mobile,SG,0,0.0
1143,treatment,44.66,mobile,PH,1,11.19
1144,control,61.98,desktop,MY,0,0.0
1145,control,35.89,mobile,MY,0,0.0
1146,treatment,19.82,desktop,PH,0,0.0
1147,treatment,98.03,mobile,SG,0,0.0
1148,treatment,34.03,mobile,SG,0,0.0
1149,control,54.22,desktop,VN,0,0.0
1150,control,1.42,mobile,ID,0,0.0
1151,treatment,1.95,mobile,ID,0,0.0
1152,treatment,28.43,desktop,MY,1,29.68
1153,treatment,11.28,mobile,VN,1,22.49
1154,control,30.4,mobile,SG,0,0.0
1155,treatment,16.64,desktop,SG,0,0.0
1156,control,126.01,mobile,MY,0,0.0
1157,treatment,51.33,mobile,ID,1,15.81
1158,treatment,65.99,desktop,SG,0,0.0
1159,control,2.59,desktop,MY,0,0.0
1160,control,44.24,mobile,ID,0,0.0
1161,control,21.74,mobile,ID,0,0.0
1162,treatment,66.83,desktop,SG,0,0.0
1163,control,39.86,desktop,ID,0,0.0
1164,treatment,24.29,mobile,MY,0,0.0
1165,control,8.36,mobile,MY,0,0.0
1166,treatment,28.02,mobile,SG,1,42.81
1167,treatment,56.49,mobile,VN,0,0.0
1168,control,69.39,desktop,ID,0,0.0
1169,control,18.78,desktop,SG,0,0.0
1170,control,113.07,mobile,MY,0,0.0
1171,treatment,53.55,desktop,SG,0,0.0
1172,control,11.5,desktop,ID,0,0.0
1173,control,9.17,desktop,ID,0,0.0
1174,treatment,22.84,desktop,SG,1,9.93
1175,control,18.74,mobile,VN,0,0.0
1176,treatment,36.1,desktop,MY,0,0.0
1177,control,25.83,mobile,SG,0,0.0
1178,treatment,20.07,mobile,SG,0,0.0
1179,treatment,5.51,mobile,SG,1,36.09
1180,treatment,40.72,mobile,PH,0,0.0
1181,control,4.99,desktop,MY,0,0.0
1182,control,53.66,mobile,PH,0,0.0
1183,control,3.01,mobile,SG,0,0.0
1184,treatment,4.66,mobile,MY,0,0.0
1185,treatment,11.45,mobile,MY,1,23.27
1186,control,17.38,mobile,MY,0,0.0
1187,treatment,14.48,mobile,SG,0,0.0
1188,treatment,17.32,desktop,SG,0,0.0
1189,treatment,30.85,desktop,VN,0,0.0
1190,treatment,11.7,mobile,ID,0,0.0
1191,treatment,31.06,desktop,SG,0,0.0
1192,treatment,1.45,mobile,PH,0,0.0
1193,treatment,11.3,mobile,MY,0,0.0
1194,treatment,4.4,mobile,PH,0,0.0
1195,control,53.24,mobile,VN,0,0.0
1196,control,13.17,mobile,SG,0,0.0
1197,treatment,38.93,desktop,VN,0,0.0
1198,control,3.5,mobile,SG,0,0.0
1199,control,68.63,mobile,SG,0,0.0
1200,control,27.01,mobile,ID,0,0.0
1201,treatment,24.68,desktop,ID,0,0.0
1202,control,5.59,desktop,SG,0,0.0
1203,treatment,10.01,mobile,SG,1,26.71
1204,treatment,20.59,mobile,SG,0,0.0
1205,control,10.39,desktop,MY,0,0.0
1206,control,49.66,mobile,MY,0,0.0
1207,control,26.38,mobile,SG,1,38.22
1208,control,10.51,desktop,VN,0,0.0
1209,control,44.46,mobile,PH,0,0.0
1210,control,18.4,mobile,VN,0,0.0
1211,treatment,43.04,mobile,SG,0,0.0
1212,control,16.0,mobile,SG,0,0.0
1213,control,37.01,desktop,ID,0,0.0
1214,treatment,17.86,mobile,ID,0,0.0
1215,treatment,49.67,mobile,ID,0,0.0
1216,control,3.6,desktop,SG,0,0.0
1217,treatment,7.68,desktop,PH,0,0.0
1218,control,22.12,mobile,MY,0,0.0
1219,treatment,13.71,mobile,MY,0,0.0
1220,treatment,17.4,mobile,ID,0,0.0
1221,treatment,40.13,mobile,SG,0,0.0
1222,treatment,17.09,mobile,SG,0,0.0
1223,treatment,31.9,desktop,VN,0,0.0
1224,control,11.22,mobile,ID,1,30.41
1225,treatment,2.69,mobile,SG,0,0.0
1226,control,42.85,mobile,SG,0,0.0
1227,control,79.26,mobile,SG,0,0.0
1228,treatment,29.45,mobile,VN,0,0.0
1229,control,23.11,mobile,PH,0,0.0
1230,control,27.13,desktop,ID,0,0.0
1231,control,62.3,desktop,VN,1,22.87
1232,treatment,29.72,mobile,MY,0,0.0
1233,control,44.35,mobile,PH,0,0.0
1234,control,42.96,desktop,MY,0,0.0
1235,control,52.63,desktop,PH,0,0.0
1236,treatment,22.71,desktop,VN,0,0.0
1237,control,15.82,mobile,MY,0,0.0
1238,treatment,37.31,mobile,SG,0,0.0
1239,control,50.06,mobile,SG,0,0.0
1240,treatment,56.77,desktop,SG,0,0.0
1241,treatment,67.56,desktop,SG,0,0.0
1242,control,46.95,mobile,MY,0,0.0
1243,control,15.07,desktop,ID,1,22.53
1244,control,29.42,desktop,SG,0,0.0
1245,control,27.47,desktop,VN,0,0.0
1246,treatment,25.21,mobile,SG,0,0.0
1247,control,37.37,mobile,SG,0,0.0
1248,treatment,21.06,desktop,SG,1,16.09
1249,control,21.08,mobile,VN,0,0.0
1250,control,82.5,mobile,MY,0,0.0
1251,treatment,23.67,mobile,SG,0,0.0
1252,treatment,52.36,mobile,SG,0,0.0
1253,control,54.48,mobile,MY,0,0.0
1254,treatment,30.04,mobile,VN,0,0.0
1255,control,21.76,desktop,ID,0,0.0
1256,treatment,11.65,mobile,MY,0,0.0
1257,control,4.91,desktop,MY,1,13.25
1258,control,39.32,desktop,SG,0,0.0
1259,treatment,33.76,desktop,ID,0,0.0
1260,control,43.56,mobile,MY,0,0.0
1261,treatment,16.7,desktop,ID,0,0.0
1262,treatment,88.09,mobile,SG,0,0.0
1263,control,35.98,mobile,SG,0,0.0
1264,treatment,22.96,desktop,ID,0,0.0
1265,treatment,2.46,mobile,ID,0,0.0
1266,control,18.34,desktop,MY,0,0.0
1267,control,45.04,mobile,PH,0,0.0
1268,control,66.38,mobile,PH,0,0.0
1269,control,25.9,desktop,VN,1,16.15
1270,control,73.78,mobile,MY,0,0.0
1271,treatment,10.84,mobile,VN,0,0.0
1272,control,34.51,desktop,ID,0,0.0
1273,control,35.24,mobile,ID,0,0.0
1274,treatment,39.55,mobile,ID,0,0.0
1275,control,28.71,desktop,SG,0,0.0
1276,treatment,33.13,mobile,ID,0,0.0
1277,treatment,10.6,mobile,PH,0,0.0
1278,treatment,62.1,mobile,VN,0,0.0
1279,treatment,48.82,mobile,MY,0,0.0
1280,control,32.17,desktop,VN,1,21.24
1281,treatment,49.62,mobile,SG,0,0.0
1282,control,63.46,desktop,VN,0,0.0
1283,treatment,39.14,mobile,ID,0,0.0
1284,control,94.43,mobile,ID,0,0.0
1285,control,41.5,desktop,ID,0,0.0
1286,control,12.21,mobile,VN,0,0.0
1287,treatment,30.98,mobile,SG,1,16.04
1288,control,50.98,desktop,MY,0,0.0
1289,treatment,63.5,desktop,PH,1,7.25
1290,treatment,29.18,mobile,SG,0,0.0
1291,control,11.34,desktop,ID,0,0.0
1292,control,21.38,desktop,ID,0,0.0
1293,treatment,7.07,mobile,PH,0,0.0
1294,treatment,44.58,desktop,VN,0,0.0
1295,treatment,18.15,mobile,SG,0,0.0
1296,control,14.02,mobile,ID,0,0.0
1297,treatment,47.69,mobile,ID,0,0.0
1298,control,72.79,mobile,ID,0,0.0
1299,control,13.97,desktop,SG,0,0.0
1300,treatment,29.32,mobile,SG,0,0.0
1301,treatment,22.11,mobile,ID,0,0.0
1302,control,65.5,mobile,SG,1,16.1
1303,treatment,24.19,mobile,ID,0,0.0
1304,control,10.35,mobile,SG,0,0.0
1305,control,25.1,mobile,VN,0,0.0
1306,treatment,56.43,mobile,PH,0,0.0
1307,treatment,21.08,mobile,ID,0,0.0
1308,control,15.29,mobile,PH,0,0.0
1309,treatment,23.34,mobile,VN,1,25.79
1310,control,10.67,mobile,PH,0,0.0
1311,control,22.09,desktop,ID,1,17.07
1312,control,16.31,mobile,MY,0,0.0
1313,treatment,105.85,mobile,PH,0,0.0
1314,control,3.32,mobile,ID,0,0.0
1315,control,12.16,mobile,MY,0,0.0
1316,treatment,15.28,mobile,ID,1,38.89
1317,control,10.74,mobile,SG,0,0.0
1318,control,34.76,desktop,PH,0,0.0
1319,control,13.75,mobile,PH,0,0.0
1320,treatment,6.28,mobile,SG,0,0.0
1321,control,27.37,desktop,SG,0,0.0
1322,control,20.1,desktop,VN,0,0.0
1323,treatment,14.33,mobile,SG,0,0.0
1324,control,64.39,mobile,ID,0,0.0
1325,control,35.62,mobile,MY,0,0.0
1326,treatment,32.77,desktop,ID,0,0.0
1327,treatment,36.2,mobile,SG,0,0.0
1328,treatment,34.86,mobile,SG,0,0.0
1329,control,20.95,mobile,ID,0,0.0
1330,control,13.88,mobile,MY,0,0.0
1331,control,27.83,desktop,PH,0,0.0
1332,treatment,20.64,mobile,VN,0,0.0
1333,treatment,3.26,mobile,PH,0,0.0
1334,control,9.87,mobile,MY,1,3.1
1335,treatment,18.57,desktop,MY,0,0.0
1336,control,48.41,mobile,SG,0,0.0
1337,treatment,27.93,desktop,ID,0,0.0
1338,treatment,11.75,mobile,MY,0,0.0
1339,control,9.06,mobile,PH,1,24.35
1340,control,55.72,mobile,ID,0,0.0
1341,control,21.74,mobile,SG,0,0.0
1342,control,0.45,mobile,MY,0,0.0
1343,control,22.87,mobile,ID,0,0.0
1344,control,41.33,mobile,PH,0,0.0
1345,treatment,8.78,mobile,MY,0,0.0
1346,control,26.33,desktop,ID,1,41.43
1347,control,28.27,mobile,SG,0,0.0
1348,control,9.32,desktop,VN,1,15.2
1349,control,59.22,desktop,ID,0,0.0
1350,treatment,28.64,desktop,PH,0,0.0
1351,treatment,18.49,mobile,MY,1,24.46
1352,control,21.86,mobile,VN,1,19.25
1353,control,7.64,desktop,ID,0,0.0
1354,treatment,7.31,mobile,SG,0,0.0
1355,control,17.07,mobile,ID,0,0.0
1356,control,17.98,mobile,SG,0,0.0
1357,control,20.72,mobile,PH,0,0.0
1358,control,62.81,mobile,PH,0,0.0
1359,treatment,39.75,mobile,MY,0,0.0
1360,treatment,3.97,mobile,MY,0,0.0
1361,control,54.87,mobile,PH,1,17.09
1362,control,16.96,mobile,PH,0,0.0
1363,treatment,42.51,desktop,ID,1,20.01
1364,control,18.13,mobile,ID,0,0.0
1365,treatment,27.27,mobile,SG,0,0.0
1366,control,8.24,mobile,MY,0,0.0
1367,treatment,31.99,mobile,VN,1,36.43
1368,control,45.97,mobile,ID,0,0.0
1369,treatment,4.94,mobile,SG,0,0.0
1370,control,46.47,desktop,MY,0,0.0
1371,treatment,13.82,desktop,MY,0,0.0
1372,treatment,76.62,mobile,SG,1,6.04
1373,treatment,43.07,desktop,VN,0,0.0
1374,control,37.91,mobile,SG,0,0.0
1375,control,21.96,desktop,MY,1,29.57
1376,treatment,118.6,mobile,PH,1,17.45
1377,control,17.05,mobile,SG,0,0.0
1378,treatment,10.09,mobile,MY,0,0.0
1379,control,14.26,mobile,ID,0,0.0
1380,treatment,51.85,desktop,MY,0,0.0
1381,control,26.87,mobile,MY,1,16.26
1382,treatment,23.92,mobile,ID,0,0.0
1383,control,17.27,mobile,VN,1,12.48
1384,treatment,22.96,desktop,PH,0,0.0
1385,treatment,16.28,mobile,SG,0,0.0
1386,control,40.5,mobile,ID,0,0.0
1387,treatment,20.34,mobile,ID,0,0.0
1388,treatment,14.49,mobile,MY,1,15.48
1389,control,48.88,mobile,SG,0,0.0
1390,control,10.4,desktop,ID,0,0.0
1391,treatment,27.16,desktop,MY,0,0.0
1392,treatment,3.23,desktop,VN,1,11.69
1393,control,6.7,mobile,SG,0,0.0
1394,treatment,18.59,mobile,SG,0,0.0
1395,control,16.02,desktop,PH,0,0.0
1396,control,16.0,mobile,PH,0,0.0
1397,treatment,43.35,desktop,MY,0,0.0
1398,control,45.14,mobile,PH,0,0.0
1399,treatment,31.25,desktop,PH,0,0.0
1400,control,9.88,mobile,SG,0,0.0
1401,control,22.82,desktop,ID,0,0.0
1402,treatment,83.85,mobile,ID,0,0.0
1403,control,111.07,desktop,MY,1,18.92
1404,treatment,49.21,mobile,VN,0,0.0
1405,treatment,10.25,mobile,VN,0,0.0
1406,treatment,22.97,mobile,MY,0,0.0
1407,treatment,29.74,mobile,SG,1,15.51
1408,treatment,26.49,mobile,VN,0,0.0
1409,control,52.8,mobile,ID,0,0.0
1410,treatment,42.02,desktop,SG,0,0.0
1411,control,9.73,desktop,ID,0,0.0
1412,treatment,14.8,desktop,ID,0,0.0
1413,treatment,49.06,mobile,SG,0,0.0
1414,control,64.21,mobile,SG,0,0.0
1415,treatment,30.02,mobile,PH,0,0.0
1416,control,69.6,mobile,VN,0,0.0
1417,treatment,27.52,mobile,MY,0,0.0
1418,control,11.42,desktop,SG,0,0.0
1419,control,39.37,mobile,MY,0,0.0
1420,treatment,143.38,mobile,ID,0,0.0
1421,treatment,7.7,mobile,MY,0,0.0
1422,treatment,67.85,mobile,ID,0,0.0
1423,treatment,37.8,mobile,SG,0,0.0
1424,treatment,14.04,mobile,PH,0,0.0
1425,treatment,3.33,mobile,PH,0,0.0
1426,treatment,1.86,mobile,PH,0,0.0
1427,control,15.97,desktop,MY,0,0.0
1428,treatment,33.49,desktop,ID,0,0.0
1429,control,46.61,mobile,MY,0,0.0
1430,control,54.24,mobile,MY,0,0.0
1431,treatment,31.35,mobile,ID,0,0.0
1432,treatment,27.84,desktop,PH,0,0.0
1433,treatment,19.1,mobile,PH,0,0.0
1434,treatment,34.09,mobile,SG,0,0.0
1435,control,14.23,mobile,ID,0,0.0
1436,treatment,8.12,desktop,SG,0,0.0
1437,control,26.55,mobile,ID,0,0.0
1438,control,44.15,mobile,MY,1,10.3
1439,control,6.46,mobile,PH,0,0.0
1440,treatment,15.97,mobile,VN,1,19.15
1441,control,25.81,mobile,SG,0,0.0
1442,treatment,25.39,desktop,PH,0,0.0
1443,control,37.08,desktop,ID,0,0.0
1444,control,82.28,desktop,ID,0,0.0
1445,control,1.89,desktop,ID,0,0.0
1446,control,84.73,mobile,MY,1,40.77
1447,treatment,79.86,desktop,SG,1,24.29
1448,control,47.15,desktop,SG,1,50.87
1449,control,29.6,mobile,ID,0,0.0
1450,control,14.48,desktop,SG,0,0.0
1451,treatment,46.75,desktop,MY,0,0.0
1452,treatment,30.75,desktop,PH,0,0.0
1453,control,19.44,desktop,ID,0,0.0
1454,control,45.91,mobile,SG,0,0.0
1455,control,51.54,desktop,ID,0,0.0
1456,treatment,63.87,mobile,SG,0,0.0
1457,treatment,13.1,mobile,PH,0,0.0
1458,control,58.37,desktop,SG,0,0.0
1459,control,19.74,mobile,SG,0,0.0
1460,control,29.66,mobile,VN,0,0.0
1461,control,34.11,desktop,SG,0,0.0
1462,control,55.17,mobile,SG,0,0.0
1463,control,42.65,mobile,SG,0,0.0
1464,control,19.17,mobile,MY,0,0.0
1465,control,2.29,mobile,PH,0,0.0
1466,control,36.76,mobile,SG,0,0.0
1467,control,28.74,mobile,SG,0,0.0
1468,control,7.6,desktop,PH,0,0.0
1469,treatment,31.37,mobile,SG,0,0.0
1470,control,25.55,desktop,SG,0,0.0
1471,control,63.45,mobile,SG,0,0.0
1472,treatment,88.58,mobile,PH,0,0.0
1473,control,50.66,desktop,ID,0,0.0
1474,control,24.41,mobile,ID,0,0.0
1475,treatment,27.38,desktop,ID,0,0.0
1476,control,12.68,mobile,ID,0,0.0
1477,treatment,14.95,desktop,PH,0,0.0
1478,treatment,23.3,mobile,VN,0,0.0
1479,treatment,21.4,desktop,ID,0,0.0
1480,treatment,7.15,mobile,PH,0,0.0
1481,control,63.9,mobile,SG,0,0.0
1482,control,70.01,mobile,MY,0,0.0
1483,control,62.51,desktop,ID,1,40.51
1484,control,71.61,mobile,SG,1,31.42
1485,treatment,105.73,mobile,SG,1,20.15
1486,treatment,12.9,desktop,SG,0,0.0
1487,control,102.76,mobile,SG,0,0.0
1488,treatment,19.07,desktop,PH,0,0.0
1489,control,40.82,desktop,SG,1,9.8
1490,treatment,5.41,mobile,ID,0,0.0
1491,control,17.07,desktop,SG,0,0.0
1492,treatment,51.67,mobile,ID,0,0.0
1493,treatment,42.23,mobile,SG,1,10.02
1494,treatment,18.76,mobile,SG,0,0.0
1495,treatment,27.37,mobile,MY,0,0.0
1496,treatment,15.55,desktop,SG,0,0.0
1497,treatment,51.57,desktop,MY,0,0.0
1498,treatment,66.8,desktop,ID,0,0.0
1499,control,12.95,desktop,VN,0,0.0
1500,treatment,25.26,mobile,ID,1,16.58
1501,treatment,6.84,mobile,ID,0,0.0
1502,control,30.67,mobile,ID,0,0.0
1503,control,37.79,desktop,MY,1,21.23
1504,control,32.57,mobile,ID,1,16.05
1505,control,35.66,desktop,ID,0,0.0
1506,treatment,23.19,mobile,MY,0,0.0
1507,treatment,23.63,mobile,PH,0,0.0
1508,control,22.77,desktop,MY,0,0.0
1509,control,16.63,mobile,SG,0,0.0
1510,control,18.44,mobile,ID,0,0.0
1511,treatment,36.55,mobile,PH,0,0.0
1512,treatment,63.94,desktop,PH,0,0.0
1513,control,10.92,mobile,SG,0,0.0
1514,control,23.56,mobile,ID,0,0.0
1515,treatment,8.8,mobile,VN,0,0.0
1516,treatment,16.89,mobile,SG,0,0.0
1517,control,19.37,mobile,ID,0,0.0
1518,treatment,29.06,mobile,MY,1,21.44
1519,control,28.45,mobile,PH,0,0.0
1520,treatment,25.08,desktop,MY,1,21.05
1521,treatment,34.41,desktop,ID,0,0.0
1522,control,11.94,desktop,SG,0,0.0
1523,treatment,29.24,mobile,SG,1,4.46
1524,treatment,43.09,mobile,SG,0,0.0
1525,control,11.8,mobile,SG,1,16.97
1526,treatment,4.26,mobile,PH,0,0.0
1527,control,51.28,mobile,SG,1,59.72
1528,control,9.09,mobile,SG,0,0.0
1529,treatment,16.19,mobile,PH,0,0.0
1530,treatment,42.22,mobile,MY,0,0.0
1531,control,11.25,mobile,ID,0,0.0
1532,treatment,48.86,mobile,SG,0,0.0
1533,treatment,14.21,desktop,VN,0,0.0
1534,treatment,12.68,mobile,ID,0,0.0
1535,control,8.84,desktop,SG,0,0.0
1536,treatment,14.32,mobile,ID,0,0.0
1537,treatment,38.29,desktop,MY,0,0.0
1538,treatment,16.19,mobile,MY,0,0.0
1539,control,51.43,mobile,MY,0,0.0
1540,treatment,25.87,desktop,ID,0,0.0
1541,control,27.64,mobile,ID,0,0.0
1542,treatment,12.33,mobile,SG,0,0.0
1543,control,56.7,mobile,PH,0,0.0
1544,treatment,43.34,desktop,SG,0,0.0
1545,treatment,42.49,desktop,ID,0,0.0
1546,treatment,22.15,mobile,SG,0,0.0
1547,control,7.78,desktop,MY,0,0.0
1548,treatment,28.77,mobile,ID,0,0.0
1549,control,37.14,mobile,ID,0,0.0
1550,control,37.4,mobile,PH,0,0.0
1551,treatment,33.88,mobile,ID,0,0.0
1552,treatment,32.86,desktop,PH,0,0.0
1553,treatment,14.14,desktop,VN,0,0.0
1554,control,14.76,desktop,VN,0,0.0
1555,treatment,8.93,mobile,MY,1,18.9
1556,control,51.84,mobile,SG,0,0.0
1557,control,85.94,desktop,ID,0,0.0
1558,treatment,141.66,mobile,SG,0,0.0
1559,treatment,30.27,desktop,PH,1,53.37
1560,control,32.93,mobile,SG,0,0.0
1561,control,22.86,desktop,PH,0,0.0
1562,control,29.92,desktop,SG,1,53.49
1563,control,11.21,mobile,PH,0,0.0
1564,treatment,22.49,mobile,ID,0,0.0
1565,control,12.78,mobile,SG,0,0.0
1566,control,20.24,mobile,ID,0,0.0
1567,control,13.77,desktop,ID,0,0.0
1568,treatment,37.15,mobile,PH,1,8.87
1569,control,40.52,mobile,ID,0,0.0
1570,control,32.19,mobile,ID,0,0.0
1571,treatment,14.82,mobile,MY,0,0.0
1572,treatment,8.33,mobile,ID,0,0.0
1573,control,40.85,desktop,SG,1,15.47
1574,treatment,25.77,desktop,VN,0,0.0
1575,treatment,4.05,desktop,ID,0,0.0
1576,treatment,28.59,mobile,PH,0,0.0
1577,control,33.1,mobile,PH,0,0.0
1578,control,5.76,mobile,SG,0,0.0
1579,control,37.61,mobile,SG,0,0.0
1580,control,6.76,mobile,SG,0,0.0
1581,control,13.45,mobile,SG,0,0.0
1582,control,6.81,mobile,SG,0,0.0
1583,control,12.22,mobile,PH,0,0.0
1584,control,8.4,mobile,ID,0,0.0
1585,control,51.61,mobile,ID,1,11.27
1586,control,21.21,desktop,MY,0,0.0
1587,treatment,17.74,mobile,SG,1,8.2
1588,treatment,54.98,desktop,MY,0,0.0
1589,treatment,53.07,mobile,SG,0,0.0
1590,control,18.93,mobile,PH,0,0.0
1591,control,31.73,mobile,ID,0,0.0
1592,control,15.81,mobile,SG,1,2.79
1593,treatment,23.83,mobile,ID,1,24.32
1594,control,9.94,desktop,ID,0,0.0
1595,treatment,35.16,desktop,SG,1,58.83
1596,treatment,56.46,mobile,SG,1,17.61
1597,control,49.85,mobile,SG,0,0.0
1598,control,26.69,mobile,PH,0,0.0
1599,treatment,3.59,desktop,PH,0,0.0
1600,treatment,15.2,mobile,ID,0,0.0
1601,treatment,23.8,mobile,SG,0,0.0
1602,control,7.35,mobile,MY,0,0.0
1603,control,6.1,desktop,MY,0,0.0
1604,treatment,67.12,mobile,SG,0,0.0
1605,control,45.91,mobile,ID,0,0.0
1606,treatment,37.13,mobile,SG,0,0.0
1607,control,42.28,desktop,SG,0,0.0
1608,control,8.67,mobile,ID,0,0.0
1609,control,11.86,desktop,SG,0,0.0
1610,treatment,30.34,desktop,ID,0,0.0
1611,control,32.11,mobile,PH,0,0.0
1612,control,6.91,desktop,ID,0,0.0
1613,control,28.77,desktop,VN,0,0.0
1614,treatment,24.14,mobile,ID,0,0.0
1615,control,48.76,desktop,PH,0,0.0
1616,treatment,32.22,mobile,ID,0,0.0
1617,treatment,72.27,mobile,PH,0,0.0
1618,control,19.02,mobile,MY,0,0.0
1619,treatment,9.25,desktop,MY,0,0.0
1620,control,71.01,desktop,MY,0,0.0
1621,treatment,33.46,mobile,ID,1,66.38
1622,control,24.25,mobile,MY,0,0.0
1623,treatment,12.26,mobile,VN,1,12.04
1624,treatment,19.2,desktop,ID,0,0.0
1625,control,18.38,mobile,MY,0,0.0
1626,control,8.86,mobile,ID,0,0.0
1627,control,2.36,mobile,PH,0,0.0
1628,control,18.03,mobile,PH,0,0.0
1629,treatment,43.03,mobile,ID,0,0.0
1630,treatment,59.73,mobile,SG,0,0.0
1631,control,50.07,mobile,PH,0,0.0
1632,control,52.07,desktop,VN,0,0.0
1633,treatment,9.9,mobile,PH,0,0.0
1634,control,30.76,mobile,ID,0,0.0
1635,treatment,37.33,desktop,SG,0,0.0
1636,control,39.04,mobile,VN,0,0.0
1637,treatment,23.84,desktop,SG,0,0.0
1638,treatment,28.05,desktop,SG,1,28.16
1639,control,49.06,mobile,ID,0,0.0
1640,treatment,36.38,mobile,MY,0,0.0
1641,control,41.26,mobile,PH,1,16.66
1642,control,17.35,mobile,ID,0,0.0
1643,treatment,39.75,mobile,SG,0,0.0
1644,treatment,27.77,mobile,ID,1,59.8
1645,treatment,45.72,mobile,PH,0,0.0
1646,treatment,14.14,mobile,PH,0,0.0
1647,control,43.18,mobile,SG,0,0.0
1648,control,19.41,mobile,MY,0,0.0
1649,control,43.32,mobile,SG,0,0.0
1650,control,30.91,mobile,PH,0,0.0
1651,control,26.26,desktop,ID,0,0.0
1652,treatment,20.27,desktop,MY,0,0.0
1653,control,24.33,desktop,SG,0,0.0
1654,control,18.07,mobile,PH,0,0.0
1655,treatment,19.94,mobile,PH,0,0.0
1656,treatment,35.69,desktop,MY,0,0.0
1657,treatment,4.87,desktop,SG,0,0.0
1658,treatment,42.91,desktop,MY,0,0.0
1659,control,43.41,mobile,PH,0,0.0
1660,control,20.76,mobile,ID,0,0.0
1661,treatment,28.6,mobile,PH,0,0.0
1662,treatment,11.11,desktop,SG,0,0.0
1663,treatment,34.05,mobile,MY,0,0.0
1664,treatment,12.42,desktop,SG,0,0.0
1665,control,0.69,desktop,MY,1,54.44
1666,control,58.19,desktop,SG,0,0.0
1667,treatment,10.0,mobile,ID,0,0.0
1668,treatment,23.93,desktop,MY,0,0.0
1669,control,29.41,desktop,PH,0,0.0
1670,treatment,35.63,desktop,MY,1,10.97
1671,treatment,25.59,desktop,SG,0,0.0
1672,control,31.34,mobile,SG,0,0.0
1673,control,20.38,desktop,SG,1,38.66
1674,control,5.92,mobile,ID,0,0.0
1675,control,24.84,desktop,ID,0,0.0
1676,treatment,39.17,desktop,ID,0,0.0
1677,treatment,10.58,desktop,PH,0,0.0
1678,control,29.63,mobile,SG,0,0.0
1679,treatment,81.87,desktop,MY,0,0.0
1680,control,23.6,desktop,SG,0,0.0
1681,treatment,24.55,mobile,SG,0,0.0
1682,treatment,5.4,mobile,MY,0,0.0
1683,treatment,9.44,desktop,ID,0,0.0
1684,control,12.54,desktop,PH,0,0.0
1685,treatment,38.09,mobile,MY,0,0.0
1686,treatment,11.26,mobile,MY,0,0.0
1687,treatment,33.55,desktop,PH,0,0.0
1688,treatment,13.58,desktop,PH,0,0.0
1689,treatment,5.64,mobile,ID,0,0.0
1690,control,41.41,mobile,MY,0,0.0
1691,control,18.55,desktop,MY,0,0.0
1692,control,35.82,desktop,ID,0,0.0
1693,control,5.42,mobile,SG,0,0.0
1694,treatment,2.03,desktop,ID,0,0.0
1695,control,27.59,mobile,SG,0,0.0
1696,control,9.12,mobile,ID,0,0.0
1697,treatment,27.3,desktop,ID,0,0.0
1698,control,27.74,mobile,SG,0,0.0
1699,control,25.16,mobile,MY,0,0.0
1700,treatment,51.79,desktop,SG,0,0.0
1701,treatment,33.12,mobile,PH,1,26.62
1702,control,81.82,mobile,VN,0,0.0
1703,treatment,18.96,mobile,MY,0,0.0
1704,treatment,7.51,mobile,SG,0,0.0
1705,control,14.39,mobile,PH,0,0.0
1706,treatment,19.89,mobile,PH,1,31.94
1707,control,86.38,mobile,PH,0,0.0
1708,treatment,26.26,mobile,MY,0,0.0
1709,treatment,53.12,mobile,SG,0,0.0
1710,control,17.7,desktop,VN,0,0.0
1711,control,15.96,mobile,MY,0,0.0
1712,control,5.18,desktop,MY,0,0.0
1713,treatment,84.57,desktop,PH,1,44.2
1714,treatment,65.34,mobile,ID,0,0.0
1715,treatment,29.86,mobile,SG,0,0.0
1716,control,20.84,mobile,VN,0,0.0
1717,treatment,27.02,desktop,ID,1,19.62
1718,treatment,7.2,mobile,SG,0,0.0
1719,control,35.78,mobile,SG,0,0.0
1720,control,61.75,desktop,ID,1,67.1
1721,control,63.85,desktop,ID,0,0.0
1722,control,5.43,mobile,SG,0,0.0
1723,control,52.78,mobile,ID,0,0.0
1724,control,7.25,mobile,MY,0,0.0
1725,treatment,2.25,desktop,MY,0,0.0
1726,control,54.15,desktop,VN,0,0.0
1727,control,16.53,mobile,SG,0,0.0
1728,treatment,49.03,desktop,PH,0,0.0
1729,treatment,46.04,mobile,MY,0,0.0
1730,control,42.05,desktop,SG,1,10.75
1731,treatment,26.77,mobile,SG,0,0.0
1732,control,8.1,mobile,VN,0,0.0
1733,control,19.93,mobile,SG,0,0.0
1734,control,64.57,mobile,SG,0,0.0
1735,control,49.9,desktop,MY,0,0.0
1736,control,20.78,mobile,ID,0,0.0
1737,treatment,20.57,mobile,MY,0,0.0
1738,treatment,39.45,desktop,SG,0,0.0
1739,control,28.26,mobile,ID,0,0.0
1740,control,21.65,mobile,PH,0,0.0
1741,control,37.13,mobile,PH,0,0.0
1742,treatment,36.25,desktop,VN,0,0.0
1743,treatment,14.74,desktop,MY,0,0.0
1744,control,32.56,desktop,SG,0,0.0
1745,treatment,34.68,desktop,SG,1,12.44
1746,control,25.24,mobile,PH,0,0.0
1747,treatment,13.39,mobile,ID,0,0.0
1748,control,19.43,desktop,ID,0,0.0
1749,treatment,11.08,mobile,MY,0,0.0
1750,treatment,33.21,desktop,MY,0,0.0
1751,treatment,5.46,mobile,MY,0,0.0
1752,treatment,69.06,mobile,MY,0,0.0
1753,control,59.81,mobile,MY,0,0.0
1754,control,35.28,mobile,SG,0,0.0
1755,treatment,47.9,desktop,SG,0,0.0
1756,treatment,45.72,desktop,SG,0,0.0
1757,treatment,28.59,desktop,VN,0,0.0
1758,treatment,22.13,desktop,VN,0,0.0
1759,control,20.19,mobile,PH,0,0.0
1760,treatment,70.76,mobile,PH,0,0.0
1761,treatment,12.97,desktop,SG,1,17.39
1762,control,13.2,mobile,SG,0,0.0
1763,control,50.84,mobile,SG,1,4.74
1764,control,47.59,mobile,SG,0,0.0
1765,control,21.12,desktop,ID,1,4.17
1766,treatment,38.03,desktop,SG,0,0.0
1767,treatment,41.63,mobile,VN,1,12.22
1768,treatment,7.71,mobile,ID,0,0.0
1769,treatment,62.42,mobile,SG,1,29.9
1770,treatment,41.62,mobile,PH,0,0.0
1771,treatment,35.75,mobile,PH,0,0.0
1772,control,41.85,desktop,ID,0,0.0
1773,control,32.71,desktop,SG,0,0.0
1774,treatment,24.14,desktop,MY,0,0.0
1775,control,28.78,desktop,ID,0,0.0
1776,control,7.01,desktop,ID,0,0.0
1777,treatment,89.62,desktop,SG,0,0.0
1778,treatment,23.82,mobile,PH,1,31.98
1779,control,88.62,desktop,SG,1,46.52
1780,treatment,29.15,mobile,VN,1,22.31
1781,treatment,15.83,mobile,SG,0,0.0
1782,treatment,61.22,mobile,PH,1,26.95
1783,treatment,34.72,mobile,SG,0,0.0
1784,control,111.01,desktop,PH,1,3.82
1785,treatment,15.49,desktop,PH,0,0.0
1786,treatment,62.95,mobile,MY,0,0.0
1787,control,65.2,mobile,SG,0,0.0
1788,treatment,44.08,desktop,VN,0,0.0
1789,treatment,65.57,desktop,VN,0,0.0
1790,treatment,24.25,mobile,PH,0,0.0
1791,treatment,12.91,mobile,MY,0,0.0
1792,control,17.06,mobile,SG,0,0.0
1793,control,27.66,desktop,MY,0,0.0
1794,control,45.68,mobile,ID,0,0.0
1795,control,13.73,desktop,SG,0,0.0
1796,control,20.2,mobile,SG,0,0.0
1797,treatment,14.71,desktop,VN,0,0.0
1798,control,51.41,mobile,ID,0,0.0
1799,treatment,88.16,desktop,ID,0,0.0
1800,control,11.01,desktop,VN,0,0.0
1801,control,39.31,desktop,ID,0,0.0
1802,control,55.87,desktop,MY,0,0.0
1803,control,22.62,mobile,VN,0,0.0
1804,control,7.41,mobile,VN,0,0.0
1805,treatment,60.84,mobile,SG,0,0.0
1806,control,6.94,desktop,MY,1,8.31
1807,treatment,73.08,desktop,MY,0,0.0
1808,control,14.44,mobile,SG,0,0.0
1809,control,5.92,desktop,SG,0,0.0
1810,treatment,18.13,mobile,SG,0,0.0
1811,control,26.01,mobile,ID,0,0.0
1812,control,30.31,mobile,SG,0,0.0
1813,control,41.67,desktop,PH,0,0.0
1814,treatment,32.36,mobile,ID,0,0.0
1815,control,83.46,desktop,MY,0,0.0
1816,control,25.08,desktop,PH,0,0.0
1817,treatment,33.63,mobile,ID,0,0.0
1818,treatment,31.6,mobile,PH,0,0.0
1819,treatment,5.17,desktop,PH,0,0.0
1820,control,9.17,desktop,PH,1,29.61
1821,treatment,27.75,mobile,PH,0,0.0
1822,treatment,36.65,mobile,ID,1,46.89
1823,control,3.14,mobile,MY,0,0.0
1824,treatment,86.0,mobile,ID,0,0.0
1825,treatment,38.79,mobile,ID,0,0.0
1826,control,26.57,desktop,VN,0,0.0
1827,control,37.53,mobile,ID,0,0.0
1828,control,17.28,desktop,SG,0,0.0
1829,treatment,30.55,mobile,MY,0,0.0
1830,treatment,34.23,mobile,MY,0,0.0
1831,control,61.32,desktop,MY,0,0.0
1832,control,23.38,mobile,ID,0,0.0
1833,control,7.14,mobile,VN,0,0.0
1834,control,12.61,mobile,SG,0,0.0
1835,treatment,21.93,mobile,VN,0,0.0
1836,control,7.97,desktop,PH,0,0.0
1837,control,11.4,desktop,SG,0,0.0
1838,control,12.72,desktop,SG,0,0.0
1839,control,20.77,desktop,VN,0,0.0
1840,treatment,38.43,mobile,PH,0,0.0
1841,treatment,19.99,mobile,SG,1,12.09
1842,treatment,40.3,mobile,ID,0,0.0
1843,control,26.59,desktop,SG,0,0.0
1844,treatment,11.76,mobile,ID,0,0.0
1845,control,34.64,mobile,SG,0,0.0
1846,control,30.84,desktop,MY,1,18.43
1847,treatment,41.06,mobile,MY,0,0.0
1848,control,47.12,mobile,ID,0,0.0
1849,control,62.63,mobile,SG,1,12.03
1850,control,39.35,mobile,ID,0,0.0
1851,treatment,30.09,mobile,PH,0,0.0
1852,control,41.19,mobile,ID,0,0.0
1853,treatment,18.42,mobile,VN,1,29.63
1854,control,17.32,desktop,PH,0,0.0
1855,control,68.42,mobile,SG,0,0.0
1856,treatment,16.9,desktop,SG,0,0.0
1857,treatment,13.01,desktop,ID,0,0.0
1858,treatment,39.34,desktop,ID,0,0.0
1859,control,18.55,desktop,VN,0,0.0
1860,treatment,46.79,mobile,SG,0,0.0
1861,treatment,59.55,mobile,SG,0,0.0
1862,treatment,14.65,mobile,PH,0,0.0
1863,treatment,42.73,mobile,PH,0,0.0
1864,control,16.56,desktop,MY,0,0.0
1865,treatment,22.3,mobile,MY,0,0.0
1866,control,33.5,mobile,PH,0,0.0
1867,treatment,17.35,mobile,MY,0,0.0
1868,treatment,31.34,desktop,PH,0,0.0
1869,control,23.76,mobile,VN,0,0.0
1870,control,47.52,mobile,SG,0,0.0
1871,control,47.61,desktop,SG,0,0.0
1872,control,17.42,desktop,VN,0,0.0
1873,control,34.06,mobile,MY,0,0.0
1874,treatment,52.62,mobile,SG,0,0.0
1875,control,11.23,desktop,ID,0,0.0
1876,control,23.65,mobile,ID,1,69.71
1877,treatment,32.99,desktop,SG,0,0.0
1878,control,10.8,desktop,ID,0,0.0
1879,treatment,19.15,mobile,SG,0,0.0
1880,control,77.79,desktop,SG,0,0.0
1881,treatment,16.86,desktop,SG,0,0.0
1882,treatment,18.42,mobile,ID,0,0.0
1883,control,39.03,mobile,PH,0,0.0
1884,control,9.63,desktop,ID,0,0.0
1885,control,24.05,mobile,PH,0,0.0
1886,control,13.12,desktop,SG,0,0.0
1887,control,31.3,mobile,MY,0,0.0
1888,treatment,0.84,mobile,MY,0,0.0
1889,treatment,28.21,mobile,PH,0,0.0
1890,control,33.65,desktop,ID,1,30.01
1891,treatment,19.55,mobile,PH,0,0.0
1892,control,20.54,mobile,MY,0,0.0
1893,control,17.66,mobile,VN,0,0.0
1894,control,23.8,mobile,PH,0,0.0
1895,control,69.02,mobile,VN,0,0.0
1896,control,48.54,desktop,SG,1,10.65
1897,control,23.79,desktop,SG,0,0.0
1898,control,19.15,mobile,ID,0,0.0
1899,treatment,45.46,mobile,MY,0,0.0
1900,treatment,29.84,desktop,PH,0,0.0
1901,treatment,10.56,desktop,SG,0,0.0
1902,control,21.71,desktop,ID,0,0.0
1903,treatment,64.21,mobile,SG,0,0.0
1904,control,37.95,mobile,ID,1,13.29
1905,control,19.32,mobile,SG,0,0.0
1906,control,6.65,mobile,VN,0,0.0
1907,control,31.18,mobile,SG,0,0.0
1908,control,26.7,desktop,ID,0,0.0
1909,treatment,23.22,mobile,SG,0,0.0
1910,treatment,45.81,mobile,SG,0,0.0
1911,control,38.28,desktop,MY,0,0.0
1912,treatment,6.88,desktop,SG,0,0.0
1913,control,26.81,mobile,ID,0,0.0
1914,control,8.7,mobile,SG,0,0.0
1915,control,17.9,desktop,ID,0,0.0
1916,control,8.08,desktop,PH,0,0.0
1917,control,8.37,mobile,PH,0,0.0
1918,control,33.98,mobile,SG,1,16.72
1919,control,31.61,desktop,MY,0,0.0
1920,treatment,25.34,desktop,SG,0,0.0
1921,treatment,16.66,mobile,MY,0,0.0
1922,treatment,7.51,mobile,PH,0,0.0
1923,control,17.97,desktop,SG,0,0.0
1924,control,31.71,desktop,SG,0,0.0
1925,treatment,31.19,mobile,PH,0,0.0
1926,treatment,63.33,desktop,MY,0,0.0
1927,control,57.38,desktop,SG,0,0.0
1928,treatment,26.1,mobile,VN,0,0.0
1929,treatment,17.82,mobile,SG,0,0.0
1930,control,13.41,mobile,PH,0,0.0
1931,treatment,6.4,desktop,SG,0,0.0
1932,control,9.62,mobile,VN,1,7.0
1933,control,31.75,desktop,PH,1,7.55
1934,control,40.15,mobile,SG,0,0.0
1935,treatment,20.79,desktop,VN,0,0.0
1936,control,108.6,desktop,SG,0,0.0
1937,treatment,9.7,desktop,PH,1,38.39
1938,control,5.77,desktop,ID,0,0.0
1939,control,107.37,mobile,SG,0,0.0
1940,treatment,7.16,mobile,ID,0,0.0
1941,control,20.56,mobile,SG,0,0.0
1942,treatment,14.39,desktop,ID,0,0.0
1943,treatment,33.46,mobile,ID,0,0.0
1944,treatment,19.36,mobile,MY,0,0.0
1945,treatment,40.24,mobile,PH,1,10.42
1946,control,46.45,desktop,VN,1,8.0
1947,control,6.34,mobile,ID,0,0.0
1948,treatment,13.04,mobile,ID,0,0.0
1949,treatment,42.66,mobile,SG,0,0.0
1950,control,52.9,mobile,VN,0,0.0
1951,treatment,29.26,desktop,PH,0,0.0
1952,control,35.24,desktop,VN,0,0.0
1953,treatment,66.02,desktop,PH,0,0.0
1954,treatment,19.56,mobile,MY,0,0.0
1955,control,29.03,mobile,SG,0,0.0
1956,control,57.42,desktop,ID,0,0.0
1957,control,59.84,mobile,SG,0,0.0
1958,treatment,23.94,desktop,ID,0,0.0
1959,treatment,13.4,desktop,MY,1,27.68
1960,control,23.74,mobile,ID,0,0.0
1961,treatment,25.51,desktop,ID,0,0.0
1962,treatment,12.98,mobile,SG,0,0.0
1963,control,14.69,mobile,ID,0,0.0
1964,control,59.9,mobile,MY,0,0.0
1965,control,36.41,mobile,SG,0,0.0
1966,control,20.64,desktop,MY,0,0.0
1967,treatment,10.26,mobile,SG,0,0.0
1968,treatment,14.84,desktop,MY,0,0.0
1969,treatment,5.3,mobile,SG,0,0.0
1970,control,29.82,mobile,SG,0,0.0
1971,treatment,14.16,mobile,MY,0,0.0
1972,control,31.56,desktop,MY,0,0.0
1973,control,42.36,desktop,PH,1,26.58
1974,treatment,31.89,desktop,SG,0,0.0
1975,treatment,18.7,mobile,MY,1,43.61
1976,treatment,12.42,mobile,SG,0,0.0
1977,control,8.94,mobile,SG,0,0.0
1978,control,56.07,desktop,MY,0,0.0
1979,treatment,30.9,mobile,MY,0,0.0
1980,control,19.55,mobile,ID,0,0.0
1981,treatment,38.56,desktop,PH,0,0.0
1982,control,50.15,mobile,VN,0,0.0
1983,treatment,14.41,desktop,VN,1,35.99
1984,control,30.23,desktop,SG,1,4.21
1985,control,30.68,mobile,SG,1,14.55
1986,treatment,64.17,mobile,MY,0,0.0
1987,treatment,19.33,desktop,ID,0,0.0
1988,control,12.03,desktop,ID,1,46.95
1989,treatment,32.68,mobile,MY,0,0.0
1990,treatment,40.8,desktop,VN,0,0.0
1991,treatment,28.46,mobile,ID,0,0.0
1992,control,67.08,desktop,VN,0,0.0
1993,treatment,19.29,mobile,VN,0,0.0
1994,treatment,28.98,mobile,MY,0,0.0
1995,treatment,6.86,desktop,SG,0,0.0
1996,treatment,11.45,mobile,MY,0,0.0
1997,control,14.49,desktop,MY,0,0.0
1998,treatment,21.87,desktop,PH,1,20.63
1999,treatment,8.0,desktop,VN,0,0.0
2000,control,38.18,mobile,SG,0,0.0
2001,treatment,13.43,mobile,SG,0,0.0
2002,treatment,96.33,mobile,PH,1,27.93
2003,treatment,13.84,mobile,ID,0,0.0
2004,control,26.83,mobile,PH,0,0.0
2005,control,24.4,mobile,MY,1,19.11
2006,control,10.61,mobile,SG,1,11.59
2007,control,21.93,desktop,SG,0,0.0
2008,treatment,21.73,mobile,SG,0,0.0
2009,treatment,46.48,mobile,MY,0,0.0
2010,treatment,33.55,desktop,SG,1,6.54
2011,control,37.8,mobile,MY,0,0.0
2012,treatment,45.79,desktop,PH,0,0.0
2013,treatment,38.22,desktop,SG,0,0.0
2014,treatment,30.05,desktop,PH,0,0.0
2015,treatment,14.38,desktop,SG,0,0.0
2016,control,28.68,desktop,ID,0,0.0
2017,treatment,12.2,desktop,SG,0,0.0
2018,treatment,23.22,mobile,PH,0,0.0
2019,treatment,20.98,mobile,SG,0,0.0
2020,treatment,22.02,desktop,MY,0,0.0
2021,control,8.07,mobile,VN,0,0.0
2022,control,0.86,mobile,SG,0,0.0
2023,control,18.09,desktop,PH,0,0.0
2024,control,53.17,mobile,ID,0,0.0
2025,control,26.54,mobile,MY,0,0.0
2026,treatment,50.6,desktop,SG,1,16.21
2027,control,12.27,mobile,PH,0,0.0
2028,control,17.39,mobile,VN,0,0.0
2029,treatment,100.08,desktop,SG,0,0.0
2030,control,12.91,desktop,PH,0,0.0
2031,control,37.28,mobile,PH,0,0.0
2032,treatment,37.24,mobile,ID,0,0.0
2033,control,34.44,mobile,PH,0,0.0
2034,control,37.61,desktop,SG,0,0.0
2035,treatment,12.76,mobile,MY,0,0.0
2036,control,18.79,desktop,VN,0,0.0
2037,control,1.32,desktop,PH,0,0.0
2038,treatment,65.59,mobile,SG,0,0.0
2039,treatment,37.46,mobile,ID,0,0.0
2040,control,14.5,desktop,SG,1,31.61
2041,control,12.38,desktop,SG,0,0.0
2042,treatment,53.79,mobile,SG,0,0.0
2043,treatment,13.66,mobile,SG,0,0.0
2044,treatment,14.47,desktop,MY,0,0.0
2045,treatment,10.2,desktop,MY,1,40.51
2046,treatment,42.43,mobile,PH,1,106.59
2047,control,50.1,mobile,PH,0,0.0
2048,treatment,21.08,desktop,MY,0,0.0
2049,control,50.32,mobile,SG,0,0.0
2050,treatment,32.4,mobile,VN,0,0.0
2051,treatment,9.65,mobile,SG,0,0.0
2052,treatment,62.48,mobile,ID,1,9.72
2053,control,10.11,mobile,SG,0,0.0
2054,treatment,22.28,mobile,VN,0,0.0
2055,control,21.13,mobile,MY,0,0.0
2056,control,18.33,mobile,VN,0,0.0
2057,treatment,3.61,mobile,VN,1,18.15
2058,control,86.92,mobile,VN,1,28.1
2059,control,4.22,mobile,PH,0,0.0
2060,control,65.07,mobile,ID,0,0.0
2061,treatment,12.02,mobile,VN,1,30.59
2062,control,15.65,desktop,SG,1,9.53
2063,treatment,60.9,mobile,PH,0,0.0
2064,treatment,34.91,desktop,SG,0,0.0
2065,control,7.09,mobile,MY,0,0.0
2066,control,6.95,mobile,MY,0,0.0
2067,treatment,31.36,mobile,VN,0,0.0
2068,treatment,9.95,mobile,MY,0,0.0
2069,control,36.08,mobile,ID,0,0.0
2070,control,38.69,desktop,ID,0,0.0
2071,treatment,13.16,mobile,ID,0,0.0
2072,treatment,16.35,mobile,SG,0,0.0
2073,control,32.1,mobile,ID,0,0.0
2074,treatment,12.66,desktop,ID,0,0.0
2075,control,26.57,mobile,VN,0,0.0
2076,control,104.0,mobile,VN,0,0.0
2077,control,33.21,mobile,SG,0,0.0
2078,treatment,18.54,desktop,SG,0,0.0
2079,treatment,92.7,desktop,ID,0,0.0
2080,control,44.53,mobile,MY,0,0.0
2081,treatment,10.17,mobile,ID,1,22.09
2082,control,11.97,desktop,PH,1,50.6
2083,control,4.8,mobile,SG,0,0.0
2084,control,31.68,mobile,PH,0,0.0
2085,treatment,2.88,mobile,SG,0,0.0
2086,treatment,92.63,mobile,VN,1,30.87
2087,control,20.34,mobile,MY,0,0.0
2088,control,46.43,desktop,PH,0,0.0
2089,control,18.92,desktop,SG,0,0.0
2090,treatment,31.28,mobile,ID,1,15.66
2091,control,22.51,mobile,SG,0,0.0
2092,treatment,26.0,mobile,ID,0,0.0
2093,treatment,56.5,desktop,VN,0,0.0
2094,treatment,75.25,mobile,PH,0,0.0
2095,control,71.44,mobile,ID,0,0.0
2096,control,156.9,mobile,SG,0,0.0
2097,treatment,13.89,mobile,VN,0,0.0
2098,treatment,33.51,mobile,MY,0,0.0
2099,treatment,14.16,mobile,ID,0,0.0
2100,treatment,54.94,desktop,SG,0,0.0
2101,treatment,10.63,mobile,PH,0,0.0
2102,control,57.16,desktop,MY,0,0.0
2103,treatment,29.17,mobile,MY,0,0.0
2104,control,23.51,mobile,SG,0,0.0
2105,treatment,25.61,desktop,ID,0,0.0
2106,treatment,8.97,desktop,SG,0,0.0
2107,control,9.7,mobile,VN,1,20.74
2108,control,29.55,desktop,PH,0,0.0
2109,control,29.41,mobile,VN,0,0.0
2110,control,14.71,desktop,MY,0,0.0
2111,control,20.17,mobile,ID,0,0.0
2112,control,35.55,mobile,MY,0,0.0
2113,control,12.6,mobile,VN,0,0.0
2114,control,4.19,mobile,MY,0,0.0
2115,control,67.17,mobile,MY,0,0.0
2116,treatment,31.09,desktop,MY,0,0.0
2117,control,17.01,mobile,MY,0,0.0
2118,treatment,14.13,mobile,PH,1,11.03
2119,treatment,12.5,mobile,SG,0,0.0
2120,treatment,54.8,mobile,ID,0,0.0
2121,treatment,7.58,desktop,MY,1,6.24
2122,control,33.45,desktop,SG,0,0.0
2123,treatment,33.43,mobile,VN,0,0.0
2124,control,42.97,mobile,PH,0,0.0
2125,control,18.37,mobile,VN,0,0.0
2126,control,63.4,desktop,MY,1,29.78
2127,treatment,43.85,mobile,PH,0,0.0
2128,control,17.87,mobile,ID,0,0.0
2129,control,13.56,mobile,ID,0,0.0
2130,control,22.56,mobile,SG,0,0.0
2131,control,17.38,mobile,SG,0,0.0
2132,control,11.7,desktop,SG,0,0.0
2133,control,26.48,mobile,ID,0,0.0
2134,treatment,20.27,mobile,PH,0,0.0
2135,treatment,73.59,mobile,ID,1,22.74
2136,treatment,17.36,mobile,SG,0,0.0
2137,treatment,13.46,desktop,PH,0,0.0
2138,treatment,25.2,desktop,SG,0,0.0
2139,control,30.37,desktop,PH,0,0.0
2140,treatment,32.09,desktop,MY,0,0.0
2141,control,31.87,mobile,ID,0,0.0
2142,treatment,25.85,mobile,SG,0,0.0
2143,control,24.45,mobile,MY,1,37.34
2144,control,38.85,desktop,MY,0,0.0
2145,control,10.77,desktop,MY,1,13.64
2146,control,13.54,mobile,SG,0,0.0
2147,treatment,5.78,mobile,ID,0,0.0
2148,treatment,10.93,desktop,SG,1,16.13
2149,treatment,51.19,mobile,VN,0,0.0
2150,treatment,37.7,mobile,MY,1,28.55
2151,treatment,80.11,mobile,MY,0,0.0
2152,treatment,67.82,mobile,ID,0,0.0
2153,treatment,37.93,mobile,PH,0,0.0
2154,treatment,28.05,desktop,SG,1,6.34
2155,control,25.57,desktop,ID,1,18.88
2156,treatment,2.66,mobile,VN,0,0.0
2157,treatment,23.46,mobile,MY,0,0.0
2158,control,15.64,mobile,SG,0,0.0
2159,control,11.38,mobile,SG,0,0.0
2160,treatment,33.74,mobile,VN,0,0.0
2161,treatment,21.33,desktop,SG,0,0.0
2162,control,26.76,desktop,SG,0,0.0
2163,control,9.92,mobile,VN,0,0.0
2164,treatment,45.16,desktop,PH,1,3.95
2165,treatment,17.29,mobile,MY,0,0.0
2166,control,32.47,desktop,SG,1,29.14
2167,treatment,18.5,mobile,ID,0,0.0
2168,treatment,2.06,desktop,PH,1,42.02
2169,control,34.73,mobile,SG,0,0.0
2170,control,22.44,mobile,SG,0,0.0
2171,control,5.36,mobile,VN,0,0.0
2172,treatment,8.82,desktop,PH,0,0.0
2173,treatment,46.08,desktop,MY,0,0.0
2174,treatment,5.65,mobile,VN,0,0.0
2175,treatment,16.92,desktop,ID,0,0.0
2176,control,84.74,mobile,VN,0,0.0
2177,control,35.37,desktop,SG,0,0.0
2178,treatment,41.76,desktop,MY,0,0.0
2179,control,19.9,mobile,ID,0,0.0
2180,treatment,4.86,mobile,MY,0,0.0
2181,treatment,28.7,mobile,MY,0,0.0
2182,control,9.42,mobile,ID,0,0.0
2183,control,8.57,mobile,ID,0,0.0
2184,treatment,26.3,desktop,SG,0,0.0
2185,control,10.06,desktop,MY,0,0.0
2186,control,24.07,mobile,ID,0,0.0
2187,treatment,13.93,desktop,ID,0,0.0
2188,control,23.44,desktop,MY,0,0.0
2189,control,16.03,mobile,SG,0,0.0
2190,treatment,23.94,desktop,SG,1,47.5
2191,control,64.11,desktop,PH,0,0.0
2192,control,42.42,mobile,PH,0,0.0
2193,treatment,21.94,desktop,ID,0,0.0
2194,control,57.39,mobile,ID,0,0.0
2195,control,32.8,mobile,SG,0,0.0
2196,treatment,54.74,mobile,MY,0,0.0
2197,treatment,6.34,desktop,MY,0,0.0
2198,control,10.16,desktop,MY,0,0.0
2199,treatment,28.45,mobile,SG,0,0.0
2200,control,21.52,mobile,SG,0,0.0
2201,treatment,23.98,mobile,VN,0,0.0
2202,treatment,36.7,desktop,ID,0,0.0
2203,treatment,28.66,mobile,PH,0,0.0
2204,control,45.28,mobile,ID,0,0.0
2205,control,44.42,mobile,PH,0,0.0
2206,control,10.61,mobile,SG,0,0.0
2207,treatment,2.17,desktop,SG,0,0.0
2208,treatment,9.99,desktop,ID,0,0.0
2209,control,9.4,mobile,ID,0,0.0
2210,control,25.38,desktop,SG,0,0.0
2211,control,25.13,desktop,ID,0,0.0
2212,control,20.52,mobile,SG,0,0.0
2213,treatment,33.72,mobile,SG,0,0.0
2214,treatment,109.78,desktop,VN,0,0.0
2215,treatment,20.16,mobile,ID,0,0.0
2216,treatment,29.34,desktop,MY,0,0.0
2217,treatment,23.98,mobile,SG,0,0.0
2218,control,14.85,desktop,VN,0,0.0
2219,treatment,36.95,mobile,VN,0,0.0
2220,control,19.38,mobile,SG,0,0.0
2221,control,12.28,mobile,MY,0,0.0
2222,treatment,13.1,mobile,ID,0,0.0
2223,control,46.41,desktop,SG,1,24.0
2224,treatment,36.3,desktop,ID,1,23.43
2225,control,16.27,mobile,SG,0,0.0
2226,control,33.32,mobile,SG,0,0.0
2227,control,24.2,mobile,ID,0,0.0
2228,control,29.71,mobile,MY,0,0.0
2229,control,14.53,desktop,ID,0,0.0
2230,control,9.68,mobile,SG,0,0.0
2231,control,19.3,desktop,MY,0,0.0
2232,control,11.27,mobile,VN,0,0.0
2233,control,10.53,mobile,MY,0,0.0
2234,treatment,6.72,desktop,ID,0,0.0
2235,treatment,2.19,desktop,MY,0,0.0
2236,treatment,16.51,mobile,PH,0,0.0
2237,control,52.47,desktop,ID,0,0.0
2238,treatment,43.83,desktop,SG,0,0.0
2239,treatment,70.61,mobile,SG,1,29.52
2240,control,10.12,mobile,ID,0,0.0
2241,treatment,38.65,mobile,PH,0,0.0
2242,treatment,21.86,mobile,SG,0,0.0
2243,control,13.12,desktop,ID,0,0.0
2244,control,48.42,mobile,ID,0,0.0
2245,treatment,22.03,mobile,MY,0,0.0
2246,control,4.18,mobile,ID,0,0.0
2247,control,43.5,mobile,MY,0,0.0
2248,control,31.69,mobile,ID,0,0.0
2249,control,26.48,desktop,PH,0,0.0
2250,control,8.34,desktop,VN,0,0.0
2251,control,28.84,desktop,ID,1,33.22
2252,treatment,64.23,desktop,MY,0,0.0
2253,control,31.05,mobile,ID,0,0.0
2254,treatment,5.76,desktop,PH,0,0.0
2255,treatment,32.79,desktop,MY,0,0.0
2256,control,31.29,mobile,MY,0,0.0
2257,treatment,40.9,mobile,SG,0,0.0
2258,treatment,30.65,mobile,ID,0,0.0
2259,control,10.56,mobile,MY,0,0.0
2260,control,25.41,mobile,SG,0,0.0
2261,treatment,19.57,mobile,ID,0,0.0
2262,treatment,27.74,mobile,VN,0,0.0
2263,control,49.64,desktop,SG,0,0.0
2264,treatment,13.9,mobile,ID,1,25.66
2265,treatment,77.78,mobile,VN,0,0.0
2266,treatment,32.63,desktop,VN,0,0.0
2267,treatment,43.67,desktop,MY,1,5.46
2268,control,39.66,mobile,SG,0,0.0
2269,control,31.69,mobile,MY,0,0.0
2270,control,36.02,mobile,MY,0,0.0
2271,control,0.22,desktop,MY,0,0.0
2272,treatment,39.61,desktop,ID,0,0.0
2273,treatment,11.33,mobile,PH,0,0.0
2274,treatment,23.07,desktop,ID,0,0.0
2275,control,31.53,desktop,PH,0,0.0
2276,control,51.17,desktop,ID,0,0.0
2277,control,11.33,mobile,ID,1,23.86
2278,control,16.85,desktop,SG,0,0.0
2279,treatment,18.77,mobile,PH,0,0.0
2280,treatment,27.99,mobile,ID,0,0.0
2281,treatment,19.71,mobile,MY,0,0.0
2282,treatment,36.13,mobile,SG,0,0.0
2283,control,4.38,mobile,ID,0,0.0
2284,control,21.68,mobile,SG,0,0.0
2285,treatment,68.47,mobile,PH,1,7.39
2286,control,19.75,mobile,SG,0,0.0
2287,control,32.72,desktop,ID,0,0.0
2288,control,45.88,desktop,MY,1,16.04
2289,treatment,31.96,mobile,MY,0,0.0
2290,treatment,82.39,mobile,PH,0,0.0
2291,control,25.86,mobile,SG,0,0.0
2292,treatment,37.42,desktop,SG,0,0.0
2293,control,28.86,desktop,SG,0,0.0
2294,control,59.47,mobile,SG,0,0.0
2295,control,17.53,desktop,MY,0,0.0
2296,control,86.77,desktop,SG,1,8.58
2297,treatment,14.19,desktop,MY,0,0.0
2298,control,72.85,desktop,ID,0,0.0
2299,treatment,10.18,mobile,PH,0,0.0
2300,treatment,38.28,desktop,SG,0,0.0
2301,control,24.2,desktop,PH,0,0.0
2302,treatment,45.23,desktop,VN,0,0.0
2303,control,33.3,desktop,ID,0,0.0
2304,control,43.55,desktop,ID,1,16.93
2305,control,9.85,desktop,MY,0,0.0
2306,treatment,5.29,mobile,SG,0,0.0
2307,control,8.43,mobile,VN,1,25.08
2308,control,8.22,mobile,VN,0,0.0
2309,control,9.74,desktop,MY,0,0.0
2310,treatment,15.01,mobile,SG,0,0.0
2311,treatment,14.9,mobile,SG,0,0.0
2312,treatment,24.63,desktop,MY,0,0.0
2313,treatment,12.06,mobile,VN,0,0.0
2314,control,12.92,mobile,SG,0,0.0
2315,control,20.7,desktop,ID,0,0.0
2316,control,49.55,mobile,PH,0,0.0
2317,control,17.29,mobile,MY,0,0.0
2318,treatment,23.41,mobile,ID,0,0.0
2319,treatment,26.39,desktop,MY,0,0.0
2320,control,10.8,mobile,SG,0,0.0
2321,treatment,18.68,mobile,ID,0,0.0
2322,control,13.82,mobile,SG,0,0.0
2323,treatment,46.37,desktop,ID,0,0.0
2324,control,43.78,mobile,MY,1,2.09
2325,treatment,12.65,mobile,PH,0,0.0
2326,treatment,23.07,desktop,ID,0,0.0
2327,control,37.44,desktop,VN,0,0.0
2328,control,30.72,mobile,ID,0,0.0
2329,treatment,33.15,mobile,ID,1,22.24
2330,treatment,10.86,desktop,MY,0,0.0
2331,treatment,71.09,mobile,MY,0,0.0
2332,control,14.77,desktop,ID,0,0.0
2333,treatment,14.42,mobile,ID,0,0.0
2334,treatment,7.48,mobile,ID,0,0.0
2335,control,21.41,mobile,SG,0,0.0
2336,treatment,53.15,mobile,SG,0,0.0
2337,treatment,30.5,desktop,SG,0,0.0
2338,control,22.73,desktop,SG,1,8.95
2339,control,41.59,desktop,PH,0,0.0
2340,treatment,52.26,desktop,ID,0,0.0
2341,control,43.71,mobile,ID,0,0.0
2342,control,3.76,desktop,SG,0,0.0
2343,treatment,41.84,desktop,PH,0,0.0
2344,control,34.1,mobile,SG,0,0.0
2345,control,12.41,desktop,SG,0,0.0
2346,treatment,34.2,desktop,PH,0,0.0
2347,treatment,53.23,mobile,ID,1,25.6
2348,control,15.32,mobile,SG,0,0.0
2349,control,45.87,mobile,SG,0,0.0
2350,control,30.99,desktop,MY,0,0.0
2351,treatment,0.62,desktop,ID,0,0.0
2352,control,24.03,desktop,SG,0,0.0
2353,control,30.1,desktop,ID,0,0.0
2354,treatment,19.28,mobile,MY,0,0.0
2355,treatment,31.83,desktop,ID,0,0.0
2356,treatment,22.1,mobile,ID,0,0.0
2357,treatment,98.39,desktop,PH,1,25.0
2358,treatment,18.21,mobile,SG,0,0.0
2359,control,12.72,mobile,SG,0,0.0
2360,control,44.29,mobile,SG,0,0.0
2361,control,20.12,mobile,SG,0,0.0
2362,control,23.03,mobile,MY,0,0.0
2363,treatment,21.53,mobile,SG,0,0.0
2364,treatment,42.61,mobile,PH,1,36.32
2365,control,9.67,desktop,PH,0,0.0
2366,control,45.81,mobile,ID,0,0.0
2367,treatment,36.12,mobile,MY,0,0.0
2368,control,77.94,mobile,ID,0,0.0
2369,treatment,28.4,desktop,ID,0,0.0
2370,treatment,10.34,mobile,ID,0,0.0
2371,treatment,28.63,desktop,SG,0,0.0
2372,control,31.3,mobile,PH,0,0.0
2373,treatment,56.37,mobile,MY,0,0.0
2374,treatment,10.32,desktop,SG,0,0.0
2375,treatment,5.76,mobile,MY,0,0.0
2376,control,29.08,mobile,SG,0,0.0
2377,treatment,80.18,desktop,VN,0,0.0
2378,treatment,39.92,mobile,ID,1,10.98
2379,control,41.56,mobile,PH,0,0.0
2380,control,7.28,mobile,VN,0,0.0
2381,control,25.62,desktop,ID,0,0.0
2382,treatment,57.09,desktop,PH,1,14.16
2383,control,31.57,mobile,VN,0,0.0
2384,control,5.35,mobile,SG,0,0.0
2385,control,25.23,mobile,SG,0,0.0
2386,control,37.98,mobile,MY,0,0.0
2387,treatment,23.18,desktop,ID,0,0.0
2388,control,11.53,mobile,PH,0,0.0
2389,treatment,45.23,desktop,MY,0,0.0
2390,control,17.62,desktop,PH,0,0.0
2391,control,33.78,mobile,ID,0,0.0
2392,treatment,24.72,desktop,MY,0,0.0
2393,treatment,17.08,desktop,ID,0,0.0
2394,control,86.15,mobile,PH,0,0.0
2395,control,15.53,mobile,MY,0,0.0
2396,control,26.32,desktop,MY,1,3.75
2397,control,24.66,desktop,ID,0,0.0
2398,control,28.54,desktop,MY,0,0.0
2399,treatment,81.97,mobile,SG,0,0.0
2400,control,38.01,desktop,PH,0,0.0
2401,control,16.94,desktop,SG,0,0.0
2402,treatment,65.63,mobile,SG,0,0.0
2403,treatment,42.74,mobile,PH,0,0.0
2404,control,17.22,mobile,ID,0,0.0
2405,treatment,59.01,desktop,MY,1,29.01
2406,treatment,7.2,mobile,MY,0,0.0
2407,treatment,9.3,desktop,SG,0,0.0
2408,control,4.96,mobile,SG,0,0.0
2409,treatment,2.76,desktop,VN,0,0.0
2410,treatment,56.2,mobile,SG,0,0.0
2411,treatment,28.81,desktop,SG,0,0.0
2412,treatment,5.49,mobile,PH,0,0.0
2413,control,24.17,desktop,PH,1,24.56
2414,treatment,46.86,desktop,ID,0,0.0
2415,control,13.26,mobile,SG,0,0.0
2416,control,19.28,mobile,SG,0,0.0
2417,control,88.84,mobile,VN,0,0.0
2418,treatment,20.73,mobile,ID,0,0.0
2419,treatment,6.0,desktop,PH,1,58.88
2420,treatment,16.09,mobile,MY,0,0.0
2421,treatment,5.08,desktop,PH,0,0.0
2422,control,40.25,mobile,VN,0,0.0
2423,treatment,11.65,desktop,MY,1,25.28
2424,control,11.31,mobile,MY,0,0.0
2425,control,94.19,desktop,SG,1,21.76
2426,treatment,8.33,mobile,ID,0,0.0
2427,treatment,6.9,desktop,SG,0,0.0
2428,treatment,9.77,mobile,SG,1,46.11
2429,control,47.89,mobile,ID,0,0.0
2430,treatment,36.56,desktop,ID,0,0.0
2431,treatment,15.91,mobile,MY,0,0.0
2432,control,14.7,mobile,VN,1,0.81
2433,control,34.56,mobile,SG,0,0.0
2434,control,29.64,desktop,ID,0,0.0
2435,control,21.82,desktop,ID,0,0.0
2436,treatment,37.47,mobile,ID,0,0.0
2437,control,9.15,desktop,ID,0,0.0
2438,treatment,11.83,mobile,ID,0,0.0
2439,treatment,38.89,mobile,PH,0,0.0
2440,control,31.46,mobile,PH,0,0.0
2441,treatment,25.5,mobile,VN,0,0.0
2442,treatment,91.99,desktop,VN,0,0.0
2443,treatment,43.49,mobile,ID,0,0.0
2444,treatment,16.32,mobile,ID,0,0.0
2445,control,12.79,mobile,MY,0,0.0
2446,treatment,32.57,desktop,ID,0,0.0
2447,control,56.08,mobile,SG,0,0.0
2448,treatment,4.24,mobile,MY,0,0.0
2449,treatment,30.85,desktop,VN,1,24.11
2450,treatment,19.02,mobile,ID,0,0.0
2451,control,28.8,desktop,SG,1,41.87
2452,control,6.39,mobile,ID,0,0.0
2453,control,56.05,mobile,MY,0,0.0
2454,control,66.59,mobile,PH,0,0.0
2455,control,40.71,mobile,SG,1,40.16
2456,control,75.75,mobile,ID,0,0.0
2457,treatment,18.25,desktop,ID,0,0.0
2458,treatment,30.31,mobile,ID,0,0.0
2459,treatment,41.14,mobile,SG,1,37.92
2460,treatment,32.89,mobile,PH,0,0.0
2461,treatment,20.22,desktop,PH,0,0.0
2462,treatment,22.01,desktop,MY,0,0.0
2463,treatment,62.56,mobile,SG,0,0.0
2464,treatment,24.51,desktop,ID,1,30.2
2465,control,53.89,desktop,MY,0,0.0
2466,treatment,23.53,mobile,MY,0,0.0
2467,treatment,53.67,mobile,MY,1,78.35
2468,control,26.58,mobile,MY,0,0.0
2469,control,38.74,mobile,PH,1,19.61
2470,treatment,14.23,desktop,VN,0,0.0
2471,treatment,30.26,desktop,ID,0,0.0
2472,treatment,14.41,mobile,SG,1,18.46
2473,control,17.88,mobile,MY,0,0.0
2474,control,19.1,desktop,SG,0,0.0
2475,control,21.71,mobile,ID,1,68.89
2476,treatment,49.46,mobile,ID,0,0.0
2477,control,17.31,desktop,VN,0,0.0
2478,control,27.98,mobile,MY,1,11.17
2479,treatment,53.78,mobile,SG,0,0.0
2480,treatment,38.17,desktop,ID,1,32.44
2481,treatment,4.35,mobile,MY,0,0.0
2482,control,6.21,mobile,SG,0,0.0
2483,control,33.34,desktop,MY,0,0.0
2484,control,16.59,mobile,SG,0,0.0
2485,treatment,5.32,mobile,SG,0,0.0
2486,control,15.59,mobile,MY,0,0.0
2487,treatment,34.26,desktop,PH,0,0.0
2488,control,18.92,mobile,PH,0,0.0
2489,control,25.98,mobile,SG,0,0.0
2490,control,20.33,mobile,MY,0,0.0
2491,treatment,13.79,mobile,PH,0,0.0
2492,treatment,29.82,desktop,VN,1,8.75
2493,treatment,4.72,desktop,PH,0,0.0
2494,control,12.3,mobile,MY,0,0.0
2495,control,43.38,desktop,PH,0,0.0
2496,control,6.42,desktop,ID,0,0.0
2497,treatment,24.99,desktop,SG,0,0.0
2498,control,17.73,mobile,SG,0,0.0
2499,control,16.36,mobile,VN,0,0.0
2500,treatment,46.31,desktop,VN,0,0.0
2501,treatment,52.72,mobile,MY,0,0.0
2502,control,9.75,mobile,ID,0,0.0
2503,control,21.85,mobile,MY,0,0.0
2504,control,3.37,mobile,ID,0,0.0
2505,treatment,44.5,mobile,MY,0,0.0
2506,treatment,23.99,mobile,MY,0,0.0
2507,control,5.96,mobile,MY,0,0.0
2508,control,12.84,mobile,MY,0,0.0
2509,control,8.94,mobile,VN,0,0.0
2510,control,12.19,mobile,PH,0,0.0
2511,treatment,3.79,desktop,SG,0,0.0
2512,control,62.11,mobile,SG,1,27.62
2513,treatment,10.11,mobile,SG,0,0.0
2514,control,24.94,desktop,SG,0,0.0
2515,treatment,34.03,mobile,ID,0,0.0
2516,treatment,52.77,mobile,MY,0,0.0
2517,treatment,25.61,mobile,SG,0,0.0
2518,treatment,20.08,mobile,VN,1,35.74
2519,treatment,26.44,mobile,PH,1,15.82
2520,treatment,9.7,mobile,SG,0,0.0
2521,treatment,10.46,mobile,ID,0,0.0
2522,treatment,19.71,mobile,MY,0,0.0
2523,control,2.32,mobile,ID,0,0.0
2524,treatment,14.05,desktop,MY,0,0.0
2525,treatment,16.84,mobile,SG,0,0.0
2526,treatment,83.39,mobile,MY,0,0.0
2527,treatment,57.48,mobile,VN,1,37.91
2528,treatment,33.94,desktop,ID,1,13.52
2529,control,45.28,mobile,ID,0,0.0
2530,treatment,10.38,desktop,PH,0,0.0
2531,treatment,26.98,mobile,PH,0,0.0
2532,control,41.43,desktop,PH,0,0.0
2533,control,10.46,mobile,SG,0,0.0
2534,control,6.23,desktop,SG,0,0.0
2535,treatment,31.38,mobile,PH,0,0.0
2536,treatment,6.99,mobile,VN,0,0.0
2537,treatment,36.22,desktop,ID,0,0.0
2538,control,52.15,desktop,VN,1,42.32
2539,treatment,10.78,desktop,ID,1,36.09
2540,control,11.56,mobile,SG,0,0.0
2541,treatment,51.11,mobile,VN,0,0.0
2542,treatment,25.71,mobile,PH,0,0.0
2543,treatment,46.5,mobile,ID,0,0.0
2544,control,20.29,mobile,ID,0,0.0
2545,treatment,21.53,mobile,MY,0,0.0
2546,treatment,25.21,mobile,ID,1,48.01
2547,treatment,72.36,desktop,MY,1,12.34
2548,treatment,44.01,mobile,ID,1,5.08
2549,control,13.65,mobile,ID,1,5.92
2550,control,28.46,mobile,SG,0,0.0
2551,control,19.17,mobile,SG,0,0.0
2552,treatment,16.36,mobile,SG,0,0.0
2553,control,35.49,desktop,ID,0,0.0
2554,treatment,30.46,mobile,MY,1,16.24
2555,treatment,10.9,mobile,ID,0,0.0
2556,control,25.25,mobile,ID,0,0.0
2557,treatment,15.94,mobile,SG,0,0.0
2558,treatment,33.89,mobile,PH,0,0.0
2559,treatment,15.35,mobile,ID,0,0.0
2560,treatment,21.64,desktop,ID,0,0.0
2561,treatment,16.74,mobile,SG,0,0.0
2562,control,4.53,mobile,ID,0,0.0
2563,treatment,69.98,mobile,ID,0,0.0
2564,treatment,25.04,mobile,PH,0,0.0
2565,control,71.6,mobile,SG,0,0.0
2566,control,25.91,mobile,ID,0,0.0
2567,control,40.12,desktop,VN,0,0.0
2568,treatment,14.44,mobile,PH,0,0.0
2569,control,14.76,mobile,PH,0,0.0
2570,control,23.98,mobile,SG,0,0.0
2571,treatment,71.18,mobile,ID,0,0.0
2572,treatment,11.25,mobile,SG,1,28.0
2573,treatment,3.36,mobile,ID,1,20.89
2574,treatment,50.3,mobile,ID,0,0.0
2575,control,41.87,desktop,ID,0,0.0
2576,treatment,17.53,mobile,VN,0,0.0
2577,treatment,89.86,mobile,VN,0,0.0
2578,control,92.42,desktop,SG,0,0.0
2579,control,4.17,mobile,VN,0,0.0
2580,treatment,14.15,desktop,PH,0,0.0
2581,treatment,23.85,mobile,ID,0,0.0
2582,treatment,33.23,mobile,SG,0,0.0
2583,treatment,29.7,mobile,SG,0,0.0
2584,treatment,24.97,mobile,MY,0,0.0
2585,control,9.73,mobile,SG,0,0.0
2586,treatment,36.27,mobile,SG,0,0.0
2587,control,37.75,mobile,SG,0,0.0
2588,control,47.89,mobile,ID,0,0.0
2589,treatment,8.48,mobile,ID,0,0.0
2590,control,20.98,mobile,SG,0,0.0
2591,control,16.83,desktop,PH,0,0.0
2592,control,8.33,desktop,SG,0,0.0
2593,treatment,20.72,desktop,MY,1,15.99
2594,treatment,10.2,mobile,ID,0,0.0
2595,treatment,7.03,mobile,ID,0,0.0
2596,control,42.25,desktop,MY,0,0.0
2597,control,17.46,desktop,ID,0,0.0
2598,control,13.57,mobile,MY,0,0.0
2599,treatment,56.07,desktop,SG,1,19.77
2600,treatment,38.55,mobile,MY,0,0.0
2601,control,2.93,desktop,SG,0,0.0
2602,treatment,33.39,desktop,VN,0,0.0
2603,control,33.27,desktop,ID,0,0.0
2604,treatment,20.04,mobile,SG,0,0.0
2605,treatment,19.44,mobile,PH,0,0.0
2606,treatment,5.14,mobile,ID,0,0.0
2607,treatment,89.18,mobile,MY,0,0.0
2608,control,20.66,mobile,VN,1,29.08
2609,control,32.08,mobile,ID,0,0.0
2610,control,21.58,mobile,SG,0,0.0
2611,treatment,13.76,mobile,PH,0,0.0
2612,treatment,44.54,desktop,VN,0,0.0
2613,control,27.82,desktop,SG,0,0.0
2614,treatment,20.8,mobile,SG,0,0.0
2615,control,31.83,mobile,ID,0,0.0
2616,control,23.17,mobile,ID,0,0.0
2617,control,74.87,mobile,SG,0,0.0
2618,treatment,43.5,mobile,VN,0,0.0
2619,control,35.67,desktop,SG,0,0.0
2620,treatment,5.84,desktop,PH,0,0.0
2621,control,36.56,mobile,PH,0,0.0
2622,control,35.92,desktop,SG,0,0.0
2623,treatment,10.37,desktop,ID,0,0.0
2624,control,5.7,desktop,SG,0,0.0
2625,treatment,42.26,desktop,ID,0,0.0
2626,treatment,45.99,mobile,ID,0,0.0
2627,control,14.82,desktop,PH,0,0.0
2628,treatment,14.26,desktop,ID,0,0.0
2629,control,27.46,mobile,MY,1,30.75
2630,control,17.41,mobile,SG,0,0.0
2631,treatment,5.56,mobile,SG,0,0.0
2632,control,10.26,mobile,ID,0,0.0
2633,treatment,31.24,desktop,VN,0,0.0
2634,control,10.8,mobile,PH,0,0.0
2635,treatment,47.6,desktop,MY,0,0.0
2636,control,35.5,desktop,VN,1,5.24
2637,control,32.15,mobile,SG,0,0.0
2638,treatment,27.04,mobile,VN,0,0.0
2639,treatment,13.23,desktop,SG,0,0.0
2640,treatment,39.02,mobile,SG,0,0.0
2641,treatment,12.9,desktop,PH,0,0.0
2642,treatment,49.44,desktop,MY,0,0.0
2643,control,67.2,mobile,PH,0,0.0
2644,treatment,27.7,mobile,ID,0,0.0
2645,control,61.35,desktop,SG,0,0.0
2646,control,10.39,desktop,SG,0,0.0
2647,control,35.79,mobile,MY,0,0.0
2648,treatment,24.49,desktop,ID,0,0.0
2649,control,42.77,mobile,MY,0,0.0
2650,control,3.15,mobile,SG,0,0.0
2651,treatment,41.01,mobile,SG,0,0.0
2652,control,14.34,desktop,ID,0,0.0
2653,control,25.42,desktop,SG,0,0.0
2654,control,88.18,mobile,MY,0,0.0
2655,control,36.65,mobile,SG,0,0.0
2656,treatment,33.28,mobile,PH,0,0.0
2657,treatment,31.36,desktop,ID,0,0.0
2658,control,53.0,desktop,SG,0,0.0
2659,control,43.79,mobile,PH,1,9.76
2660,treatment,31.61,desktop,MY,0,0.0
2661,control,28.82,desktop,ID,0,0.0
2662,control,27.42,desktop,SG,0,0.0
2663,treatment,23.48,desktop,MY,0,0.0
2664,treatment,8.34,mobile,PH,0,0.0
2665,control,36.09,desktop,SG,0,0.0
2666,control,15.58,mobile,ID,0,0.0
2667,treatment,21.33,desktop,SG,0,0.0
2668,control,45.86,mobile,MY,0,0.0
2669,control,23.9,desktop,ID,0,0.0
2670,treatment,22.5,mobile,SG,0,0.0
2671,control,27.76,mobile,SG,0,0.0
2672,treatment,19.24,desktop,MY,0,0.0
2673,treatment,86.94,mobile,MY,0,0.0
2674,control,79.18,mobile,VN,0,0.0
2675,control,77.82,desktop,ID,0,0.0
2676,treatment,31.43,mobile,PH,1,21.64
2677,control,14.76,mobile,VN,0,0.0
2678,control,46.71,desktop,SG,0,0.0
2679,treatment,19.36,mobile,PH,0,0.0
2680,control,49.56,mobile,VN,1,36.59
2681,treatment,14.18,desktop,MY,0,0.0
2682,treatment,33.09,desktop,ID,1,11.02
2683,treatment,54.41,mobile,MY,1,34.06
2684,control,20.23,mobile,SG,0,0.0
2685,treatment,20.17,mobile,SG,0,0.0
2686,treatment,6.33,mobile,SG,0,0.0
2687,control,14.55,mobile,MY,0,0.0
2688,treatment,30.99,desktop,ID,0,0.0
2689,treatment,34.46,mobile,SG,0,0.0
2690,control,38.12,mobile,SG,0,0.0
2691,control,4.04,desktop,SG,0,0.0
2692,treatment,19.43,mobile,VN,0,0.0
2693,control,7.13,desktop,PH,0,0.0
2694,treatment,29.86,desktop,SG,0,0.0
2695,control,5.15,mobile,PH,0,0.0
2696,control,9.32,mobile,PH,0,0.0
2697,control,43.27,mobile,PH,0,0.0
2698,control,16.0,mobile,PH,0,0.0
2699,treatment,61.7,mobile,MY,1,24.52
2700,control,38.83,mobile,SG,0,0.0
2701,treatment,20.32,mobile,PH,0,0.0
2702,control,48.07,desktop,PH,0,0.0
2703,treatment,21.7,mobile,SG,0,0.0
2704,treatment,41.57,mobile,ID,1,3.64
2705,control,13.95,mobile,ID,0,0.0
2706,treatment,49.99,mobile,MY,0,0.0
2707,control,5.7,desktop,ID,0,0.0
2708,treatment,9.31,desktop,SG,0,0.0
2709,control,10.87,mobile,MY,0,0.0
2710,control,15.24,mobile,SG,0,0.0
2711,control,31.8,mobile,SG,0,0.0
2712,control,24.89,desktop,ID,1,17.22
2713,treatment,41.91,mobile,MY,0,0.0
2714,treatment,54.92,desktop,MY,0,0.0
2715,treatment,5.04,mobile,SG,0,0.0
2716,treatment,59.43,mobile,ID,0,0.0
2717,treatment,21.33,mobile,SG,1,38.14
2718,treatment,76.82,mobile,SG,1,21.28
2719,treatment,13.42,mobile,PH,0,0.0
2720,treatment,3.53,mobile,ID,0,0.0
2721,control,39.14,mobile,ID,0,0.0
2722,treatment,37.44,desktop,ID,0,0.0
2723,control,9.55,mobile,MY,0,0.0
2724,control,10.47,desktop,SG,0,0.0
2725,control,44.1,mobile,MY,0,0.0
2726,treatment,32.91,mobile,PH,0,0.0
2727,treatment,19.68,mobile,ID,0,0.0
2728,control,35.34,desktop,PH,0,0.0
2729,treatment,30.58,desktop,VN,0,0.0
2730,treatment,11.52,desktop,SG,0,0.0
2731,treatment,46.4,mobile,VN,0,0.0
2732,control,40.36,mobile,ID,0,0.0
2733,control,25.32,desktop,ID,0,0.0
2734,treatment,44.12,desktop,ID,0,0.0
2735,control,83.17,mobile,MY,1,8.34
2736,control,10.36,desktop,SG,0,0.0
2737,control,20.39,mobile,SG,0,0.0
2738,treatment,21.19,mobile,MY,0,0.0
2739,control,43.46,mobile,SG,0,0.0
2740,treatment,15.08,mobile,SG,0,0.0
2741,treatment,41.78,mobile,SG,0,0.0
2742,treatment,16.62,desktop,VN,0,0.0
2743,control,9.27,desktop,SG,0,0.0
2744,control,26.46,mobile,VN,0,0.0
2745,treatment,16.32,mobile,ID,0,0.0
2746,treatment,28.46,mobile,SG,1,18.9
2747,control,33.63,mobile,SG,0,0.0
2748,control,5.46,desktop,SG,1,40.92
2749,treatment,17.91,mobile,MY,1,18.76
2750,treatment,26.48,mobile,SG,0,0.0
2751,control,44.25,desktop,PH,0,0.0
2752,control,40.57,mobile,MY,0,0.0
2753,control,12.41,mobile,ID,0,0.0
2754,control,22.02,desktop,ID,0,0.0
2755,control,34.89,mobile,ID,0,0.0
2756,treatment,20.85,mobile,VN,0,0.0
2757,control,13.5,mobile,MY,0,0.0
2758,control,24.17,mobile,MY,0,0.0
2759,control,32.57,desktop,VN,0,0.0
2760,control,11.37,desktop,VN,0,0.0
2761,treatment,37.61,mobile,PH,0,0.0
2762,treatment,27.66,mobile,PH,0,0.0
2763,treatment,38.57,mobile,MY,0,0.0
2764,control,23.76,desktop,ID,0,0.0
2765,control,75.06,desktop,MY,0,0.0
2766,treatment,32.12,mobile,ID,0,0.0
2767,control,41.66,mobile,PH,0,0.0
2768,control,37.5,desktop,MY,1,41.94
2769,treatment,21.8,desktop,ID,0,0.0
2770,control,30.08,mobile,PH,0,0.0
2771,control,15.38,mobile,SG,0,0.0
2772,control,71.51,mobile,ID,0,0.0
2773,control,34.7,mobile,PH,0,0.0
2774,treatment,12.82,mobile,SG,1,31.78
2775,treatment,61.0,mobile,SG,0,0.0
2776,control,22.67,desktop,SG,0,0.0
2777,control,45.76,desktop,SG,1,21.67
2778,control,5.3,mobile,MY,0,0.0
2779,treatment,53.72,mobile,ID,0,0.0
2780,treatment,33.7,mobile,MY,0,0.0
2781,control,11.94,mobile,ID,1,10.1
2782,treatment,33.28,desktop,SG,0,0.0
2783,treatment,66.83,mobile,PH,0,0.0
2784,treatment,15.76,desktop,MY,0,0.0
2785,treatment,15.59,desktop,ID,0,0.0
2786,control,21.54,desktop,SG,0,0.0
2787,control,26.3,mobile,PH,0,0.0
2788,control,47.82,mobile,ID,1,10.2
2789,control,35.04,desktop,VN,0,0.0
2790,control,21.53,desktop,MY,1,6.82
2791,treatment,31.02,desktop,PH,0,0.0
2792,treatment,74.08,mobile,MY,0,0.0
2793,treatment,39.37,mobile,SG,0,0.0
2794,treatment,23.34,mobile,ID,0,0.0
2795,control,21.04,mobile,SG,0,0.0
2796,control,29.71,mobile,PH,0,0.0
2797,control,47.42,desktop,MY,0,0.0
2798,treatment,13.97,desktop,PH,0,0.0
2799,treatment,43.1,mobile,MY,0,0.0
2800,treatment,22.98,mobile,ID,0,0.0
2801,treatment,25.62,mobile,ID,0,0.0
2802,control,113.23,mobile,ID,0,0.0
2803,control,40.15,desktop,ID,0,0.0
2804,control,16.74,desktop,ID,0,0.0
2805,treatment,33.63,mobile,ID,0,0.0
2806,control,49.04,desktop,PH,1,41.06
2807,control,40.46,mobile,MY,0,0.0
2808,treatment,2.85,desktop,SG,0,0.0
2809,control,24.83,desktop,ID,0,0.0
2810,control,34.67,mobile,ID,0,0.0
2811,control,32.73,desktop,VN,0,0.0
2812,control,17.85,mobile,VN,0,0.0
2813,treatment,40.93,mobile,PH,0,0.0
2814,treatment,53.87,mobile,ID,0,0.0
2815,control,5.64,mobile,PH,0,0.0
2816,treatment,5.1,mobile,MY,0,0.0
2817,control,33.42,mobile,SG,0,0.0
2818,treatment,43.27,mobile,PH,0,0.0
2819,control,15.82,desktop,PH,0,0.0
2820,control,3.06,mobile,SG,0,0.0
2821,control,25.14,mobile,PH,0,0.0
2822,treatment,33.08,mobile,PH,0,0.0
2823,control,20.22,mobile,MY,1,32.8
2824,control,49.86,desktop,SG,0,0.0
2825,control,31.67,mobile,PH,1,5.99
2826,treatment,14.45,mobile,SG,0,0.0
2827,control,15.72,mobile,SG,0,0.0
2828,treatment,25.55,mobile,ID,0,0.0
2829,control,19.17,mobile,PH,0,0.0
2830,control,4.75,mobile,PH,0,0.0
2831,control,29.76,mobile,ID,0,0.0
2832,control,16.06,desktop,PH,0,0.0
2833,control,18.34,mobile,ID,0,0.0
2834,control,10.27,mobile,ID,0,0.0
2835,control,67.97,mobile,SG,0,0.0
2836,control,38.53,mobile,MY,0,0.0
2837,treatment,79.04,desktop,MY,0,0.0
2838,control,20.14,mobile,SG,0,0.0
2839,control,40.05,mobile,MY,0,0.0
2840,treatment,30.13,mobile,SG,0,0.0
2841,treatment,14.93,mobile,SG,0,0.0
2842,treatment,19.98,mobile,ID,0,0.0
2843,control,38.48,mobile,SG,0,0.0
2844,treatment,10.26,mobile,SG,0,0.0
2845,control,50.19,mobile,PH,1,31.31
2846,control,28.37,mobile,PH,0,0.0
2847,control,45.83,mobile,ID,0,0.0
2848,treatment,33.17,mobile,SG,0,0.0
2849,control,5.69,desktop,ID,0,0.0
2850,control,24.85,mobile,ID,0,0.0
2851,control,50.92,mobile,SG,0,0.0
2852,control,28.07,mobile,SG,0,0.0
2853,control,25.33,mobile,MY,0,0.0
2854,control,28.05,desktop,MY,1,26.73
2855,treatment,4.35,mobile,SG,0,0.0
2856,control,54.45,mobile,SG,0,0.0
2857,treatment,2.17,mobile,MY,0,0.0
2858,control,62.05,desktop,ID,0,0.0
2859,control,19.04,desktop,ID,0,0.0
2860,control,34.82,mobile,VN,0,0.0
2861,control,3.94,mobile,SG,0,0.0
2862,control,42.95,mobile,PH,0,0.0
2863,control,38.09,desktop,MY,0,0.0
2864,control,36.5,desktop,PH,1,19.15
2865,treatment,3.73,mobile,ID,0,0.0
2866,treatment,13.28,mobile,ID,0,0.0
2867,control,33.29,mobile,ID,0,0.0
2868,control,53.47,mobile,ID,0,0.0
2869,control,11.63,desktop,ID,0,0.0
2870,treatment,11.91,desktop,SG,0,0.0
2871,control,31.76,mobile,MY,0,0.0
2872,control,106.8,desktop,PH,0,0.0
2873,treatment,15.15,desktop,ID,0,0.0
2874,treatment,18.86,mobile,SG,0,0.0
2875,control,16.7,mobile,VN,0,0.0
2876,treatment,23.02,desktop,VN,0,0.0
2877,control,56.31,mobile,ID,0,0.0
2878,control,23.96,desktop,ID,0,0.0
2879,treatment,113.42,mobile,SG,1,15.25
2880,treatment,27.33,desktop,ID,0,0.0
2881,control,59.93,mobile,VN,0,0.0
2882,control,19.99,mobile,SG,0,0.0
2883,control,8.37,desktop,MY,0,0.0
2884,treatment,23.93,mobile,PH,0,0.0
2885,control,36.88,mobile,MY,0,0.0
2886,treatment,13.39,mobile,VN,0,0.0
2887,treatment,53.78,mobile,MY,0,0.0
2888,treatment,17.37,mobile,SG,0,0.0
2889,treatment,10.28,mobile,VN,0,0.0
2890,control,99.89,mobile,SG,1,19.03
2891,control,12.79,mobile,ID,0,0.0
2892,control,16.96,mobile,SG,0,0.0
2893,treatment,41.18,desktop,ID,1,11.29
2894,treatment,19.45,mobile,SG,0,0.0
2895,control,10.62,desktop,PH,0,0.0
2896,control,15.61,mobile,VN,0,0.0
2897,control,82.46,mobile,SG,0,0.0
2898,control,37.8,mobile,MY,0,0.0
2899,treatment,43.1,mobile,ID,0,0.0
2900,treatment,30.66,mobile,VN,0,0.0
2901,treatment,34.49,desktop,MY,0,0.0
2902,control,18.3,mobile,VN,0,0.0
2903,treatment,27.94,mobile,PH,0,0.0
2904,control,3.35,desktop,ID,0,0.0
2905,treatment,48.74,mobile,MY,0,0.0
2906,treatment,18.16,desktop,ID,0,0.0
2907,treatment,9.08,mobile,ID,0,0.0
2908,control,29.13,mobile,ID,0,0.0
2909,control,21.76,mobile,SG,0,0.0
2910,treatment,47.57,mobile,ID,0,0.0
2911,treatment,24.33,mobile,PH,0,0.0
2912,treatment,15.33,desktop,MY,0,0.0
2913,control,24.78,mobile,ID,0,0.0
2914,control,64.5,desktop,MY,0,0.0
2915,control,48.64,mobile,SG,0,0.0
2916,treatment,37.73,mobile,SG,0,0.0
2917,control,50.08,mobile,MY,1,31.61
2918,control,39.78,desktop,ID,0,0.0
2919,control,11.99,mobile,PH,1,40.24
2920,control,43.34,desktop,SG,0,0.0
2921,control,54.11,mobile,MY,0,0.0
2922,treatment,56.15,desktop,PH,0,0.0
2923,treatment,9.82,desktop,SG,1,26.14
2924,control,17.0,desktop,VN,1,69.34
2925,treatment,14.98,mobile,ID,0,0.0
2926,treatment,19.84,mobile,VN,0,0.0
2927,treatment,35.03,desktop,ID,0,0.0
2928,treatment,28.59,mobile,VN,1,47.81
2929,treatment,28.6,mobile,ID,1,15.46
2930,control,7.51,desktop,SG,0,0.0
2931,control,16.48,desktop,PH,0,0.0
2932,control,58.92,mobile,SG,0,0.0
2933,control,53.95,desktop,ID,0,0.0
2934,treatment,24.03,mobile,MY,0,0.0
2935,treatment,43.42,mobile,PH,0,0.0
2936,treatment,32.83,mobile,PH,0,0.0
2937,treatment,46.71,desktop,PH,0,0.0
2938,treatment,44.73,desktop,SG,1,10.53
2939,treatment,25.5,desktop,VN,0,0.0
2940,control,37.9,mobile,PH,0,0.0
2941,treatment,34.38,desktop,MY,0,0.0
2942,treatment,26.01,mobile,SG,0,0.0
2943,control,21.99,mobile,MY,1,3.27
2944,control,75.21,desktop,SG,0,0.0
2945,treatment,26.03,desktop,ID,1,21.04
2946,control,41.6,desktop,SG,0,0.0
2947,treatment,71.5,mobile,MY,0,0.0
2948,treatment,37.85,mobile,ID,0,0.0
2949,control,36.68,mobile,MY,0,0.0
2950,control,26.15,desktop,PH,0,0.0
2951,treatment,34.81,mobile,SG,0,0.0
2952,control,20.59,desktop,ID,0,0.0
2953,treatment,122.79,mobile,VN,0,0.0
2954,treatment,7.68,mobile,MY,0,0.0
2955,treatment,23.05,desktop,MY,0,0.0
2956,control,38.29,desktop,VN,0,0.0
2957,treatment,36.71,mobile,MY,0,0.0
2958,treatment,20.56,mobile,PH,0,0.0
2959,treatment,5.16,mobile,VN,0,0.0
2960,control,8.96,mobile,SG,0,0.0
2961,control,30.06,desktop,PH,0,0.0
2962,treatment,3.62,mobile,ID,0,0.0
2963,control,40.17,mobile,VN,0,0.0
2964,treatment,57.0,desktop,ID,0,0.0
2965,treatment,45.15,desktop,PH,0,0.0
2966,treatment,51.31,mobile,MY,0,0.0
2967,control,3.79,desktop,ID,0,0.0
2968,treatment,21.21,mobile,PH,0,0.0
2969,treatment,11.18,mobile,VN,0,0.0
2970,treatment,6.13,desktop,SG,0,0.0
2971,control,17.88,mobile,SG,0,0.0
2972,control,70.35,desktop,VN,0,0.0
2973,treatment,83.12,mobile,ID,1,22.99
2974,treatment,12.51,desktop,SG,0,0.0
2975,treatment,27.42,mobile,ID,0,0.0
2976,control,34.47,mobile,VN,0,0.0
2977,control,21.33,desktop,VN,0,0.0
2978,control,59.73,desktop,MY,0,0.0
2979,treatment,18.1,desktop,PH,0,0.0
2980,treatment,15.74,mobile,MY,1,26.74
2981,control,13.1,mobile,MY,0,0.0
2982,control,21.21,mobile,PH,0,0.0
2983,control,1.17,mobile,SG,0,0.0
2984,control,22.0,mobile,MY,0,0.0
2985,control,28.67,desktop,SG,0,0.0
2986,treatment,30.01,mobile,SG,0,0.0
2987,control,10.57,mobile,MY,0,0.0
2988,control,29.59,desktop,VN,0,0.0
2989,treatment,29.14,desktop,MY,1,65.84
2990,treatment,29.62,mobile,ID,0,0.0
2991,treatment,45.74,desktop,SG,0,0.0
2992,control,10.17,desktop,PH,0,0.0
2993,control,21.52,mobile,ID,0,0.0
2994,control,4.79,desktop,VN,0,0.0
2995,control,42.89,desktop,MY,0,0.0
2996,treatment,11.68,desktop,ID,0,0.0
2997,treatment,50.59,mobile,SG,0,0.0
2998,control,51.8,mobile,SG,0,0.0
2999,treatment,23.19,desktop,ID,0,0.0
3000,treatment,22.27,mobile,PH,0,0.0
3001,treatment,7.02,mobile,SG,0,0.0
3002,control,26.76,mobile,ID,1,30.42
3003,treatment,45.47,desktop,ID,0,0.0
3004,control,32.33,mobile,MY,0,0.0
3005,control,64.54,desktop,PH,0,0.0
3006,control,19.6,mobile,ID,0,0.0
3007,treatment,19.58,desktop,VN,1,18.47
3008,treatment,12.4,mobile,PH,0,0.0
3009,control,93.24,desktop,PH,0,0.0
3010,control,6.96,desktop,MY,0,0.0
3011,treatment,43.25,mobile,PH,0,0.0
3012,treatment,46.11,mobile,VN,0,0.0
3013,treatment,44.78,desktop,SG,0,0.0
3014,treatment,13.33,desktop,ID,0,0.0
3015,treatment,23.18,mobile,PH,0,0.0
3016,control,39.06,mobile,MY,0,0.0
3017,control,15.98,desktop,ID,0,0.0
3018,treatment,20.74,desktop,ID,0,0.0
3019,control,16.21,mobile,PH,0,0.0
3020,control,28.13,mobile,SG,0,0.0
3021,treatment,26.78,mobile,MY,0,0.0
3022,control,72.22,desktop,MY,0,0.0
3023,treatment,39.66,desktop,SG,0,0.0
3024,control,8.66,mobile,SG,1,26.65
3025,treatment,9.34,mobile,ID,0,0.0
3026,control,43.78,mobile,PH,0,0.0
3027,treatment,26.57,mobile,VN,0,0.0
3028,control,89.67,desktop,VN,0,0.0
3029,control,89.5,desktop,VN,0,0.0
3030,control,12.34,mobile,SG,0,0.0
3031,control,32.69,mobile,MY,0,0.0
3032,treatment,9.45,mobile,SG,0,0.0
3033,control,43.28,desktop,ID,0,0.0
3034,treatment,79.07,mobile,VN,0,0.0
3035,control,29.48,mobile,SG,0,0.0
3036,treatment,19.06,desktop,ID,0,0.0
3037,treatment,35.12,mobile,ID,0,0.0
3038,control,49.52,desktop,SG,0,0.0
3039,control,49.75,mobile,PH,0,0.0
3040,control,19.23,mobile,MY,0,0.0
3041,control,15.65,desktop,MY,0,0.0
3042,control,31.44,desktop,VN,0,0.0
3043,treatment,20.26,desktop,SG,0,0.0
3044,control,59.74,mobile,MY,0,0.0
3045,treatment,20.07,mobile,PH,0,0.0
3046,treatment,27.93,mobile,MY,0,0.0
3047,control,34.5,mobile,ID,0,0.0
3048,treatment,7.21,mobile,MY,0,0.0
3049,treatment,16.76,mobile,SG,0,0.0
3050,control,87.1,mobile,SG,0,0.0
3051,treatment,48.11,mobile,PH,0,0.0
3052,treatment,19.86,mobile,SG,0,0.0
3053,treatment,43.4,mobile,VN,0,0.0
3054,treatment,59.09,desktop,SG,0,0.0
3055,control,22.35,desktop,PH,0,0.0
3056,control,46.55,mobile,VN,1,57.51
3057,treatment,42.13,mobile,SG,0,0.0
3058,control,9.59,desktop,ID,0,0.0
3059,treatment,22.45,mobile,PH,0,0.0
3060,control,73.47,desktop,ID,0,0.0
3061,control,85.49,mobile,PH,0,0.0
3062,treatment,48.38,mobile,SG,1,6.96
3063,treatment,16.3,mobile,VN,1,23.72
3064,treatment,2.56,desktop,ID,0,0.0
3065,treatment,14.52,mobile,MY,0,0.0
3066,control,8.4,mobile,ID,0,0.0
3067,treatment,77.06,mobile,MY,0,0.0
3068,control,4.66,mobile,MY,0,0.0
3069,treatment,9.84,desktop,SG,0,0.0
3070,treatment,30.97,mobile,PH,0,0.0
3071,treatment,26.43,mobile,MY,1,13.44
3072,control,71.1,mobile,MY,1,6.5
3073,treatment,40.34,mobile,VN,0,0.0
3074,control,23.73,desktop,VN,0,0.0
3075,treatment,60.48,desktop,PH,1,31.18
3076,treatment,19.41,mobile,SG,1,5.26
3077,treatment,74.93,mobile,VN,0,0.0
3078,treatment,12.88,desktop,SG,0,0.0
3079,treatment,25.71,mobile,MY,0,0.0
3080,control,3.1,mobile,VN,0,0.0
3081,treatment,50.09,mobile,SG,0,0.0
3082,treatment,29.71,mobile,SG,1,49.18
3083,treatment,75.06,mobile,ID,0,0.0
3084,treatment,21.82,mobile,MY,1,13.08
3085,control,7.11,desktop,MY,0,0.0
3086,control,36.79,mobile,PH,0,0.0
3087,treatment,17.17,desktop,PH,0,0.0
3088,control,45.29,mobile,VN,0,0.0
3089,treatment,13.12,desktop,SG,1,42.2
3090,treatment,66.39,mobile,ID,0,0.0
3091,treatment,27.92,mobile,PH,0,0.0
3092,treatment,23.8,mobile,SG,1,43.15
3093,treatment,63.48,mobile,MY,0,0.0
3094,control,50.6,mobile,SG,0,0.0
3095,control,14.74,mobile,SG,0,0.0
3096,treatment,49.61,mobile,SG,0,0.0
3097,treatment,42.83,mobile,ID,0,0.0
3098,treatment,24.84,mobile,ID,0,0.0
3099,control,46.91,mobile,SG,0,0.0
3100,control,66.2,desktop,ID,0,0.0
3101,control,25.4,desktop,SG,0,0.0
3102,control,25.46,desktop,SG,0,0.0
3103,treatment,24.42,desktop,VN,0,0.0
3104,treatment,14.24,mobile,MY,0,0.0
3105,control,25.2,mobile,PH,0,0.0
3106,control,23.12,mobile,MY,0,0.0
3107,control,22.09,mobile,SG,0,0.0
3108,control,21.83,desktop,PH,0,0.0
3109,treatment,9.82,desktop,SG,0,0.0
3110,treatment,54.08,mobile,MY,0,0.0
3111,treatment,16.74,desktop,ID,0,0.0
3112,control,68.68,desktop,ID,0,0.0
3113,control,11.85,mobile,VN,0,0.0
3114,treatment,79.14,mobile,VN,0,0.0
3115,treatment,20.17,desktop,SG,0,0.0
3116,control,50.02,desktop,SG,0,0.0
3117,control,29.49,mobile,ID,1,23.95
3118,treatment,8.59,mobile,SG,0,0.0
3119,treatment,9.03,desktop,ID,0,0.0
3120,control,15.6,desktop,MY,1,45.27
3121,treatment,19.27,mobile,PH,1,33.55
3122,treatment,26.01,desktop,VN,0,0.0
3123,control,34.26,mobile,SG,0,0.0
3124,treatment,23.5,desktop,SG,0,0.0
3125,control,32.95,mobile,VN,0,0.0
3126,control,36.9,desktop,SG,1,33.96
3127,treatment,22.7,desktop,SG,0,0.0
3128,control,42.34,desktop,SG,0,0.0
3129,treatment,49.03,mobile,MY,0,0.0
3130,treatment,37.57,desktop,SG,0,0.0
3131,control,39.09,mobile,MY,0,0.0
3132,control,30.86,mobile,SG,0,0.0
3133,control,57.28,desktop,PH,0,0.0
3134,control,26.47,mobile,SG,0,0.0
3135,treatment,15.84,mobile,PH,1,43.6
3136,control,27.06,mobile,ID,0,0.0
3137,control,8.73,mobile,MY,0,0.0
3138,treatment,7.75,mobile,VN,0,0.0
3139,treatment,49.19,desktop,MY,0,0.0
3140,treatment,69.41,mobile,SG,0,0.0
3141,control,20.67,mobile,ID,0,0.0
3142,treatment,49.51,mobile,SG,0,0.0
3143,control,4.05,mobile,SG,0,0.0
3144,treatment,37.66,mobile,VN,0,0.0
3145,treatment,26.55,mobile,PH,0,0.0
3146,treatment,76.95,desktop,MY,1,24.16
3147,treatment,23.82,desktop,MY,0,0.0
3148,treatment,11.08,mobile,ID,1,44.17
3149,treatment,6.73,mobile,SG,0,0.0
3150,control,27.04,mobile,SG,0,0.0
3151,treatment,30.82,mobile,ID,0,0.0
3152,treatment,22.72,mobile,MY,0,0.0
3153,treatment,50.27,mobile,SG,1,11.06
3154,control,64.51,desktop,ID,0,0.0
3155,treatment,20.49,mobile,ID,0,0.0
3156,treatment,4.92,desktop,MY,0,0.0
3157,control,33.09,mobile,VN,0,0.0
3158,control,58.05,mobile,PH,0,0.0
3159,control,20.56,desktop,ID,0,0.0
3160,treatment,39.09,mobile,SG,0,0.0
3161,control,10.36,mobile,ID,0,0.0
3162,control,32.52,mobile,ID,0,0.0
3163,treatment,39.59,desktop,ID,0,0.0
3164,control,33.17,mobile,ID,0,0.0
3165,control,90.34,mobile,SG,0,0.0
3166,control,68.86,mobile,MY,0,0.0
3167,treatment,44.11,mobile,PH,0,0.0
3168,treatment,54.43,mobile,SG,0,0.0
3169,treatment,32.35,mobile,ID,0,0.0
3170,treatment,25.68,mobile,PH,0,0.0
3171,control,18.87,mobile,SG,0,0.0
3172,control,10.16,desktop,VN,1,28.81
3173,treatment,70.97,mobile,PH,0,0.0
3174,control,92.64,mobile,ID,0,0.0
3175,control,27.53,mobile,ID,0,0.0
3176,control,27.88,mobile,PH,1,8.12
3177,treatment,40.75,mobile,SG,0,0.0
3178,control,23.9,mobile,ID,0,0.0
3179,treatment,11.37,desktop,MY,1,36.4
3180,treatment,8.49,mobile,PH,0,0.0
3181,control,90.53,mobile,ID,0,0.0
3182,control,5.71,desktop,PH,0,0.0
3183,control,34.08,mobile,SG,0,0.0
3184,control,6.51,mobile,SG,0,0.0
3185,control,24.81,desktop,PH,0,0.0
3186,treatment,20.41,mobile,MY,0,0.0
3187,treatment,7.62,mobile,ID,0,0.0
3188,control,41.74,mobile,ID,0,0.0
3189,treatment,10.67,mobile,SG,0,0.0
3190,control,6.65,mobile,MY,0,0.0
3191,treatment,44.96,desktop,MY,0,0.0
3192,treatment,20.48,desktop,VN,1,17.26
3193,treatment,14.43,mobile,SG,0,0.0
3194,treatment,46.87,desktop,MY,1,42.79
3195,control,10.18,desktop,VN,0,0.0
3196,treatment,5.07,mobile,PH,1,17.24
3197,treatment,61.68,mobile,ID,1,59.43
3198,treatment,82.4,mobile,ID,0,0.0
3199,treatment,24.31,mobile,PH,0,0.0
3200,control,24.06,desktop,VN,0,0.0
3201,treatment,48.72,desktop,VN,1,52.41
3202,treatment,57.59,desktop,ID,0,0.0
3203,treatment,11.26,mobile,ID,1,13.44
3204,treatment,21.28,mobile,PH,0,0.0
3205,treatment,32.19,mobile,PH,0,0.0
3206,treatment,46.81,mobile,ID,0,0.0
3207,control,43.45,mobile,SG,1,44.38
3208,treatment,38.74,mobile,PH,0,0.0
3209,control,57.49,mobile,MY,0,0.0
3210,treatment,25.65,mobile,SG,0,0.0
3211,control,71.4,mobile,SG,0,0.0
3212,control,17.21,mobile,SG,1,45.23
3213,treatment,43.92,desktop,ID,0,0.0
3214,treatment,19.27,mobile,SG,0,0.0
3215,control,24.58,mobile,ID,0,0.0
3216,treatment,27.58,mobile,VN,0,0.0
3217,control,18.41,mobile,SG,0,0.0
3218,treatment,59.18,mobile,SG,0,0.0
3219,control,20.02,desktop,SG,0,0.0
3220,control,26.54,mobile,PH,0,0.0
3221,control,40.42,mobile,SG,1,10.27
3222,control,116.36,mobile,SG,0,0.0
3223,treatment,41.45,mobile,SG,0,0.0
3224,control,28.31,desktop,SG,0,0.0
3225,treatment,4.18,desktop,ID,0,0.0
3226,treatment,24.09,mobile,ID,0,0.0
3227,control,15.87,mobile,MY,0,0.0
3228,treatment,21.06,mobile,MY,0,0.0
3229,treatment,18.95,mobile,ID,0,0.0
3230,control,40.14,mobile,VN,0,0.0
3231,treatment,23.7,desktop,ID,0,0.0
3232,control,12.88,desktop,PH,0,0.0
3233,control,50.12,mobile,VN,1,10.25
3234,control,9.23,desktop,MY,0,0.0
3235,control,27.36,mobile,SG,0,0.0
3236,control,24.22,mobile,ID,0,0.0
3237,control,34.8,mobile,SG,0,0.0
3238,treatment,57.9,mobile,MY,0,0.0
3239,treatment,127.87,mobile,ID,0,0.0
3240,control,28.29,desktop,ID,0,0.0
3241,control,15.66,mobile,MY,0,0.0
3242,control,14.44,mobile,ID,0,0.0
3243,control,14.38,mobile,SG,0,0.0
3244,treatment,33.89,mobile,SG,0,0.0
3245,treatment,3.17,mobile,MY,0,0.0
3246,control,8.71,mobile,SG,0,0.0
3247,treatment,33.91,mobile,VN,0,0.0
3248,control,51.82,mobile,MY,0,0.0
3249,control,52.03,mobile,PH,0,0.0
3250,treatment,29.28,mobile,VN,1,13.06
3251,treatment,47.37,desktop,MY,1,24.37
3252,treatment,58.58,mobile,MY,0,0.0
3253,treatment,19.79,desktop,PH,1,13.62
3254,control,54.62,desktop,SG,0,0.0
3255,treatment,6.12,mobile,MY,0,0.0
3256,treatment,8.48,desktop,SG,0,0.0
3257,control,20.73,mobile,PH,0,0.0
3258,treatment,5.34,desktop,PH,0,0.0
3259,control,40.6,mobile,ID,0,0.0
3260,treatment,17.51,mobile,MY,0,0.0
3261,treatment,24.42,desktop,ID,1,9.69
3262,control,25.11,desktop,ID,0,0.0
3263,control,20.32,mobile,ID,1,46.11
3264,treatment,14.3,desktop,VN,0,0.0
3265,control,39.24,desktop,SG,0,0.0
3266,treatment,17.21,desktop,SG,0,0.0
3267,control,24.86,desktop,SG,0,0.0
3268,treatment,35.05,desktop,ID,0,0.0
3269,control,58.25,mobile,VN,0,0.0
3270,treatment,55.19,desktop,MY,0,0.0
3271,treatment,18.48,mobile,MY,0,0.0
3272,treatment,13.68,desktop,VN,0,0.0
3273,treatment,66.28,desktop,SG,1,22.41
3274,treatment,17.13,mobile,PH,1,19.84
3275,treatment,38.14,mobile,VN,0,0.0
3276,control,5.03,mobile,PH,0,0.0
3277,control,3.06,mobile,MY,1,3.92
3278,treatment,28.27,mobile,ID,0,0.0
3279,control,22.35,desktop,SG,1,22.23
3280,treatment,45.18,desktop,SG,0,0.0
3281,control,14.45,desktop,SG,0,0.0
3282,control,33.18,mobile,SG,0,0.0
3283,treatment,43.53,desktop,VN,0,0.0
3284,treatment,14.94,desktop,ID,0,0.0
3285,control,20.71,desktop,MY,0,0.0
3286,treatment,10.12,mobile,ID,1,20.34
3287,treatment,46.3,desktop,ID,0,0.0
3288,control,39.6,mobile,SG,0,0.0
3289,treatment,41.69,mobile,SG,0,0.0
3290,treatment,22.28,mobile,ID,0,0.0
3291,control,39.13,desktop,PH,0,0.0
3292,treatment,23.84,mobile,SG,1,17.06
3293,treatment,73.83,desktop,PH,1,23.51
3294,treatment,26.61,desktop,ID,0,0.0
3295,control,53.06,mobile,MY,0,0.0
3296,control,22.38,mobile,SG,0,0.0
3297,control,63.77,mobile,ID,0,0.0
3298,treatment,13.65,mobile,MY,1,6.58
3299,treatment,36.23,desktop,SG,0,0.0
3300,treatment,16.01,mobile,PH,0,0.0
3301,control,32.16,mobile,MY,0,0.0
3302,treatment,17.2,mobile,SG,0,0.0
3303,treatment,26.53,mobile,MY,0,0.0
3304,treatment,19.27,mobile,SG,0,0.0
3305,treatment,42.46,mobile,VN,0,0.0
3306,treatment,37.3,mobile,SG,0,0.0
3307,control,15.55,mobile,ID,0,0.0
3308,treatment,15.18,desktop,ID,0,0.0
3309,treatment,12.66,mobile,SG,0,0.0
3310,control,10.58,mobile,MY,0,0.0
3311,treatment,44.46,mobile,ID,0,0.0
3312,treatment,12.04,desktop,PH,0,0.0
3313,treatment,34.12,mobile,ID,0,0.0
3314,treatment,17.98,mobile,SG,0,0.0
3315,treatment,52.02,mobile,MY,0,0.0
3316,control,85.71,mobile,MY,0,0.0
3317,control,0.68,desktop,MY,0,0.0
3318,control,13.5,desktop,VN,0,0.0
3319,treatment,17.74,mobile,SG,0,0.0
3320,control,22.88,desktop,MY,0,0.0
3321,treatment,21.81,mobile,MY,0,0.0
3322,treatment,8.37,mobile,SG,1,41.31
3323,control,86.85,mobile,MY,1,16.47
3324,control,22.43,mobile,SG,0,0.0
3325,treatment,37.19,desktop,PH,0,0.0
3326,control,38.0,mobile,SG,1,28.83
3327,control,6.63,mobile,ID,0,0.0
3328,control,20.16,desktop,ID,0,0.0
3329,control,44.46,mobile,MY,0,0.0
3330,control,66.5,mobile,MY,0,0.0
3331,control,20.49,mobile,ID,1,99.4
3332,control,7.93,desktop,PH,0,0.0
3333,control,16.54,desktop,MY,1,29.64
3334,treatment,19.81,mobile,MY,0,0.0
3335,control,19.22,mobile,ID,0,0.0
3336,control,12.67,mobile,MY,1,24.74
3337,treatment,7.12,desktop,ID,0,0.0
3338,treatment,10.03,mobile,SG,0,0.0
3339,treatment,16.66,mobile,MY,0,0.0
3340,treatment,43.95,mobile,VN,0,0.0
3341,control,55.87,mobile,ID,0,0.0
3342,treatment,28.74,mobile,MY,0,0.0
3343,treatment,10.3,desktop,PH,1,23.68
3344,control,17.45,desktop,MY,0,0.0
3345,control,3.25,mobile,MY,0,0.0
3346,control,67.35,desktop,SG,0,0.0
3347,treatment,15.29,mobile,SG,0,0.0
3348,control,35.0,desktop,SG,0,0.0
3349,treatment,53.25,desktop,ID,0,0.0
3350,treatment,79.87,mobile,MY,0,0.0
3351,treatment,47.33,mobile,VN,0,0.0
3352,control,19.12,mobile,SG,0,0.0
3353,control,38.4,mobile,SG,1,33.72
3354,control,77.95,mobile,ID,0,0.0
3355,treatment,15.17,mobile,SG,0,0.0
3356,treatment,6.76,mobile,ID,0,0.0
3357,treatment,12.76,desktop,SG,0,0.0
3358,control,36.61,desktop,SG,0,0.0
3359,treatment,19.52,mobile,ID,1,20.59
3360,control,24.7,mobile,ID,1,73.35
3361,treatment,41.05,desktop,SG,0,0.0
3362,control,12.51,mobile,SG,0,0.0
3363,treatment,23.78,desktop,SG,0,0.0
3364,treatment,17.2,mobile,SG,0,0.0
3365,treatment,75.9,mobile,VN,0,0.0
3366,control,46.32,mobile,ID,0,0.0
3367,treatment,19.62,mobile,SG,0,0.0
3368,control,18.76,mobile,MY,0,0.0
3369,control,81.61,desktop,SG,0,0.0
3370,control,77.26,mobile,SG,0,0.0
3371,control,36.44,mobile,VN,1,12.41
3372,control,25.58,mobile,SG,0,0.0
3373,treatment,8.52,mobile,PH,0,0.0
3374,treatment,12.86,mobile,PH,0,0.0
3375,control,7.9,mobile,ID,0,0.0
3376,control,54.7,mobile,MY,0,0.0
3377,control,8.65,desktop,SG,0,0.0
3378,treatment,18.56,desktop,PH,0,0.0
3379,treatment,4.05,mobile,PH,1,5.64
3380,treatment,6.09,desktop,ID,0,0.0
3381,treatment,42.36,desktop,SG,0,0.0
3382,treatment,32.54,mobile,SG,0,0.0
3383,control,26.28,mobile,SG,0,0.0
3384,control,18.84,mobile,SG,0,0.0
3385,treatment,5.29,mobile,ID,0,0.0
3386,control,16.85,mobile,PH,0,0.0
3387,control,22.69,mobile,ID,0,0.0
3388,treatment,40.38,mobile,ID,0,0.0
3389,treatment,52.67,mobile,ID,0,0.0
3390,control,43.29,mobile,ID,0,0.0
3391,treatment,32.4,mobile,MY,0,0.0
3392,control,25.98,mobile,PH,0,0.0
3393,control,30.11,mobile,MY,0,0.0
3394,control,15.93,mobile,VN,0,0.0
3395,treatment,27.69,mobile,SG,0,0.0
3396,control,22.59,desktop,ID,0,0.0
3397,treatment,103.49,mobile,ID,0,0.0
3398,control,30.67,desktop,MY,1,14.33
3399,control,2.92,desktop,MY,0,0.0
3400,control,18.04,mobile,SG,0,0.0
3401,treatment,20.69,mobile,PH,0,0.0
3402,treatment,47.4,mobile,MY,0,0.0
3403,control,33.56,mobile,MY,1,35.54
3404,treatment,32.35,desktop,PH,0,0.0
3405,control,62.49,desktop,ID,1,41.99
3406,control,77.5,mobile,PH,0,0.0
3407,control,42.32,mobile,SG,0,0.0
3408,control,19.18,desktop,SG,0,0.0
3409,treatment,19.64,mobile,SG,0,0.0
3410,treatment,57.19,mobile,PH,0,0.0
3411,treatment,19.59,desktop,PH,0,0.0
3412,treatment,24.66,mobile,PH,0,0.0
3413,treatment,17.72,desktop,ID,0,0.0
3414,control,10.13,desktop,SG,1,50.78
3415,control,98.28,mobile,MY,0,0.0
3416,control,24.79,mobile,ID,0,0.0
3417,control,68.5,mobile,SG,0,0.0
3418,control,19.81,desktop,ID,0,0.0
3419,control,15.29,mobile,PH,0,0.0
3420,treatment,39.85,mobile,MY,0,0.0
3421,control,52.51,desktop,ID,0,0.0
3422,treatment,54.82,mobile,MY,1,19.34
3423,control,22.45,mobile,SG,0,0.0
3424,control,42.79,desktop,SG,0,0.0
3425,control,16.71,mobile,ID,0,0.0
3426,treatment,27.42,mobile,ID,0,0.0
3427,treatment,20.79,mobile,MY,1,41.12
3428,treatment,18.37,mobile,SG,0,0.0
3429,treatment,28.28,mobile,SG,0,0.0
3430,control,9.88,mobile,ID,0,0.0
3431,treatment,49.61,desktop,MY,0,0.0
3432,treatment,18.43,mobile,ID,0,0.0
3433,treatment,48.02,mobile,SG,0,0.0
3434,control,11.89,desktop,PH,0,0.0
3435,treatment,18.37,mobile,MY,1,24.6
3436,treatment,9.85,desktop,SG,0,0.0
3437,control,9.51,mobile,ID,0,0.0
3438,control,13.32,mobile,ID,0,0.0
3439,control,12.05,mobile,VN,0,0.0
3440,treatment,9.93,mobile,VN,0,0.0
3441,treatment,26.04,desktop,MY,0,0.0
3442,treatment,39.3,desktop,ID,0,0.0
3443,control,40.75,mobile,ID,0,0.0
3444,control,4.86,mobile,ID,0,0.0
3445,control,20.69,mobile,SG,0,0.0
3446,treatment,19.09,mobile,ID,0,0.0
3447,control,63.23,mobile,VN,0,0.0
3448,treatment,21.32,mobile,SG,0,0.0
3449,control,24.42,mobile,MY,0,0.0
3450,control,6.92,mobile,SG,0,0.0
3451,control,13.02,desktop,MY,0,0.0
3452,control,6.5,mobile,MY,0,0.0
3453,treatment,27.31,mobile,MY,1,45.0
3454,treatment,64.58,mobile,MY,0,0.0
3455,treatment,13.41,desktop,PH,1,26.15
3456,control,21.45,desktop,SG,1,41.24
3457,treatment,12.12,mobile,PH,0,0.0
3458,control,15.63,desktop,PH,0,0.0
3459,control,27.73,desktop,ID,0,0.0
3460,treatment,85.21,mobile,MY,0,0.0
3461,control,62.47,mobile,VN,0,0.0
3462,treatment,74.88,desktop,MY,0,0.0
3463,treatment,48.31,mobile,SG,0,0.0
3464,treatment,21.23,mobile,SG,0,0.0
3465,control,19.01,mobile,PH,0,0.0
3466,control,13.48,mobile,SG,0,0.0
3467,treatment,20.97,desktop,MY,0,0.0
3468,control,65.19,desktop,ID,0,0.0
3469,treatment,64.7,desktop,ID,0,0.0
3470,treatment,106.09,mobile,ID,0,0.0
3471,control,29.27,desktop,MY,0,0.0
3472,control,8.51,mobile,ID,0,0.0
3473,control,37.5,desktop,SG,0,0.0
3474,control,85.81,mobile,SG,1,34.26
3475,treatment,70.92,mobile,SG,0,0.0
3476,treatment,17.3,desktop,MY,0,0.0
3477,treatment,9.3,desktop,SG,0,0.0
3478,control,9.05,mobile,ID,0,0.0
3479,control,14.23,mobile,SG,0,0.0
3480,control,16.11,mobile,MY,0,0.0
3481,treatment,20.0,desktop,SG,0,0.0
3482,treatment,41.05,mobile,MY,0,0.0
3483,control,19.46,mobile,PH,1,29.65
3484,treatment,26.5,mobile,MY,0,0.0
3485,control,6.04,desktop,ID,0,0.0
3486,treatment,13.5,desktop,MY,0,0.0
3487,treatment,12.97,desktop,SG,0,0.0
3488,treatment,5.02,desktop,MY,0,0.0
3489,treatment,19.08,mobile,MY,0,0.0
3490,treatment,6.09,mobile,ID,1,4.26
3491,control,18.01,mobile,SG,1,12.21
3492,treatment,28.06,mobile,VN,0,0.0
3493,treatment,65.93,desktop,ID,0,0.0
3494,control,12.4,mobile,MY,0,0.0
3495,treatment,27.48,desktop,VN,0,0.0
3496,treatment,15.08,mobile,SG,0,0.0
3497,control,5.74,mobile,PH,0,0.0
3498,control,66.44,desktop,SG,0,0.0
3499,control,29.01,mobile,ID,0,0.0
3500,control,36.15,mobile,SG,0,0.0
3501,treatment,73.7,desktop,PH,0,0.0
3502,treatment,17.94,mobile,MY,0,0.0
3503,control,8.1,mobile,ID,0,0.0
3504,treatment,12.25,mobile,VN,0,0.0
3505,control,7.39,desktop,SG,0,0.0
3506,treatment,54.54,mobile,VN,0,0.0
3507,treatment,87.99,mobile,ID,0,0.0
3508,control,27.83,mobile,PH,0,0.0
3509,control,41.86,mobile,MY,0,0.0
3510,treatment,49.72,desktop,PH,0,0.0
3511,control,76.95,mobile,PH,0,0.0
3512,treatment,85.61,desktop,MY,1,14.2
3513,control,3.8,desktop,ID,0,0.0
3514,control,15.45,mobile,VN,0,0.0
3515,treatment,25.52,desktop,PH,0,0.0
3516,control,13.9,desktop,VN,1,31.05
3517,treatment,20.41,desktop,ID,0,0.0
3518,treatment,34.49,mobile,MY,0,0.0
3519,treatment,33.82,mobile,PH,0,0.0
3520,control,48.61,mobile,ID,0,0.0
3521,treatment,25.96,mobile,SG,0,0.0
3522,treatment,1.74,mobile,SG,0,0.0
3523,control,19.08,mobile,SG,0,0.0
3524,control,32.1,desktop,ID,0,0.0
3525,control,51.0,desktop,PH,0,0.0
3526,control,46.08,mobile,PH,0,0.0
3527,treatment,23.35,desktop,SG,0,0.0
3528,treatment,14.61,mobile,SG,0,0.0
3529,treatment,24.19,mobile,SG,0,0.0
3530,treatment,4.51,desktop,ID,0,0.0
3531,treatment,15.84,mobile,PH,0,0.0
3532,control,57.51,mobile,PH,0,0.0
3533,control,24.14,desktop,SG,0,0.0
3534,treatment,33.1,desktop,PH,0,0.0
3535,control,7.08,desktop,ID,0,0.0
3536,treatment,50.77,mobile,VN,1,33.01
3537,treatment,22.43,mobile,PH,0,0.0
3538,control,32.29,mobile,ID,0,0.0
3539,control,37.52,mobile,PH,0,0.0
3540,control,49.5,desktop,MY,0,0.0
3541,control,28.78,mobile,PH,0,0.0
3542,treatment,22.84,desktop,PH,0,0.0
3543,treatment,8.74,mobile,PH,0,0.0
3544,control,6.43,mobile,SG,1,21.83
3545,treatment,28.35,mobile,PH,0,0.0
3546,treatment,32.44,mobile,SG,0,0.0
3547,control,36.39,mobile,PH,1,50.4
3548,control,12.47,desktop,VN,0,0.0
3549,control,15.96,mobile,SG,0,0.0
3550,treatment,27.98,desktop,ID,0,0.0
3551,treatment,17.67,mobile,ID,0,0.0
3552,treatment,111.79,desktop,PH,0,0.0
3553,treatment,15.68,desktop,SG,0,0.0
3554,treatment,34.07,mobile,VN,0,0.0
3555,control,45.13,desktop,VN,0,0.0
3556,control,47.06,desktop,ID,0,0.0
3557,treatment,17.41,desktop,MY,0,0.0
3558,control,37.65,desktop,ID,0,0.0
3559,treatment,34.4,mobile,SG,0,0.0
3560,control,38.81,mobile,PH,0,0.0
3561,control,27.7,mobile,SG,0,0.0
3562,treatment,45.35,mobile,MY,0,0.0
3563,treatment,30.19,mobile,SG,0,0.0
3564,treatment,7.75,mobile,ID,0,0.0
3565,control,29.53,desktop,ID,0,0.0
3566,control,32.13,mobile,ID,0,0.0
3567,treatment,43.17,mobile,SG,0,0.0
3568,treatment,28.38,desktop,MY,0,0.0
3569,control,78.18,mobile,MY,0,0.0
3570,control,23.47,mobile,ID,0,0.0
3571,treatment,16.68,desktop,SG,0,0.0
3572,treatment,62.59,mobile,ID,0,0.0
3573,control,22.98,mobile,MY,0,0.0
3574,treatment,26.46,desktop,VN,0,0.0
3575,control,32.14,mobile,MY,0,0.0
3576,control,30.21,mobile,SG,0,0.0
3577,control,38.59,desktop,SG,0,0.0
3578,control,41.43,mobile,SG,0,0.0
3579,treatment,15.47,mobile,SG,0,0.0
3580,control,9.46,mobile,PH,0,0.0
3581,control,10.54,mobile,ID,0,0.0
3582,control,58.04,mobile,SG,0,0.0
3583,control,21.53,mobile,PH,0,0.0
3584,control,44.85,mobile,SG,1,33.97
3585,control,42.21,desktop,PH,0,0.0
3586,control,26.45,mobile,SG,0,0.0
3587,treatment,12.31,mobile,MY,1,16.0
3588,control,42.93,desktop,PH,0,0.0
3589,control,25.78,mobile,SG,0,0.0
3590,treatment,8.9,desktop,SG,1,32.87
3591,control,17.79,mobile,PH,0,0.0
3592,control,5.9,desktop,ID,1,28.05
3593,control,18.48,desktop,PH,0,0.0
3594,control,27.49,mobile,ID,0,0.0
3595,control,23.75,mobile,SG,0,0.0
3596,control,21.62,mobile,ID,0,0.0
3597,control,27.28,mobile,PH,0,0.0
3598,control,36.97,mobile,SG,0,0.0
3599,control,47.33,desktop,SG,0,0.0
3600,treatment,51.74,mobile,ID,0,0.0
3601,treatment,14.04,mobile,PH,0,0.0
3602,treatment,55.21,desktop,MY,0,0.0
3603,control,25.81,mobile,ID,0,0.0
3604,treatment,19.8,mobile,SG,0,0.0
3605,treatment,10.83,desktop,MY,0,0.0
3606,control,35.17,desktop,ID,0,0.0
3607,treatment,34.21,desktop,SG,0,0.0
3608,treatment,16.49,mobile,MY,0,0.0
3609,control,16.9,mobile,ID,1,39.02
3610,control,23.09,mobile,MY,0,0.0
3611,control,19.53,desktop,PH,0,0.0
3612,treatment,13.5,desktop,VN,0,0.0
3613,treatment,9.77,desktop,ID,0,0.0
3614,treatment,55.62,mobile,PH,0,0.0
3615,control,17.71,mobile,VN,1,7.18
3616,control,34.08,desktop,ID,0,0.0
3617,treatment,38.93,mobile,PH,0,0.0
3618,treatment,35.29,mobile,SG,0,0.0
3619,treatment,40.41,desktop,PH,0,0.0
3620,treatment,35.01,desktop,SG,0,0.0
3621,treatment,15.23,mobile,SG,0,0.0
3622,treatment,20.41,desktop,ID,0,0.0
3623,treatment,54.62,mobile,SG,0,0.0
3624,treatment,17.3,mobile,SG,0,0.0
3625,treatment,25.84,mobile,ID,1,9.95
3626,treatment,37.08,mobile,SG,0,0.0
3627,treatment,68.25,mobile,PH,1,31.55
3628,treatment,51.38,mobile,VN,0,0.0
3629,treatment,11.88,mobile,ID,0,0.0
3630,control,33.31,mobile,SG,0,0.0
3631,treatment,30.61,mobile,ID,1,7.17
3632,treatment,20.55,desktop,SG,0,0.0
3633,control,26.41,mobile,ID,0,0.0
3634,control,15.1,mobile,SG,0,0.0
3635,control,22.77,mobile,MY,0,0.0
3636,treatment,17.43,mobile,SG,0,0.0
3637,treatment,27.9,mobile,VN,1,11.66
3638,control,19.96,desktop,SG,0,0.0
3639,treatment,71.68,mobile,MY,0,0.0
3640,treatment,28.58,mobile,SG,0,0.0
3641,treatment,24.7,mobile,ID,0,0.0
3642,treatment,21.85,mobile,VN,0,0.0
3643,treatment,20.0,desktop,SG,0,0.0
3644,control,8.9,mobile,SG,0,0.0
3645,control,44.77,desktop,SG,0,0.0
3646,control,62.65,desktop,ID,0,0.0
3647,control,17.22,mobile,ID,1,11.98
3648,treatment,54.43,mobile,PH,0,0.0
3649,treatment,111.07,desktop,PH,0,0.0
3650,control,85.97,desktop,SG,0,0.0
3651,treatment,60.82,mobile,VN,1,14.94
3652,control,9.96,mobile,PH,0,0.0
3653,control,9.86,mobile,ID,0,0.0
3654,control,40.27,mobile,MY,0,0.0
3655,control,26.03,desktop,ID,0,0.0
3656,treatment,3.52,mobile,ID,0,0.0
3657,control,18.83,mobile,MY,0,0.0
3658,control,39.05,mobile,SG,0,0.0
3659,control,23.02,mobile,ID,0,0.0
3660,treatment,26.12,desktop,ID,0,0.0
3661,control,9.84,mobile,SG,0,0.0
3662,treatment,18.64,desktop,VN,0,0.0
3663,treatment,40.39,mobile,SG,0,0.0
3664,treatment,17.93,mobile,SG,1,29.73
3665,control,57.37,mobile,MY,0,0.0
3666,treatment,26.56,mobile,ID,0,0.0
3667,treatment,35.08,desktop,SG,0,0.0
3668,control,39.76,mobile,ID,0,0.0
3669,control,38.67,desktop,MY,0,0.0
3670,control,11.58,mobile,SG,0,0.0
3671,treatment,13.41,desktop,SG,0,0.0
3672,treatment,3.45,mobile,MY,0,0.0
3673,control,20.35,desktop,MY,0,0.0
3674,control,12.57,mobile,SG,0,0.0
3675,control,17.5,mobile,MY,0,0.0
3676,treatment,22.0,desktop,ID,0,0.0
3677,control,29.15,desktop,VN,0,0.0
3678,control,23.29,mobile,ID,1,77.81
3679,treatment,22.96,desktop,SG,0,0.0
3680,control,33.15,mobile,MY,0,0.0
3681,treatment,25.29,desktop,SG,1,17.68
3682,treatment,47.02,mobile,ID,0,0.0
3683,treatment,25.35,desktop,MY,0,0.0
3684,treatment,68.52,mobile,VN,0,0.0
3685,control,11.18,desktop,MY,0,0.0
3686,treatment,20.08,desktop,PH,0,0.0
3687,treatment,15.33,desktop,ID,0,0.0
3688,control,29.96,desktop,MY,0,0.0
3689,treatment,11.18,desktop,SG,0,0.0
3690,treatment,7.15,mobile,SG,0,0.0
3691,treatment,13.08,mobile,PH,0,0.0
3692,control,7.64,mobile,PH,0,0.0
3693,control,22.22,mobile,MY,1,14.64
3694,control,29.08,mobile,MY,0,0.0
3695,treatment,6.15,desktop,SG,0,0.0
3696,treatment,19.12,mobile,MY,0,0.0
3697,control,51.29,mobile,PH,0,0.0
3698,treatment,61.36,mobile,SG,0,0.0
3699,control,42.59,desktop,SG,0,0.0
3700,control,2.06,mobile,ID,0,0.0
3701,control,27.22,mobile,MY,0,0.0
3702,control,55.31,mobile,SG,0,0.0
3703,treatment,17.65,mobile,MY,0,0.0
3704,control,9.04,mobile,ID,0,0.0
3705,treatment,52.58,mobile,VN,0,0.0
3706,control,57.77,desktop,PH,0,0.0
3707,control,25.15,desktop,ID,0,0.0
3708,control,9.12,mobile,PH,0,0.0
3709,treatment,5.39,mobile,ID,0,0.0
3710,treatment,32.14,mobile,MY,0,0.0
3711,control,15.44,desktop,SG,0,0.0
3712,control,24.0,desktop,SG,0,0.0
3713,treatment,22.13,mobile,MY,0,0.0
3714,control,12.5,mobile,VN,0,0.0
3715,treatment,5.09,desktop,ID,0,0.0
3716,control,18.02,mobile,VN,0,0.0
3717,control,28.0,desktop,SG,0,0.0
3718,treatment,28.95,mobile,SG,0,0.0
3719,control,14.64,desktop,VN,0,0.0
3720,control,57.0,mobile,MY,0,0.0
3721,treatment,9.96,desktop,ID,0,0.0
3722,control,48.61,desktop,SG,1,21.14
3723,control,27.35,mobile,PH,0,0.0
3724,control,18.15,desktop,SG,0,0.0
3725,treatment,35.14,mobile,VN,0,0.0
3726,treatment,21.15,mobile,SG,0,0.0
3727,treatment,7.06,mobile,SG,0,0.0
3728,treatment,9.32,mobile,PH,1,19.65
3729,treatment,20.12,mobile,MY,0,0.0
3730,control,16.32,mobile,SG,0,0.0
3731,treatment,47.86,mobile,ID,1,56.44
3732,treatment,15.72,mobile,SG,0,0.0
3733,control,14.95,mobile,SG,0,0.0
3734,treatment,13.41,mobile,SG,0,0.0
3735,control,12.47,desktop,ID,0,0.0
3736,control,12.82,mobile,SG,0,0.0
3737,treatment,8.09,desktop,PH,0,0.0
3738,control,28.19,mobile,PH,0,0.0
3739,control,22.51,mobile,SG,0,0.0
3740,control,21.81,mobile,ID,0,0.0
3741,treatment,5.73,mobile,ID,0,0.0
3742,treatment,33.05,mobile,ID,0,0.0
3743,treatment,35.38,mobile,MY,0,0.0
3744,treatment,66.37,mobile,ID,0,0.0
3745,treatment,34.07,mobile,SG,1,29.68
3746,control,75.24,desktop,MY,1,5.5
3747,control,14.36,mobile,SG,0,0.0
3748,treatment,68.72,mobile,VN,1,12.5
3749,treatment,34.84,mobile,MY,0,0.0
3750,treatment,31.84,mobile,ID,0,0.0
3751,treatment,21.39,desktop,MY,0,0.0
3752,control,18.09,mobile,SG,0,0.0
3753,treatment,15.27,mobile,SG,0,0.0
3754,control,70.26,mobile,SG,0,0.0
3755,control,20.88,desktop,ID,1,65.16
3756,treatment,35.28,mobile,ID,0,0.0
3757,treatment,40.75,desktop,SG,0,0.0
3758,control,40.35,desktop,MY,0,0.0
3759,treatment,28.29,mobile,MY,1,31.49
3760,treatment,67.89,desktop,ID,0,0.0
3761,control,33.37,mobile,MY,0,0.0
3762,control,14.96,mobile,PH,0,0.0
3763,control,18.75,mobile,MY,0,0.0
3764,control,6.06,mobile,MY,0,0.0
3765,control,30.52,mobile,ID,0,0.0
3766,control,37.35,desktop,PH,1,15.86
3767,control,39.59,desktop,MY,0,0.0
3768,control,34.84,desktop,SG,0,0.0
3769,control,21.45,mobile,SG,0,0.0
3770,treatment,24.57,mobile,MY,0,0.0
3771,control,24.62,mobile,ID,0,0.0
3772,control,47.98,desktop,ID,1,14.09
3773,control,3.91,mobile,SG,0,0.0
3774,treatment,17.14,mobile,SG,1,11.06
3775,control,10.5,desktop,ID,0,0.0
3776,treatment,86.13,desktop,ID,0,0.0
3777,control,54.41,mobile,PH,0,0.0
3778,control,17.72,mobile,ID,0,0.0
3779,control,7.32,mobile,SG,0,0.0
3780,treatment,9.35,desktop,ID,0,0.0
3781,treatment,47.54,desktop,MY,0,0.0
3782,control,5.88,desktop,ID,0,0.0
3783,treatment,24.86,mobile,MY,0,0.0
3784,control,42.43,mobile,PH,0,0.0
3785,treatment,8.54,mobile,SG,0,0.0
3786,treatment,24.67,mobile,SG,0,0.0
3787,control,17.95,desktop,SG,0,0.0
3788,treatment,16.15,mobile,PH,0,0.0
3789,treatment,14.03,mobile,ID,0,0.0
3790,control,44.82,mobile,SG,0,0.0
3791,control,62.14,mobile,SG,0,0.0
3792,treatment,20.18,mobile,SG,0,0.0
3793,treatment,31.93,mobile,ID,0,0.0
3794,treatment,25.09,mobile,ID,0,0.0
3795,treatment,4.5,desktop,ID,1,32.17
3796,treatment,19.58,desktop,ID,0,0.0
3797,control,3.59,desktop,PH,0,0.0
3798,treatment,16.78,mobile,MY,0,0.0
3799,control,24.17,desktop,PH,0,0.0
3800,control,40.14,mobile,MY,0,0.0
3801,treatment,29.93,mobile,ID,1,15.12
3802,control,45.61,mobile,ID,0,0.0
3803,treatment,12.2,mobile,VN,0,0.0
3804,treatment,57.04,desktop,MY,0,0.0
3805,treatment,62.18,mobile,ID,0,0.0
3806,control,3.39,mobile,ID,0,0.0
3807,control,5.54,mobile,VN,1,16.23
3808,treatment,23.75,mobile,SG,0,0.0
3809,control,15.8,desktop,ID,0,0.0
3810,control,17.82,mobile,SG,0,0.0
3811,treatment,29.74,mobile,PH,1,13.79
3812,control,46.83,desktop,PH,1,18.83
3813,control,11.66,desktop,ID,0,0.0
3814,control,52.12,mobile,MY,0,0.0
3815,treatment,13.82,mobile,ID,0,0.0
3816,treatment,93.68,desktop,ID,0,0.0
3817,treatment,57.31,mobile,SG,0,0.0
3818,treatment,15.01,mobile,PH,0,0.0
3819,control,7.48,mobile,ID,0,0.0
3820,control,14.73,mobile,SG,0,0.0
3821,control,13.11,desktop,ID,0,0.0
3822,treatment,36.79,desktop,SG,0,0.0
3823,control,3.49,mobile,ID,0,0.0
3824,treatment,5.61,desktop,MY,0,0.0
3825,control,36.07,desktop,ID,1,9.57
3826,control,12.64,mobile,SG,1,24.61
3827,control,16.96,desktop,ID,1,12.91
3828,control,42.3,desktop,ID,1,26.04
3829,control,48.24,mobile,ID,0,0.0
3830,treatment,55.5,mobile,MY,0,0.0
3831,control,39.91,desktop,ID,0,0.0
3832,treatment,20.91,desktop,ID,0,0.0
3833,treatment,19.6,mobile,SG,0,0.0
3834,control,17.87,mobile,SG,0,0.0
3835,control,8.57,desktop,MY,0,0.0
3836,treatment,11.25,mobile,PH,0,0.0
3837,treatment,50.76,desktop,MY,1,22.1
3838,treatment,13.74,desktop,ID,0,0.0
3839,control,8.62,mobile,ID,0,0.0
3840,control,53.6,desktop,MY,0,0.0
3841,treatment,28.45,mobile,SG,0,0.0
3842,control,71.26,mobile,MY,0,0.0
3843,control,66.36,mobile,MY,0,0.0
3844,treatment,9.33,mobile,SG,0,0.0
3845,treatment,22.59,desktop,PH,0,0.0
3846,treatment,10.53,desktop,VN,0,0.0
3847,treatment,10.45,mobile,SG,0,0.0
3848,treatment,17.46,desktop,SG,0,0.0
3849,control,37.53,mobile,ID,0,0.0
3850,control,37.69,mobile,VN,0,0.0
3851,control,34.52,mobile,VN,0,0.0
3852,treatment,20.86,desktop,VN,0,0.0
3853,treatment,39.09,mobile,MY,0,0.0
3854,treatment,8.5,desktop,VN,0,0.0
3855,treatment,28.78,mobile,MY,0,0.0
3856,control,24.74,mobile,SG,0,0.0
3857,control,19.91,mobile,ID,0,0.0
3858,treatment,29.59,mobile,ID,0,0.0
3859,treatment,10.71,desktop,PH,1,10.86
3860,treatment,35.47,mobile,ID,0,0.0
3861,control,24.27,mobile,PH,1,20.75
3862,control,6.16,mobile,MY,0,0.0
3863,control,23.86,desktop,SG,0,0.0
3864,treatment,15.93,mobile,PH,0,0.0
3865,control,51.62,desktop,MY,1,14.91
3866,treatment,9.09,mobile,SG,0,0.0
3867,treatment,9.39,mobile,MY,0,0.0
3868,treatment,32.33,desktop,PH,0,0.0
3869,control,21.5,mobile,VN,0,0.0
3870,control,20.72,mobile,PH,0,0.0
3871,control,94.03,desktop,ID,0,0.0
3872,control,38.43,desktop,PH,0,0.0
3873,control,18.74,mobile,SG,1,7.05
3874,control,5.4,mobile,ID,0,0.0
3875,treatment,17.92,mobile,ID,0,0.0
3876,treatment,8.25,mobile,VN,0,0.0
3877,treatment,11.33,mobile,SG,0,0.0
3878,control,11.66,mobile,VN,0,0.0
3879,treatment,48.89,mobile,ID,0,0.0
3880,control,6.69,desktop,SG,0,0.0
3881,treatment,45.62,mobile,ID,0,0.0
3882,treatment,33.39,mobile,SG,0,0.0
3883,control,33.04,mobile,ID,1,20.0
3884,control,10.93,mobile,MY,0,0.0
3885,control,41.56,mobile,PH,1,8.83
3886,control,9.82,desktop,ID,0,0.0
3887,control,62.83,mobile,PH,0,0.0
3888,control,49.67,desktop,MY,0,0.0
3889,treatment,70.06,mobile,PH,1,28.39
3890,control,24.84,mobile,PH,0,0.0
3891,control,21.49,mobile,ID,0,0.0
3892,treatment,17.53,mobile,SG,0,0.0
3893,treatment,92.73,desktop,VN,0,0.0
3894,control,37.3,desktop,PH,0,0.0
3895,treatment,8.34,mobile,PH,0,0.0
3896,control,58.08,mobile,SG,0,0.0
3897,treatment,20.87,desktop,PH,0,0.0
3898,treatment,1.41,mobile,SG,0,0.0
3899,control,13.07,desktop,ID,0,0.0
3900,control,49.64,mobile,ID,0,0.0
3901,treatment,33.47,mobile,MY,0,0.0
3902,treatment,38.27,mobile,SG,0,0.0
3903,treatment,57.7,mobile,ID,0,0.0
3904,control,4.46,mobile,SG,0,0.0
3905,control,13.2,mobile,ID,0,0.0
3906,treatment,25.26,desktop,SG,0,0.0
3907,control,50.65,mobile,MY,0,0.0
3908,control,9.77,mobile,ID,1,15.01
3909,control,18.65,mobile,VN,0,0.0
3910,control,24.07,mobile,MY,0,0.0
3911,control,12.65,mobile,MY,0,0.0
3912,treatment,23.87,desktop,VN,0,0.0
3913,control,21.41,desktop,VN,0,0.0
3914,control,15.61,desktop,ID,0,0.0
3915,treatment,41.48,desktop,ID,1,49.74
3916,treatment,36.44,mobile,SG,1,46.67
3917,treatment,42.77,mobile,ID,0,0.0
3918,treatment,45.39,mobile,PH,0,0.0
3919,control,5.93,desktop,VN,0,0.0
3920,treatment,6.63,mobile,SG,0,0.0
3921,treatment,39.07,desktop,SG,1,25.15
3922,control,16.81,desktop,PH,1,37.5
3923,treatment,15.13,mobile,PH,0,0.0
3924,treatment,13.29,mobile,ID,0,0.0
3925,treatment,43.8,mobile,SG,0,0.0
3926,treatment,88.91,mobile,ID,0,0.0
3927,treatment,45.22,mobile,MY,0,0.0
3928,control,16.2,mobile,MY,0,0.0
3929,treatment,42.28,desktop,SG,0,0.0
3930,control,6.42,desktop,MY,1,7.3
3931,treatment,20.26,mobile,ID,0,0.0
3932,control,4.47,mobile,SG,1,11.74
3933,control,16.84,desktop,ID,0,0.0
3934,treatment,27.35,mobile,SG,0,0.0
3935,control,99.74,desktop,MY,0,0.0
3936,treatment,53.42,mobile,VN,0,0.0
3937,control,4.57,desktop,ID,0,0.0
3938,treatment,5.07,desktop,SG,0,0.0
3939,treatment,12.73,desktop,ID,0,0.0
3940,treatment,75.94,desktop,SG,0,0.0
3941,control,4.81,mobile,MY,0,0.0
3942,treatment,13.38,mobile,SG,0,0.0
3943,control,13.32,desktop,VN,0,0.0
3944,treatment,32.29,mobile,SG,0,0.0
3945,treatment,43.03,mobile,PH,0,0.0
3946,control,36.7,mobile,ID,1,58.49
3947,control,29.09,mobile,MY,0,0.0
3948,control,6.16,mobile,PH,1,22.21
3949,treatment,25.83,mobile,MY,0,0.0
3950,control,58.81,mobile,ID,0,0.0
3951,control,72.26,mobile,PH,0,0.0
3952,control,31.67,desktop,SG,0,0.0
3953,treatment,4.62,mobile,SG,0,0.0
3954,treatment,32.06,desktop,PH,0,0.0
3955,control,21.36,desktop,SG,0,0.0
3956,control,5.45,mobile,VN,0,0.0
3957,control,9.25,mobile,MY,0,0.0
3958,treatment,10.92,mobile,MY,0,0.0
3959,treatment,39.17,desktop,MY,0,0.0
3960,treatment,70.25,mobile,MY,0,0.0
3961,treatment,35.03,mobile,VN,0,0.0
3962,control,40.05,mobile,SG,0,0.0
3963,control,22.54,desktop,ID,1,2.19
3964,treatment,14.93,mobile,SG,1,90.35
3965,treatment,35.72,mobile,SG,1,7.96
3966,control,29.37,desktop,SG,0,0.0
3967,control,11.85,mobile,ID,0,0.0
3968,control,27.94,desktop,ID,1,25.21
3969,treatment,23.7,desktop,SG,0,0.0
3970,treatment,18.53,mobile,VN,0,0.0
3971,control,14.49,mobile,MY,0,0.0
3972,treatment,31.65,mobile,PH,0,0.0
3973,treatment,15.3,desktop,SG,0,0.0
3974,control,88.99,desktop,ID,1,25.04
3975,control,34.19,mobile,MY,0,0.0
3976,control,32.03,desktop,ID,0,0.0
3977,treatment,20.71,mobile,PH,0,0.0
3978,control,17.24,mobile,ID,0,0.0
3979,treatment,3.49,mobile,MY,1,7.81
3980,treatment,12.56,desktop,ID,0,0.0
3981,treatment,4.51,mobile,MY,0,0.0
3982,treatment,4.44,mobile,SG,0,0.0
3983,control,7.98,mobile,ID,0,0.0
3984,treatment,54.69,desktop,VN,1,51.8
3985,treatment,54.51,desktop,SG,0,0.0
3986,control,12.82,mobile,ID,0,0.0
3987,control,6.0,mobile,PH,0,0.0
3988,control,16.61,mobile,ID,0,0.0
3989,treatment,38.89,mobile,MY,0,0.0
3990,control,47.24,mobile,SG,0,0.0
3991,treatment,27.64,mobile,SG,0,0.0
3992,treatment,31.36,mobile,MY,0,0.0
3993,control,29.16,desktop,ID,1,22.69
3994,control,4.87,mobile,MY,0,0.0
3995,control,6.64,mobile,MY,0,0.0
3996,control,72.18,mobile,ID,0,0.0
3997,treatment,27.55,desktop,SG,0,0.0
3998,control,2.53,mobile,ID,0,0.0
3999,control,32.74,mobile,ID,0,0.0
4000,control,10.45,mobile,ID,0,0.0
4001,control,49.89,mobile,MY,0,0.0
4002,treatment,46.27,desktop,MY,0,0.0
4003,control,37.37,mobile,ID,0,0.0
4004,treatment,27.31,mobile,PH,0,0.0
4005,treatment,58.32,mobile,ID,1,17.96
4006,treatment,62.37,mobile,ID,0,0.0
4007,control,10.71,desktop,SG,0,0.0
4008,control,37.08,mobile,PH,0,0.0
4009,control,14.63,mobile,MY,0,0.0
4010,control,9.32,mobile,SG,0,0.0
4011,treatment,62.34,mobile,SG,0,0.0
4012,treatment,41.38,mobile,PH,0,0.0
4013,treatment,29.02,desktop,ID,0,0.0
4014,treatment,11.67,mobile,PH,1,14.88
4015,control,63.58,mobile,ID,0,0.0
4016,control,10.31,mobile,PH,0,0.0
4017,treatment,8.26,desktop,ID,0,0.0
4018,control,23.75,mobile,ID,0,0.0
4019,control,38.88,mobile,SG,0,0.0
4020,treatment,17.99,mobile,ID,0,0.0
4021,control,26.98,mobile,ID,1,9.38
4022,treatment,14.58,mobile,SG,1,32.4
4023,control,16.01,desktop,SG,0,0.0
4024,treatment,77.66,mobile,MY,0,0.0
4025,control,22.05,desktop,SG,1,18.01
4026,treatment,60.87,mobile,ID,0,0.0
4027,control,4.26,desktop,ID,0,0.0
4028,control,50.59,mobile,VN,0,0.0
4029,treatment,12.19,mobile,ID,0,0.0
4030,treatment,42.09,desktop,ID,0,0.0
4031,control,12.1,mobile,ID,0,0.0
4032,control,16.98,mobile,ID,1,7.19
4033,treatment,9.06,desktop,MY,0,0.0
4034,treatment,42.66,desktop,MY,0,0.0
4035,treatment,47.46,desktop,SG,0,0.0
4036,control,12.55,mobile,ID,0,0.0
4037,control,5.58,mobile,MY,0,0.0
4038,treatment,60.28,mobile,ID,0,0.0
4039,treatment,13.91,mobile,VN,0,0.0
4040,control,21.15,mobile,ID,0,0.0
4041,control,10.62,desktop,SG,0,0.0
4042,control,39.8,desktop,ID,0,0.0
4043,treatment,40.51,mobile,ID,0,0.0
4044,treatment,67.12,mobile,PH,0,0.0
4045,treatment,51.61,mobile,PH,0,0.0
4046,treatment,49.18,mobile,MY,0,0.0
4047,treatment,22.72,desktop,VN,0,0.0
4048,treatment,20.57,mobile,SG,0,0.0
4049,control,39.41,mobile,SG,0,0.0
4050,control,21.73,desktop,SG,0,0.0
4051,treatment,52.83,desktop,MY,0,0.0
4052,treatment,10.01,mobile,MY,0,0.0
4053,control,4.16,mobile,SG,0,0.0
4054,control,36.16,mobile,SG,1,33.71
4055,treatment,15.44,mobile,SG,0,0.0
4056,control,8.63,mobile,VN,0,0.0
4057,treatment,95.75,mobile,ID,1,82.88
4058,treatment,24.39,desktop,ID,0,0.0
4059,treatment,6.81,mobile,PH,0,0.0
4060,treatment,13.92,mobile,ID,0,0.0
4061,control,19.2,desktop,SG,0,0.0
4062,control,35.62,mobile,VN,0,0.0
4063,control,13.98,mobile,MY,0,0.0
4064,control,21.4,mobile,MY,0,0.0
4065,treatment,29.77,mobile,PH,0,0.0
4066,treatment,34.0,mobile,SG,0,0.0
4067,treatment,22.65,mobile,MY,1,43.37
4068,treatment,76.84,mobile,PH,0,0.0
4069,treatment,40.1,desktop,ID,0,0.0
4070,treatment,38.53,desktop,MY,1,11.31
4071,control,37.53,mobile,VN,0,0.0
4072,control,53.12,desktop,PH,1,33.77
4073,control,28.3,mobile,PH,0,0.0
4074,treatment,9.85,mobile,SG,0,0.0
4075,treatment,32.83,mobile,PH,0,0.0
4076,treatment,35.92,mobile,ID,0,0.0
4077,control,58.87,mobile,ID,0,0.0
4078,treatment,8.94,desktop,SG,0,0.0
4079,treatment,11.12,mobile,ID,0,0.0
4080,control,25.01,mobile,SG,0,0.0
4081,treatment,38.3,mobile,VN,0,0.0
4082,treatment,7.42,desktop,ID,0,0.0
4083,control,9.18,mobile,ID,0,0.0
4084,treatment,44.96,desktop,SG,0,0.0
4085,treatment,7.73,mobile,MY,0,0.0
4086,control,11.27,desktop,ID,0,0.0
4087,control,46.97,mobile,PH,1,39.71
4088,control,37.9,mobile,ID,0,0.0
4089,treatment,14.11,mobile,SG,0,0.0
4090,control,34.82,mobile,MY,1,7.2
4091,control,30.12,mobile,SG,0,0.0
4092,treatment,21.96,mobile,ID,1,34.07
4093,control,17.62,mobile,MY,0,0.0
4094,control,33.83,mobile,SG,0,0.0
4095,treatment,8.42,mobile,SG,0,0.0
4096,treatment,33.55,desktop,ID,0,0.0
4097,treatment,28.07,desktop,ID,1,17.52
4098,control,29.6,desktop,SG,1,19.71
4099,control,10.82,mobile,ID,0,0.0
4100,treatment,59.88,mobile,ID,1,18.81
4101,treatment,14.15,desktop,SG,0,0.0
4102,treatment,16.12,desktop,SG,0,0.0
4103,control,21.28,desktop,MY,0,0.0
4104,treatment,37.84,mobile,PH,0,0.0
4105,treatment,28.94,mobile,SG,0,0.0
4106,treatment,5.37,desktop,VN,0,0.0
4107,control,24.12,mobile,ID,0,0.0
4108,control,25.7,mobile,PH,0,0.0
4109,control,60.87,desktop,VN,1,28.11
4110,treatment,18.94,desktop,SG,0,0.0
4111,treatment,35.52,mobile,ID,0,0.0
4112,control,125.22,mobile,MY,0,0.0
4113,treatment,53.92,desktop,SG,1,11.66
4114,treatment,10.28,mobile,PH,0,0.0
4115,control,41.48,desktop,SG,0,0.0
4116,treatment,33.65,mobile,PH,0,0.0
4117,control,18.44,mobile,PH,1,13.19
4118,treatment,41.82,desktop,ID,0,0.0
4119,treatment,10.14,desktop,ID,0,0.0
4120,treatment,14.4,mobile,PH,1,26.81
4121,control,21.46,mobile,SG,0,0.0
4122,control,17.75,mobile,ID,0,0.0
4123,control,38.68,mobile,SG,0,0.0
4124,control,23.62,desktop,SG,1,25.48
4125,treatment,16.31,mobile,MY,1,5.06
4126,treatment,53.31,desktop,MY,0,0.0
4127,control,37.65,desktop,SG,1,27.47
4128,treatment,6.53,mobile,ID,0,0.0
4129,control,6.4,mobile,ID,0,0.0
4130,control,16.41,desktop,VN,0,0.0
4131,control,7.38,mobile,PH,0,0.0
4132,treatment,47.59,desktop,PH,0,0.0
4133,control,14.99,mobile,VN,1,22.58
4134,control,35.49,mobile,PH,0,0.0
4135,control,41.07,mobile,SG,0,0.0
4136,control,3.53,mobile,SG,0,0.0
4137,control,15.57,desktop,MY,0,0.0
4138,control,20.7,mobile,MY,0,0.0
4139,treatment,29.9,mobile,PH,1,15.96
4140,control,45.75,mobile,ID,1,19.63
4141,control,98.57,mobile,PH,0,0.0
4142,treatment,71.82,desktop,MY,0,0.0
4143,control,23.4,desktop,VN,0,0.0
4144,control,23.18,mobile,SG,0,0.0
4145,treatment,66.87,desktop,MY,0,0.0
4146,control,24.4,mobile,VN,0,0.0
4147,treatment,15.28,mobile,MY,1,10.19
4148,treatment,48.13,mobile,ID,0,0.0
4149,treatment,30.98,desktop,MY,1,6.7
4150,control,6.3,mobile,PH,0,0.0
4151,treatment,19.08,desktop,ID,1,12.72
4152,treatment,7.61,mobile,PH,0,0.0
4153,treatment,1.41,mobile,ID,0,0.0
4154,control,78.49,mobile,ID,0,0.0
4155,treatment,26.84,mobile,ID,0,0.0
4156,treatment,19.65,mobile,ID,0,0.0
4157,control,16.3,desktop,ID,0,0.0
4158,control,24.75,mobile,SG,0,0.0
4159,treatment,16.13,mobile,PH,1,22.67
4160,treatment,10.45,desktop,MY,1,28.45
4161,treatment,16.93,mobile,SG,1,22.13
4162,treatment,62.52,desktop,ID,1,20.27
4163,control,47.38,mobile,ID,0,0.0
4164,control,16.95,desktop,ID,1,20.6
4165,treatment,83.8,mobile,VN,0,0.0
4166,treatment,23.18,mobile,MY,0,0.0
4167,treatment,12.67,mobile,VN,0,0.0
4168,control,31.99,mobile,ID,0,0.0
4169,treatment,69.23,mobile,MY,0,0.0
4170,treatment,60.53,mobile,ID,0,0.0
4171,control,13.23,mobile,SG,1,14.33
4172,treatment,8.6,mobile,VN,0,0.0
4173,control,18.25,desktop,MY,0,0.0
4174,control,35.95,mobile,SG,0,0.0
4175,treatment,43.09,mobile,ID,0,0.0
4176,control,54.83,mobile,SG,0,0.0
4177,treatment,27.95,mobile,SG,0,0.0
4178,treatment,28.64,desktop,SG,0,0.0
4179,control,27.19,desktop,PH,0,0.0
4180,treatment,50.07,mobile,SG,0,0.0
4181,control,43.62,mobile,ID,0,0.0
4182,control,12.82,mobile,MY,0,0.0
4183,control,39.96,desktop,VN,0,0.0
4184,treatment,47.87,desktop,VN,0,0.0
4185,control,50.52,mobile,VN,0,0.0
4186,control,31.0,desktop,MY,0,0.0
4187,treatment,29.78,mobile,MY,0,0.0
4188,treatment,23.96,mobile,PH,1,59.97
4189,treatment,25.91,mobile,SG,1,89.5
4190,control,75.43,mobile,SG,0,0.0
4191,treatment,26.57,mobile,VN,0,0.0
4192,treatment,13.72,mobile,SG,0,0.0
4193,control,31.48,mobile,MY,0,0.0
4194,control,42.5,mobile,SG,0,0.0
4195,control,49.09,mobile,SG,0,0.0
4196,treatment,10.34,mobile,VN,0,0.0
4197,treatment,65.39,desktop,SG,0,0.0
4198,control,41.39,mobile,MY,0,0.0
4199,control,62.94,mobile,SG,0,0.0
4200,treatment,7.1,mobile,MY,0,0.0
4201,treatment,51.84,mobile,PH,1,15.42
4202,treatment,9.89,mobile,ID,0,0.0
4203,control,19.99,mobile,ID,0,0.0
4204,treatment,42.34,mobile,ID,0,0.0
4205,control,9.02,mobile,SG,0,0.0
4206,control,16.03,desktop,MY,0,0.0
4207,treatment,6.97,mobile,VN,0,0.0
4208,control,41.56,mobile,PH,0,0.0
4209,treatment,12.63,mobile,SG,0,0.0
4210,control,25.31,desktop,PH,0,0.0
4211,treatment,33.7,desktop,PH,0,0.0
4212,control,31.22,desktop,PH,0,0.0
4213,control,29.19,desktop,PH,1,18.77
4214,control,29.15,mobile,VN,0,0.0
4215,treatment,7.44,mobile,SG,1,48.09
4216,treatment,20.87,desktop,MY,0,0.0
4217,treatment,28.95,mobile,VN,0,0.0
4218,treatment,26.68,desktop,ID,0,0.0
4219,treatment,22.79,mobile,ID,1,13.68
4220,control,14.15,mobile,MY,0,0.0
4221,control,30.73,mobile,SG,0,0.0
4222,treatment,34.96,mobile,VN,0,0.0
4223,treatment,17.82,mobile,MY,0,0.0
4224,control,49.33,mobile,ID,0,0.0
4225,control,66.3,mobile,SG,0,0.0
4226,treatment,25.69,mobile,VN,0,0.0
4227,control,13.06,desktop,SG,0,0.0
4228,control,8.91,desktop,VN,0,0.0
4229,treatment,19.76,desktop,SG,0,0.0
4230,treatment,24.28,mobile,VN,0,0.0
4231,control,8.47,mobile,MY,0,0.0
4232,treatment,19.29,mobile,PH,0,0.0
4233,control,47.58,mobile,ID,0,0.0
4234,control,2.89,mobile,SG,0,0.0
4235,treatment,26.91,desktop,SG,0,0.0
4236,treatment,15.95,mobile,PH,0,0.0
4237,treatment,24.86,mobile,ID,0,0.0
4238,control,68.67,mobile,MY,0,0.0
4239,control,23.98,mobile,SG,0,0.0
4240,control,21.41,mobile,PH,0,0.0
4241,control,39.72,desktop,ID,0,0.0
4242,control,31.04,desktop,ID,0,0.0
4243,control,26.99,desktop,MY,1,25.77
4244,control,31.85,desktop,MY,0,0.0
4245,treatment,56.54,mobile,MY,1,8.33
4246,control,45.51,desktop,SG,0,0.0
4247,control,20.29,desktop,VN,1,72.67
4248,control,66.27,mobile,MY,0,0.0
4249,treatment,16.76,desktop,MY,0,0.0
4250,control,26.91,desktop,MY,0,0.0
4251,control,29.22,mobile,MY,0,0.0
4252,control,19.54,mobile,ID,0,0.0
4253,control,61.59,mobile,ID,1,43.21
4254,treatment,18.78,desktop,PH,0,0.0
4255,control,22.57,desktop,SG,0,0.0
4256,treatment,50.09,mobile,PH,1,8.01
4257,treatment,17.26,mobile,VN,0,0.0
4258,treatment,8.14,mobile,VN,0,0.0
4259,treatment,27.48,mobile,SG,1,13.14
4260,control,10.56,desktop,MY,0,0.0
4261,control,9.53,mobile,VN,1,17.86
4262,control,2.98,mobile,PH,0,0.0
4263,control,3.49,mobile,SG,0,0.0
4264,control,3.82,mobile,PH,0,0.0
4265,control,72.09,desktop,PH,0,0.0
4266,control,3.8,mobile,PH,0,0.0
4267,treatment,10.32,mobile,MY,0,0.0
4268,control,22.87,desktop,ID,0,0.0
4269,control,38.5,mobile,ID,0,0.0
4270,treatment,41.29,mobile,MY,0,0.0
4271,treatment,13.07,mobile,PH,0,0.0
4272,control,26.55,desktop,SG,0,0.0
4273,treatment,22.36,mobile,SG,0,0.0
4274,control,25.44,mobile,PH,0,0.0
4275,treatment,28.0,mobile,MY,0,0.0
4276,treatment,33.61,desktop,SG,0,0.0
4277,control,15.7,mobile,PH,0,0.0
4278,treatment,18.89,desktop,PH,0,0.0
4279,control,95.81,desktop,PH,0,0.0
4280,control,16.5,desktop,MY,0,0.0
4281,control,26.9,mobile,ID,0,0.0
4282,treatment,22.51,mobile,SG,0,0.0
4283,treatment,26.12,desktop,SG,0,0.0
4284,control,50.99,desktop,SG,1,4.8
4285,treatment,21.54,desktop,ID,0,0.0
4286,treatment,9.16,desktop,ID,0,0.0
4287,control,15.47,mobile,SG,0,0.0
4288,treatment,21.58,mobile,PH,1,8.59
4289,treatment,28.67,desktop,VN,0,0.0
4290,treatment,13.12,mobile,SG,0,0.0
4291,control,14.38,desktop,PH,0,0.0
4292,treatment,29.44,desktop,ID,0,0.0
4293,treatment,30.18,mobile,ID,1,24.62
4294,control,46.22,mobile,MY,0,0.0
4295,control,15.31,desktop,ID,0,0.0
4296,treatment,35.97,desktop,SG,1,21.7
4297,control,22.55,mobile,ID,0,0.0
4298,treatment,17.16,mobile,SG,0,0.0
4299,control,23.11,desktop,SG,0,0.0
4300,control,25.59,desktop,ID,0,0.0
4301,treatment,8.26,desktop,SG,1,18.78
4302,control,8.89,mobile,ID,0,0.0
4303,control,39.44,mobile,ID,1,42.0
4304,control,18.53,mobile,SG,0,0.0
4305,treatment,28.82,desktop,PH,0,0.0
4306,control,38.63,mobile,MY,0,0.0
4307,treatment,23.22,mobile,ID,0,0.0
4308,treatment,36.43,mobile,SG,0,0.0
4309,treatment,25.71,mobile,SG,0,0.0
4310,control,26.6,mobile,PH,0,0.0
4311,control,53.79,desktop,VN,0,0.0
4312,treatment,21.36,mobile,MY,0,0.0
4313,control,39.75,mobile,MY,0,0.0
4314,treatment,6.88,mobile,ID,1,98.87
4315,treatment,28.08,desktop,SG,0,0.0
4316,treatment,62.97,mobile,PH,0,0.0
4317,treatment,100.26,mobile,SG,0,0.0
4318,treatment,7.24,mobile,SG,0,0.0
4319,control,18.45,desktop,SG,0,0.0
4320,control,10.78,desktop,MY,0,0.0
4321,treatment,22.01,mobile,PH,0,0.0
4322,treatment,44.23,mobile,ID,0,0.0
4323,control,55.08,mobile,SG,1,18.67
4324,control,56.27,desktop,SG,0,0.0
4325,treatment,6.6,mobile,SG,0,0.0
4326,control,25.18,desktop,ID,0,0.0
4327,control,15.06,desktop,ID,0,0.0
4328,control,21.05,desktop,SG,0,0.0
4329,control,16.84,mobile,PH,0,0.0
4330,control,6.95,mobile,ID,0,0.0
4331,control,55.44,mobile,VN,0,0.0
4332,control,13.24,desktop,ID,1,17.37
4333,treatment,15.29,desktop,MY,0,0.0
4334,treatment,63.22,mobile,SG,0,0.0
4335,control,5.76,desktop,VN,0,0.0
4336,control,33.27,mobile,SG,0,0.0
4337,control,48.46,mobile,MY,0,0.0
4338,treatment,59.95,mobile,ID,1,6.09
4339,control,31.69,desktop,ID,0,0.0
4340,treatment,40.25,mobile,ID,0,0.0
4341,treatment,48.44,mobile,ID,0,0.0
4342,treatment,22.27,mobile,SG,0,0.0
4343,control,11.67,mobile,ID,0,0.0
4344,treatment,66.37,mobile,PH,0,0.0
4345,control,37.32,mobile,SG,1,50.2
4346,treatment,25.16,desktop,SG,0,0.0
4347,treatment,7.32,desktop,VN,0,0.0
4348,treatment,2.24,mobile,MY,0,0.0
4349,treatment,32.82,desktop,MY,0,0.0
4350,treatment,2.05,desktop,MY,0,0.0
4351,control,24.95,desktop,ID,0,0.0
4352,treatment,13.76,mobile,ID,0,0.0
4353,control,16.81,desktop,PH,0,0.0
4354,control,56.67,mobile,MY,1,22.39
4355,control,13.88,mobile,SG,0,0.0
4356,control,25.89,desktop,ID,0,0.0
4357,control,13.94,mobile,MY,0,0.0
4358,control,30.68,desktop,ID,0,0.0
4359,control,27.64,mobile,ID,0,0.0
4360,treatment,24.97,mobile,PH,0,0.0
4361,control,48.57,mobile,SG,0,0.0
4362,treatment,5.78,desktop,SG,0,0.0
4363,control,4.25,mobile,PH,0,0.0
4364,control,8.67,desktop,ID,0,0.0
4365,treatment,27.74,desktop,SG,0,0.0
4366,treatment,34.49,mobile,VN,0,0.0
4367,control,0.68,mobile,ID,0,0.0
4368,control,34.17,desktop,MY,1,66.17
4369,treatment,18.82,desktop,PH,1,27.53
4370,treatment,67.49,mobile,ID,0,0.0
4371,treatment,32.42,mobile,MY,0,0.0
4372,control,62.4,mobile,SG,0,0.0
4373,control,54.8,desktop,MY,0,0.0
4374,control,18.83,mobile,MY,0,0.0
4375,treatment,44.37,mobile,ID,0,0.0
4376,control,18.8,mobile,MY,0,0.0
4377,control,73.06,desktop,SG,1,15.77
4378,treatment,20.24,mobile,ID,0,0.0
4379,control,35.66,desktop,SG,0,0.0
4380,control,82.09,mobile,PH,0,0.0
4381,treatment,36.77,mobile,ID,0,0.0
4382,treatment,17.27,mobile,ID,0,0.0
4383,treatment,7.74,desktop,MY,0,0.0
4384,control,5.83,desktop,SG,0,0.0
4385,treatment,34.05,mobile,ID,0,0.0
4386,treatment,23.11,mobile,SG,0,0.0
4387,treatment,8.83,mobile,ID,0,0.0
4388,control,41.14,mobile,SG,0,0.0
4389,treatment,40.75,desktop,ID,0,0.0
4390,treatment,22.79,mobile,SG,0,0.0
4391,control,64.22,desktop,SG,0,0.0
4392,control,4.73,mobile,MY,0,0.0
4393,control,17.81,desktop,ID,0,0.0
4394,treatment,36.63,desktop,SG,0,0.0
4395,control,9.82,desktop,MY,1,17.81
4396,control,43.97,mobile,PH,0,0.0
4397,control,53.01,desktop,ID,0,0.0
4398,treatment,1.3,desktop,ID,0,0.0
4399,treatment,65.66,mobile,SG,1,21.24
4400,treatment,35.08,desktop,SG,1,15.47
4401,treatment,16.14,desktop,SG,1,13.69
4402,treatment,6.38,mobile,VN,0,0.0
4403,treatment,48.05,mobile,SG,0,0.0
4404,treatment,8.39,mobile,SG,0,0.0
4405,control,35.03,mobile,SG,0,0.0
4406,control,8.73,desktop,PH,0,0.0
4407,treatment,24.53,desktop,MY,1,8.78
4408,treatment,46.61,mobile,PH,0,0.0
4409,treatment,16.32,mobile,MY,0,0.0
4410,control,65.36,mobile,PH,0,0.0
4411,treatment,37.23,mobile,PH,1,13.73
4412,treatment,9.85,desktop,MY,0,0.0
4413,control,6.91,mobile,VN,0,0.0
4414,treatment,12.51,mobile,VN,0,0.0
4415,treatment,23.64,mobile,SG,0,0.0
4416,control,69.51,desktop,ID,1,27.46
4417,treatment,78.34,mobile,ID,0,0.0
4418,control,15.81,mobile,PH,0,0.0
4419,treatment,15.39,desktop,ID,0,0.0
4420,treatment,41.7,desktop,ID,0,0.0
4421,control,41.46,desktop,SG,0,0.0
4422,control,58.52,mobile,PH,0,0.0
4423,control,59.57,mobile,SG,1,22.22
4424,control,11.74,mobile,ID,0,0.0
4425,treatment,5.56,mobile,SG,0,0.0
4426,treatment,37.62,mobile,PH,0,0.0
4427,treatment,28.85,mobile,PH,0,0.0
4428,treatment,2.85,mobile,SG,1,11.86
4429,control,5.41,desktop,PH,0,0.0
4430,control,36.33,desktop,PH,0,0.0
4431,treatment,22.05,mobile,SG,0,0.0
4432,control,36.93,mobile,MY,0,0.0
4433,control,9.23,mobile,SG,0,0.0
4434,treatment,38.85,mobile,SG,1,85.16
4435,treatment,31.54,mobile,PH,0,0.0
4436,control,40.89,desktop,SG,0,0.0
4437,control,16.77,desktop,ID,0,0.0
4438,treatment,13.87,desktop,SG,0,0.0
4439,treatment,6.37,mobile,SG,0,0.0
4440,treatment,19.16,desktop,ID,0,0.0
4441,treatment,51.48,desktop,MY,1,49.38
4442,treatment,61.36,mobile,PH,1,33.16
4443,treatment,8.46,mobile,SG,1,11.67
4444,treatment,23.63,mobile,ID,0,0.0
4445,treatment,70.21,mobile,ID,0,0.0
4446,treatment,76.59,desktop,ID,0,0.0
4447,control,18.53,desktop,ID,0,0.0
4448,treatment,54.61,desktop,SG,0,0.0
4449,treatment,48.41,mobile,PH,0,0.0
4450,control,45.7,mobile,ID,0,0.0
4451,control,4.59,mobile,PH,0,0.0
4452,control,15.01,mobile,SG,0,0.0
4453,treatment,21.67,desktop,SG,0,0.0
4454,treatment,21.18,mobile,MY,1,5.64
4455,treatment,23.43,mobile,MY,0,0.0
4456,control,82.18,mobile,SG,0,0.0
4457,treatment,19.05,desktop,SG,0,0.0
4458,control,32.63,mobile,SG,0,0.0
4459,treatment,31.78,mobile,SG,0,0.0
4460,control,23.66,desktop,SG,1,7.93
4461,control,9.0,mobile,PH,0,0.0
4462,control,26.16,mobile,VN,0,0.0
4463,treatment,2.78,mobile,MY,0,0.0
4464,treatment,35.04,mobile,SG,0,0.0
4465,treatment,2.19,mobile,MY,0,0.0
4466,treatment,32.79,mobile,PH,0,0.0
4467,control,14.34,mobile,VN,0,0.0
4468,control,10.24,mobile,SG,0,0.0
4469,control,42.15,mobile,SG,1,9.65
4470,treatment,17.28,mobile,MY,0,0.0
4471,control,25.14,desktop,MY,0,0.0
4472,control,4.78,desktop,SG,0,0.0
4473,treatment,64.44,desktop,ID,0,0.0
4474,control,27.05,desktop,SG,0,0.0
4475,treatment,27.0,mobile,SG,0,0.0
4476,control,35.59,mobile,ID,0,0.0
4477,control,1.03,mobile,PH,0,0.0
4478,treatment,68.82,desktop,SG,0,0.0
4479,treatment,18.48,mobile,PH,0,0.0
4480,control,66.09,desktop,SG,0,0.0
4481,control,17.95,mobile,MY,0,0.0
4482,control,14.71,mobile,SG,0,0.0
4483,treatment,33.85,desktop,SG,0,0.0
4484,control,93.17,mobile,SG,0,0.0
4485,treatment,54.57,desktop,ID,1,53.85
4486,treatment,36.61,mobile,PH,0,0.0
4487,treatment,33.47,desktop,SG,0,0.0
4488,control,25.98,mobile,SG,0,0.0
4489,control,64.1,mobile,MY,0,0.0
4490,treatment,42.91,desktop,MY,0,0.0
4491,control,6.22,mobile,PH,0,0.0
4492,treatment,10.3,mobile,SG,0,0.0
4493,treatment,37.52,mobile,ID,1,28.57
4494,control,8.65,desktop,ID,0,0.0
4495,treatment,26.94,desktop,PH,0,0.0
4496,control,45.45,mobile,MY,1,5.18
4497,control,34.03,desktop,SG,0,0.0
4498,control,7.36,desktop,SG,0,0.0
4499,treatment,10.85,mobile,ID,0,0.0
4500,control,34.81,desktop,ID,0,0.0
4501,control,86.5,mobile,ID,0,0.0
4502,treatment,22.76,desktop,SG,0,0.0
4503,control,46.56,mobile,SG,0,0.0
4504,control,34.25,desktop,ID,0,0.0
4505,control,14.21,mobile,SG,0,0.0
4506,control,46.93,mobile,VN,0,0.0
4507,control,4.61,desktop,PH,1,21.6
4508,control,44.57,desktop,SG,0,0.0
4509,treatment,35.79,mobile,ID,0,0.0
4510,treatment,15.42,mobile,SG,1,45.87
4511,treatment,9.43,desktop,VN,1,57.64
4512,treatment,16.62,mobile,ID,0,0.0
4513,treatment,13.26,mobile,MY,0,0.0
4514,control,19.91,mobile,ID,1,6.38
4515,control,18.12,mobile,SG,0,0.0
4516,control,15.41,desktop,SG,0,0.0
4517,control,4.39,mobile,SG,0,0.0
4518,treatment,8.15,mobile,MY,0,0.0
4519,treatment,52.17,mobile,SG,0,0.0
4520,treatment,15.8,desktop,VN,0,0.0
4521,control,20.22,mobile,MY,0,0.0
4522,treatment,17.31,mobile,PH,0,0.0
4523,treatment,65.09,desktop,SG,0,0.0
4524,control,12.98,mobile,PH,0,0.0
4525,treatment,12.15,desktop,ID,0,0.0
4526,treatment,36.37,mobile,ID,0,0.0
4527,control,28.55,desktop,PH,1,23.82
4528,control,37.1,mobile,ID,0,0.0
4529,treatment,35.43,mobile,ID,0,0.0
4530,treatment,47.78,mobile,PH,0,0.0
4531,control,7.16,mobile,SG,0,0.0
4532,treatment,33.9,desktop,SG,0,0.0
4533,control,12.23,mobile,VN,0,0.0
4534,control,2.96,desktop,PH,0,0.0
4535,control,35.26,mobile,ID,0,0.0
4536,control,33.79,desktop,PH,0,0.0
4537,control,24.37,desktop,PH,1,28.98
4538,treatment,48.36,mobile,MY,0,0.0
4539,treatment,12.32,mobile,SG,0,0.0
4540,treatment,39.47,desktop,MY,0,0.0
4541,control,21.71,desktop,MY,0,0.0
4542,treatment,23.05,mobile,SG,1,4.04
4543,treatment,3.55,mobile,VN,0,0.0
4544,treatment,48.7,desktop,ID,0,0.0
4545,control,32.85,mobile,PH,0,0.0
4546,control,38.41,desktop,ID,0,0.0
4547,control,10.82,desktop,SG,0,0.0
4548,treatment,30.11,desktop,ID,0,0.0
4549,control,21.67,desktop,ID,0,0.0
4550,control,34.11,desktop,ID,0,0.0
4551,treatment,29.09,mobile,SG,0,0.0
4552,treatment,73.66,desktop,PH,1,21.63
4553,control,58.93,mobile,SG,0,0.0
4554,treatment,19.74,mobile,MY,0,0.0
4555,control,35.23,mobile,ID,0,0.0
4556,control,18.43,mobile,VN,0,0.0
4557,treatment,47.47,mobile,MY,0,0.0
4558,treatment,22.4,mobile,SG,0,0.0
4559,control,16.4,mobile,VN,0,0.0
4560,control,29.8,mobile,VN,0,0.0
4561,treatment,55.88,mobile,SG,0,0.0
4562,treatment,50.02,desktop,PH,1,5.4
4563,treatment,17.2,mobile,VN,1,48.2
4564,control,69.4,desktop,SG,0,0.0
4565,control,11.42,desktop,PH,0,0.0
4566,control,14.77,desktop,SG,0,0.0
4567,control,46.1,mobile,PH,0,0.0
4568,treatment,2.99,mobile,SG,0,0.0
4569,control,25.19,mobile,ID,0,0.0
4570,control,19.68,mobile,PH,0,0.0
4571,treatment,72.1,desktop,SG,0,0.0
4572,control,9.6,mobile,PH,0,0.0
4573,control,10.63,desktop,SG,0,0.0
4574,treatment,78.71,mobile,SG,0,0.0
4575,control,19.86,desktop,VN,1,32.27
4576,treatment,54.41,mobile,VN,1,16.74
4577,control,17.37,desktop,ID,0,0.0
4578,control,14.26,desktop,PH,0,0.0
4579,control,56.25,mobile,SG,0,0.0
4580,treatment,91.4,mobile,ID,1,19.68
4581,control,59.18,mobile,PH,0,0.0
4582,treatment,16.46,mobile,PH,0,0.0
4583,treatment,24.36,mobile,MY,0,0.0
4584,control,11.08,desktop,MY,0,0.0
4585,control,12.85,mobile,ID,0,0.0
4586,control,12.28,mobile,SG,0,0.0
4587,treatment,17.71,mobile,PH,0,0.0
4588,control,27.41,mobile,SG,0,0.0
4589,control,25.12,desktop,ID,0,0.0
4590,control,41.6,mobile,SG,0,0.0
4591,control,28.49,mobile,ID,0,0.0
4592,control,38.87,mobile,VN,0,0.0
4593,control,43.26,desktop,ID,0,0.0
4594,treatment,16.7,mobile,VN,0,0.0
4595,control,22.04,desktop,MY,0,0.0
4596,treatment,154.44,mobile,SG,0,0.0
4597,control,15.57,desktop,PH,0,0.0
4598,control,40.44,mobile,SG,0,0.0
4599,treatment,7.67,desktop,SG,0,0.0
4600,treatment,44.13,desktop,ID,0,0.0
4601,treatment,13.48,mobile,SG,1,10.59
4602,control,25.82,mobile,PH,0,0.0
4603,treatment,6.42,desktop,MY,0,0.0
4604,treatment,23.88,mobile,SG,0,0.0
4605,treatment,24.26,desktop,MY,0,0.0
4606,treatment,21.4,desktop,SG,1,11.95
4607,control,34.35,mobile,ID,0,0.0
4608,treatment,53.04,mobile,SG,0,0.0
4609,control,10.59,mobile,PH,0,0.0
4610,control,21.81,mobile,SG,0,0.0
4611,treatment,3.96,mobile,SG,0,0.0
4612,control,28.22,desktop,ID,1,18.0
4613,control,9.84,mobile,MY,0,0.0
4614,control,24.94,desktop,ID,0,0.0
4615,control,29.07,mobile,ID,0,0.0
4616,treatment,4.82,mobile,SG,0,0.0
4617,treatment,32.4,mobile,ID,0,0.0
4618,treatment,51.31,mobile,VN,0,0.0
4619,treatment,37.86,mobile,SG,0,0.0
4620,control,10.82,desktop,ID,0,0.0
4621,treatment,23.74,mobile,MY,1,55.21
4622,control,25.82,mobile,PH,0,0.0
4623,treatment,22.14,desktop,SG,0,0.0
4624,treatment,7.29,desktop,SG,0,0.0
4625,treatment,12.45,mobile,MY,0,0.0
4626,treatment,20.62,mobile,ID,0,0.0
4627,control,28.77,mobile,SG,0,0.0
4628,treatment,15.49,mobile,PH,0,0.0
4629,control,3.44,mobile,MY,0,0.0
4630,treatment,16.31,mobile,VN,0,0.0
4631,control,73.58,mobile,VN,0,0.0
4632,control,32.56,desktop,PH,0,0.0
4633,treatment,28.16,mobile,ID,0,0.0
4634,control,12.29,mobile,ID,0,0.0
4635,control,16.94,desktop,PH,1,60.53
4636,control,3.13,mobile,SG,0,0.0
4637,control,11.55,desktop,PH,0,0.0
4638,control,31.38,desktop,ID,1,14.58
4639,treatment,28.32,desktop,PH,0,0.0
4640,treatment,14.27,desktop,MY,0,0.0
4641,treatment,22.12,mobile,ID,0,0.0
4642,control,25.14,desktop,MY,0,0.0
4643,treatment,14.93,desktop,MY,0,0.0
4644,treatment,33.93,mobile,MY,0,0.0
4645,control,27.93,mobile,ID,0,0.0
4646,control,17.46,mobile,SG,0,0.0
4647,control,7.79,mobile,VN,0,0.0
4648,control,16.43,mobile,PH,0,0.0
4649,control,15.52,mobile,PH,1,13.81
4650,treatment,14.24,mobile,VN,0,0.0
4651,control,5.05,mobile,MY,0,0.0
4652,treatment,60.84,mobile,PH,0,0.0
4653,control,58.85,mobile,MY,0,0.0
4654,control,21.51,mobile,SG,0,0.0
4655,treatment,28.67,mobile,SG,0,0.0
4656,control,33.51,mobile,SG,0,0.0
4657,control,21.78,desktop,SG,0,0.0
4658,treatment,30.19,mobile,MY,0,0.0
4659,treatment,36.98,mobile,VN,0,0.0
4660,treatment,27.16,desktop,SG,0,0.0
4661,treatment,41.66,desktop,VN,0,0.0
4662,control,13.83,mobile,PH,0,0.0
4663,control,23.72,mobile,PH,0,0.0
4664,control,121.03,desktop,PH,0,0.0
4665,control,48.53,mobile,VN,0,0.0
4666,control,27.63,mobile,SG,0,0.0
4667,control,10.61,mobile,MY,0,0.0
4668,treatment,24.66,mobile,MY,1,47.27
4669,treatment,46.32,mobile,SG,0,0.0
4670,control,39.92,desktop,MY,0,0.0
4671,treatment,3.8,desktop,MY,0,0.0
4672,treatment,5.27,mobile,VN,0,0.0
4673,control,5.54,desktop,SG,0,0.0
4674,control,33.9,desktop,VN,0,0.0
4675,control,5.62,desktop,SG,0,0.0
4676,control,10.19,desktop,ID,0,0.0
4677,control,21.16,desktop,MY,0,0.0
4678,treatment,51.69,mobile,VN,0,0.0
4679,treatment,35.06,mobile,ID,1,18.0
4680,treatment,19.21,mobile,SG,1,20.58
4681,control,42.49,desktop,VN,0,0.0
4682,treatment,87.98,desktop,SG,1,9.41
4683,control,24.83,desktop,VN,1,18.11
4684,control,7.35,desktop,SG,0,0.0
4685,control,10.52,desktop,SG,0,0.0
4686,control,10.43,mobile,SG,0,0.0
4687,treatment,12.7,mobile,ID,0,0.0
4688,control,18.14,mobile,PH,0,0.0
4689,control,29.4,mobile,ID,0,0.0
4690,treatment,6.25,desktop,SG,0,0.0
4691,control,7.52,desktop,MY,0,0.0
4692,treatment,36.75,mobile,MY,0,0.0
4693,treatment,15.59,mobile,MY,0,0.0
4694,control,11.47,mobile,MY,0,0.0
4695,control,19.84,desktop,MY,0,0.0
4696,control,57.87,desktop,ID,0,0.0
4697,treatment,40.38,mobile,ID,0,0.0
4698,treatment,38.45,desktop,SG,0,0.0
4699,treatment,71.72,mobile,VN,0,0.0
4700,treatment,30.43,mobile,PH,0,0.0
4701,control,76.11,mobile,PH,0,0.0
4702,treatment,80.17,desktop,PH,0,0.0
4703,treatment,6.46,desktop,ID,0,0.0
4704,control,4.72,mobile,VN,0,0.0
4705,treatment,9.8,desktop,MY,0,0.0
4706,treatment,54.02,desktop,MY,0,0.0
4707,treatment,20.16,desktop,PH,1,32.01
4708,treatment,18.21,mobile,PH,1,35.82
4709,treatment,43.29,mobile,MY,0,0.0
4710,treatment,14.93,mobile,PH,0,0.0
4711,control,27.6,desktop,ID,0,0.0
4712,treatment,36.73,mobile,MY,0,0.0
4713,treatment,10.65,mobile,VN,0,0.0
4714,treatment,8.51,desktop,ID,1,22.75
4715,treatment,24.72,mobile,PH,0,0.0
4716,control,27.18,mobile,PH,0,0.0
4717,control,40.97,desktop,SG,0,0.0
4718,control,9.57,mobile,PH,0,0.0
4719,control,13.04,mobile,SG,0,0.0
4720,treatment,79.64,mobile,PH,0,0.0
4721,control,47.78,mobile,PH,1,12.19
4722,control,21.68,mobile,ID,0,0.0
4723,treatment,53.13,mobile,VN,0,0.0
4724,treatment,9.61,mobile,ID,0,0.0
4725,control,19.75,mobile,MY,0,0.0
4726,control,27.01,desktop,ID,1,10.67
4727,treatment,17.98,mobile,ID,0,0.0
4728,control,18.5,desktop,MY,0,0.0
4729,treatment,39.53,desktop,SG,1,52.55
4730,treatment,48.25,desktop,MY,0,0.0
4731,treatment,16.45,mobile,PH,0,0.0
4732,control,6.83,mobile,ID,0,0.0
4733,treatment,5.45,mobile,PH,0,0.0
4734,control,2.74,mobile,MY,0,0.0
4735,treatment,70.92,mobile,VN,0,0.0
4736,control,39.65,desktop,PH,1,9.59
4737,control,33.67,mobile,MY,0,0.0
4738,treatment,14.71,mobile,MY,0,0.0
4739,control,14.64,desktop,VN,0,0.0
4740,control,49.34,desktop,VN,0,0.0
4741,control,4.75,desktop,MY,0,0.0
4742,treatment,17.05,mobile,PH,0,0.0
4743,control,54.31,mobile,VN,0,0.0
4744,control,17.02,mobile,SG,1,22.42
4745,control,38.22,mobile,ID,1,4.94
4746,treatment,22.37,desktop,PH,0,0.0
4747,treatment,0.84,desktop,SG,1,40.82
4748,control,21.63,mobile,PH,0,0.0
4749,control,25.11,desktop,SG,0,0.0
4750,treatment,20.33,mobile,MY,0,0.0
4751,control,8.12,mobile,MY,0,0.0
4752,treatment,20.51,desktop,ID,0,0.0
4753,control,2.98,mobile,SG,0,0.0
4754,control,16.88,mobile,MY,1,7.6
4755,control,40.42,mobile,SG,0,0.0
4756,treatment,68.31,mobile,SG,0,0.0
4757,control,60.79,mobile,PH,0,0.0
4758,control,9.37,desktop,SG,0,0.0
4759,control,5.72,mobile,SG,0,0.0
4760,control,27.01,desktop,SG,0,0.0
4761,control,23.87,desktop,ID,0,0.0
4762,control,36.22,desktop,SG,0,0.0
4763,treatment,13.67,desktop,ID,0,0.0
4764,control,24.44,desktop,ID,0,0.0
4765,control,23.43,mobile,SG,0,0.0
4766,treatment,17.36,desktop,SG,0,0.0
4767,treatment,4.37,mobile,MY,0,0.0
4768,treatment,40.0,mobile,PH,0,0.0
4769,control,27.15,mobile,SG,0,0.0
4770,control,42.0,mobile,ID,0,0.0
4771,control,49.32,desktop,VN,0,0.0
4772,treatment,21.86,desktop,SG,0,0.0
4773,treatment,40.18,desktop,MY,0,0.0
4774,treatment,69.39,mobile,PH,0,0.0
4775,control,84.77,mobile,VN,0,0.0
4776,treatment,29.7,mobile,SG,0,0.0
4777,treatment,31.45,mobile,ID,0,0.0
4778,treatment,29.32,mobile,ID,0,0.0
4779,treatment,35.29,desktop,MY,0,0.0
4780,treatment,47.83,desktop,ID,0,0.0
4781,control,28.86,mobile,ID,1,46.49
4782,treatment,81.51,mobile,VN,1,59.06
4783,control,73.88,mobile,ID,0,0.0
4784,treatment,25.06,mobile,ID,0,0.0
4785,control,24.94,mobile,ID,1,28.71
4786,treatment,16.29,mobile,SG,0,0.0
4787,control,36.69,desktop,ID,1,24.24
4788,control,18.65,mobile,SG,0,0.0
4789,treatment,15.66,mobile,ID,1,24.89
4790,treatment,36.11,mobile,ID,0,0.0
4791,treatment,8.88,mobile,PH,0,0.0
4792,treatment,48.41,desktop,PH,0,0.0
4793,control,37.17,mobile,MY,0,0.0
4794,control,71.29,desktop,ID,0,0.0
4795,control,30.1,mobile,MY,0,0.0
4796,control,41.39,mobile,MY,0,0.0
4797,control,45.29,mobile,SG,0,0.0
4798,control,57.51,desktop,SG,0,0.0
4799,treatment,27.64,mobile,PH,0,0.0
4800,control,16.19,desktop,VN,0,0.0
4801,treatment,30.63,desktop,MY,0,0.0
4802,treatment,48.37,mobile,SG,0,0.0
4803,treatment,52.91,mobile,SG,0,0.0
4804,treatment,4.42,desktop,SG,1,12.87
4805,treatment,133.63,desktop,PH,1,9.45
4806,treatment,15.73,mobile,MY,1,40.22
4807,control,41.9,desktop,PH,0,0.0
4808,control,62.01,mobile,MY,1,9.41
4809,treatment,23.28,desktop,ID,0,0.0
4810,control,54.36,mobile,ID,0,0.0
4811,treatment,4.37,mobile,SG,1,27.34
4812,control,55.75,mobile,ID,0,0.0
4813,treatment,51.11,desktop,PH,0,0.0
4814,control,33.53,mobile,SG,0,0.0
4815,control,48.48,desktop,SG,0,0.0
4816,treatment,75.24,mobile,ID,1,10.59
4817,control,63.35,mobile,VN,0,0.0
4818,control,24.38,mobile,VN,0,0.0
4819,treatment,30.41,desktop,SG,0,0.0
4820,control,21.2,mobile,PH,1,8.73
4821,control,19.06,desktop,PH,0,0.0
4822,treatment,45.11,desktop,PH,0,0.0
4823,control,21.02,desktop,SG,0,0.0
4824,control,45.03,desktop,VN,0,0.0
4825,treatment,23.26,mobile,PH,0,0.0
4826,control,26.02,mobile,ID,0,0.0
4827,control,12.22,mobile,SG,0,0.0
4828,treatment,44.2,mobile,SG,0,0.0
4829,treatment,4.07,desktop,MY,0,0.0
4830,control,57.2,mobile,PH,0,0.0
4831,control,103.01,mobile,PH,1,17.36
4832,treatment,26.72,mobile,VN,1,10.26
4833,treatment,25.81,desktop,MY,1,8.7
4834,treatment,5.83,mobile,VN,0,0.0
4835,control,16.58,desktop,PH,1,10.85
4836,treatment,48.85,mobile,SG,0,0.0
4837,treatment,53.77,mobile,SG,0,0.0
4838,control,29.38,desktop,PH,1,21.58
4839,treatment,46.84,mobile,ID,0,0.0
4840,control,12.45,mobile,SG,0,0.0
4841,control,34.65,desktop,PH,0,0.0
4842,treatment,67.46,mobile,MY,0,0.0
4843,control,39.68,mobile,ID,0,0.0
4844,treatment,74.46,desktop,VN,1,41.89
4845,treatment,76.0,mobile,SG,0,0.0
4846,treatment,36.3,desktop,SG,0,0.0
4847,control,0.21,desktop,ID,0,0.0
4848,treatment,52.99,mobile,ID,0,0.0
4849,treatment,8.04,mobile,MY,0,0.0
4850,control,1.03,mobile,MY,0,0.0
4851,treatment,3.39,mobile,ID,0,0.0
4852,control,55.61,mobile,PH,0,0.0
4853,treatment,36.51,desktop,ID,0,0.0
4854,treatment,29.98,desktop,SG,0,0.0
4855,treatment,39.1,desktop,SG,0,0.0
4856,control,3.67,desktop,MY,0,0.0
4857,treatment,21.13,mobile,SG,1,37.57
4858,control,14.41,mobile,SG,0,0.0
4859,treatment,28.24,mobile,PH,0,0.0
4860,treatment,29.02,mobile,PH,0,0.0
4861,treatment,37.9,desktop,SG,0,0.0
4862,treatment,42.13,desktop,PH,0,0.0
4863,treatment,3.91,desktop,ID,0,0.0
4864,treatment,21.36,mobile,ID,0,0.0
4865,treatment,25.39,mobile,PH,0,0.0
4866,control,7.81,mobile,MY,0,0.0
4867,treatment,6.98,mobile,ID,0,0.0
4868,treatment,5.98,mobile,MY,1,11.2
4869,treatment,46.64,desktop,VN,0,0.0
4870,control,4.76,mobile,SG,0,0.0
4871,control,5.74,desktop,ID,0,0.0
4872,control,27.35,desktop,SG,0,0.0
4873,treatment,34.54,mobile,MY,0,0.0
4874,control,24.77,mobile,MY,0,0.0
4875,treatment,9.45,desktop,PH,0,0.0
4876,control,7.15,desktop,SG,0,0.0
4877,treatment,26.76,mobile,MY,0,0.0
4878,control,22.65,desktop,SG,0,0.0
4879,treatment,18.22,mobile,MY,0,0.0
4880,treatment,45.19,mobile,SG,0,0.0
4881,treatment,21.48,mobile,ID,0,0.0
4882,control,6.5,mobile,MY,0,0.0
4883,treatment,18.31,mobile,VN,0,0.0
4884,treatment,37.46,desktop,ID,0,0.0
4885,control,20.43,mobile,SG,1,7.16
4886,control,36.98,mobile,PH,0,0.0
4887,treatment,42.44,desktop,SG,0,0.0
4888,treatment,21.53,mobile,PH,0,0.0
4889,treatment,24.68,mobile,MY,1,10.34
4890,treatment,19.37,mobile,SG,0,0.0
4891,control,37.58,mobile,VN,0,0.0
4892,control,18.88,mobile,MY,1,5.71
4893,treatment,34.92,desktop,PH,0,0.0
4894,control,29.38,desktop,MY,0,0.0
4895,treatment,3.36,mobile,MY,0,0.0
4896,treatment,36.35,mobile,MY,0,0.0
4897,control,27.34,desktop,MY,0,0.0
4898,control,58.78,mobile,PH,0,0.0
4899,control,8.19,mobile,SG,0,0.0
4900,control,29.75,mobile,MY,1,47.95
4901,control,16.69,desktop,SG,0,0.0
4902,control,3.87,desktop,ID,0,0.0
4903,control,2.55,mobile,SG,0,0.0
4904,control,67.05,mobile,MY,1,49.71
4905,treatment,29.82,desktop,ID,1,6.4
4906,treatment,20.95,mobile,ID,0,0.0
4907,control,5.3,mobile,VN,0,0.0
4908,treatment,64.35,desktop,SG,0,0.0
4909,treatment,13.12,mobile,MY,0,0.0
4910,treatment,30.89,mobile,MY,0,0.0
4911,treatment,26.52,desktop,ID,0,0.0
4912,treatment,85.47,desktop,MY,0,0.0
4913,treatment,24.21,mobile,SG,1,23.05
4914,treatment,15.8,mobile,ID,0,0.0
4915,treatment,30.17,mobile,SG,0,0.0
4916,control,32.66,mobile,SG,0,0.0
4917,treatment,126.0,mobile,PH,0,0.0
4918,control,23.89,mobile,PH,1,56.5
4919,treatment,7.91,mobile,ID,0,0.0
4920,treatment,18.22,mobile,SG,0,0.0
4921,treatment,30.11,mobile,MY,0,0.0
4922,control,34.35,mobile,MY,0,0.0
4923,treatment,4.75,mobile,ID,0,0.0
4924,treatment,16.43,desktop,PH,0,0.0
4925,control,82.13,mobile,MY,0,0.0
4926,treatment,10.86,desktop,MY,0,0.0
4927,control,45.94,mobile,SG,0,0.0
4928,treatment,18.75,desktop,ID,0,0.0
4929,control,25.01,mobile,MY,0,0.0
4930,treatment,5.48,desktop,ID,0,0.0
4931,treatment,20.29,desktop,ID,1,22.73
4932,treatment,29.83,mobile,SG,0,0.0
4933,control,24.13,desktop,PH,0,0.0
4934,treatment,21.34,desktop,PH,0,0.0
4935,control,37.72,desktop,ID,0,0.0
4936,treatment,7.12,mobile,SG,0,0.0
4937,control,30.9,mobile,SG,1,16.78
4938,treatment,2.27,desktop,SG,0,0.0
4939,treatment,55.17,mobile,MY,0,0.0
4940,treatment,21.93,mobile,SG,0,0.0
4941,control,43.79,mobile,PH,0,0.0
4942,control,0.57,mobile,MY,0,0.0
4943,control,39.46,desktop,MY,0,0.0
4944,treatment,12.7,desktop,VN,1,36.08
4945,treatment,25.14,desktop,ID,0,0.0
4946,treatment,39.91,desktop,MY,0,0.0
4947,treatment,23.35,desktop,VN,0,0.0
4948,control,36.55,desktop,MY,0,0.0
4949,treatment,18.98,mobile,ID,0,0.0
4950,control,58.19,desktop,MY,0,0.0
4951,control,21.88,desktop,ID,0,0.0
4952,control,22.24,desktop,PH,0,0.0
4953,control,22.57,desktop,ID,0,0.0
4954,treatment,24.6,mobile,SG,0,0.0
4955,control,7.5,mobile,VN,0,0.0
4956,control,10.53,mobile,ID,0,0.0
4957,treatment,48.41,desktop,PH,0,0.0
4958,treatment,43.77,mobile,SG,0,0.0
4959,control,41.8,mobile,ID,0,0.0
4960,control,34.17,mobile,VN,0,0.0
4961,treatment,16.1,mobile,ID,0,0.0
4962,treatment,14.72,mobile,SG,0,0.0
4963,control,23.8,mobile,ID,0,0.0
4964,treatment,53.72,mobile,SG,0,0.0
4965,control,28.57,mobile,MY,0,0.0
4966,control,10.04,desktop,SG,0,0.0
4967,treatment,5.95,mobile,SG,0,0.0
4968,treatment,44.74,desktop,SG,0,0.0
4969,treatment,65.54,mobile,ID,0,0.0
4970,control,4.48,mobile,ID,0,0.0
4971,treatment,45.79,mobile,SG,0,0.0
4972,control,33.58,mobile,ID,0,0.0
4973,treatment,12.32,mobile,MY,1,31.52
4974,treatment,28.86,mobile,VN,0,0.0
4975,treatment,8.54,mobile,PH,0,0.0
4976,control,20.56,desktop,VN,0,0.0
4977,control,24.83,mobile,PH,1,37.02
4978,control,57.81,mobile,ID,0,0.0
4979,control,19.76,desktop,SG,0,0.0
4980,control,13.57,mobile,PH,0,0.0
4981,control,31.74,mobile,PH,0,0.0
4982,treatment,37.26,mobile,SG,0,0.0
4983,treatment,13.13,desktop,SG,1,46.24
4984,control,9.68,mobile,ID,1,32.48
4985,treatment,10.48,desktop,SG,0,0.0
4986,control,57.95,mobile,VN,0,0.0
4987,treatment,36.09,mobile,SG,0,0.0
4988,treatment,18.71,desktop,SG,0,0.0
4989,treatment,51.44,mobile,SG,0,0.0
4990,control,13.04,desktop,ID,0,0.0
4991,control,23.07,desktop,ID,1,7.91
4992,control,8.4,mobile,ID,0,0.0
4993,treatment,49.91,mobile,SG,0,0.0
4994,control,12.12,mobile,VN,0,0.0
4995,treatment,12.37,mobile,MY,0,0.0
4996,control,32.26,mobile,SG,0,0.0
4997,control,1.98,mobile,SG,0,0.0
4998,control,6.66,desktop,MY,0,0.0
4999,control,40.86,desktop,ID,0,0.0
5000,control,10.33,desktop,ID,0,0.0
5001,control,104.09,mobile,SG,0,0.0
5002,control,27.73,mobile,PH,0,0.0
5003,control,4.11,mobile,MY,1,28.62
5004,treatment,67.78,mobile,SG,0,0.0
5005,control,27.71,mobile,ID,0,0.0
5006,control,20.99,mobile,ID,0,0.0
5007,control,27.63,desktop,VN,0,0.0
5008,treatment,4.07,mobile,MY,1,15.88
5009,control,23.67,desktop,SG,1,10.81
5010,treatment,11.03,mobile,VN,1,30.11
5011,control,22.53,mobile,MY,0,0.0
5012,control,16.47,desktop,ID,0,0.0
5013,control,26.56,mobile,SG,0,0.0
5014,control,18.7,mobile,MY,0,0.0
5015,control,15.58,desktop,VN,0,0.0
5016,control,9.93,mobile,VN,0,0.0
5017,treatment,4.3,mobile,VN,1,47.45
5018,treatment,3.28,mobile,PH,0,0.0
5019,treatment,6.9,desktop,ID,0,0.0
5020,treatment,38.63,mobile,ID,0,0.0
5021,control,9.4,mobile,SG,1,27.5
5022,treatment,13.44,desktop,PH,0,0.0
5023,control,13.55,mobile,ID,0,0.0
5024,treatment,16.69,mobile,ID,1,29.17
5025,treatment,33.95,desktop,MY,1,16.15
5026,treatment,18.55,mobile,SG,0,0.0
5027,treatment,43.91,desktop,PH,0,0.0
5028,control,6.99,desktop,VN,0,0.0
5029,treatment,40.69,desktop,MY,1,29.26
5030,control,62.4,mobile,SG,0,0.0
5031,control,23.43,mobile,VN,0,0.0
5032,control,8.74,desktop,ID,0,0.0
5033,treatment,34.44,mobile,ID,1,9.62
5034,control,23.76,mobile,VN,0,0.0
5035,treatment,30.12,mobile,ID,0,0.0
5036,treatment,44.82,mobile,ID,0,0.0
5037,treatment,17.38,desktop,ID,0,0.0
5038,control,15.14,desktop,MY,0,0.0
5039,control,117.7,mobile,SG,0,0.0
5040,treatment,34.77,mobile,SG,0,0.0
5041,control,50.41,mobile,ID,0,0.0
5042,control,43.0,mobile,SG,0,0.0
5043,treatment,50.85,mobile,VN,0,0.0
5044,treatment,30.89,desktop,MY,0,0.0
5045,treatment,46.63,mobile,ID,0,0.0
5046,treatment,13.51,desktop,SG,0,0.0
5047,control,4.17,mobile,MY,0,0.0
5048,treatment,10.61,mobile,MY,0,0.0
5049,treatment,21.09,desktop,PH,0,0.0
5050,control,18.92,mobile,SG,0,0.0
5051,control,23.86,mobile,MY,0,0.0
5052,control,12.82,mobile,PH,0,0.0
5053,treatment,2.38,mobile,ID,0,0.0
5054,control,16.97,mobile,PH,1,5.49
5055,control,6.09,desktop,PH,0,0.0
5056,control,23.07,mobile,ID,0,0.0
5057,treatment,32.0,mobile,MY,0,0.0
5058,control,16.7,mobile,MY,0,0.0
5059,treatment,8.21,desktop,SG,1,7.03
5060,treatment,24.82,mobile,SG,0,0.0
5061,treatment,121.97,desktop,ID,0,0.0
5062,control,34.76,mobile,PH,0,0.0
5063,control,36.68,desktop,ID,0,0.0
5064,control,15.26,desktop,MY,1,24.55
5065,control,11.36,desktop,PH,0,0.0
5066,control,50.93,desktop,MY,0,0.0
5067,control,1.34,mobile,SG,0,0.0
5068,control,12.46,mobile,SG,0,0.0
5069,treatment,72.14,mobile,PH,0,0.0
5070,control,21.97,mobile,ID,0,0.0
5071,treatment,4.82,mobile,ID,0,0.0
5072,control,32.7,desktop,ID,0,0.0
5073,control,16.79,mobile,ID,1,14.1
5074,treatment,3.63,desktop,MY,0,0.0
5075,treatment,28.26,desktop,ID,0,0.0
5076,control,25.15,mobile,SG,0,0.0
5077,treatment,24.03,mobile,SG,0,0.0
5078,treatment,34.4,mobile,ID,0,0.0
5079,control,7.68,mobile,SG,0,0.0
5080,treatment,30.44,mobile,PH,0,0.0
5081,control,26.57,mobile,SG,0,0.0
5082,control,50.19,desktop,MY,0,0.0
5083,control,12.31,mobile,MY,0,0.0
5084,control,56.42,mobile,ID,0,0.0
5085,treatment,42.47,mobile,SG,0,0.0
5086,control,21.28,mobile,PH,0,0.0
5087,control,24.02,mobile,MY,0,0.0
5088,control,1.53,desktop,SG,0,0.0
5089,treatment,23.49,mobile,SG,0,0.0
5090,treatment,40.4,mobile,VN,0,0.0
5091,treatment,18.7,desktop,MY,1,39.39
5092,treatment,50.1,mobile,MY,0,0.0
5093,treatment,33.12,mobile,SG,0,0.0
5094,control,87.14,desktop,ID,0,0.0
5095,control,13.11,desktop,MY,0,0.0
5096,treatment,37.66,mobile,SG,0,0.0
5097,control,6.28,mobile,PH,0,0.0
5098,control,20.14,desktop,PH,0,0.0
5099,treatment,34.57,mobile,MY,0,0.0
5100,control,39.37,mobile,SG,0,0.0
5101,control,17.52,desktop,MY,0,0.0
5102,treatment,53.92,desktop,VN,0,0.0
5103,treatment,62.11,mobile,ID,0,0.0
5104,treatment,13.25,mobile,SG,0,0.0
5105,treatment,20.66,mobile,ID,0,0.0
5106,control,18.95,desktop,MY,0,0.0
5107,treatment,15.24,desktop,SG,0,0.0
5108,control,59.47,desktop,VN,1,22.05
5109,treatment,59.01,mobile,SG,0,0.0
5110,control,19.48,desktop,MY,0,0.0
5111,control,37.53,mobile,ID,0,0.0
5112,treatment,49.7,mobile,ID,0,0.0
5113,treatment,28.55,desktop,SG,0,0.0
5114,control,18.28,mobile,ID,0,0.0
5115,control,12.41,mobile,ID,0,0.0
5116,control,40.14,mobile,PH,0,0.0
5117,treatment,6.86,desktop,SG,0,0.0
5118,treatment,18.69,mobile,SG,0,0.0
5119,control,16.1,mobile,VN,1,13.21
5120,treatment,6.41,mobile,ID,0,0.0
5121,control,22.0,desktop,MY,0,0.0
5122,treatment,20.3,desktop,ID,0,0.0
5123,treatment,10.15,mobile,SG,0,0.0
5124,treatment,57.94,desktop,VN,0,0.0
5125,control,40.34,mobile,ID,0,0.0
5126,treatment,24.32,mobile,PH,0,0.0
5127,treatment,44.81,mobile,ID,1,13.08
5128,treatment,52.42,mobile,PH,0,0.0
5129,treatment,59.74,mobile,MY,0,0.0
5130,treatment,13.04,mobile,SG,0,0.0
5131,treatment,44.8,mobile,MY,0,0.0
5132,treatment,20.37,desktop,PH,0,0.0
5133,treatment,27.81,mobile,ID,0,0.0
5134,control,13.64,desktop,MY,0,0.0
5135,control,23.44,desktop,SG,0,0.0
5136,treatment,45.26,mobile,ID,0,0.0
5137,treatment,70.24,desktop,ID,0,0.0
5138,control,21.66,mobile,ID,0,0.0
5139,control,10.47,mobile,ID,1,19.0
5140,control,77.35,desktop,SG,0,0.0
5141,treatment,12.59,mobile,ID,0,0.0
5142,treatment,4.29,mobile,MY,1,28.94
5143,control,14.63,desktop,SG,0,0.0
5144,control,50.65,desktop,MY,0,0.0
5145,treatment,11.84,mobile,PH,0,0.0
5146,control,8.04,mobile,SG,0,0.0
5147,treatment,25.85,desktop,SG,0,0.0
5148,treatment,70.27,desktop,ID,0,0.0
5149,treatment,33.58,mobile,MY,0,0.0
5150,control,6.74,desktop,PH,0,0.0
5151,treatment,95.77,mobile,PH,0,0.0
5152,treatment,30.7,mobile,ID,1,11.08
5153,control,47.12,desktop,SG,0,0.0
5154,treatment,5.28,desktop,SG,0,0.0
5155,treatment,85.16,mobile,MY,0,0.0
5156,control,17.24,desktop,ID,0,0.0
5157,control,4.79,mobile,SG,0,0.0
5158,control,28.27,mobile,PH,0,0.0
5159,control,47.11,desktop,VN,0,0.0
5160,control,37.39,mobile,ID,0,0.0
5161,control,36.91,mobile,MY,0,0.0
5162,treatment,34.99,mobile,PH,0,0.0
5163,treatment,26.36,mobile,SG,0,0.0
5164,treatment,5.25,desktop,VN,0,0.0
5165,treatment,20.13,mobile,MY,0,0.0
5166,treatment,17.92,mobile,ID,0,0.0
5167,control,59.9,desktop,SG,0,0.0
5168,control,50.7,desktop,ID,1,30.5
5169,treatment,16.0,desktop,SG,0,0.0
5170,treatment,41.95,desktop,SG,0,0.0
5171,control,22.52,desktop,MY,0,0.0
5172,treatment,4.31,desktop,SG,0,0.0
5173,treatment,1.56,mobile,SG,0,0.0
5174,treatment,38.43,mobile,PH,0,0.0
5175,treatment,9.08,mobile,SG,0,0.0
5176,treatment,9.04,desktop,ID,0,0.0
5177,treatment,12.91,desktop,SG,1,9.8
5178,control,39.05,desktop,ID,0,0.0
5179,treatment,51.19,mobile,VN,0,0.0
5180,treatment,50.43,desktop,MY,0,0.0
5181,control,3.72,mobile,VN,0,0.0
5182,treatment,12.41,mobile,ID,0,0.0
5183,control,10.64,mobile,ID,0,0.0
5184,treatment,39.03,mobile,SG,0,0.0
5185,treatment,12.59,desktop,VN,0,0.0
5186,control,21.24,mobile,PH,0,0.0
5187,treatment,41.61,mobile,SG,0,0.0
5188,control,24.64,desktop,SG,0,0.0
5189,treatment,30.61,mobile,MY,1,24.18
5190,treatment,20.62,mobile,SG,0,0.0
5191,treatment,47.53,mobile,MY,1,28.53
5192,treatment,50.9,mobile,VN,0,0.0
5193,control,34.98,desktop,PH,0,0.0
5194,treatment,51.04,mobile,MY,1,54.17
5195,treatment,116.89,mobile,SG,0,0.0
5196,control,41.09,mobile,ID,0,0.0
5197,control,23.13,mobile,VN,0,0.0
5198,treatment,31.14,mobile,PH,0,0.0
5199,control,54.68,mobile,PH,0,0.0
5200,control,17.06,desktop,PH,0,0.0
5201,treatment,15.92,mobile,ID,0,0.0
5202,control,30.75,desktop,SG,1,34.01
5203,control,22.79,desktop,PH,1,60.51
5204,control,10.54,mobile,ID,0,0.0
5205,control,27.27,mobile,PH,0,0.0
5206,treatment,62.55,desktop,ID,1,25.62
5207,control,34.13,mobile,SG,0,0.0
5208,treatment,8.62,desktop,SG,1,47.42
5209,control,38.19,mobile,PH,0,0.0
5210,control,19.22,mobile,MY,1,36.66
5211,treatment,92.23,desktop,SG,0,0.0
5212,control,36.03,desktop,ID,0,0.0
5213,treatment,14.53,mobile,SG,1,7.87
5214,control,40.28,desktop,ID,0,0.0
5215,treatment,28.78,mobile,ID,1,39.75
5216,control,58.5,mobile,ID,0,0.0
5217,control,15.84,desktop,VN,0,0.0
5218,treatment,35.97,mobile,SG,0,0.0
5219,control,5.26,mobile,VN,0,0.0
5220,treatment,26.38,mobile,PH,0,0.0
5221,treatment,8.39,desktop,PH,0,0.0
5222,treatment,28.07,mobile,PH,0,0.0
5223,control,32.88,desktop,SG,0,0.0
5224,treatment,34.97,desktop,ID,0,0.0
5225,control,15.82,desktop,SG,0,0.0
5226,control,26.99,mobile,ID,0,0.0
5227,control,53.59,mobile,SG,0,0.0
5228,control,75.48,desktop,SG,0,0.0
5229,control,27.7,mobile,VN,0,0.0
5230,treatment,54.61,mobile,VN,0,0.0
5231,treatment,11.42,mobile,ID,0,0.0
5232,control,17.98,desktop,MY,0,0.0
5233,control,30.04,desktop,PH,0,0.0
5234,treatment,22.91,mobile,VN,0,0.0
5235,treatment,21.06,mobile,SG,0,0.0
5236,control,50.73,desktop,SG,0,0.0
5237,treatment,9.77,mobile,VN,0,0.0
5238,treatment,10.73,desktop,SG,0,0.0
5239,control,7.11,mobile,ID,0,0.0
5240,treatment,30.73,mobile,ID,0,0.0
5241,treatment,19.2,mobile,ID,0,0.0
5242,treatment,47.35,mobile,SG,0,0.0
5243,control,28.79,mobile,ID,0,0.0
5244,control,15.51,desktop,ID,0,0.0
5245,treatment,13.54,mobile,VN,0,0.0
5246,control,21.83,desktop,MY,0,0.0
5247,control,8.51,mobile,VN,0,0.0
5248,control,51.56,mobile,SG,0,0.0
5249,treatment,18.44,mobile,SG,0,0.0
5250,control,5.89,mobile,VN,0,0.0
5251,control,58.75,mobile,SG,0,0.0
5252,treatment,22.09,desktop,SG,0,0.0
5253,control,38.02,mobile,SG,0,0.0
5254,control,15.7,mobile,ID,0,0.0
5255,treatment,60.14,mobile,PH,0,0.0
5256,treatment,11.97,desktop,VN,1,26.03
5257,control,19.19,mobile,SG,0,0.0
5258,control,4.01,mobile,MY,0,0.0
5259,treatment,59.14,mobile,MY,0,0.0
5260,treatment,14.06,mobile,VN,0,0.0
5261,treatment,31.27,mobile,ID,0,0.0
5262,control,34.6,desktop,MY,0,0.0
5263,treatment,52.67,mobile,SG,0,0.0
5264,control,29.54,mobile,MY,0,0.0
5265,treatment,23.14,mobile,ID,0,0.0
5266,control,48.98,mobile,ID,0,0.0
5267,control,34.18,desktop,ID,0,0.0
5268,treatment,20.42,desktop,MY,0,0.0
5269,treatment,60.95,mobile,SG,0,0.0
5270,treatment,36.13,desktop,ID,0,0.0
5271,control,7.81,mobile,ID,0,0.0
5272,treatment,68.52,mobile,SG,0,0.0
5273,treatment,15.36,desktop,ID,0,0.0
5274,treatment,52.49,desktop,PH,0,0.0
5275,treatment,6.0,mobile,ID,0,0.0
5276,control,48.76,mobile,ID,0,0.0
5277,treatment,8.3,desktop,ID,0,0.0
5278,control,28.96,mobile,MY,0,0.0
5279,control,35.41,mobile,SG,0,0.0
5280,control,20.77,mobile,MY,0,0.0
5281,control,25.32,desktop,SG,0,0.0
5282,control,10.11,mobile,ID,0,0.0
5283,control,45.27,mobile,ID,0,0.0
5284,treatment,30.12,mobile,SG,0,0.0
5285,control,11.91,mobile,VN,0,0.0
5286,treatment,30.98,desktop,VN,0,0.0
5287,control,31.7,mobile,SG,0,0.0
5288,control,26.26,desktop,MY,0,0.0
5289,control,1.61,desktop,SG,0,0.0
5290,treatment,18.42,mobile,VN,0,0.0
5291,treatment,44.79,desktop,ID,0,0.0
5292,treatment,36.84,mobile,ID,0,0.0
5293,treatment,36.05,mobile,VN,0,0.0
5294,treatment,29.95,mobile,ID,1,20.28
5295,control,48.46,mobile,PH,1,39.6
5296,treatment,15.28,mobile,SG,1,16.85
5297,treatment,12.61,mobile,SG,1,18.41
5298,treatment,80.21,mobile,MY,1,14.68
5299,treatment,13.93,desktop,PH,0,0.0
5300,treatment,7.53,mobile,SG,0,0.0
5301,control,20.47,mobile,MY,0,0.0
5302,treatment,27.0,desktop,PH,1,18.96
5303,control,48.67,mobile,SG,0,0.0
5304,control,18.46,desktop,ID,0,0.0
5305,treatment,18.33,desktop,SG,0,0.0
5306,control,25.13,mobile,SG,0,0.0
5307,treatment,15.94,mobile,MY,0,0.0
5308,control,6.08,desktop,PH,0,0.0
5309,treatment,8.14,desktop,SG,1,39.17
5310,control,57.88,desktop,MY,0,0.0
5311,control,41.65,desktop,ID,0,0.0
5312,control,24.47,mobile,MY,0,0.0
5313,treatment,36.76,mobile,MY,0,0.0
5314,control,42.53,desktop,ID,0,0.0
5315,control,14.58,mobile,VN,0,0.0
5316,control,10.02,mobile,PH,0,0.0
5317,control,53.87,mobile,SG,0,0.0
5318,treatment,2.26,desktop,ID,0,0.0
5319,treatment,37.18,desktop,ID,0,0.0
5320,treatment,28.66,mobile,MY,0,0.0
5321,control,50.23,mobile,MY,0,0.0
5322,treatment,38.16,mobile,PH,1,16.94
5323,treatment,36.59,mobile,PH,0,0.0
5324,control,10.99,desktop,ID,1,40.35
5325,treatment,43.67,mobile,SG,0,0.0
5326,control,33.95,desktop,ID,0,0.0
5327,control,12.35,mobile,MY,0,0.0
5328,treatment,28.85,desktop,MY,0,0.0
5329,treatment,8.94,mobile,VN,0,0.0
5330,treatment,21.88,desktop,VN,0,0.0
5331,treatment,102.22,mobile,VN,0,0.0
5332,treatment,10.44,desktop,ID,0,0.0
5333,treatment,6.01,desktop,ID,0,0.0
5334,treatment,8.24,mobile,MY,0,0.0
5335,treatment,21.63,desktop,VN,1,7.18
5336,treatment,40.17,mobile,MY,1,10.85
5337,control,25.71,mobile,SG,0,0.0
5338,control,6.96,mobile,SG,0,0.0
5339,treatment,39.8,mobile,PH,0,0.0
5340,control,3.45,desktop,MY,0,0.0
5341,treatment,7.78,desktop,PH,0,0.0
5342,control,15.38,mobile,ID,0,0.0
5343,control,52.57,desktop,SG,1,23.21
5344,control,26.5,mobile,PH,0,0.0
5345,control,27.3,mobile,PH,0,0.0
5346,control,7.08,desktop,SG,0,0.0
5347,control,16.72,mobile,SG,0,0.0
5348,treatment,47.38,mobile,ID,0,0.0
5349,control,32.38,mobile,SG,0,0.0
5350,control,40.84,mobile,MY,0,0.0
5351,control,24.35,mobile,VN,0,0.0
5352,control,47.74,mobile,SG,0,0.0
5353,treatment,7.03,mobile,MY,1,8.61
5354,treatment,21.22,desktop,SG,0,0.0
5355,control,36.0,mobile,MY,0,0.0
5356,control,4.86,desktop,MY,0,0.0
5357,control,1.03,desktop,SG,1,8.89
5358,treatment,80.26,mobile,PH,0,0.0
5359,control,26.78,mobile,PH,0,0.0
5360,treatment,4.32,mobile,ID,0,0.0
5361,control,26.26,desktop,PH,1,15.48
5362,treatment,7.89,desktop,SG,0,0.0
5363,control,10.99,mobile,ID,0,0.0
5364,control,53.8,mobile,PH,1,21.38
5365,control,15.71,mobile,ID,1,5.79
5366,treatment,15.6,mobile,VN,0,0.0
5367,treatment,7.64,mobile,ID,0,0.0
5368,treatment,18.67,mobile,VN,0,0.0
5369,control,28.12,mobile,SG,0,0.0
5370,treatment,15.7,desktop,SG,0,0.0
5371,control,94.43,mobile,MY,0,0.0
5372,treatment,9.64,mobile,PH,0,0.0
5373,treatment,9.58,mobile,SG,0,0.0
5374,control,18.05,desktop,SG,0,0.0
5375,treatment,87.04,mobile,VN,0,0.0
5376,treatment,41.32,mobile,ID,0,0.0
5377,treatment,15.25,mobile,MY,0,0.0
5378,control,15.26,desktop,SG,0,0.0
5379,treatment,9.29,mobile,PH,0,0.0
5380,control,17.61,desktop,VN,0,0.0
5381,control,20.75,desktop,ID,0,0.0
5382,treatment,39.97,desktop,SG,0,0.0
5383,control,34.12,desktop,ID,0,0.0
5384,control,17.13,mobile,MY,0,0.0
5385,treatment,66.23,mobile,VN,0,0.0
5386,control,13.49,desktop,PH,0,0.0
5387,treatment,5.88,desktop,PH,0,0.0
5388,treatment,29.14,desktop,MY,1,26.33
5389,control,51.08,mobile,SG,0,0.0
5390,treatment,23.6,desktop,PH,0,0.0
5391,treatment,7.33,mobile,ID,0,0.0
5392,control,27.37,mobile,SG,0,0.0
5393,control,30.04,mobile,PH,0,0.0
5394,control,32.45,mobile,SG,0,0.0
5395,treatment,27.79,mobile,ID,0,0.0
5396,control,55.83,mobile,ID,0,0.0
5397,control,9.07,mobile,SG,0,0.0
5398,treatment,0.42,desktop,PH,0,0.0
5399,treatment,3.46,desktop,MY,0,0.0
5400,treatment,7.22,desktop,ID,0,0.0
5401,control,45.02,desktop,VN,1,6.4
5402,treatment,18.66,desktop,VN,0,0.0
5403,treatment,69.82,desktop,MY,0,0.0
5404,treatment,8.43,mobile,ID,0,0.0
5405,treatment,68.86,mobile,ID,0,0.0
5406,control,11.1,desktop,PH,0,0.0
5407,control,20.72,mobile,MY,0,0.0
5408,control,4.35,desktop,MY,1,27.68
5409,control,62.7,mobile,SG,0,0.0
5410,control,23.05,mobile,VN,0,0.0
5411,control,97.25,mobile,VN,0,0.0
5412,control,52.73,desktop,SG,0,0.0
5413,treatment,20.31,mobile,ID,1,11.13
5414,treatment,12.81,mobile,MY,0,0.0
5415,treatment,46.44,mobile,SG,0,0.0
5416,control,25.0,mobile,SG,0,0.0
5417,control,12.19,mobile,PH,0,0.0
5418,control,26.44,desktop,SG,1,12.77
5419,treatment,2.79,mobile,ID,0,0.0
5420,treatment,32.91,desktop,VN,0,0.0
5421,control,37.69,mobile,SG,0,0.0
5422,control,8.13,desktop,ID,0,0.0
5423,control,56.87,desktop,VN,0,0.0
5424,control,48.74,desktop,PH,0,0.0
5425,control,30.71,desktop,SG,0,0.0
5426,treatment,10.35,mobile,SG,0,0.0
5427,control,39.34,mobile,PH,0,0.0
5428,treatment,17.83,mobile,SG,0,0.0
5429,control,28.33,mobile,ID,0,0.0
5430,control,42.09,mobile,SG,1,13.21
5431,treatment,6.0,mobile,PH,0,0.0
5432,control,4.13,desktop,MY,0,0.0
5433,treatment,16.38,mobile,MY,1,19.42
5434,control,86.4,mobile,PH,1,9.83
5435,control,99.96,mobile,SG,1,22.96
5436,treatment,32.36,mobile,ID,0,0.0
5437,control,49.7,mobile,VN,0,0.0
5438,control,23.83,desktop,ID,0,0.0
5439,control,26.46,mobile,SG,0,0.0
5440,control,20.7,desktop,VN,0,0.0
5441,control,53.98,mobile,SG,0,0.0
5442,treatment,70.36,mobile,MY,0,0.0
5443,control,25.98,mobile,SG,0,0.0
5444,treatment,26.37,mobile,ID,0,0.0
5445,treatment,21.58,mobile,SG,0,0.0
5446,treatment,71.57,mobile,SG,0,0.0
5447,treatment,45.39,desktop,MY,0,0.0
5448,treatment,10.12,desktop,SG,0,0.0
5449,control,84.64,mobile,PH,0,0.0
5450,control,1.5,desktop,ID,0,0.0
5451,treatment,66.77,desktop,ID,0,0.0
5452,control,50.98,mobile,SG,0,0.0
5453,control,26.04,mobile,VN,1,39.4
5454,treatment,25.54,mobile,MY,0,0.0
5455,control,22.47,desktop,MY,0,0.0
5456,control,10.59,mobile,SG,0,0.0
5457,control,80.16,mobile,VN,0,0.0
5458,control,24.95,mobile,ID,0,0.0
5459,control,10.41,mobile,SG,0,0.0
5460,treatment,76.9,mobile,SG,0,0.0
5461,control,35.1,mobile,MY,0,0.0
5462,treatment,36.67,desktop,SG,0,0.0
5463,control,88.79,mobile,ID,0,0.0
5464,control,40.43,mobile,MY,0,0.0
5465,control,14.65,mobile,MY,0,0.0
5466,control,40.39,mobile,PH,0,0.0
5467,treatment,11.52,desktop,ID,0,0.0
5468,control,17.17,desktop,SG,0,0.0
5469,control,31.58,desktop,MY,0,0.0
5470,treatment,49.17,mobile,PH,1,29.67
5471,control,15.4,desktop,PH,0,0.0
5472,control,21.95,desktop,PH,0,0.0
5473,control,21.76,mobile,PH,0,0.0
5474,control,55.25,desktop,SG,1,46.28
5475,control,25.52,desktop,SG,0,0.0
5476,control,83.88,desktop,SG,0,0.0
5477,control,17.16,mobile,SG,0,0.0
5478,control,16.0,mobile,PH,0,0.0
5479,control,65.94,desktop,SG,0,0.0
5480,treatment,38.04,mobile,MY,0,0.0
5481,control,64.27,desktop,SG,0,0.0
5482,control,7.84,mobile,PH,0,0.0
5483,treatment,25.05,mobile,PH,0,0.0
5484,treatment,31.55,desktop,PH,0,0.0
5485,control,29.9,mobile,MY,0,0.0
5486,treatment,22.23,mobile,VN,0,0.0
5487,treatment,29.45,desktop,PH,0,0.0
5488,treatment,30.64,desktop,ID,1,26.98
5489,treatment,15.62,mobile,ID,0,0.0
5490,treatment,53.7,mobile,MY,1,31.59
5491,treatment,77.52,mobile,ID,1,22.81
5492,control,42.89,mobile,VN,0,0.0
5493,treatment,34.28,desktop,MY,1,76.75
5494,control,23.81,desktop,SG,0,0.0
5495,control,31.35,mobile,SG,0,0.0
5496,control,33.76,mobile,VN,0,0.0
5497,treatment,10.63,mobile,ID,1,37.43
5498,control,51.87,mobile,VN,0,0.0
5499,treatment,18.15,mobile,ID,0,0.0
5500,treatment,68.35,desktop,SG,0,0.0
5501,control,28.72,desktop,ID,0,0.0
5502,control,52.5,mobile,SG,0,0.0
5503,control,42.43,desktop,MY,0,0.0
5504,treatment,7.95,mobile,MY,0,0.0
5505,control,64.23,mobile,ID,0,0.0
5506,treatment,13.39,mobile,MY,0,0.0
5507,treatment,17.15,mobile,MY,1,16.34
5508,control,18.45,mobile,PH,1,27.1
5509,treatment,5.23,desktop,SG,0,0.0
5510,control,29.73,mobile,VN,0,0.0
5511,control,54.8,mobile,ID,0,0.0
5512,treatment,67.22,mobile,ID,0,0.0
5513,control,22.23,desktop,SG,0,0.0
5514,control,25.35,mobile,SG,0,0.0
5515,control,44.53,desktop,ID,1,18.24
5516,treatment,22.73,desktop,VN,0,0.0
5517,treatment,58.23,mobile,ID,0,0.0
5518,control,24.39,mobile,SG,0,0.0
5519,control,11.8,mobile,PH,0,0.0
5520,treatment,30.32,mobile,VN,0,0.0
5521,control,6.39,mobile,ID,0,0.0
5522,control,30.01,desktop,SG,0,0.0
5523,treatment,34.38,desktop,MY,1,48.79
5524,treatment,13.44,mobile,VN,0,0.0
5525,control,33.39,mobile,SG,1,19.14
5526,control,20.59,mobile,SG,0,0.0
5527,control,12.96,mobile,ID,0,0.0
5528,treatment,5.49,mobile,ID,0,0.0
5529,control,7.17,desktop,SG,0,0.0
5530,treatment,73.09,mobile,ID,0,0.0
5531,control,19.92,mobile,VN,0,0.0
5532,control,33.77,desktop,PH,0,0.0
5533,treatment,22.08,mobile,SG,1,21.0
5534,treatment,74.32,desktop,PH,0,0.0
5535,treatment,13.01,desktop,ID,0,0.0
5536,control,27.05,mobile,SG,0,0.0
5537,control,17.05,mobile,SG,0,0.0
5538,control,52.1,desktop,VN,0,0.0
5539,control,33.5,mobile,SG,0,0.0
5540,control,26.29,mobile,SG,0,0.0
5541,treatment,8.19,desktop,ID,0,0.0
5542,treatment,96.92,mobile,PH,0,0.0
5543,treatment,22.59,mobile,SG,0,0.0
5544,treatment,11.14,mobile,ID,0,0.0
5545,treatment,5.52,mobile,PH,1,53.18
5546,control,6.93,desktop,PH,0,0.0
5547,treatment,26.1,desktop,PH,0,0.0
5548,control,52.67,mobile,SG,0,0.0
5549,control,31.88,mobile,PH,0,0.0
5550,control,5.87,desktop,ID,0,0.0
5551,control,26.06,mobile,MY,0,0.0
5552,treatment,63.86,mobile,SG,0,0.0
5553,control,19.36,mobile,ID,0,0.0
5554,treatment,31.95,mobile,SG,1,13.72
5555,treatment,20.06,mobile,ID,0,0.0
5556,treatment,37.28,mobile,SG,0,0.0
5557,control,12.83,mobile,ID,0,0.0
5558,treatment,0.26,mobile,SG,1,23.1
5559,control,8.68,desktop,ID,1,2.6
5560,control,17.4,mobile,ID,0,0.0
5561,control,24.07,desktop,MY,0,0.0
5562,control,17.99,mobile,VN,0,0.0
5563,control,17.69,mobile,ID,0,0.0
5564,control,52.98,mobile,PH,0,0.0
5565,control,10.1,mobile,MY,0,0.0
5566,treatment,26.19,mobile,PH,0,0.0
5567,treatment,6.29,mobile,PH,0,0.0
5568,treatment,42.91,mobile,MY,0,0.0
5569,control,31.27,mobile,VN,0,0.0
5570,treatment,95.67,mobile,SG,1,21.56
5571,treatment,9.73,desktop,PH,1,46.67
5572,control,76.74,mobile,ID,0,0.0
5573,control,11.03,desktop,SG,0,0.0
5574,control,19.24,mobile,ID,0,0.0
5575,control,7.44,mobile,SG,0,0.0
5576,treatment,94.85,mobile,PH,0,0.0
5577,control,34.87,desktop,PH,0,0.0
5578,control,35.15,mobile,ID,0,0.0
5579,treatment,12.0,desktop,SG,0,0.0
5580,treatment,1.77,desktop,VN,0,0.0
5581,treatment,18.59,mobile,PH,0,0.0
5582,control,15.77,mobile,ID,0,0.0
5583,treatment,3.71,mobile,MY,1,48.57
5584,control,19.63,mobile,MY,0,0.0
5585,treatment,26.23,desktop,MY,0,0.0
5586,treatment,36.63,desktop,PH,0,0.0
5587,treatment,2.17,mobile,MY,0,0.0
5588,control,7.92,mobile,SG,0,0.0
5589,treatment,12.39,mobile,SG,0,0.0
5590,control,54.61,desktop,MY,0,0.0
5591,treatment,53.89,mobile,ID,0,0.0
5592,treatment,33.48,desktop,PH,1,53.5
5593,control,19.34,mobile,VN,0,0.0
5594,control,56.97,desktop,SG,0,0.0
5595,treatment,30.49,mobile,SG,1,18.26
5596,control,54.79,mobile,MY,0,0.0
5597,control,34.63,desktop,PH,0,0.0
5598,treatment,4.39,desktop,VN,0,0.0
5599,treatment,1.73,mobile,SG,0,0.0
5600,treatment,17.75,desktop,SG,0,0.0
5601,treatment,46.7,mobile,VN,0,0.0
5602,treatment,15.6,mobile,ID,0,0.0
5603,control,64.67,mobile,MY,0,0.0
5604,control,43.74,mobile,SG,1,27.76
5605,treatment,60.8,desktop,SG,0,0.0
5606,treatment,18.17,mobile,SG,0,0.0
5607,treatment,10.43,mobile,ID,0,0.0
5608,treatment,9.0,desktop,ID,0,0.0
5609,treatment,37.08,mobile,MY,0,0.0
5610,control,4.86,mobile,ID,0,0.0
5611,treatment,5.24,mobile,SG,1,67.24
5612,control,14.8,desktop,SG,0,0.0
5613,treatment,29.63,mobile,SG,0,0.0
5614,control,12.58,desktop,SG,0,0.0
5615,control,53.97,desktop,VN,0,0.0
5616,control,61.4,desktop,SG,0,0.0
5617,treatment,0.8,desktop,SG,0,0.0
5618,treatment,35.13,mobile,PH,0,0.0
5619,treatment,15.66,desktop,MY,0,0.0
5620,treatment,48.21,mobile,SG,0,0.0
5621,control,36.02,mobile,SG,0,0.0
5622,control,28.57,mobile,SG,0,0.0
5623,control,22.57,desktop,SG,0,0.0
5624,control,5.27,mobile,ID,0,0.0
5625,treatment,104.97,desktop,MY,0,0.0
5626,treatment,7.82,desktop,SG,0,0.0
5627,control,77.3,mobile,PH,1,22.24
5628,treatment,41.21,mobile,SG,0,0.0
5629,treatment,16.36,mobile,MY,0,0.0
5630,control,14.3,mobile,SG,0,0.0
5631,treatment,5.01,desktop,SG,0,0.0
5632,control,25.77,mobile,ID,0,0.0
5633,control,4.77,mobile,SG,0,0.0
5634,control,56.14,mobile,SG,0,0.0
5635,control,30.79,mobile,MY,0,0.0
5636,control,24.44,mobile,PH,0,0.0
5637,control,26.98,mobile,MY,0,0.0
5638,control,31.74,desktop,SG,0,0.0
5639,treatment,18.94,mobile,MY,0,0.0
5640,control,21.12,mobile,MY,0,0.0
5641,control,82.94,mobile,SG,0,0.0
5642,treatment,52.3,desktop,MY,0,0.0
5643,treatment,39.94,desktop,ID,1,24.98
5644,treatment,16.36,mobile,VN,0,0.0
5645,treatment,2.96,mobile,PH,0,0.0
5646,treatment,36.64,desktop,SG,0,0.0
5647,control,26.92,desktop,PH,1,18.74
5648,treatment,20.74,mobile,MY,0,0.0
5649,control,23.52,desktop,PH,0,0.0
5650,treatment,8.31,mobile,ID,0,0.0
5651,control,10.92,mobile,ID,0,0.0
5652,treatment,52.38,desktop,MY,1,19.57
5653,treatment,2.01,mobile,ID,0,0.0
5654,control,47.23,mobile,ID,0,0.0
5655,control,66.67,desktop,ID,0,0.0
5656,control,36.07,desktop,ID,0,0.0
5657,control,34.77,mobile,SG,0,0.0
5658,control,10.83,desktop,MY,1,20.85
5659,treatment,12.43,mobile,SG,1,10.01
5660,control,17.56,desktop,SG,0,0.0
5661,control,6.62,desktop,MY,0,0.0
5662,control,11.59,desktop,MY,0,0.0
5663,control,26.85,desktop,SG,0,0.0
5664,control,16.65,desktop,SG,0,0.0
5665,treatment,28.71,desktop,MY,0,0.0
5666,control,52.24,mobile,VN,0,0.0
5667,treatment,28.54,mobile,MY,0,0.0
5668,treatment,35.06,mobile,PH,0,0.0
5669,treatment,4.68,mobile,MY,1,7.67
5670,control,51.59,desktop,SG,0,0.0
5671,control,4.53,mobile,SG,0,0.0
5672,control,15.66,desktop,MY,0,0.0
5673,control,8.74,mobile,VN,1,18.03
5674,treatment,2.99,mobile,MY,0,0.0
5675,treatment,27.4,mobile,MY,0,0.0
5676,treatment,37.33,mobile,ID,0,0.0
5677,treatment,67.85,mobile,ID,1,26.27
5678,control,30.5,mobile,ID,0,0.0
5679,control,11.52,mobile,MY,1,12.96
5680,control,16.31,desktop,VN,0,0.0
5681,treatment,3.62,mobile,MY,0,0.0
5682,treatment,17.84,desktop,SG,0,0.0
5683,control,24.16,desktop,PH,0,0.0
5684,treatment,36.17,mobile,VN,1,12.75
5685,treatment,43.57,mobile,VN,0,0.0
5686,treatment,35.3,desktop,ID,0,0.0
5687,control,10.39,desktop,PH,0,0.0
5688,treatment,7.71,mobile,SG,0,0.0
5689,treatment,41.33,desktop,PH,1,12.06
5690,control,2.85,mobile,PH,0,0.0
5691,control,90.69,mobile,MY,0,0.0
5692,control,12.56,mobile,SG,0,0.0
5693,control,56.67,desktop,PH,0,0.0
5694,treatment,14.73,mobile,MY,0,0.0
5695,treatment,37.98,mobile,VN,0,0.0
5696,treatment,8.0,mobile,PH,0,0.0
5697,control,25.33,mobile,PH,0,0.0
5698,treatment,3.93,mobile,MY,0,0.0
5699,control,31.75,mobile,ID,0,0.0
5700,control,7.86,desktop,PH,0,0.0
5701,treatment,9.18,desktop,MY,0,0.0
5702,treatment,17.07,mobile,SG,0,0.0
5703,treatment,20.18,mobile,ID,0,0.0
5704,control,36.22,mobile,SG,0,0.0
5705,treatment,33.58,desktop,SG,0,0.0
5706,control,27.45,mobile,SG,0,0.0
5707,treatment,47.12,desktop,MY,0,0.0
5708,control,32.88,mobile,ID,1,21.71
5709,control,34.68,mobile,SG,0,0.0
5710,treatment,9.1,mobile,ID,0,0.0
5711,control,49.72,mobile,PH,0,0.0
5712,treatment,45.46,mobile,ID,0,0.0
5713,control,28.49,mobile,ID,0,0.0
5714,treatment,44.28,mobile,SG,0,0.0
5715,treatment,23.8,desktop,MY,0,0.0
5716,control,70.21,mobile,ID,0,0.0
5717,control,26.49,desktop,PH,0,0.0
5718,treatment,23.15,desktop,PH,0,0.0
5719,control,33.06,mobile,MY,0,0.0
5720,control,80.34,mobile,SG,0,0.0
5721,control,15.15,mobile,ID,0,0.0
5722,control,31.45,desktop,VN,0,0.0
5723,control,16.16,desktop,VN,0,0.0
5724,control,23.13,desktop,VN,0,0.0
5725,control,11.48,mobile,SG,0,0.0
5726,treatment,34.0,desktop,PH,0,0.0
5727,control,24.81,mobile,SG,0,0.0
5728,control,43.61,mobile,SG,0,0.0
5729,treatment,52.45,mobile,ID,0,0.0
5730,treatment,58.11,mobile,SG,0,0.0
5731,control,16.71,mobile,MY,1,115.73
5732,control,33.11,mobile,SG,0,0.0
5733,control,60.72,desktop,SG,0,0.0
5734,treatment,11.4,mobile,SG,0,0.0
5735,treatment,26.93,desktop,ID,0,0.0
5736,control,12.12,mobile,MY,1,9.54
5737,control,79.61,mobile,ID,0,0.0
5738,treatment,60.24,mobile,ID,0,0.0
5739,treatment,37.41,desktop,SG,0,0.0
5740,control,36.98,desktop,PH,0,0.0
5741,treatment,13.21,mobile,SG,0,0.0
5742,treatment,65.22,mobile,PH,1,25.03
5743,treatment,19.41,mobile,VN,0,0.0
5744,treatment,14.41,mobile,VN,0,0.0
5745,treatment,54.46,desktop,ID,0,0.0
5746,treatment,17.91,desktop,PH,0,0.0
5747,treatment,14.95,mobile,SG,0,0.0
5748,treatment,45.43,mobile,VN,0,0.0
5749,treatment,8.41,mobile,SG,0,0.0
5750,treatment,37.75,desktop,ID,1,15.43
5751,control,27.17,mobile,MY,0,0.0
5752,control,42.76,mobile,PH,0,0.0
5753,control,34.77,desktop,ID,0,0.0
5754,control,114.23,mobile,MY,0,0.0
5755,treatment,29.15,mobile,SG,0,0.0
5756,treatment,17.86,mobile,PH,0,0.0
5757,control,24.92,desktop,VN,0,0.0
5758,treatment,34.49,desktop,SG,1,21.75
5759,control,76.62,mobile,ID,0,0.0
5760,treatment,39.53,mobile,ID,0,0.0
5761,treatment,12.58,mobile,MY,0,0.0
5762,control,222.34,desktop,SG,1,18.85
5763,treatment,50.94,mobile,ID,0,0.0
5764,control,11.92,mobile,SG,0,0.0
5765,control,9.16,mobile,PH,0,0.0
5766,control,7.56,desktop,SG,0,0.0
5767,control,23.9,mobile,ID,0,0.0
5768,treatment,24.7,mobile,SG,0,0.0
5769,treatment,14.13,mobile,ID,0,0.0
5770,treatment,6.47,desktop,SG,0,0.0
5771,control,9.36,desktop,MY,0,0.0
5772,control,40.11,desktop,ID,0,0.0
5773,control,19.68,mobile,ID,0,0.0
5774,control,10.41,mobile,ID,0,0.0
5775,treatment,27.1,mobile,SG,0,0.0
5776,control,31.17,desktop,SG,0,0.0
5777,control,33.76,desktop,SG,0,0.0
5778,treatment,26.32,mobile,SG,0,0.0
5779,treatment,23.27,mobile,SG,0,0.0
5780,treatment,57.63,mobile,SG,1,14.02
5781,treatment,9.74,desktop,ID,0,0.0
5782,control,20.89,mobile,SG,0,0.0
5783,treatment,3.47,mobile,MY,0,0.0
5784,treatment,18.71,mobile,PH,0,0.0
5785,treatment,28.59,mobile,PH,0,0.0
5786,treatment,45.11,mobile,ID,0,0.0
5787,treatment,3.61,desktop,SG,1,49.62
5788,control,27.94,desktop,ID,0,0.0
5789,treatment,84.36,mobile,SG,1,4.59
5790,control,35.64,mobile,ID,0,0.0
5791,treatment,8.08,desktop,VN,0,0.0
5792,treatment,18.74,desktop,ID,0,0.0
5793,control,36.5,mobile,VN,1,14.48
5794,treatment,14.72,desktop,SG,0,0.0
5795,control,30.45,desktop,SG,0,0.0
5796,control,29.12,desktop,SG,0,0.0
5797,treatment,23.63,mobile,SG,0,0.0
5798,control,7.23,mobile,SG,0,0.0
5799,treatment,13.36,mobile,VN,1,17.81
5800,treatment,90.11,desktop,MY,0,0.0
5801,control,17.73,desktop,VN,0,0.0
5802,treatment,19.57,desktop,PH,1,28.86
5803,control,19.49,mobile,ID,0,0.0
5804,treatment,44.33,mobile,VN,0,0.0
5805,control,20.38,desktop,SG,0,0.0
5806,control,24.05,desktop,PH,0,0.0
5807,treatment,27.96,desktop,ID,1,19.71
5808,control,47.88,mobile,ID,0,0.0
5809,treatment,24.14,desktop,ID,0,0.0
5810,control,26.23,desktop,VN,0,0.0
5811,treatment,15.34,desktop,VN,0,0.0
5812,treatment,30.98,mobile,SG,0,0.0
5813,treatment,37.79,desktop,SG,0,0.0
5814,control,39.69,mobile,SG,0,0.0
5815,treatment,80.96,mobile,PH,0,0.0
5816,treatment,12.52,mobile,SG,0,0.0
5817,treatment,24.93,mobile,ID,1,23.22
5818,treatment,20.49,desktop,MY,0,0.0
5819,treatment,71.35,mobile,VN,0,0.0
5820,control,40.79,mobile,PH,0,0.0
5821,treatment,5.19,desktop,ID,1,18.69
5822,treatment,14.24,mobile,MY,1,34.24
5823,treatment,18.54,mobile,PH,0,0.0
5824,treatment,6.06,mobile,SG,1,17.34
5825,control,26.4,mobile,ID,0,0.0
5826,control,15.92,mobile,VN,0,0.0
5827,control,83.34,desktop,ID,1,11.8
5828,treatment,30.79,mobile,VN,0,0.0
5829,control,17.95,mobile,MY,0,0.0
5830,treatment,10.35,mobile,ID,0,0.0
5831,control,23.29,desktop,VN,0,0.0
5832,treatment,67.24,mobile,ID,1,10.25
5833,control,20.68,desktop,VN,0,0.0
5834,control,23.45,mobile,PH,0,0.0
5835,treatment,52.54,mobile,SG,0,0.0
5836,treatment,30.14,mobile,SG,1,36.12
5837,treatment,43.7,mobile,ID,0,0.0
5838,treatment,32.42,mobile,PH,0,0.0
5839,control,31.09,mobile,PH,0,0.0
5840,treatment,4.89,desktop,MY,0,0.0
5841,control,9.04,mobile,ID,0,0.0
5842,control,27.78,mobile,ID,0,0.0
5843,treatment,11.26,mobile,MY,0,0.0
5844,treatment,23.31,mobile,ID,0,0.0
5845,control,8.25,desktop,VN,0,0.0
5846,control,52.84,desktop,ID,1,37.72
5847,treatment,12.52,desktop,SG,0,0.0
5848,treatment,10.33,mobile,ID,0,0.0
5849,control,6.52,desktop,SG,0,0.0
5850,treatment,39.37,desktop,ID,0,0.0
5851,control,23.29,mobile,VN,0,0.0
5852,control,51.5,mobile,ID,1,15.16
5853,control,15.43,mobile,PH,0,0.0
5854,treatment,8.81,desktop,ID,1,33.73
5855,treatment,22.47,mobile,MY,0,0.0
5856,treatment,58.7,mobile,ID,0,0.0
5857,control,4.75,mobile,ID,0,0.0
5858,control,29.63,mobile,MY,0,0.0
5859,treatment,31.9,desktop,SG,1,24.44
5860,treatment,65.37,mobile,ID,0,0.0
5861,control,11.71,mobile,SG,1,4.72
5862,treatment,4.4,mobile,SG,0,0.0
5863,control,16.77,desktop,MY,0,0.0
5864,treatment,43.26,mobile,VN,0,0.0
5865,treatment,24.47,mobile,MY,0,0.0
5866,control,34.4,mobile,PH,0,0.0
5867,treatment,9.35,mobile,MY,1,42.38
5868,control,19.69,desktop,SG,1,13.06
5869,control,25.18,desktop,SG,0,0.0
5870,treatment,5.57,mobile,SG,0,0.0
5871,treatment,25.07,mobile,MY,0,0.0
5872,control,18.22,mobile,MY,0,0.0
5873,control,129.56,mobile,ID,0,0.0
5874,treatment,23.71,mobile,SG,0,0.0
5875,control,67.81,mobile,SG,0,0.0
5876,treatment,34.22,mobile,SG,1,19.19
5877,control,21.51,desktop,PH,0,0.0
5878,treatment,61.07,desktop,MY,0,0.0
5879,control,8.08,mobile,ID,0,0.0
5880,treatment,16.45,desktop,ID,0,0.0
5881,treatment,45.09,desktop,SG,0,0.0
5882,treatment,2.03,mobile,SG,0,0.0
5883,control,23.1,desktop,ID,1,40.31
5884,control,22.95,mobile,VN,0,0.0
5885,control,28.91,mobile,PH,0,0.0
5886,treatment,19.86,desktop,MY,0,0.0
5887,control,43.8,mobile,SG,1,22.49
5888,treatment,12.25,mobile,MY,0,0.0
5889,control,48.18,mobile,SG,1,32.97
5890,treatment,9.09,desktop,VN,0,0.0
5891,treatment,30.64,desktop,SG,0,0.0
5892,control,56.16,mobile,SG,1,27.77
5893,treatment,11.3,mobile,SG,0,0.0
5894,control,13.93,mobile,PH,0,0.0
5895,treatment,49.37,desktop,MY,0,0.0
5896,treatment,27.42,mobile,SG,0,0.0
5897,control,4.46,desktop,MY,1,2.6
5898,control,28.23,mobile,SG,0,0.0
5899,treatment,38.66,mobile,SG,0,0.0
5900,treatment,50.79,mobile,VN,0,0.0
5901,treatment,30.1,mobile,ID,1,46.38
5902,control,35.05,mobile,ID,1,62.67
5903,control,72.4,desktop,MY,0,0.0
5904,control,46.03,mobile,MY,0,0.0
5905,control,19.28,mobile,PH,0,0.0
5906,treatment,21.35,mobile,SG,1,21.5
5907,treatment,54.59,mobile,ID,0,0.0
5908,control,29.64,desktop,ID,0,0.0
5909,control,26.43,desktop,MY,0,0.0
5910,treatment,18.78,desktop,SG,0,0.0
5911,control,53.16,mobile,PH,0,0.0
5912,treatment,11.91,mobile,VN,0,0.0
5913,treatment,16.49,mobile,SG,0,0.0
5914,treatment,53.04,mobile,SG,1,12.49
5915,control,52.59,mobile,ID,0,0.0
5916,treatment,102.52,mobile,PH,0,0.0
5917,treatment,23.17,mobile,MY,0,0.0
5918,treatment,19.02,desktop,VN,0,0.0
5919,treatment,20.63,desktop,PH,0,0.0
5920,treatment,5.1,mobile,SG,0,0.0
5921,control,2.53,desktop,SG,0,0.0
5922,control,30.02,desktop,SG,1,39.15
5923,control,17.85,mobile,PH,0,0.0
5924,treatment,12.68,desktop,ID,0,0.0
5925,control,26.14,desktop,VN,0,0.0
5926,treatment,30.55,mobile,ID,0,0.0
5927,control,21.92,desktop,ID,0,0.0
5928,treatment,22.37,mobile,SG,0,0.0
5929,treatment,17.68,mobile,SG,0,0.0
5930,control,40.77,desktop,VN,0,0.0
5931,control,15.54,mobile,MY,0,0.0
5932,control,10.37,mobile,VN,0,0.0
5933,treatment,17.06,mobile,MY,0,0.0
5934,treatment,29.01,desktop,ID,0,0.0
5935,treatment,42.54,desktop,ID,0,0.0
5936,control,82.05,mobile,SG,0,0.0
5937,treatment,26.24,mobile,ID,0,0.0
5938,control,68.39,mobile,VN,0,0.0
5939,treatment,14.43,mobile,MY,0,0.0
5940,treatment,12.29,mobile,MY,0,0.0
5941,control,33.9,desktop,ID,0,0.0
5942,control,37.64,mobile,PH,0,0.0
5943,control,28.29,mobile,PH,0,0.0
5944,treatment,131.48,desktop,MY,1,21.85
5945,treatment,15.14,mobile,MY,0,0.0
5946,treatment,59.76,mobile,MY,0,0.0
5947,treatment,12.59,mobile,VN,0,0.0
5948,control,39.81,mobile,VN,1,26.14
5949,control,25.38,desktop,ID,0,0.0
5950,treatment,29.77,mobile,SG,0,0.0
5951,control,34.16,desktop,VN,0,0.0
5952,control,26.11,mobile,SG,0,0.0
5953,control,22.31,mobile,SG,0,0.0
5954,treatment,3.91,desktop,MY,0,0.0
5955,treatment,47.33,desktop,ID,1,26.4
5956,control,7.63,desktop,SG,0,0.0
5957,treatment,18.03,mobile,MY,0,0.0
5958,treatment,31.4,mobile,PH,1,57.0
5959,treatment,9.1,mobile,ID,0,0.0
5960,control,22.29,mobile,SG,0,0.0
5961,treatment,43.62,desktop,SG,0,0.0
5962,treatment,17.69,mobile,ID,0,0.0
5963,control,22.59,mobile,SG,0,0.0
5964,treatment,10.93,mobile,SG,0,0.0
5965,treatment,19.47,mobile,VN,1,21.09
5966,control,7.85,desktop,ID,1,33.61
5967,control,28.7,mobile,MY,0,0.0
5968,control,6.1,desktop,ID,0,0.0
5969,treatment,14.65,mobile,ID,0,0.0
5970,treatment,25.56,desktop,MY,0,0.0
5971,control,21.12,mobile,ID,0,0.0
5972,control,32.69,mobile,ID,0,0.0
5973,treatment,22.64,mobile,SG,1,10.56
5974,treatment,3.89,mobile,MY,0,0.0
5975,treatment,8.96,desktop,MY,0,0.0
5976,control,24.63,desktop,PH,0,0.0
5977,treatment,51.87,mobile,PH,0,0.0
5978,control,45.64,mobile,PH,0,0.0
5979,treatment,129.2,mobile,MY,1,47.14
5980,control,16.11,mobile,ID,0,0.0
5981,treatment,42.59,mobile,ID,0,0.0
5982,control,40.49,mobile,MY,0,0.0
5983,treatment,70.13,mobile,VN,0,0.0
5984,treatment,57.72,desktop,MY,0,0.0
5985,treatment,30.3,mobile,ID,0,0.0
5986,control,37.8,desktop,PH,0,0.0
5987,control,32.78,desktop,ID,0,0.0
5988,control,23.91,mobile,ID,0,0.0
5989,control,35.87,mobile,MY,0,0.0
5990,control,28.03,mobile,ID,0,0.0
5991,treatment,27.14,desktop,MY,0,0.0
5992,treatment,72.34,mobile,ID,0,0.0
5993,treatment,30.74,mobile,PH,0,0.0
5994,control,26.25,mobile,SG,0,0.0
5995,control,21.63,desktop,ID,1,12.1
5996,treatment,20.18,desktop,SG,0,0.0
5997,treatment,8.7,mobile,ID,0,0.0
5998,control,23.93,desktop,SG,0,0.0
5999,control,53.71,mobile,MY,1,5.63
6000,control,15.72,mobile,SG,0,0.0
6001,treatment,2.18,mobile,MY,0,0.0
6002,control,34.9,desktop,ID,0,0.0
6003,treatment,28.82,desktop,MY,1,7.81
6004,treatment,71.48,mobile,MY,0,0.0
6005,treatment,14.3,mobile,VN,0,0.0
6006,treatment,7.75,mobile,SG,0,0.0
6007,treatment,20.75,mobile,MY,0,0.0
6008,control,18.21,mobile,ID,0,0.0
6009,control,5.03,mobile,PH,0,0.0
6010,control,26.43,mobile,SG,0,0.0
6011,treatment,17.0,mobile,MY,0,0.0
6012,control,62.75,mobile,PH,0,0.0
6013,treatment,26.76,mobile,ID,0,0.0
6014,treatment,12.78,mobile,PH,0,0.0
6015,control,24.27,mobile,SG,0,0.0
6016,control,28.41,desktop,SG,1,1.65
6017,treatment,37.36,mobile,ID,1,27.42
6018,treatment,25.19,mobile,SG,0,0.0
6019,control,90.67,mobile,MY,0,0.0
6020,control,8.43,mobile,SG,0,0.0
6021,control,16.76,desktop,ID,0,0.0
6022,control,12.83,mobile,VN,0,0.0
6023,control,18.9,mobile,VN,0,0.0
6024,control,31.0,mobile,MY,0,0.0
6025,treatment,29.43,mobile,SG,0,0.0
6026,control,36.72,desktop,VN,0,0.0
6027,control,26.64,desktop,ID,0,0.0
6028,control,27.85,mobile,ID,1,31.11
6029,control,27.05,mobile,PH,0,0.0
6030,treatment,17.48,mobile,MY,0,0.0
6031,treatment,16.43,mobile,MY,0,0.0
6032,treatment,12.6,mobile,PH,0,0.0
6033,control,38.11,mobile,MY,0,0.0
6034,control,2.79,mobile,ID,0,0.0
6035,treatment,27.4,mobile,VN,0,0.0
6036,control,43.16,mobile,MY,0,0.0
6037,treatment,51.2,mobile,PH,0,0.0
6038,treatment,1.78,desktop,MY,1,16.24
6039,control,17.93,mobile,VN,0,0.0
6040,control,13.26,desktop,MY,0,0.0
6041,control,16.73,mobile,SG,1,35.51
6042,control,58.61,mobile,ID,1,8.38
6043,control,13.34,mobile,VN,0,0.0
6044,control,43.09,mobile,PH,0,0.0
6045,treatment,27.69,desktop,ID,0,0.0
6046,control,16.14,desktop,VN,0,0.0
6047,control,14.81,mobile,ID,0,0.0
6048,control,29.84,mobile,PH,0,0.0
6049,control,23.28,mobile,SG,0,0.0
6050,control,4.65,desktop,SG,0,0.0
6051,treatment,10.74,mobile,SG,0,0.0
6052,control,30.4,desktop,VN,0,0.0
6053,treatment,8.06,mobile,SG,0,0.0
6054,treatment,47.39,mobile,MY,1,23.94
6055,control,5.94,mobile,SG,1,34.86
6056,control,19.88,desktop,SG,1,14.55
6057,control,38.94,desktop,ID,0,0.0
6058,treatment,9.97,mobile,SG,0,0.0
6059,treatment,7.54,mobile,PH,0,0.0
6060,treatment,34.1,mobile,PH,0,0.0
6061,treatment,44.04,mobile,ID,0,0.0
6062,treatment,21.02,desktop,MY,0,0.0
6063,treatment,17.54,mobile,PH,0,0.0
6064,treatment,5.7,desktop,MY,0,0.0
6065,control,25.85,mobile,SG,0,0.0
6066,control,3.86,desktop,MY,1,10.16
6067,treatment,59.16,desktop,MY,0,0.0
6068,treatment,21.83,mobile,ID,0,0.0
6069,control,10.94,desktop,MY,0,0.0
6070,control,14.69,mobile,PH,0,0.0
6071,control,27.36,desktop,ID,0,0.0
6072,control,16.82,mobile,SG,0,0.0
6073,control,24.08,mobile,MY,0,0.0
6074,control,9.56,mobile,ID,0,0.0
6075,control,51.89,desktop,SG,0,0.0
6076,control,14.95,desktop,SG,1,64.9
6077,control,2.6,mobile,ID,0,0.0
6078,treatment,18.02,desktop,MY,0,0.0
6079,treatment,13.08,desktop,SG,0,0.0
6080,control,49.56,desktop,MY,1,2.95
6081,treatment,10.99,mobile,ID,0,0.0
6082,control,16.62,mobile,SG,0,0.0
6083,treatment,27.92,mobile,PH,0,0.0
6084,treatment,36.89,desktop,MY,0,0.0
6085,control,61.8,mobile,SG,0,0.0
6086,control,11.82,desktop,PH,0,0.0
6087,treatment,57.25,desktop,ID,0,0.0
6088,control,48.26,mobile,VN,0,0.0
6089,treatment,12.91,desktop,SG,0,0.0
6090,treatment,11.61,mobile,MY,0,0.0
6091,control,32.45,mobile,ID,0,0.0
6092,treatment,23.64,mobile,VN,0,0.0
6093,treatment,32.39,desktop,PH,0,0.0
6094,treatment,18.49,desktop,ID,0,0.0
6095,control,25.48,desktop,PH,0,0.0
6096,control,21.94,mobile,SG,0,0.0
6097,control,32.07,mobile,ID,0,0.0
6098,treatment,11.25,desktop,ID,1,15.01
6099,control,26.97,desktop,SG,1,21.3
6100,control,60.96,desktop,SG,0,0.0
6101,control,58.64,desktop,SG,0,0.0
6102,control,29.32,desktop,SG,0,0.0
6103,control,11.05,mobile,SG,0,0.0
6104,control,80.93,desktop,SG,0,0.0
6105,control,32.08,mobile,ID,0,0.0
6106,treatment,75.71,desktop,ID,0,0.0
6107,control,33.04,mobile,SG,0,0.0
6108,control,1.5,desktop,ID,0,0.0
6109,control,80.58,mobile,SG,0,0.0
6110,control,43.65,mobile,MY,1,16.94
6111,control,24.75,mobile,VN,0,0.0
6112,treatment,4.32,desktop,PH,0,0.0
6113,treatment,47.0,desktop,ID,0,0.0
6114,control,32.81,desktop,ID,1,8.14
6115,treatment,96.0,mobile,SG,0,0.0
6116,treatment,70.76,mobile,MY,0,0.0
6117,treatment,74.25,desktop,MY,1,20.87
6118,control,28.75,desktop,MY,0,0.0
6119,treatment,27.8,desktop,VN,0,0.0
6120,treatment,33.08,mobile,PH,0,0.0
6121,treatment,14.14,desktop,ID,0,0.0
6122,treatment,25.31,mobile,ID,1,43.83
6123,control,21.57,desktop,ID,0,0.0
6124,control,56.14,mobile,MY,0,0.0
6125,treatment,64.03,mobile,PH,0,0.0
6126,control,39.78,mobile,ID,0,0.0
6127,treatment,12.19,desktop,ID,1,22.47
6128,control,84.02,desktop,SG,1,24.1
6129,control,46.83,desktop,ID,0,0.0
6130,treatment,31.43,mobile,MY,0,0.0
6131,treatment,37.17,desktop,SG,0,0.0
6132,control,6.89,mobile,ID,0,0.0
6133,control,21.6,mobile,VN,0,0.0
6134,control,59.43,desktop,ID,0,0.0
6135,treatment,6.55,mobile,SG,1,25.09
6136,control,6.35,mobile,SG,0,0.0
6137,control,47.04,mobile,MY,0,0.0
6138,control,35.32,desktop,SG,0,0.0
6139,treatment,6.63,mobile,SG,0,0.0
6140,control,20.09,mobile,SG,0,0.0
6141,control,31.43,mobile,MY,0,0.0
6142,control,28.76,desktop,SG,1,32.45
6143,control,33.26,mobile,SG,1,21.58
6144,control,18.91,mobile,PH,0,0.0
6145,treatment,29.85,mobile,VN,0,0.0
6146,control,39.73,mobile,PH,0,0.0
6147,treatment,37.59,mobile,SG,0,0.0
6148,control,19.37,desktop,SG,0,0.0
6149,treatment,42.37,mobile,ID,1,5.55
6150,control,10.98,mobile,PH,0,0.0
6151,treatment,14.69,mobile,ID,0,0.0
6152,control,46.99,mobile,PH,0,0.0
6153,control,41.75,desktop,MY,0,0.0
6154,control,20.78,desktop,VN,0,0.0
6155,control,14.43,desktop,PH,1,19.7
6156,control,16.11,mobile,SG,1,6.17
6157,treatment,38.51,mobile,MY,0,0.0
6158,control,33.53,mobile,ID,0,0.0
6159,treatment,13.68,mobile,SG,0,0.0
6160,control,41.55,desktop,MY,0,0.0
6161,treatment,20.07,mobile,ID,0,0.0
6162,treatment,11.32,mobile,ID,0,0.0
6163,control,17.5,desktop,PH,0,0.0
6164,control,26.78,mobile,SG,0,0.0
6165,control,40.53,desktop,VN,0,0.0
6166,control,38.72,mobile,MY,1,31.25
6167,treatment,23.15,desktop,VN,0,0.0
6168,control,29.17,desktop,SG,1,12.19
6169,treatment,21.63,desktop,ID,0,0.0
6170,control,13.7,mobile,VN,0,0.0
6171,treatment,23.82,mobile,SG,0,0.0
6172,treatment,4.28,mobile,PH,0,0.0
6173,control,64.85,desktop,ID,0,0.0
6174,treatment,28.62,mobile,MY,0,0.0
6175,control,34.48,mobile,ID,0,0.0
6176,control,14.21,mobile,SG,0,0.0
6177,treatment,28.44,desktop,ID,1,6.83
6178,control,31.99,mobile,SG,1,24.43
6179,treatment,20.84,mobile,ID,0,0.0
6180,control,21.72,desktop,ID,0,0.0
6181,treatment,7.98,desktop,SG,0,0.0
6182,control,78.97,desktop,SG,0,0.0
6183,control,14.03,mobile,ID,0,0.0
6184,control,15.59,mobile,SG,0,0.0
6185,treatment,67.61,mobile,ID,0,0.0
6186,treatment,35.63,mobile,VN,0,0.0
6187,treatment,40.76,mobile,SG,1,13.31
6188,control,7.49,mobile,MY,0,0.0
6189,control,28.18,mobile,VN,0,0.0
6190,treatment,7.57,mobile,VN,0,0.0
6191,control,12.35,desktop,SG,0,0.0
6192,control,86.49,mobile,PH,0,0.0
6193,control,10.45,desktop,SG,0,0.0
6194,treatment,39.44,desktop,ID,0,0.0
6195,control,11.35,mobile,MY,0,0.0
6196,control,12.59,mobile,SG,0,0.0
6197,treatment,121.34,desktop,MY,0,0.0
6198,control,23.24,desktop,SG,0,0.0
6199,control,6.97,mobile,MY,0,0.0
6200,control,40.6,mobile,MY,0,0.0
6201,treatment,56.63,desktop,VN,0,0.0
6202,treatment,43.2,desktop,ID,0,0.0
6203,treatment,21.72,desktop,ID,0,0.0
6204,treatment,22.29,mobile,SG,0,0.0
6205,treatment,16.39,desktop,VN,0,0.0
6206,treatment,9.35,mobile,MY,0,0.0
6207,treatment,31.56,mobile,SG,0,0.0
6208,control,20.91,desktop,ID,0,0.0
6209,control,7.69,mobile,MY,0,0.0
6210,control,23.68,mobile,SG,1,38.66
6211,treatment,14.11,desktop,MY,0,0.0
6212,control,30.38,mobile,MY,0,0.0
6213,control,28.25,desktop,SG,0,0.0
6214,treatment,18.69,mobile,PH,1,69.99
6215,control,24.53,mobile,SG,0,0.0
6216,control,26.13,mobile,SG,0,0.0
6217,control,46.98,mobile,SG,0,0.0
6218,treatment,23.86,mobile,MY,1,49.89
6219,treatment,16.72,mobile,SG,0,0.0
6220,treatment,20.18,mobile,SG,0,0.0
6221,control,75.1,mobile,SG,0,0.0
6222,treatment,11.71,mobile,VN,0,0.0
6223,treatment,21.21,mobile,SG,0,0.0
6224,treatment,20.97,mobile,SG,0,0.0
6225,treatment,21.65,mobile,ID,0,0.0
6226,control,9.05,mobile,MY,0,0.0
6227,treatment,20.09,desktop,SG,0,0.0
6228,treatment,16.04,mobile,PH,0,0.0
6229,control,30.28,desktop,ID,0,0.0
6230,control,51.61,desktop,MY,0,0.0
6231,control,31.99,desktop,ID,0,0.0
6232,treatment,26.84,desktop,PH,0,0.0
6233,control,34.26,mobile,SG,1,11.61
6234,treatment,28.68,mobile,VN,0,0.0
6235,control,24.38,desktop,SG,0,0.0
6236,treatment,45.78,mobile,MY,0,0.0
6237,treatment,19.67,mobile,SG,0,0.0
6238,control,8.94,desktop,ID,0,0.0
6239,control,15.61,mobile,PH,0,0.0
6240,treatment,13.98,mobile,ID,0,0.0
6241,treatment,88.53,mobile,SG,0,0.0
6242,treatment,53.65,mobile,PH,0,0.0
6243,control,27.08,desktop,VN,0,0.0
6244,treatment,14.28,desktop,SG,0,0.0
6245,treatment,45.47,mobile,SG,1,24.25
6246,control,26.33,mobile,ID,0,0.0
6247,control,19.7,mobile,ID,0,0.0
6248,treatment,26.48,mobile,SG,0,0.0
6249,control,20.12,desktop,SG,1,15.14
6250,control,33.97,desktop,ID,0,0.0
6251,treatment,8.2,desktop,PH,0,0.0
6252,treatment,33.81,mobile,SG,0,0.0
6253,treatment,20.1,mobile,ID,0,0.0
6254,treatment,46.15,mobile,PH,1,8.66
6255,control,54.48,mobile,SG,0,0.0
6256,treatment,62.39,mobile,MY,0,0.0
6257,control,92.82,mobile,MY,0,0.0
6258,treatment,60.98,mobile,ID,0,0.0
6259,control,45.18,mobile,ID,0,0.0
6260,control,9.3,desktop,PH,0,0.0
6261,control,2.23,mobile,ID,0,0.0
6262,control,49.39,mobile,SG,0,0.0
6263,control,12.29,desktop,MY,0,0.0
6264,treatment,135.11,mobile,MY,0,0.0
6265,treatment,6.2,mobile,ID,0,0.0
6266,control,43.88,mobile,VN,0,0.0
6267,treatment,28.61,mobile,MY,0,0.0
6268,treatment,6.94,desktop,ID,0,0.0
6269,control,28.49,mobile,SG,0,0.0
6270,control,13.64,mobile,ID,0,0.0
6271,treatment,23.3,mobile,ID,0,0.0
6272,control,23.55,mobile,PH,0,0.0
6273,control,13.8,mobile,VN,0,0.0
6274,treatment,18.75,mobile,VN,0,0.0
6275,treatment,12.71,mobile,ID,0,0.0
6276,treatment,4.47,mobile,PH,0,0.0
6277,treatment,26.78,mobile,ID,0,0.0
6278,treatment,60.77,desktop,ID,0,0.0
6279,control,13.36,desktop,SG,0,0.0
6280,control,81.4,desktop,VN,1,20.18
6281,treatment,92.55,desktop,VN,0,0.0
6282,treatment,17.51,mobile,ID,0,0.0
6283,treatment,20.92,desktop,MY,0,0.0
6284,treatment,17.79,desktop,SG,0,0.0
6285,treatment,9.43,desktop,SG,0,0.0
6286,treatment,21.0,desktop,PH,1,12.43
6287,control,19.21,desktop,MY,0,0.0
6288,control,26.44,mobile,ID,0,0.0
6289,treatment,27.51,desktop,MY,0,0.0
6290,treatment,8.79,mobile,ID,0,0.0
6291,control,37.98,mobile,PH,0,0.0
6292,control,20.81,mobile,PH,0,0.0
6293,treatment,10.42,mobile,MY,0,0.0
6294,control,20.44,mobile,MY,0,0.0
6295,control,28.3,mobile,SG,0,0.0
6296,control,68.41,mobile,PH,0,0.0
6297,treatment,61.26,mobile,PH,0,0.0
6298,control,16.35,mobile,MY,0,0.0
6299,control,21.91,mobile,SG,1,32.81
6300,control,12.39,desktop,ID,0,0.0
6301,treatment,31.69,desktop,PH,0,0.0
6302,treatment,17.08,desktop,ID,0,0.0
6303,treatment,21.35,mobile,SG,0,0.0
6304,control,50.58,desktop,VN,0,0.0
6305,treatment,8.76,desktop,ID,0,0.0
6306,treatment,61.35,mobile,ID,1,34.18
6307,control,33.96,mobile,SG,0,0.0
6308,treatment,59.44,mobile,SG,1,24.54
6309,control,42.13,desktop,SG,0,0.0
6310,control,47.53,desktop,MY,0,0.0
6311,treatment,25.48,desktop,VN,0,0.0
6312,treatment,10.18,desktop,ID,0,0.0
6313,treatment,15.36,desktop,VN,0,0.0
6314,control,13.02,mobile,ID,0,0.0
6315,treatment,3.38,mobile,SG,0,0.0
6316,treatment,50.52,mobile,ID,0,0.0
6317,control,23.35,mobile,ID,0,0.0
6318,treatment,12.15,mobile,PH,0,0.0
6319,control,90.22,mobile,ID,0,0.0
6320,control,116.21,desktop,SG,0,0.0
6321,control,7.76,mobile,ID,1,6.21
6322,treatment,20.99,desktop,PH,0,0.0
6323,treatment,19.94,desktop,ID,1,42.8
6324,treatment,11.33,mobile,SG,0,0.0
6325,control,49.71,mobile,MY,0,0.0
6326,treatment,3.43,mobile,PH,0,0.0
6327,treatment,75.34,desktop,MY,0,0.0
6328,treatment,26.29,desktop,ID,0,0.0
6329,treatment,85.33,mobile,SG,0,0.0
6330,control,24.66,desktop,MY,0,0.0
6331,treatment,19.88,desktop,MY,0,0.0
6332,treatment,52.43,mobile,SG,0,0.0
6333,control,84.96,desktop,MY,0,0.0
6334,treatment,75.99,mobile,ID,1,7.68
6335,control,5.28,mobile,MY,0,0.0
6336,treatment,63.16,desktop,SG,1,30.28
6337,control,19.11,mobile,ID,0,0.0
6338,treatment,22.74,desktop,ID,0,0.0
6339,control,18.79,desktop,MY,0,0.0
6340,treatment,15.35,mobile,PH,0,0.0
6341,control,21.17,desktop,MY,0,0.0
6342,control,10.96,mobile,ID,0,0.0
6343,control,63.41,mobile,SG,0,0.0
6344,control,41.72,mobile,MY,0,0.0
6345,treatment,30.05,desktop,SG,1,36.75
6346,control,18.79,desktop,PH,0,0.0
6347,control,16.21,mobile,SG,0,0.0
6348,treatment,34.95,mobile,ID,0,0.0
6349,treatment,30.78,desktop,PH,0,0.0
6350,treatment,54.96,desktop,MY,0,0.0
6351,control,16.44,mobile,SG,0,0.0
6352,treatment,15.17,mobile,SG,0,0.0
6353,control,40.51,mobile,SG,1,29.9
6354,control,46.65,mobile,VN,0,0.0
6355,control,110.52,mobile,SG,0,0.0
6356,treatment,5.01,desktop,MY,0,0.0
6357,control,65.79,desktop,SG,0,0.0
6358,treatment,28.21,mobile,ID,0,0.0
6359,control,17.22,desktop,MY,0,0.0
6360,treatment,35.28,mobile,MY,1,35.12
6361,control,34.41,desktop,SG,0,0.0
6362,treatment,17.63,mobile,VN,0,0.0
6363,control,5.42,mobile,ID,0,0.0
6364,control,65.94,mobile,SG,1,15.73
6365,control,14.08,mobile,PH,0,0.0
6366,control,12.3,desktop,PH,0,0.0
6367,control,15.24,mobile,MY,0,0.0
6368,control,45.07,mobile,VN,0,0.0
6369,treatment,19.39,mobile,SG,1,9.96
6370,control,15.49,desktop,PH,0,0.0
6371,control,33.62,desktop,PH,1,2.77
6372,control,30.25,desktop,ID,0,0.0
6373,control,15.78,desktop,ID,0,0.0
6374,treatment,5.32,desktop,SG,0,0.0
6375,control,44.37,mobile,SG,1,6.39
6376,treatment,30.67,desktop,MY,0,0.0
6377,control,3.63,mobile,VN,1,5.91
6378,control,72.35,desktop,SG,0,0.0
6379,treatment,3.46,desktop,MY,1,14.55
6380,treatment,13.14,mobile,SG,0,0.0
6381,treatment,13.88,mobile,SG,0,0.0
6382,control,15.97,mobile,MY,0,0.0
6383,treatment,15.55,desktop,VN,0,0.0
6384,treatment,8.45,mobile,SG,0,0.0
6385,control,28.55,desktop,SG,0,0.0
6386,control,49.58,mobile,SG,0,0.0
6387,treatment,28.27,mobile,ID,0,0.0
6388,control,31.91,mobile,ID,0,0.0
6389,control,19.74,desktop,SG,0,0.0
6390,control,27.46,mobile,SG,0,0.0
6391,control,33.66,desktop,MY,0,0.0
6392,control,41.73,desktop,SG,0,0.0
6393,control,14.52,desktop,PH,0,0.0
6394,control,12.98,mobile,PH,0,0.0
6395,control,2.29,mobile,MY,0,0.0
6396,treatment,86.52,mobile,ID,0,0.0
6397,treatment,82.94,mobile,MY,0,0.0
6398,treatment,24.05,mobile,SG,0,0.0
6399,control,25.09,mobile,ID,0,0.0
6400,control,68.92,desktop,ID,0,0.0
6401,treatment,8.7,mobile,MY,0,0.0
6402,treatment,11.86,mobile,SG,0,0.0
6403,treatment,71.78,mobile,SG,1,37.7
6404,treatment,19.58,mobile,MY,1,14.12
6405,control,10.43,mobile,MY,0,0.0
6406,control,35.08,desktop,PH,0,0.0
6407,control,14.6,mobile,SG,0,0.0
6408,control,63.69,mobile,ID,0,0.0
6409,treatment,27.29,mobile,VN,0,0.0
6410,control,15.09,mobile,SG,0,0.0
6411,treatment,15.79,mobile,ID,1,11.48
6412,treatment,33.89,desktop,MY,1,11.38
6413,treatment,21.51,mobile,ID,0,0.0
6414,treatment,19.34,mobile,PH,0,0.0
6415,control,42.86,mobile,PH,1,19.25
6416,control,69.56,desktop,MY,0,0.0
6417,treatment,38.77,mobile,PH,0,0.0
6418,control,13.64,mobile,ID,0,0.0
6419,treatment,9.86,mobile,PH,0,0.0
6420,control,41.13,mobile,PH,0,0.0
6421,treatment,38.72,mobile,ID,0,0.0
6422,control,18.25,mobile,SG,0,0.0
6423,treatment,21.83,mobile,SG,1,28.46
6424,treatment,14.32,mobile,PH,0,0.0
6425,control,10.08,desktop,SG,0,0.0
6426,treatment,15.33,mobile,ID,0,0.0
6427,treatment,1.58,mobile,ID,0,0.0
6428,control,55.85,mobile,PH,1,20.57
6429,treatment,7.35,mobile,PH,0,0.0
6430,treatment,24.44,mobile,SG,0,0.0
6431,control,2.81,mobile,ID,1,18.54
6432,control,37.81,mobile,PH,1,53.55
6433,treatment,46.07,mobile,SG,1,8.63
6434,treatment,26.14,mobile,MY,0,0.0
6435,control,23.35,mobile,ID,0,0.0
6436,control,14.27,mobile,MY,0,0.0
6437,treatment,54.92,mobile,MY,0,0.0
6438,control,5.87,mobile,SG,0,0.0
6439,control,17.3,mobile,PH,0,0.0
6440,control,12.88,mobile,SG,0,0.0
6441,control,12.49,desktop,MY,0,0.0
6442,treatment,53.94,mobile,ID,1,11.39
6443,treatment,22.25,mobile,SG,0,0.0
6444,treatment,14.17,desktop,MY,0,0.0
6445,control,31.4,mobile,SG,0,0.0
6446,control,29.53,mobile,SG,0,0.0
6447,treatment,45.49,desktop,MY,0,0.0
6448,treatment,33.92,mobile,MY,0,0.0
6449,control,23.05,mobile,MY,0,0.0
6450,treatment,24.29,mobile,SG,0,0.0
6451,control,32.85,mobile,MY,0,0.0
6452,control,11.21,mobile,SG,0,0.0
6453,treatment,29.08,desktop,SG,1,47.96
6454,control,68.5,mobile,SG,0,0.0
6455,control,26.15,mobile,SG,1,10.99
6456,treatment,18.65,desktop,ID,0,0.0
6457,control,18.45,desktop,VN,0,0.0
6458,treatment,31.88,mobile,SG,0,0.0
6459,control,27.91,mobile,ID,0,0.0
6460,treatment,39.07,desktop,SG,0,0.0
6461,control,14.95,desktop,MY,0,0.0
6462,treatment,21.28,desktop,MY,0,0.0
6463,control,43.7,desktop,SG,0,0.0
6464,treatment,46.11,desktop,ID,0,0.0
6465,treatment,46.36,mobile,SG,1,5.09
6466,control,40.55,mobile,PH,0,0.0
6467,treatment,41.51,mobile,ID,0,0.0
6468,control,29.04,desktop,ID,0,0.0
6469,control,7.08,mobile,SG,0,0.0
6470,control,7.78,mobile,MY,0,0.0
6471,treatment,25.78,mobile,ID,0,0.0
6472,control,26.63,desktop,MY,0,0.0
6473,treatment,12.24,mobile,ID,0,0.0
6474,treatment,12.93,desktop,MY,1,6.2
6475,control,22.94,mobile,ID,0,0.0
6476,control,94.98,mobile,ID,1,18.1
6477,treatment,10.37,mobile,SG,0,0.0
6478,control,17.88,mobile,PH,0,0.0
6479,control,45.44,desktop,ID,0,0.0
6480,control,39.91,mobile,SG,0,0.0
6481,control,30.7,desktop,SG,1,22.92
6482,treatment,4.27,desktop,ID,0,0.0
6483,control,20.36,mobile,ID,0,0.0
6484,treatment,78.48,mobile,VN,0,0.0
6485,treatment,12.56,mobile,ID,0,0.0
6486,treatment,12.14,mobile,SG,0,0.0
6487,treatment,66.48,mobile,SG,0,0.0
6488,control,22.9,mobile,ID,0,0.0
6489,control,4.64,desktop,MY,0,0.0
6490,control,9.21,desktop,VN,0,0.0
6491,treatment,15.28,desktop,ID,0,0.0
6492,treatment,29.63,mobile,VN,1,10.35
6493,control,20.98,mobile,PH,0,0.0
6494,treatment,11.67,desktop,ID,0,0.0
6495,control,21.22,mobile,ID,0,0.0
6496,treatment,12.55,desktop,ID,1,32.49
6497,control,81.54,desktop,ID,0,0.0
6498,control,8.74,desktop,PH,1,20.01
6499,control,16.93,mobile,SG,0,0.0
6500,treatment,15.01,desktop,VN,0,0.0
6501,treatment,15.22,mobile,ID,0,0.0
6502,control,9.69,mobile,MY,0,0.0
6503,treatment,63.09,mobile,SG,1,35.55
6504,control,99.83,mobile,SG,0,0.0
6505,control,32.33,mobile,ID,1,40.76
6506,treatment,30.32,mobile,SG,0,0.0
6507,control,5.65,mobile,SG,0,0.0
6508,treatment,62.05,desktop,SG,0,0.0
6509,control,12.54,desktop,MY,0,0.0
6510,treatment,4.99,desktop,VN,0,0.0
6511,control,36.65,mobile,ID,0,0.0
6512,control,51.2,desktop,MY,0,0.0
6513,control,61.64,mobile,VN,0,0.0
6514,treatment,17.11,mobile,MY,0,0.0
6515,treatment,15.52,mobile,VN,0,0.0
6516,control,28.54,mobile,VN,0,0.0
6517,control,20.98,mobile,ID,0,0.0
6518,treatment,37.17,mobile,ID,0,0.0
6519,control,28.77,desktop,PH,0,0.0
6520,control,11.66,mobile,MY,0,0.0
6521,control,63.0,mobile,MY,0,0.0
6522,control,37.33,mobile,SG,0,0.0
6523,treatment,50.38,mobile,SG,0,0.0
6524,control,11.85,desktop,SG,0,0.0
6525,control,36.57,mobile,PH,0,0.0
6526,control,43.93,mobile,SG,0,0.0
6527,control,27.94,mobile,MY,0,0.0
6528,treatment,9.59,mobile,MY,0,0.0
6529,control,26.02,mobile,MY,0,0.0
6530,treatment,41.06,mobile,PH,1,33.48
6531,treatment,52.76,mobile,PH,0,0.0
6532,control,6.17,mobile,ID,0,0.0
6533,treatment,27.53,desktop,ID,0,0.0
6534,control,7.64,mobile,PH,0,0.0
6535,control,41.44,mobile,MY,1,2.98
6536,treatment,49.2,desktop,MY,0,0.0
6537,control,10.91,mobile,SG,0,0.0
6538,treatment,9.16,mobile,SG,1,19.66
6539,treatment,14.91,mobile,VN,0,0.0
6540,treatment,21.6,mobile,PH,0,0.0
6541,treatment,13.3,mobile,MY,0,0.0
6542,treatment,44.05,mobile,SG,1,42.36
6543,treatment,52.95,mobile,ID,0,0.0
6544,control,26.68,desktop,VN,0,0.0
6545,control,13.68,mobile,VN,0,0.0
6546,treatment,20.99,desktop,ID,0,0.0
6547,control,26.67,mobile,ID,0,0.0
6548,treatment,20.28,mobile,SG,0,0.0
6549,control,23.06,mobile,SG,0,0.0
6550,treatment,50.1,mobile,SG,0,0.0
6551,treatment,12.94,desktop,ID,0,0.0
6552,control,86.01,mobile,VN,0,0.0
6553,treatment,27.27,mobile,PH,0,0.0
6554,treatment,19.44,mobile,MY,0,0.0
6555,treatment,12.67,mobile,MY,1,9.41
6556,control,13.62,desktop,MY,0,0.0
6557,control,24.82,desktop,ID,1,47.0
6558,treatment,27.13,mobile,PH,0,0.0
6559,control,18.9,desktop,PH,0,0.0
6560,control,7.58,desktop,PH,0,0.0
6561,treatment,24.83,mobile,ID,0,0.0
6562,control,13.84,mobile,ID,0,0.0
6563,treatment,4.62,desktop,VN,0,0.0
6564,control,38.19,desktop,ID,0,0.0
6565,treatment,5.41,mobile,SG,0,0.0
6566,control,18.26,mobile,MY,0,0.0
6567,control,22.59,desktop,SG,0,0.0
6568,treatment,57.83,desktop,SG,0,0.0
6569,control,4.89,mobile,MY,0,0.0
6570,control,41.11,desktop,ID,0,0.0
6571,control,45.65,mobile,SG,0,0.0
6572,control,69.75,mobile,MY,0,0.0
6573,treatment,51.69,desktop,MY,0,0.0
6574,treatment,23.16,mobile,PH,0,0.0
6575,control,42.39,mobile,SG,0,0.0
6576,control,59.73,desktop,SG,0,0.0
6577,treatment,3.63,mobile,ID,0,0.0
6578,control,7.51,mobile,ID,1,50.38
6579,control,29.21,mobile,SG,0,0.0
6580,treatment,45.29,mobile,PH,0,0.0
6581,treatment,37.23,mobile,MY,1,14.85
6582,control,31.14,mobile,ID,0,0.0
6583,control,69.09,desktop,ID,0,0.0
6584,treatment,18.87,mobile,SG,0,0.0
6585,treatment,13.36,desktop,SG,1,34.86
6586,control,16.09,mobile,MY,0,0.0
6587,treatment,29.66,mobile,SG,0,0.0
6588,treatment,22.5,desktop,SG,0,0.0
6589,control,47.05,mobile,MY,0,0.0
6590,treatment,14.0,desktop,MY,0,0.0
6591,treatment,32.49,mobile,PH,0,0.0
6592,treatment,42.49,mobile,ID,0,0.0
6593,treatment,59.7,mobile,VN,0,0.0
6594,control,8.86,mobile,MY,0,0.0
6595,treatment,15.84,desktop,MY,1,51.02
6596,control,21.25,mobile,MY,0,0.0
6597,control,6.55,mobile,SG,0,0.0
6598,treatment,30.96,mobile,SG,0,0.0
6599,treatment,30.62,mobile,SG,0,0.0
6600,control,28.73,desktop,ID,0,0.0
6601,control,20.26,mobile,MY,0,0.0
6602,control,55.34,desktop,SG,0,0.0
6603,treatment,16.17,mobile,PH,0,0.0
6604,treatment,51.93,desktop,SG,0,0.0
6605,control,15.88,desktop,PH,0,0.0
6606,control,8.64,desktop,PH,0,0.0
6607,treatment,23.31,desktop,MY,0,0.0
6608,treatment,26.71,mobile,SG,0,0.0
6609,treatment,32.86,mobile,VN,0,0.0
6610,treatment,2.44,desktop,PH,1,76.09
6611,control,18.59,desktop,VN,0,0.0
6612,control,81.96,mobile,SG,0,0.0
6613,control,14.93,desktop,ID,1,42.71
6614,control,45.73,mobile,SG,1,46.95
6615,treatment,137.19,mobile,MY,0,0.0
6616,treatment,91.94,mobile,SG,0,0.0
6617,treatment,9.91,desktop,ID,0,0.0
6618,control,43.11,desktop,ID,0,0.0
6619,treatment,44.99,desktop,PH,0,0.0
6620,treatment,38.42,mobile,SG,0,0.0
6621,control,8.45,mobile,VN,0,0.0
6622,control,28.57,mobile,MY,0,0.0
6623,treatment,28.42,mobile,VN,0,0.0
6624,control,7.36,mobile,ID,0,0.0
6625,treatment,19.43,mobile,SG,0,0.0
6626,control,29.51,desktop,PH,1,4.86
6627,control,22.79,desktop,ID,0,0.0
6628,treatment,40.41,mobile,SG,0,0.0
6629,control,19.05,desktop,SG,0,0.0
6630,control,26.44,mobile,VN,0,0.0
6631,control,47.76,mobile,VN,0,0.0
6632,control,75.61,desktop,ID,0,0.0
6633,control,8.28,desktop,SG,0,0.0
6634,treatment,39.34,mobile,MY,0,0.0
6635,control,16.67,mobile,SG,0,0.0
6636,control,33.16,mobile,ID,0,0.0
6637,control,7.69,mobile,MY,0,0.0
6638,treatment,56.14,mobile,MY,0,0.0
6639,control,12.59,mobile,PH,0,0.0
6640,treatment,48.36,desktop,VN,0,0.0
6641,treatment,8.71,mobile,SG,0,0.0
6642,control,6.2,desktop,MY,0,0.0
6643,control,20.65,desktop,ID,0,0.0
6644,treatment,28.77,desktop,SG,0,0.0
6645,control,97.44,mobile,MY,0,0.0
6646,treatment,28.26,mobile,SG,0,0.0
6647,treatment,9.88,mobile,SG,0,0.0
6648,treatment,43.06,mobile,PH,0,0.0
6649,control,62.54,mobile,MY,0,0.0
6650,control,11.98,mobile,ID,0,0.0
6651,control,47.15,mobile,SG,0,0.0
6652,control,57.29,mobile,ID,0,0.0
6653,treatment,43.79,mobile,ID,1,19.38
6654,control,14.29,desktop,PH,0,0.0
6655,treatment,29.0,desktop,SG,0,0.0
6656,treatment,33.13,mobile,ID,0,0.0
6657,control,55.03,mobile,VN,0,0.0
6658,treatment,15.12,desktop,SG,0,0.0
6659,treatment,47.96,mobile,SG,0,0.0
6660,control,22.17,desktop,MY,0,0.0
6661,treatment,18.59,mobile,VN,0,0.0
6662,control,25.72,desktop,SG,0,0.0
6663,treatment,1.9,mobile,SG,0,0.0
6664,treatment,2.88,desktop,VN,0,0.0
6665,treatment,3.99,desktop,MY,0,0.0
6666,control,34.2,desktop,SG,0,0.0
6667,control,20.32,mobile,ID,1,14.5
6668,treatment,14.33,mobile,SG,0,0.0
6669,treatment,24.0,mobile,MY,0,0.0
6670,control,48.73,desktop,SG,0,0.0
6671,treatment,23.16,mobile,ID,0,0.0
6672,control,9.63,mobile,ID,0,0.0
6673,treatment,107.77,desktop,SG,1,45.56
6674,control,24.95,mobile,ID,0,0.0
6675,control,57.64,desktop,VN,0,0.0
6676,control,44.07,mobile,MY,0,0.0
6677,control,17.6,desktop,VN,0,0.0
6678,treatment,74.88,mobile,VN,0,0.0
6679,treatment,15.34,desktop,SG,0,0.0
6680,treatment,33.77,mobile,ID,0,0.0
6681,control,30.58,mobile,PH,0,0.0
6682,treatment,32.72,mobile,ID,0,0.0
6683,treatment,66.6,desktop,PH,0,0.0
6684,treatment,25.45,mobile,SG,0,0.0
6685,treatment,29.21,mobile,VN,0,0.0
6686,control,30.29,mobile,SG,0,0.0
6687,treatment,94.74,desktop,ID,0,0.0
6688,control,54.7,mobile,PH,0,0.0
6689,treatment,5.89,mobile,MY,0,0.0
6690,control,15.84,mobile,ID,0,0.0
6691,control,26.81,mobile,ID,0,0.0
6692,control,65.68,mobile,VN,0,0.0
6693,treatment,70.01,mobile,MY,0,0.0
6694,treatment,24.31,mobile,ID,1,29.72
6695,control,15.4,desktop,SG,1,29.17
6696,treatment,21.75,mobile,SG,0,0.0
6697,control,27.55,mobile,SG,0,0.0
6698,treatment,20.59,mobile,MY,0,0.0
6699,treatment,58.63,mobile,ID,1,23.2
6700,treatment,19.03,desktop,SG,0,0.0
6701,control,12.12,desktop,SG,0,0.0
6702,treatment,21.39,mobile,SG,0,0.0
6703,treatment,31.73,desktop,PH,0,0.0
6704,control,59.37,mobile,SG,0,0.0
6705,treatment,11.29,desktop,MY,0,0.0
6706,control,31.88,mobile,PH,1,35.18
6707,control,32.6,desktop,PH,0,0.0
6708,treatment,37.11,desktop,ID,0,0.0
6709,treatment,19.02,mobile,SG,1,6.26
6710,treatment,36.66,mobile,SG,0,0.0
6711,treatment,43.29,desktop,SG,0,0.0
6712,treatment,18.85,mobile,PH,0,0.0
6713,control,29.18,mobile,SG,0,0.0
6714,control,22.42,mobile,MY,0,0.0
6715,control,13.58,mobile,SG,1,31.52
6716,treatment,7.88,mobile,MY,1,29.01
6717,control,15.34,desktop,MY,0,0.0
6718,control,16.27,desktop,MY,0,0.0
6719,treatment,7.76,mobile,SG,0,0.0
6720,treatment,34.95,desktop,MY,0,0.0
6721,control,45.46,mobile,SG,0,0.0
6722,treatment,21.95,mobile,ID,0,0.0
6723,control,24.53,mobile,ID,0,0.0
6724,treatment,17.17,mobile,ID,0,0.0
6725,control,23.48,mobile,SG,0,0.0
6726,treatment,36.86,mobile,ID,0,0.0
6727,control,31.93,mobile,MY,1,34.41
6728,treatment,23.38,desktop,MY,1,19.02
6729,treatment,16.26,mobile,SG,0,0.0
6730,control,42.85,mobile,VN,0,0.0
6731,treatment,17.65,mobile,MY,0,0.0
6732,treatment,8.37,desktop,MY,0,0.0
6733,control,27.91,desktop,SG,0,0.0
6734,control,4.82,desktop,ID,0,0.0
6735,control,30.99,desktop,SG,1,10.65
6736,treatment,32.66,desktop,ID,0,0.0
6737,treatment,15.2,mobile,SG,0,0.0
6738,control,17.05,mobile,SG,0,0.0
6739,control,47.14,mobile,ID,0,0.0
6740,treatment,88.8,mobile,MY,0,0.0
6741,treatment,25.57,mobile,SG,0,0.0
6742,control,15.46,mobile,PH,0,0.0
6743,control,32.87,mobile,VN,0,0.0
6744,treatment,22.68,desktop,MY,0,0.0
6745,treatment,31.3,mobile,ID,0,0.0
6746,treatment,27.97,desktop,MY,0,0.0
6747,treatment,28.5,desktop,ID,0,0.0
6748,control,3.26,desktop,ID,0,0.0
6749,treatment,17.0,mobile,ID,0,0.0
6750,treatment,15.71,desktop,MY,1,26.44
6751,treatment,15.53,mobile,SG,0,0.0
6752,treatment,38.84,desktop,ID,0,0.0
6753,treatment,9.1,mobile,ID,0,0.0
6754,control,3.28,mobile,ID,0,0.0
6755,control,15.24,mobile,SG,0,0.0
6756,control,12.75,desktop,MY,0,0.0
6757,treatment,25.71,desktop,ID,0,0.0
6758,treatment,12.67,desktop,SG,0,0.0
6759,treatment,20.21,desktop,PH,0,0.0
6760,control,18.0,mobile,MY,0,0.0
6761,control,57.35,desktop,PH,0,0.0
6762,control,12.95,mobile,MY,0,0.0
6763,treatment,37.23,desktop,MY,0,0.0
6764,control,23.26,desktop,VN,0,0.0
6765,treatment,47.85,mobile,ID,0,0.0
6766,control,69.23,mobile,SG,0,0.0
6767,control,22.99,desktop,VN,0,0.0
6768,control,4.98,desktop,MY,0,0.0
6769,control,9.17,desktop,ID,0,0.0
6770,treatment,7.24,desktop,SG,1,75.7
6771,control,17.08,desktop,PH,1,11.53
6772,treatment,14.97,mobile,VN,1,11.36
6773,control,28.98,mobile,MY,0,0.0
6774,treatment,45.34,mobile,SG,0,0.0
6775,control,4.44,mobile,ID,0,0.0
6776,treatment,24.62,desktop,SG,0,0.0
6777,treatment,13.26,mobile,MY,0,0.0
6778,treatment,25.26,desktop,ID,0,0.0
6779,treatment,17.13,mobile,SG,0,0.0
6780,treatment,40.2,desktop,VN,0,0.0
6781,treatment,9.77,mobile,ID,1,25.77
6782,treatment,13.99,mobile,MY,0,0.0
6783,treatment,21.78,mobile,MY,0,0.0
6784,treatment,18.59,desktop,PH,0,0.0
6785,treatment,21.68,mobile,MY,0,0.0
6786,treatment,5.66,mobile,VN,0,0.0
6787,control,62.38,desktop,SG,0,0.0
6788,treatment,16.09,mobile,SG,0,0.0
6789,control,10.37,mobile,ID,0,0.0
6790,control,22.17,mobile,SG,0,0.0
6791,treatment,24.77,mobile,MY,0,0.0
6792,control,80.84,mobile,ID,0,0.0
6793,control,50.39,mobile,SG,1,85.37
6794,treatment,18.29,mobile,SG,0,0.0
6795,control,71.58,mobile,SG,0,0.0
6796,treatment,62.48,mobile,SG,1,21.59
6797,control,10.46,mobile,SG,0,0.0
6798,treatment,93.23,mobile,SG,0,0.0
6799,control,16.33,mobile,VN,0,0.0
6800,treatment,26.99,mobile,SG,0,0.0
6801,control,56.17,desktop,SG,1,10.57
6802,control,4.46,mobile,VN,0,0.0
6803,control,21.69,desktop,PH,0,0.0
6804,control,30.14,mobile,SG,0,0.0
6805,treatment,49.12,mobile,PH,0,0.0
6806,treatment,23.88,desktop,PH,0,0.0
6807,control,4.53,mobile,ID,0,0.0
6808,treatment,80.44,desktop,ID,0,0.0
6809,control,24.54,mobile,ID,0,0.0
6810,treatment,31.0,mobile,VN,1,12.5
6811,treatment,6.31,mobile,MY,0,0.0
6812,treatment,60.64,desktop,PH,1,112.74
6813,treatment,16.52,mobile,SG,0,0.0
6814,treatment,13.31,mobile,ID,0,0.0
6815,control,51.78,desktop,VN,0,0.0
6816,control,7.06,mobile,SG,0,0.0
6817,treatment,31.32,mobile,SG,0,0.0
6818,control,12.96,mobile,PH,0,0.0
6819,control,34.04,mobile,ID,1,15.63
6820,treatment,40.62,mobile,ID,0,0.0
6821,control,16.05,mobile,VN,0,0.0
6822,control,58.28,desktop,SG,0,0.0
6823,treatment,24.57,mobile,ID,0,0.0
6824,control,81.22,mobile,ID,0,0.0
6825,treatment,52.22,mobile,SG,0,0.0
6826,control,26.69,mobile,SG,0,0.0
6827,treatment,26.54,mobile,ID,0,0.0
6828,treatment,7.77,mobile,ID,0,0.0
6829,control,51.73,desktop,ID,0,0.0
6830,treatment,14.8,mobile,MY,1,39.48
6831,treatment,28.86,desktop,ID,0,0.0
6832,treatment,80.75,desktop,MY,0,0.0
6833,control,57.55,mobile,SG,0,0.0
6834,treatment,11.08,desktop,ID,0,0.0
6835,treatment,24.67,desktop,ID,0,0.0
6836,treatment,31.05,mobile,PH,0,0.0
6837,treatment,62.36,mobile,MY,0,0.0
6838,control,56.25,mobile,PH,0,0.0
6839,treatment,36.99,mobile,VN,0,0.0
6840,treatment,34.53,desktop,MY,0,0.0
6841,control,24.33,mobile,ID,0,0.0
6842,treatment,30.39,mobile,VN,0,0.0
6843,control,20.16,desktop,MY,0,0.0
6844,treatment,43.32,desktop,ID,1,33.87
6845,treatment,35.83,mobile,ID,0,0.0
6846,treatment,50.46,mobile,MY,0,0.0
6847,treatment,49.5,mobile,PH,0,0.0
6848,treatment,14.74,desktop,SG,0,0.0
6849,control,2.39,mobile,SG,0,0.0
6850,treatment,13.8,mobile,SG,0,0.0
6851,control,30.22,mobile,PH,0,0.0
6852,treatment,20.19,mobile,MY,1,24.79
6853,control,19.53,mobile,ID,0,0.0
6854,treatment,13.09,desktop,SG,0,0.0
6855,control,33.37,desktop,MY,0,0.0
6856,treatment,4.67,mobile,ID,0,0.0
6857,treatment,36.78,desktop,SG,0,0.0
6858,treatment,37.26,mobile,MY,0,0.0
6859,control,49.71,mobile,SG,0,0.0
6860,treatment,145.94,mobile,SG,0,0.0
6861,treatment,2.03,mobile,MY,0,0.0
6862,control,36.09,mobile,ID,0,0.0
6863,treatment,41.25,mobile,SG,1,36.95
6864,treatment,13.83,mobile,MY,0,0.0
6865,control,21.32,desktop,MY,0,0.0
6866,control,16.71,mobile,VN,0,0.0
6867,treatment,37.75,mobile,ID,0,0.0
6868,control,53.46,mobile,VN,0,0.0
6869,treatment,8.82,desktop,ID,0,0.0
6870,treatment,33.67,mobile,PH,0,0.0
6871,control,61.09,mobile,SG,0,0.0
6872,treatment,14.71,desktop,ID,0,0.0
6873,control,11.8,mobile,MY,1,14.11
6874,control,10.62,desktop,ID,0,0.0
6875,control,12.36,mobile,PH,0,0.0
6876,treatment,79.82,desktop,ID,0,0.0
6877,control,92.18,mobile,SG,0,0.0
6878,control,66.44,desktop,ID,0,0.0
6879,control,19.85,mobile,ID,0,0.0
6880,treatment,68.16,mobile,SG,0,0.0
6881,control,10.07,desktop,SG,0,0.0
6882,control,44.05,mobile,ID,0,0.0
6883,treatment,15.81,mobile,MY,0,0.0
6884,treatment,8.89,mobile,SG,0,0.0
6885,treatment,32.93,mobile,PH,0,0.0
6886,treatment,33.52,mobile,VN,1,26.16
6887,treatment,35.92,mobile,MY,0,0.0
6888,treatment,38.89,mobile,VN,0,0.0
6889,treatment,31.74,mobile,PH,0,0.0
6890,treatment,22.93,desktop,ID,0,0.0
6891,control,26.28,mobile,ID,0,0.0
6892,treatment,44.48,mobile,VN,0,0.0
6893,treatment,30.89,mobile,ID,0,0.0
6894,treatment,17.29,mobile,MY,1,19.79
6895,control,13.63,mobile,SG,0,0.0
6896,control,26.12,mobile,MY,0,0.0
6897,treatment,60.9,mobile,SG,0,0.0
6898,control,39.31,desktop,SG,0,0.0
6899,treatment,63.1,mobile,MY,0,0.0
6900,control,19.59,mobile,MY,0,0.0
6901,control,29.22,mobile,SG,0,0.0
6902,control,32.51,mobile,PH,0,0.0
6903,treatment,45.92,desktop,SG,0,0.0
6904,control,19.61,desktop,ID,0,0.0
6905,control,39.24,desktop,ID,0,0.0
6906,treatment,58.58,mobile,VN,1,46.92
6907,treatment,23.91,mobile,SG,0,0.0
6908,treatment,12.18,desktop,SG,1,8.07
6909,treatment,59.93,desktop,ID,0,0.0
6910,control,41.8,mobile,ID,0,0.0
6911,treatment,7.03,mobile,PH,0,0.0
6912,control,24.34,mobile,SG,0,0.0
6913,control,83.02,mobile,MY,0,0.0
6914,treatment,37.04,mobile,SG,0,0.0
6915,control,26.08,mobile,ID,0,0.0
6916,treatment,10.85,desktop,MY,0,0.0
6917,control,10.83,mobile,SG,0,0.0
6918,control,43.97,desktop,ID,1,25.82
6919,treatment,11.73,mobile,SG,0,0.0
6920,treatment,32.68,mobile,SG,0,0.0
6921,treatment,23.85,desktop,SG,0,0.0
6922,control,31.28,mobile,PH,1,42.31
6923,control,22.31,mobile,ID,0,0.0
6924,treatment,35.84,mobile,MY,0,0.0
6925,control,49.49,mobile,MY,1,12.88
6926,control,22.6,desktop,VN,0,0.0
6927,treatment,46.57,desktop,SG,0,0.0
6928,control,64.95,desktop,SG,0,0.0
6929,control,32.48,mobile,PH,0,0.0
6930,treatment,43.2,desktop,ID,1,16.37
6931,treatment,8.91,mobile,VN,0,0.0
6932,control,22.96,mobile,ID,0,0.0
6933,treatment,6.23,desktop,ID,0,0.0
6934,control,16.98,mobile,ID,0,0.0
6935,treatment,23.19,mobile,SG,1,11.09
6936,control,87.75,desktop,VN,0,0.0
6937,treatment,13.79,mobile,ID,1,21.57
6938,treatment,25.18,mobile,SG,0,0.0
6939,control,11.75,mobile,SG,0,0.0
6940,control,21.71,desktop,MY,0,0.0
6941,control,36.26,mobile,SG,0,0.0
6942,control,40.46,mobile,SG,0,0.0
6943,control,19.53,mobile,SG,0,0.0
6944,control,15.51,mobile,PH,0,0.0
6945,treatment,70.63,mobile,ID,0,0.0
6946,treatment,18.39,desktop,MY,0,0.0
6947,control,3.04,desktop,SG,0,0.0
6948,control,58.8,desktop,PH,0,0.0
6949,control,3.99,desktop,ID,1,12.4
6950,control,58.86,mobile,SG,0,0.0
6951,control,6.36,mobile,VN,0,0.0
6952,control,7.73,mobile,SG,0,0.0
6953,control,9.81,mobile,SG,0,0.0
6954,control,17.23,mobile,MY,0,0.0
6955,control,59.24,mobile,VN,0,0.0
6956,treatment,10.1,desktop,PH,0,0.0
6957,treatment,36.18,mobile,ID,0,0.0
6958,control,30.73,mobile,MY,0,0.0
6959,treatment,26.95,desktop,MY,0,0.0
6960,treatment,51.98,mobile,MY,0,0.0
6961,control,28.64,mobile,MY,0,0.0
6962,treatment,30.29,mobile,PH,0,0.0
6963,control,42.93,mobile,ID,1,15.06
6964,control,17.71,mobile,MY,0,0.0
6965,treatment,25.37,desktop,VN,0,0.0
6966,control,32.45,desktop,SG,0,0.0
6967,treatment,48.59,desktop,SG,0,0.0
6968,treatment,22.94,desktop,MY,1,34.64
6969,control,25.03,mobile,VN,0,0.0
6970,treatment,35.59,desktop,SG,0,0.0
6971,control,23.28,mobile,SG,0,0.0
6972,treatment,14.08,mobile,MY,0,0.0
6973,control,42.88,desktop,VN,0,0.0
6974,treatment,28.76,mobile,MY,0,0.0
6975,control,18.83,mobile,ID,0,0.0
6976,treatment,9.79,desktop,PH,0,0.0
6977,treatment,4.09,mobile,ID,0,0.0
6978,control,36.9,mobile,SG,0,0.0
6979,treatment,13.8,mobile,SG,0,0.0
6980,treatment,5.97,mobile,SG,0,0.0
6981,treatment,12.41,mobile,PH,0,0.0
6982,treatment,32.33,mobile,PH,0,0.0
6983,control,13.69,mobile,SG,0,0.0
6984,control,32.81,mobile,MY,0,0.0
6985,control,16.26,mobile,SG,0,0.0
6986,control,25.25,mobile,MY,0,0.0
6987,control,26.94,mobile,MY,0,0.0
6988,control,41.28,mobile,VN,0,0.0
6989,treatment,42.2,mobile,MY,0,0.0
6990,control,25.89,mobile,SG,0,0.0
6991,control,11.33,desktop,ID,0,0.0
6992,treatment,55.84,mobile,VN,0,0.0
6993,control,18.51,mobile,MY,0,0.0
6994,control,1.77,mobile,PH,0,0.0
6995,treatment,31.46,mobile,MY,0,0.0
6996,control,32.4,mobile,ID,0,0.0
6997,control,19.12,desktop,ID,0,0.0
6998,treatment,6.4,desktop,PH,0,0.0
6999,treatment,5.07,mobile,ID,0,0.0
7000,treatment,20.28,mobile,MY,0,0.0
7001,treatment,10.35,desktop,PH,0,0.0
7002,treatment,48.48,mobile,SG,0,0.0
7003,control,19.65,mobile,SG,0,0.0
7004,control,17.77,mobile,SG,0,0.0
7005,treatment,81.79,mobile,ID,0,0.0
7006,control,2.2,desktop,PH,0,0.0
7007,treatment,25.08,mobile,ID,0,0.0
7008,treatment,4.25,mobile,MY,1,17.57
7009,treatment,59.8,mobile,SG,0,0.0
7010,control,5.84,desktop,VN,0,0.0
7011,treatment,33.35,mobile,SG,1,16.09
7012,treatment,29.98,mobile,SG,0,0.0
7013,control,4.15,mobile,PH,0,0.0
7014,treatment,33.53,mobile,PH,0,0.0
7015,control,16.2,mobile,SG,0,0.0
7016,treatment,38.29,mobile,ID,0,0.0
7017,control,15.31,desktop,PH,1,8.59
7018,treatment,33.63,desktop,SG,0,0.0
7019,treatment,23.2,mobile,VN,0,0.0
7020,control,33.55,desktop,MY,0,0.0
7021,treatment,37.79,mobile,MY,0,0.0
7022,treatment,21.27,desktop,SG,1,29.35
7023,control,18.58,desktop,SG,0,0.0
7024,control,37.08,desktop,SG,0,0.0
7025,treatment,16.41,mobile,MY,0,0.0
7026,control,21.62,desktop,VN,0,0.0
7027,control,67.69,mobile,ID,0,0.0
7028,control,25.28,mobile,MY,0,0.0
7029,control,42.21,desktop,MY,1,18.8
7030,treatment,14.37,mobile,SG,0,0.0
7031,control,33.28,mobile,ID,0,0.0
7032,control,22.07,mobile,ID,0,0.0
7033,treatment,18.98,mobile,MY,1,25.89
7034,control,3.78,desktop,ID,1,11.31
7035,control,10.47,mobile,MY,0,0.0
7036,treatment,85.31,mobile,PH,1,74.21
7037,treatment,22.98,desktop,ID,0,0.0
7038,treatment,25.41,desktop,SG,0,0.0
7039,control,47.58,desktop,SG,0,0.0
7040,treatment,31.02,mobile,SG,1,33.78
7041,treatment,18.88,mobile,VN,0,0.0
7042,treatment,19.03,desktop,PH,0,0.0
7043,control,9.71,desktop,VN,0,0.0
7044,control,35.3,mobile,ID,0,0.0
7045,treatment,36.21,mobile,VN,0,0.0
7046,treatment,25.65,mobile,MY,0,0.0
7047,control,22.51,mobile,ID,0,0.0
7048,treatment,36.45,mobile,MY,0,0.0
7049,control,9.5,mobile,PH,0,0.0
7050,treatment,32.25,mobile,VN,1,8.01
7051,control,70.21,mobile,ID,0,0.0
7052,control,14.74,mobile,PH,0,0.0
7053,treatment,20.84,mobile,PH,0,0.0
7054,control,58.07,desktop,SG,0,0.0
7055,control,25.69,mobile,MY,0,0.0
7056,control,44.56,desktop,ID,0,0.0
7057,treatment,33.64,desktop,ID,0,0.0
7058,treatment,35.68,desktop,ID,0,0.0
7059,treatment,14.04,desktop,MY,0,0.0
7060,treatment,13.66,desktop,SG,0,0.0
7061,treatment,40.51,mobile,VN,0,0.0
7062,treatment,7.0,mobile,ID,0,0.0
7063,control,21.6,desktop,ID,0,0.0
7064,control,36.48,mobile,SG,0,0.0
7065,treatment,20.76,desktop,SG,0,0.0
7066,treatment,22.69,mobile,MY,0,0.0
7067,treatment,46.11,mobile,SG,1,10.32
7068,control,62.87,mobile,SG,0,0.0
7069,treatment,108.08,desktop,SG,0,0.0
7070,control,59.24,mobile,SG,0,0.0
7071,treatment,17.46,mobile,SG,1,46.88
7072,treatment,12.04,mobile,ID,0,0.0
7073,control,17.66,desktop,ID,0,0.0
7074,treatment,36.91,desktop,ID,0,0.0
7075,control,19.16,mobile,VN,1,18.94
7076,treatment,14.51,mobile,MY,0,0.0
7077,control,68.06,desktop,PH,1,8.81
7078,treatment,18.66,mobile,SG,0,0.0
7079,control,34.87,mobile,SG,0,0.0
7080,control,34.22,desktop,MY,0,0.0
7081,control,3.9,desktop,VN,0,0.0
7082,control,65.3,mobile,VN,0,0.0
7083,control,8.95,mobile,MY,0,0.0
7084,control,6.31,mobile,PH,0,0.0
7085,treatment,16.98,desktop,SG,0,0.0
7086,control,12.19,desktop,ID,0,0.0
7087,treatment,58.44,mobile,SG,0,0.0
7088,treatment,30.65,desktop,ID,0,0.0
7089,treatment,15.7,mobile,SG,0,0.0
7090,control,6.06,desktop,ID,0,0.0
7091,control,33.31,desktop,MY,0,0.0
7092,control,20.06,desktop,ID,0,0.0
7093,control,36.66,desktop,SG,1,5.14
7094,treatment,30.79,mobile,ID,0,0.0
7095,treatment,12.55,mobile,MY,1,22.52
7096,treatment,40.04,mobile,SG,0,0.0
7097,treatment,7.97,desktop,ID,0,0.0
7098,treatment,19.38,mobile,SG,0,0.0
7099,control,21.53,mobile,MY,0,0.0
7100,treatment,23.88,mobile,MY,0,0.0
7101,control,7.5,mobile,ID,0,0.0
7102,treatment,56.48,mobile,MY,1,14.58
7103,treatment,12.52,mobile,SG,0,0.0
7104,treatment,4.67,mobile,SG,0,0.0
7105,treatment,31.51,mobile,ID,0,0.0
7106,treatment,84.51,mobile,PH,0,0.0
7107,treatment,3.87,desktop,SG,0,0.0
7108,treatment,46.53,mobile,SG,0,0.0
7109,control,25.2,mobile,PH,0,0.0
7110,treatment,7.79,desktop,MY,0,0.0
7111,control,21.39,mobile,SG,0,0.0
7112,control,71.25,mobile,SG,1,11.36
7113,control,60.65,mobile,VN,0,0.0
7114,control,121.54,mobile,ID,0,0.0
7115,control,41.35,mobile,SG,0,0.0
7116,control,16.55,desktop,MY,0,0.0
7117,treatment,45.94,mobile,SG,1,32.7
7118,treatment,13.73,mobile,SG,0,0.0
7119,control,22.83,desktop,VN,0,0.0
7120,treatment,13.82,mobile,MY,0,0.0
7121,treatment,41.23,mobile,ID,1,35.04
7122,control,38.67,desktop,PH,1,22.41
7123,control,14.88,mobile,SG,0,0.0
7124,treatment,53.42,mobile,SG,0,0.0
7125,control,65.21,mobile,SG,0,0.0
7126,treatment,16.69,desktop,ID,0,0.0
7127,treatment,33.77,desktop,MY,0,0.0
7128,control,67.92,desktop,MY,0,0.0
7129,control,31.63,mobile,SG,0,0.0
7130,treatment,19.41,mobile,SG,1,31.71
7131,control,23.56,mobile,MY,0,0.0
7132,control,16.52,desktop,SG,0,0.0
7133,control,54.56,mobile,PH,0,0.0
7134,treatment,50.04,mobile,VN,0,0.0
7135,treatment,13.44,mobile,VN,0,0.0
7136,treatment,15.68,mobile,MY,0,0.0
7137,control,6.41,desktop,SG,0,0.0
7138,treatment,37.11,desktop,MY,0,0.0
7139,treatment,9.18,mobile,SG,0,0.0
7140,control,92.25,mobile,VN,0,0.0
7141,treatment,12.2,mobile,ID,1,36.43
7142,control,3.57,mobile,SG,0,0.0
7143,control,8.85,mobile,PH,0,0.0
7144,control,30.92,mobile,SG,0,0.0
7145,treatment,23.29,mobile,PH,0,0.0
7146,treatment,11.97,desktop,MY,0,0.0
7147,treatment,22.4,mobile,PH,1,20.26
7148,treatment,15.15,mobile,VN,0,0.0
7149,treatment,36.46,mobile,MY,0,0.0
7150,treatment,9.52,mobile,ID,0,0.0
7151,treatment,27.74,mobile,SG,0,0.0
7152,treatment,28.62,mobile,PH,0,0.0
7153,control,23.86,mobile,MY,0,0.0
7154,control,33.39,mobile,VN,0,0.0
7155,treatment,22.2,desktop,PH,0,0.0
7156,control,40.91,desktop,SG,0,0.0
7157,treatment,23.84,desktop,SG,1,40.17
7158,control,56.2,mobile,ID,0,0.0
7159,control,27.63,desktop,MY,0,0.0
7160,control,53.8,mobile,SG,0,0.0
7161,control,15.41,mobile,ID,0,0.0
7162,treatment,10.57,mobile,ID,0,0.0
7163,treatment,40.7,desktop,ID,0,0.0
7164,treatment,24.18,desktop,SG,0,0.0
7165,treatment,2.28,mobile,SG,0,0.0
7166,control,13.2,mobile,SG,1,53.49
7167,control,31.03,desktop,ID,0,0.0
7168,control,22.59,desktop,MY,1,13.4
7169,treatment,12.7,mobile,MY,0,0.0
7170,treatment,24.03,mobile,VN,0,0.0
7171,control,27.11,mobile,VN,0,0.0
7172,treatment,4.7,mobile,SG,0,0.0
7173,control,52.8,mobile,PH,0,0.0
7174,treatment,61.07,mobile,SG,1,16.03
7175,control,13.14,mobile,ID,0,0.0
7176,treatment,82.62,mobile,SG,0,0.0
7177,treatment,22.76,desktop,SG,0,0.0
7178,treatment,14.46,mobile,VN,0,0.0
7179,treatment,14.09,mobile,ID,0,0.0
7180,treatment,79.0,mobile,MY,0,0.0
7181,control,9.7,desktop,PH,0,0.0
7182,control,27.54,mobile,SG,0,0.0
7183,control,30.09,mobile,SG,0,0.0
7184,treatment,40.89,mobile,MY,0,0.0
7185,treatment,25.91,mobile,ID,0,0.0
7186,treatment,75.22,desktop,ID,0,0.0
7187,control,84.77,mobile,MY,0,0.0
7188,control,64.01,mobile,ID,0,0.0
7189,control,32.31,mobile,ID,0,0.0
7190,control,46.94,mobile,MY,0,0.0
7191,treatment,19.17,desktop,SG,0,0.0
7192,control,54.14,desktop,SG,0,0.0
7193,treatment,15.19,desktop,ID,0,0.0
7194,control,11.26,mobile,PH,0,0.0
7195,control,10.97,mobile,MY,0,0.0
7196,treatment,37.13,desktop,MY,0,0.0
7197,treatment,69.16,mobile,ID,0,0.0
7198,control,72.87,desktop,SG,0,0.0
7199,treatment,2.51,mobile,ID,0,0.0
7200,control,48.95,mobile,MY,0,0.0
7201,treatment,10.59,desktop,MY,0,0.0
7202,treatment,107.01,mobile,SG,0,0.0
7203,control,7.65,mobile,VN,0,0.0
7204,control,4.8,mobile,SG,0,0.0
7205,control,49.64,mobile,SG,1,22.31
7206,control,18.24,mobile,MY,1,22.68
7207,control,17.37,mobile,PH,0,0.0
7208,treatment,12.96,desktop,PH,1,65.43
7209,control,14.94,mobile,ID,0,0.0
7210,control,51.15,mobile,ID,0,0.0
7211,control,10.94,mobile,MY,0,0.0
7212,treatment,22.08,desktop,SG,0,0.0
7213,control,9.91,mobile,SG,0,0.0
7214,treatment,26.76,mobile,MY,0,0.0
7215,control,17.14,desktop,ID,0,0.0
7216,control,34.87,desktop,ID,0,0.0
7217,treatment,38.24,desktop,VN,1,19.58
7218,treatment,69.95,desktop,ID,0,0.0
7219,treatment,102.45,mobile,ID,0,0.0
7220,treatment,14.15,desktop,VN,0,0.0
7221,treatment,41.44,mobile,SG,0,0.0
7222,treatment,16.89,mobile,MY,0,0.0
7223,control,37.44,mobile,ID,0,0.0
7224,control,36.3,mobile,ID,0,0.0
7225,treatment,35.48,mobile,PH,0,0.0
7226,treatment,43.72,mobile,ID,0,0.0
7227,treatment,28.06,mobile,VN,0,0.0
7228,treatment,18.3,desktop,SG,0,0.0
7229,treatment,26.99,mobile,PH,0,0.0
7230,treatment,97.43,mobile,SG,0,0.0
7231,control,15.55,mobile,SG,0,0.0
7232,control,19.5,mobile,SG,0,0.0
7233,control,13.22,desktop,ID,0,0.0
7234,treatment,3.83,mobile,SG,0,0.0
7235,control,23.66,mobile,SG,0,0.0
7236,treatment,39.28,mobile,ID,0,0.0
7237,treatment,11.39,mobile,MY,0,0.0
7238,treatment,62.78,mobile,MY,0,0.0
7239,treatment,34.11,desktop,ID,0,0.0
7240,control,51.48,desktop,PH,1,8.53
7241,treatment,31.79,mobile,ID,0,0.0
7242,treatment,21.99,desktop,MY,0,0.0
7243,control,18.65,desktop,PH,0,0.0
7244,control,30.81,mobile,PH,0,0.0
7245,treatment,32.89,desktop,MY,1,30.49
7246,treatment,16.5,mobile,SG,0,0.0
7247,control,21.56,desktop,SG,0,0.0
7248,control,85.18,mobile,ID,0,0.0
7249,treatment,27.37,desktop,VN,0,0.0
7250,control,29.51,desktop,SG,0,0.0
7251,treatment,71.73,desktop,MY,0,0.0
7252,control,33.21,mobile,SG,0,0.0
7253,control,24.82,mobile,ID,0,0.0
7254,control,50.47,desktop,PH,0,0.0
7255,control,42.83,mobile,PH,0,0.0
7256,control,30.06,desktop,VN,0,0.0
7257,treatment,32.0,mobile,MY,0,0.0
7258,control,19.98,mobile,ID,1,27.23
7259,treatment,9.26,desktop,PH,0,0.0
7260,control,38.55,desktop,ID,1,24.45
7261,treatment,6.1,mobile,VN,0,0.0
7262,treatment,9.64,desktop,SG,0,0.0
7263,control,21.33,mobile,SG,0,0.0
7264,treatment,19.67,mobile,SG,0,0.0
7265,control,41.54,mobile,PH,0,0.0
7266,treatment,49.3,mobile,SG,0,0.0
7267,control,93.23,desktop,PH,1,25.23
7268,control,5.15,mobile,MY,0,0.0
7269,treatment,35.35,desktop,ID,1,12.1
7270,control,34.32,mobile,ID,1,25.0
7271,treatment,31.27,desktop,MY,0,0.0
7272,control,38.54,mobile,SG,0,0.0
7273,control,44.43,mobile,ID,0,0.0
7274,control,64.12,mobile,VN,0,0.0
7275,control,31.96,desktop,SG,0,0.0
7276,treatment,77.43,desktop,SG,0,0.0
7277,treatment,32.13,mobile,PH,0,0.0
7278,treatment,17.55,mobile,SG,1,10.13
7279,control,30.04,mobile,SG,0,0.0
7280,treatment,12.3,mobile,PH,0,0.0
7281,treatment,12.86,mobile,PH,0,0.0
7282,treatment,22.77,desktop,SG,0,0.0
7283,control,20.31,mobile,VN,0,0.0
7284,control,62.92,mobile,ID,0,0.0
7285,control,22.55,desktop,SG,0,0.0
7286,treatment,10.78,desktop,MY,0,0.0
7287,treatment,26.02,mobile,PH,0,0.0
7288,control,31.9,desktop,ID,0,0.0
7289,treatment,28.15,mobile,ID,0,0.0
7290,control,10.3,mobile,MY,0,0.0
7291,control,67.56,mobile,SG,0,0.0
7292,treatment,4.55,mobile,ID,0,0.0
7293,control,27.83,mobile,SG,0,0.0
7294,treatment,9.99,desktop,PH,1,37.65
7295,treatment,52.5,mobile,SG,0,0.0
7296,control,35.46,mobile,SG,0,0.0
7297,treatment,31.9,desktop,SG,0,0.0
7298,control,21.22,desktop,PH,0,0.0
7299,treatment,63.62,desktop,MY,0,0.0
7300,control,21.18,desktop,MY,0,0.0
7301,control,82.03,desktop,ID,0,0.0
7302,control,12.54,desktop,ID,0,0.0
7303,control,26.15,mobile,PH,0,0.0
7304,control,43.58,mobile,MY,0,0.0
7305,control,37.23,mobile,SG,0,0.0
7306,treatment,24.61,mobile,PH,0,0.0
7307,control,5.24,mobile,MY,0,0.0
7308,control,29.26,mobile,ID,0,0.0
7309,control,19.21,mobile,SG,0,0.0
7310,treatment,15.67,mobile,PH,0,0.0
7311,treatment,45.4,mobile,VN,0,0.0
7312,treatment,4.12,mobile,MY,0,0.0
7313,treatment,25.31,mobile,SG,0,0.0
7314,treatment,1.21,mobile,SG,0,0.0
7315,control,37.44,mobile,MY,0,0.0
7316,treatment,45.73,mobile,MY,1,35.15
7317,control,28.96,desktop,MY,1,20.42
7318,treatment,17.76,desktop,ID,1,37.56
7319,treatment,62.99,mobile,SG,0,0.0
7320,control,65.88,desktop,SG,0,0.0
7321,control,33.12,desktop,VN,0,0.0
7322,control,72.6,desktop,SG,0,0.0
7323,treatment,12.52,desktop,VN,0,0.0
7324,control,23.44,mobile,ID,0,0.0
7325,control,2.17,mobile,SG,0,0.0
7326,treatment,9.34,mobile,ID,0,0.0
7327,treatment,8.58,mobile,VN,1,60.93
7328,treatment,37.27,mobile,PH,0,0.0
7329,treatment,9.96,desktop,MY,1,32.03
7330,treatment,14.65,mobile,SG,0,0.0
7331,control,16.27,mobile,MY,0,0.0
7332,control,7.68,desktop,SG,0,0.0
7333,treatment,27.31,mobile,SG,0,0.0
7334,control,31.17,mobile,VN,0,0.0
7335,treatment,5.91,mobile,ID,0,0.0
7336,treatment,41.45,mobile,PH,0,0.0
7337,control,11.76,mobile,ID,0,0.0
7338,control,16.06,mobile,SG,0,0.0
7339,treatment,35.66,mobile,SG,0,0.0
7340,control,16.18,mobile,PH,0,0.0
7341,control,9.48,desktop,MY,0,0.0
7342,control,26.12,mobile,MY,0,0.0
7343,control,52.92,mobile,SG,0,0.0
7344,control,48.54,mobile,MY,0,0.0
7345,control,14.92,desktop,SG,0,0.0
7346,control,11.0,mobile,SG,0,0.0
7347,control,13.13,mobile,PH,0,0.0
7348,treatment,48.9,mobile,ID,0,0.0
7349,treatment,12.94,mobile,PH,0,0.0
7350,treatment,70.21,desktop,PH,0,0.0
7351,treatment,35.34,desktop,ID,1,45.14
7352,control,23.88,mobile,MY,0,0.0
7353,control,14.71,mobile,MY,0,0.0
7354,treatment,26.39,mobile,SG,0,0.0
7355,control,9.42,desktop,PH,0,0.0
7356,control,6.11,mobile,PH,0,0.0
7357,control,35.58,mobile,ID,1,10.63
7358,control,23.79,desktop,MY,0,0.0
7359,control,42.53,mobile,SG,0,0.0
7360,treatment,30.42,desktop,SG,0,0.0
7361,treatment,14.51,mobile,MY,0,0.0
7362,control,48.5,desktop,VN,0,0.0
7363,treatment,16.0,desktop,SG,0,0.0
7364,treatment,58.13,mobile,VN,1,14.99
7365,control,15.58,mobile,ID,0,0.0
7366,treatment,7.18,mobile,MY,0,0.0
7367,control,65.36,desktop,SG,0,0.0
7368,treatment,15.14,mobile,SG,0,0.0
7369,control,16.05,desktop,ID,1,19.36
7370,control,7.5,desktop,ID,0,0.0
7371,treatment,22.3,desktop,MY,1,36.32
7372,treatment,8.46,mobile,SG,0,0.0
7373,control,62.78,mobile,SG,1,2.87
7374,treatment,18.1,mobile,SG,0,0.0
7375,treatment,11.2,mobile,ID,0,0.0
7376,treatment,25.4,mobile,ID,0,0.0
7377,treatment,100.91,mobile,SG,0,0.0
7378,treatment,26.29,desktop,PH,0,0.0
7379,control,20.18,mobile,SG,0,0.0
7380,control,24.94,mobile,PH,0,0.0
7381,treatment,44.05,mobile,ID,1,62.39
7382,control,41.27,desktop,ID,0,0.0
7383,treatment,29.75,desktop,SG,0,0.0
7384,control,49.89,mobile,ID,1,14.91
7385,control,26.03,mobile,ID,1,5.37
7386,control,21.53,mobile,SG,1,10.4
7387,control,25.59,mobile,SG,0,0.0
7388,treatment,15.66,mobile,ID,0,0.0
7389,control,44.71,mobile,MY,0,0.0
7390,treatment,15.04,desktop,ID,0,0.0
7391,treatment,3.26,mobile,SG,0,0.0
7392,control,6.07,mobile,SG,0,0.0
7393,treatment,32.0,mobile,ID,0,0.0
7394,treatment,13.0,desktop,SG,0,0.0
7395,control,41.96,mobile,SG,1,22.84
7396,control,23.97,desktop,SG,0,0.0
7397,control,44.48,desktop,PH,0,0.0
7398,treatment,3.64,desktop,MY,0,0.0
7399,treatment,14.94,mobile,ID,0,0.0
7400,treatment,10.87,mobile,ID,0,0.0
7401,control,114.1,desktop,MY,0,0.0
7402,treatment,17.11,desktop,SG,0,0.0
7403,control,5.98,desktop,SG,0,0.0
7404,treatment,31.56,desktop,SG,0,0.0
7405,treatment,10.03,mobile,VN,0,0.0
7406,control,47.74,mobile,ID,0,0.0
7407,treatment,53.35,mobile,PH,0,0.0
7408,control,10.97,mobile,PH,0,0.0
7409,treatment,13.34,mobile,SG,0,0.0
7410,treatment,29.43,mobile,ID,0,0.0
7411,control,48.72,mobile,MY,0,0.0
7412,treatment,31.98,mobile,PH,0,0.0
7413,control,17.13,mobile,VN,0,0.0
7414,control,7.23,desktop,MY,0,0.0
7415,control,74.49,mobile,ID,0,0.0
7416,treatment,32.55,mobile,MY,0,0.0
7417,treatment,85.21,desktop,PH,0,0.0
7418,treatment,36.0,mobile,SG,0,0.0
7419,control,77.85,mobile,MY,0,0.0
7420,control,12.29,mobile,PH,0,0.0
7421,control,13.11,mobile,SG,0,0.0
7422,control,20.88,mobile,MY,0,0.0
7423,treatment,11.44,desktop,ID,0,0.0
7424,control,5.02,mobile,ID,0,0.0
7425,control,14.33,desktop,SG,0,0.0
7426,control,35.64,mobile,SG,0,0.0
7427,treatment,8.12,mobile,MY,1,14.43
7428,control,9.02,desktop,MY,0,0.0
7429,treatment,15.13,desktop,VN,0,0.0
7430,control,10.32,mobile,PH,0,0.0
7431,treatment,15.86,mobile,ID,0,0.0
7432,treatment,22.13,mobile,SG,0,0.0
7433,control,8.67,desktop,VN,0,0.0
7434,control,15.42,mobile,SG,0,0.0
7435,control,23.72,mobile,VN,0,0.0
7436,treatment,11.85,mobile,VN,0,0.0
7437,treatment,7.23,desktop,VN,0,0.0
7438,treatment,12.64,mobile,SG,1,41.21
7439,control,17.94,desktop,SG,0,0.0
7440,treatment,4.74,mobile,ID,1,37.94
7441,treatment,36.03,mobile,MY,0,0.0
7442,control,18.73,mobile,MY,0,0.0
7443,control,12.71,mobile,ID,0,0.0
7444,control,5.6,mobile,ID,0,0.0
7445,control,32.77,mobile,MY,0,0.0
7446,treatment,53.72,mobile,MY,0,0.0
7447,treatment,14.84,desktop,ID,1,40.33
7448,treatment,80.27,mobile,SG,1,23.41
7449,control,22.86,mobile,ID,0,0.0
7450,control,23.52,mobile,PH,0,0.0
7451,control,43.36,mobile,PH,0,0.0
7452,treatment,34.03,mobile,PH,0,0.0
7453,control,8.06,mobile,ID,0,0.0
7454,control,14.37,desktop,PH,0,0.0
7455,treatment,48.62,desktop,MY,0,0.0
7456,control,34.53,mobile,PH,0,0.0
7457,treatment,80.76,mobile,SG,0,0.0
7458,treatment,30.77,desktop,ID,1,12.18
7459,treatment,35.38,mobile,SG,0,0.0
7460,treatment,12.61,mobile,SG,0,0.0
7461,control,53.15,desktop,ID,0,0.0
7462,control,2.13,mobile,SG,0,0.0
7463,control,26.72,mobile,MY,0,0.0
7464,treatment,36.15,desktop,PH,0,0.0
7465,control,29.29,mobile,ID,0,0.0
7466,treatment,23.01,desktop,ID,0,0.0
7467,control,21.05,mobile,PH,0,0.0
7468,treatment,23.75,mobile,MY,0,0.0
7469,treatment,9.32,desktop,VN,0,0.0
7470,control,29.17,desktop,SG,0,0.0
7471,treatment,12.73,desktop,SG,1,55.39
7472,treatment,14.85,mobile,MY,0,0.0
7473,control,8.35,desktop,PH,0,0.0
7474,control,130.7,mobile,SG,1,6.49
7475,treatment,27.68,mobile,MY,0,0.0
7476,treatment,6.75,desktop,ID,0,0.0
7477,treatment,25.56,mobile,PH,0,0.0
7478,control,52.75,mobile,PH,1,19.38
7479,control,28.94,desktop,SG,0,0.0
7480,treatment,22.54,desktop,SG,0,0.0
7481,treatment,11.83,mobile,ID,0,0.0
7482,control,28.97,mobile,PH,0,0.0
7483,treatment,40.24,mobile,SG,0,0.0
7484,control,40.55,mobile,ID,0,0.0
7485,control,26.98,mobile,SG,0,0.0
7486,treatment,26.92,mobile,SG,0,0.0
7487,treatment,58.78,mobile,MY,0,0.0
7488,treatment,54.63,mobile,PH,0,0.0
7489,treatment,20.12,desktop,ID,0,0.0
7490,control,76.17,desktop,MY,0,0.0
7491,control,6.87,mobile,ID,0,0.0
7492,treatment,27.89,mobile,MY,1,6.05
7493,treatment,30.01,desktop,SG,1,9.88
7494,control,11.23,mobile,PH,0,0.0
7495,treatment,5.48,desktop,SG,0,0.0
7496,treatment,11.45,mobile,VN,0,0.0
7497,control,46.01,desktop,PH,0,0.0
7498,control,46.95,mobile,ID,0,0.0
7499,control,38.7,desktop,ID,0,0.0
7500,treatment,12.93,desktop,PH,0,0.0
7501,control,47.36,mobile,SG,0,0.0
7502,control,13.72,desktop,ID,0,0.0
7503,treatment,29.17,mobile,SG,0,0.0
7504,control,23.64,mobile,ID,0,0.0
7505,treatment,17.34,desktop,ID,1,49.07
7506,treatment,37.35,mobile,SG,0,0.0
7507,control,42.74,mobile,SG,0,0.0
7508,treatment,12.26,mobile,ID,0,0.0
7509,treatment,24.72,mobile,VN,1,14.81
7510,treatment,41.18,mobile,ID,0,0.0
7511,treatment,1.03,mobile,MY,0,0.0
7512,treatment,32.08,mobile,VN,0,0.0
7513,treatment,41.79,mobile,PH,0,0.0
7514,treatment,33.13,mobile,ID,0,0.0
7515,treatment,34.29,desktop,MY,0,0.0
7516,treatment,22.33,desktop,MY,0,0.0
7517,treatment,39.79,mobile,SG,0,0.0
7518,control,7.84,mobile,PH,0,0.0
7519,control,11.51,mobile,SG,0,0.0
7520,control,33.87,mobile,ID,0,0.0
7521,control,39.88,mobile,PH,0,0.0
7522,treatment,52.98,mobile,ID,0,0.0
7523,control,68.73,desktop,SG,0,0.0
7524,control,13.08,desktop,SG,0,0.0
7525,treatment,9.16,mobile,ID,0,0.0
7526,treatment,45.28,mobile,SG,0,0.0
7527,control,16.73,desktop,SG,0,0.0
7528,treatment,23.04,desktop,MY,0,0.0
7529,control,42.13,mobile,ID,0,0.0
7530,control,27.85,mobile,ID,0,0.0
7531,control,38.91,mobile,SG,0,0.0
7532,treatment,12.02,mobile,ID,0,0.0
7533,control,30.28,desktop,MY,0,0.0
7534,control,29.82,mobile,MY,0,0.0
7535,control,52.34,mobile,PH,0,0.0
7536,treatment,60.44,mobile,SG,1,42.34
7537,control,16.42,mobile,ID,1,30.62
7538,control,10.19,desktop,SG,0,0.0
7539,control,40.55,mobile,SG,0,0.0
7540,treatment,4.94,desktop,ID,0,0.0
7541,control,42.56,desktop,ID,0,0.0
7542,treatment,44.89,desktop,ID,0,0.0
7543,treatment,15.36,mobile,VN,1,23.67
7544,treatment,1.43,mobile,PH,0,0.0
7545,treatment,48.23,mobile,SG,0,0.0
7546,control,63.31,mobile,ID,0,0.0
7547,treatment,60.43,mobile,ID,0,0.0
7548,control,61.76,mobile,ID,0,0.0
7549,control,7.27,desktop,MY,0,0.0
7550,control,25.29,desktop,VN,1,29.6
7551,treatment,29.68,desktop,MY,1,65.4
7552,treatment,26.45,desktop,PH,0,0.0
7553,treatment,39.2,desktop,MY,0,0.0
7554,control,9.6,mobile,PH,0,0.0
7555,control,4.78,mobile,MY,0,0.0
7556,control,3.25,desktop,SG,0,0.0
7557,treatment,48.94,desktop,MY,0,0.0
7558,control,7.19,desktop,ID,0,0.0
7559,treatment,26.32,mobile,SG,0,0.0
7560,treatment,14.76,desktop,ID,0,0.0
7561,control,15.34,mobile,PH,1,17.46
7562,control,20.63,mobile,PH,0,0.0
7563,treatment,15.91,mobile,MY,1,22.94
7564,treatment,4.8,mobile,MY,0,0.0
7565,control,20.65,mobile,PH,0,0.0
7566,control,12.26,desktop,VN,0,0.0
7567,treatment,11.72,mobile,SG,0,0.0
7568,control,75.66,desktop,SG,1,26.25
7569,control,6.09,mobile,SG,0,0.0
7570,treatment,19.87,mobile,MY,0,0.0
7571,control,28.06,mobile,PH,0,0.0
7572,control,75.72,mobile,SG,0,0.0
7573,treatment,8.67,mobile,ID,0,0.0
7574,treatment,58.3,mobile,SG,0,0.0
7575,control,20.53,mobile,SG,0,0.0
7576,treatment,21.13,mobile,ID,0,0.0
7577,control,37.58,mobile,ID,1,29.77
7578,treatment,64.58,mobile,SG,0,0.0
7579,treatment,15.81,mobile,MY,0,0.0
7580,treatment,29.64,mobile,MY,0,0.0
7581,control,26.69,mobile,VN,0,0.0
7582,control,25.73,desktop,PH,0,0.0
7583,treatment,42.26,mobile,ID,0,0.0
7584,treatment,13.03,mobile,VN,1,16.02
7585,treatment,17.68,desktop,ID,0,0.0
7586,control,4.95,mobile,SG,0,0.0
7587,treatment,35.48,desktop,MY,0,0.0
7588,control,24.83,desktop,PH,0,0.0
7589,control,63.49,desktop,ID,0,0.0
7590,treatment,8.48,desktop,VN,0,0.0
7591,treatment,82.09,mobile,ID,0,0.0
7592,control,39.82,mobile,VN,0,0.0
7593,treatment,38.6,mobile,PH,1,28.17
7594,control,14.45,desktop,PH,0,0.0
7595,treatment,19.16,mobile,VN,0,0.0
7596,treatment,16.65,mobile,MY,0,0.0
7597,treatment,55.88,desktop,ID,0,0.0
7598,control,4.12,mobile,SG,0,0.0
7599,control,21.46,mobile,PH,0,0.0
7600,treatment,22.91,mobile,ID,0,0.0
7601,control,16.16,mobile,SG,0,0.0
7602,control,10.61,mobile,MY,0,0.0
7603,treatment,1.96,mobile,SG,0,0.0
7604,treatment,21.74,desktop,MY,1,24.67
7605,control,35.41,mobile,SG,0,0.0
7606,treatment,24.85,mobile,VN,0,0.0
7607,treatment,10.62,desktop,ID,1,28.85
7608,control,23.09,mobile,VN,0,0.0
7609,control,64.01,mobile,SG,0,0.0
7610,control,13.53,mobile,MY,0,0.0
7611,control,27.67,desktop,VN,0,0.0
7612,treatment,30.64,mobile,ID,0,0.0
7613,control,6.58,desktop,SG,0,0.0
7614,treatment,18.44,desktop,PH,1,32.8
7615,treatment,18.62,mobile,SG,0,0.0
7616,control,24.1,mobile,SG,0,0.0
7617,control,54.6,desktop,ID,0,0.0
7618,control,8.19,mobile,ID,0,0.0
7619,control,56.94,mobile,ID,0,0.0
7620,control,37.35,mobile,SG,0,0.0
7621,control,83.61,mobile,SG,0,0.0
7622,control,2.85,desktop,MY,0,0.0
7623,treatment,114.48,mobile,MY,0,0.0
7624,control,6.29,mobile,SG,0,0.0
7625,control,11.33,mobile,ID,0,0.0
7626,control,11.43,mobile,PH,0,0.0
7627,control,36.08,desktop,VN,0,0.0
7628,treatment,19.75,mobile,PH,0,0.0
7629,control,12.97,desktop,SG,0,0.0
7630,treatment,73.62,mobile,ID,1,22.32
7631,control,2.28,desktop,VN,0,0.0
7632,control,47.61,desktop,SG,0,0.0
7633,treatment,22.49,mobile,SG,0,0.0
7634,control,12.77,desktop,SG,0,0.0
7635,control,14.17,mobile,ID,0,0.0
7636,treatment,18.16,mobile,VN,1,20.78
7637,treatment,11.57,mobile,MY,0,0.0
7638,control,42.46,mobile,ID,0,0.0
7639,treatment,16.93,desktop,ID,0,0.0
7640,control,38.24,desktop,PH,0,0.0
7641,treatment,14.37,mobile,SG,0,0.0
7642,control,27.3,desktop,ID,0,0.0
7643,control,27.29,mobile,VN,0,0.0
7644,control,23.92,mobile,VN,0,0.0
7645,treatment,58.18,desktop,MY,1,17.61
7646,control,62.19,mobile,SG,0,0.0
7647,treatment,40.89,desktop,VN,0,0.0
7648,treatment,50.38,mobile,VN,0,0.0
7649,control,39.32,mobile,SG,0,0.0
7650,treatment,15.94,mobile,SG,0,0.0
7651,treatment,21.07,mobile,SG,0,0.0
7652,treatment,2.88,mobile,ID,0,0.0
7653,control,9.93,mobile,MY,0,0.0
7654,treatment,6.34,mobile,SG,0,0.0
7655,treatment,12.67,desktop,PH,0,0.0
7656,control,28.96,mobile,SG,0,0.0
7657,treatment,15.45,mobile,VN,0,0.0
7658,control,43.91,mobile,MY,0,0.0
7659,treatment,10.3,mobile,MY,0,0.0
7660,treatment,36.96,mobile,VN,1,3.16
7661,treatment,9.46,mobile,SG,0,0.0
7662,treatment,55.38,mobile,SG,0,0.0
7663,control,10.28,desktop,MY,0,0.0
7664,treatment,33.13,mobile,ID,1,8.13
7665,treatment,12.99,mobile,ID,0,0.0
7666,treatment,68.61,desktop,VN,0,0.0
7667,control,66.69,mobile,VN,0,0.0
7668,control,32.31,mobile,SG,1,37.33
7669,treatment,31.84,mobile,SG,0,0.0
7670,control,41.65,mobile,ID,0,0.0
7671,treatment,36.52,desktop,VN,0,0.0
7672,treatment,45.66,mobile,SG,0,0.0
7673,control,10.06,desktop,MY,0,0.0
7674,control,23.92,mobile,SG,0,0.0
7675,treatment,13.85,desktop,VN,0,0.0
7676,control,66.0,mobile,SG,0,0.0
7677,treatment,7.45,desktop,ID,0,0.0
7678,control,73.96,mobile,SG,0,0.0
7679,control,24.26,mobile,ID,0,0.0
7680,control,46.15,mobile,MY,0,0.0
7681,control,15.33,desktop,ID,0,0.0
7682,treatment,6.82,mobile,SG,1,28.18
7683,treatment,64.23,mobile,SG,0,0.0
7684,control,34.46,desktop,SG,0,0.0
7685,control,8.14,desktop,PH,0,0.0
7686,treatment,21.82,desktop,ID,0,0.0
7687,control,20.53,mobile,SG,0,0.0
7688,control,33.59,mobile,MY,0,0.0
7689,treatment,10.02,desktop,MY,0,0.0
7690,control,7.96,mobile,SG,0,0.0
7691,control,26.48,desktop,PH,0,0.0
7692,control,10.58,mobile,MY,0,0.0
7693,control,65.6,desktop,ID,1,28.95
7694,control,43.08,mobile,ID,0,0.0
7695,control,42.19,mobile,VN,0,0.0
7696,control,2.79,desktop,ID,0,0.0
7697,treatment,15.87,desktop,SG,0,0.0
7698,control,18.74,desktop,SG,0,0.0
7699,treatment,9.06,mobile,MY,0,0.0
7700,control,36.61,mobile,SG,1,28.39
7701,control,33.12,desktop,MY,0,0.0
7702,control,40.98,mobile,VN,0,0.0
7703,treatment,49.69,mobile,SG,0,0.0
7704,control,47.95,mobile,ID,0,0.0
7705,control,120.9,mobile,SG,0,0.0
7706,treatment,23.32,mobile,SG,0,0.0
7707,control,20.28,mobile,SG,0,0.0
7708,treatment,36.27,desktop,SG,0,0.0
7709,control,55.92,desktop,SG,0,0.0
7710,treatment,4.84,mobile,VN,0,0.0
7711,treatment,11.98,mobile,ID,0,0.0
7712,control,14.58,mobile,SG,0,0.0
7713,control,25.2,desktop,SG,0,0.0
7714,treatment,15.95,desktop,VN,0,0.0
7715,control,50.23,mobile,SG,0,0.0
7716,control,27.97,desktop,SG,1,42.6
7717,control,21.62,mobile,PH,0,0.0
7718,control,33.34,desktop,ID,1,35.06
7719,treatment,3.36,desktop,SG,1,37.21
7720,control,32.16,desktop,ID,0,0.0
7721,treatment,10.87,mobile,MY,0,0.0
7722,control,44.09,mobile,ID,0,0.0
7723,treatment,4.09,mobile,SG,0,0.0
7724,treatment,34.98,mobile,PH,0,0.0
7725,control,11.14,mobile,ID,0,0.0
7726,treatment,56.7,mobile,SG,0,0.0
7727,control,5.3,mobile,ID,0,0.0
7728,control,24.49,mobile,MY,0,0.0
7729,control,39.63,mobile,VN,0,0.0
7730,control,30.8,desktop,SG,0,0.0
7731,control,30.65,mobile,MY,0,0.0
7732,control,7.39,mobile,PH,0,0.0
7733,control,6.9,desktop,SG,0,0.0
7734,treatment,29.77,mobile,MY,0,0.0
7735,treatment,26.43,mobile,PH,0,0.0
7736,treatment,9.48,desktop,ID,0,0.0
7737,control,8.97,mobile,MY,1,14.85
7738,treatment,21.89,mobile,MY,0,0.0
7739,treatment,17.36,desktop,ID,0,0.0
7740,treatment,81.66,desktop,PH,0,0.0
7741,treatment,59.04,mobile,ID,0,0.0
7742,control,42.96,mobile,ID,0,0.0
7743,treatment,64.06,desktop,PH,0,0.0
7744,control,13.67,mobile,MY,0,0.0
7745,treatment,15.5,desktop,MY,1,42.61
7746,control,53.24,mobile,ID,0,0.0
7747,control,24.43,mobile,MY,0,0.0
7748,treatment,25.6,mobile,MY,0,0.0
7749,treatment,8.4,desktop,SG,1,4.72
7750,treatment,51.56,mobile,ID,0,0.0
7751,control,36.21,desktop,ID,0,0.0
7752,control,19.05,desktop,PH,0,0.0
7753,control,15.6,desktop,SG,1,6.87
7754,treatment,57.38,desktop,PH,0,0.0
7755,control,13.82,mobile,SG,0,0.0
7756,control,5.99,mobile,ID,0,0.0
7757,control,59.62,mobile,ID,0,0.0
7758,control,60.44,mobile,MY,0,0.0
7759,control,13.77,mobile,VN,0,0.0
7760,treatment,92.35,desktop,MY,0,0.0
7761,treatment,22.31,desktop,SG,0,0.0
7762,control,13.91,mobile,ID,0,0.0
7763,control,35.36,mobile,ID,0,0.0
7764,treatment,7.2,desktop,ID,0,0.0
7765,control,10.51,desktop,MY,0,0.0
7766,treatment,29.91,desktop,SG,0,0.0
7767,control,26.05,mobile,MY,0,0.0
7768,control,46.02,mobile,ID,0,0.0
7769,control,8.31,desktop,ID,0,0.0
7770,control,82.04,mobile,PH,0,0.0
7771,control,17.08,desktop,SG,0,0.0
7772,control,25.33,mobile,ID,0,0.0
7773,control,16.44,mobile,VN,0,0.0
7774,treatment,7.14,mobile,MY,0,0.0
7775,control,23.26,desktop,MY,0,0.0
7776,control,39.25,mobile,VN,0,0.0
7777,control,20.6,desktop,SG,0,0.0
7778,control,11.61,desktop,ID,0,0.0
7779,control,47.1,desktop,MY,0,0.0
7780,control,48.35,desktop,SG,0,0.0
7781,treatment,19.75,desktop,PH,0,0.0
7782,control,31.31,desktop,SG,0,0.0
7783,control,46.86,mobile,PH,0,0.0
7784,treatment,38.93,desktop,MY,0,0.0
7785,control,30.66,desktop,SG,0,0.0
7786,treatment,37.79,mobile,SG,0,0.0
7787,treatment,32.91,mobile,PH,0,0.0
7788,control,24.3,mobile,MY,0,0.0
7789,control,8.14,desktop,SG,0,0.0
7790,treatment,10.12,desktop,SG,0,0.0
7791,treatment,33.95,mobile,ID,0,0.0
7792,treatment,16.3,desktop,SG,1,10.82
7793,treatment,33.07,mobile,VN,0,0.0
7794,control,7.94,mobile,SG,0,0.0
7795,treatment,12.59,desktop,SG,0,0.0
7796,control,20.6,desktop,MY,1,29.12
7797,control,2.14,mobile,SG,0,0.0
7798,treatment,11.18,desktop,PH,0,0.0
7799,treatment,14.06,desktop,VN,0,0.0
7800,control,27.49,desktop,ID,1,15.8
7801,control,19.61,desktop,PH,0,0.0
7802,control,28.6,mobile,PH,0,0.0
7803,treatment,24.97,mobile,SG,0,0.0
7804,treatment,18.97,mobile,SG,1,14.03
7805,treatment,14.14,mobile,ID,0,0.0
7806,treatment,25.62,mobile,VN,0,0.0
7807,treatment,55.99,mobile,PH,0,0.0
7808,control,14.07,mobile,ID,0,0.0
7809,control,79.82,mobile,SG,0,0.0
7810,control,25.99,mobile,PH,1,38.88
7811,control,44.41,mobile,ID,0,0.0
7812,control,31.57,mobile,VN,0,0.0
7813,treatment,35.0,mobile,ID,0,0.0
7814,control,11.1,desktop,SG,0,0.0
7815,control,16.18,desktop,ID,0,0.0
7816,treatment,4.72,desktop,MY,0,0.0
7817,treatment,20.23,desktop,MY,0,0.0
7818,control,37.38,desktop,ID,1,3.02
7819,control,20.35,desktop,PH,0,0.0
7820,treatment,46.12,mobile,PH,0,0.0
7821,control,17.51,mobile,SG,0,0.0
7822,control,13.33,mobile,SG,0,0.0
7823,treatment,15.61,mobile,MY,0,0.0
7824,control,39.97,desktop,ID,0,0.0
7825,treatment,68.51,mobile,ID,0,0.0
7826,control,85.25,desktop,ID,0,0.0
7827,treatment,37.06,mobile,MY,1,27.19
7828,treatment,44.65,desktop,PH,0,0.0
7829,control,5.97,mobile,SG,0,0.0
7830,control,7.77,mobile,ID,0,0.0
7831,control,11.53,mobile,PH,0,0.0
7832,treatment,58.3,mobile,SG,0,0.0
7833,control,57.74,mobile,SG,0,0.0
7834,treatment,98.02,desktop,ID,1,27.05
7835,treatment,11.3,mobile,SG,0,0.0
7836,control,22.16,mobile,MY,0,0.0
7837,control,4.68,mobile,VN,0,0.0
7838,control,6.62,mobile,SG,0,0.0
7839,control,18.91,mobile,VN,0,0.0
7840,treatment,11.75,mobile,SG,0,0.0
7841,control,11.88,desktop,MY,0,0.0
7842,treatment,14.62,mobile,SG,0,0.0
7843,control,62.83,desktop,ID,0,0.0
7844,control,50.61,mobile,VN,0,0.0
7845,control,10.01,desktop,MY,0,0.0
7846,treatment,49.65,desktop,VN,0,0.0
7847,treatment,12.6,mobile,ID,0,0.0
7848,control,5.88,desktop,VN,0,0.0
7849,treatment,14.18,mobile,ID,0,0.0
7850,control,29.48,mobile,ID,0,0.0
7851,control,11.06,desktop,VN,0,0.0
7852,control,36.58,desktop,ID,0,0.0
7853,control,15.04,mobile,PH,0,0.0
7854,treatment,31.07,desktop,SG,1,13.95
7855,control,9.9,mobile,SG,0,0.0
7856,treatment,23.87,mobile,ID,0,0.0
7857,treatment,11.37,mobile,SG,0,0.0
7858,control,19.36,mobile,MY,0,0.0
7859,treatment,80.62,desktop,PH,0,0.0
7860,treatment,16.74,mobile,ID,0,0.0
7861,control,7.61,desktop,VN,0,0.0
7862,control,25.03,desktop,MY,0,0.0
7863,control,25.35,mobile,SG,0,0.0
7864,control,25.23,mobile,SG,1,16.42
7865,treatment,35.08,mobile,VN,0,0.0
7866,control,16.09,mobile,MY,0,0.0
7867,control,37.57,mobile,VN,0,0.0
7868,control,23.13,mobile,MY,0,0.0
7869,control,7.19,mobile,SG,0,0.0
7870,treatment,41.36,mobile,PH,0,0.0
7871,treatment,26.86,desktop,ID,1,13.22
7872,treatment,36.18,desktop,ID,1,9.76
7873,control,8.04,desktop,MY,0,0.0
7874,treatment,43.08,desktop,MY,0,0.0
7875,treatment,94.82,mobile,PH,0,0.0
7876,treatment,7.46,mobile,SG,0,0.0
7877,treatment,47.33,mobile,SG,0,0.0
7878,treatment,26.94,desktop,SG,1,26.46
7879,treatment,23.32,mobile,MY,0,0.0
7880,control,43.43,mobile,PH,0,0.0
7881,control,40.18,desktop,ID,0,0.0
7882,treatment,55.57,mobile,VN,0,0.0
7883,control,8.34,desktop,ID,0,0.0
7884,treatment,57.04,mobile,ID,0,0.0
7885,treatment,30.84,mobile,ID,0,0.0
7886,treatment,4.83,desktop,PH,0,0.0
7887,control,16.87,mobile,SG,0,0.0
7888,treatment,27.4,mobile,MY,0,0.0
7889,control,16.56,mobile,MY,0,0.0
7890,treatment,21.15,desktop,VN,0,0.0
7891,control,14.7,mobile,SG,0,0.0
7892,treatment,127.91,mobile,SG,0,0.0
7893,treatment,38.0,mobile,ID,0,0.0
7894,treatment,24.93,mobile,ID,0,0.0
7895,control,9.69,mobile,MY,0,0.0
7896,treatment,55.67,mobile,ID,0,0.0
7897,control,34.55,desktop,ID,0,0.0
7898,control,10.63,mobile,MY,0,0.0
7899,control,10.7,mobile,MY,0,0.0
7900,treatment,21.55,mobile,SG,0,0.0
7901,treatment,25.12,mobile,PH,0,0.0
7902,treatment,37.37,mobile,MY,0,0.0
7903,control,22.68,desktop,ID,0,0.0
7904,control,39.64,mobile,MY,0,0.0
7905,control,16.58,desktop,SG,0,0.0
7906,control,22.72,mobile,ID,0,0.0
7907,treatment,57.08,desktop,MY,0,0.0
7908,control,40.91,desktop,SG,0,0.0
7909,treatment,23.78,desktop,VN,0,0.0
7910,control,30.04,mobile,PH,0,0.0
7911,control,22.8,mobile,ID,1,15.35
7912,control,6.69,desktop,ID,1,22.55
7913,control,70.53,mobile,ID,0,0.0
7914,treatment,11.27,mobile,MY,0,0.0
7915,treatment,17.63,desktop,SG,0,0.0
7916,treatment,113.75,mobile,ID,0,0.0
7917,control,9.34,mobile,ID,0,0.0
7918,control,21.79,desktop,MY,0,0.0
7919,control,59.64,mobile,PH,0,0.0
7920,treatment,80.88,desktop,MY,0,0.0
7921,treatment,34.2,desktop,MY,1,40.85
7922,treatment,56.02,mobile,MY,0,0.0
7923,control,20.09,mobile,ID,0,0.0
7924,treatment,1.16,desktop,SG,0,0.0
7925,treatment,52.65,mobile,MY,0,0.0
7926,control,23.36,desktop,ID,0,0.0
7927,control,18.28,mobile,ID,0,0.0
7928,control,16.99,mobile,MY,0,0.0
7929,control,39.09,desktop,ID,1,49.02
7930,control,38.77,mobile,VN,0,0.0
7931,treatment,23.89,mobile,ID,0,0.0
7932,control,33.02,mobile,ID,0,0.0
7933,treatment,9.17,mobile,SG,0,0.0
7934,control,20.33,mobile,MY,0,0.0
7935,control,9.57,desktop,SG,0,0.0
7936,treatment,9.27,mobile,VN,0,0.0
7937,control,30.75,desktop,SG,0,0.0
7938,control,24.88,mobile,VN,1,12.52
7939,treatment,16.61,mobile,MY,0,0.0
7940,control,19.54,mobile,MY,0,0.0
7941,control,32.67,desktop,ID,0,0.0
7942,control,39.67,mobile,SG,0,0.0
7943,treatment,35.23,desktop,SG,0,0.0
7944,treatment,4.6,desktop,MY,0,0.0
7945,control,1.97,desktop,ID,0,0.0
7946,treatment,12.24,mobile,ID,1,6.35
7947,treatment,2.01,mobile,VN,0,0.0
7948,treatment,65.05,mobile,SG,0,0.0
7949,control,19.02,desktop,PH,0,0.0
7950,treatment,7.14,mobile,SG,0,0.0
7951,control,18.84,mobile,ID,0,0.0
7952,control,3.47,mobile,SG,0,0.0
7953,treatment,7.31,mobile,VN,0,0.0
7954,control,17.72,mobile,ID,0,0.0
7955,control,15.39,mobile,MY,0,0.0
7956,treatment,17.6,mobile,MY,0,0.0
7957,control,33.43,mobile,MY,1,12.88
7958,treatment,46.74,mobile,SG,0,0.0
7959,treatment,26.11,mobile,ID,0,0.0
7960,control,48.48,desktop,ID,0,0.0
7961,treatment,15.69,mobile,SG,1,27.96
7962,treatment,53.08,desktop,SG,0,0.0
7963,treatment,26.42,mobile,SG,0,0.0
7964,control,43.95,mobile,MY,0,0.0
7965,treatment,15.96,mobile,SG,0,0.0
7966,treatment,25.52,desktop,SG,0,0.0
7967,treatment,88.1,desktop,SG,0,0.0
7968,treatment,25.37,desktop,MY,0,0.0
7969,control,46.45,mobile,ID,0,0.0
7970,treatment,50.49,desktop,ID,0,0.0
7971,control,37.2,mobile,SG,0,0.0
7972,treatment,41.98,mobile,MY,0,0.0
7973,control,16.0,desktop,ID,0,0.0
7974,control,11.88,mobile,MY,0,0.0
7975,treatment,9.7,desktop,VN,0,0.0
7976,control,32.3,desktop,ID,1,13.98
7977,treatment,24.82,desktop,ID,0,0.0
7978,control,30.68,mobile,MY,0,0.0
7979,treatment,8.23,mobile,MY,0,0.0
7980,treatment,13.58,mobile,SG,0,0.0
7981,control,45.56,mobile,SG,0,0.0
7982,treatment,27.82,desktop,PH,0,0.0
7983,control,26.57,mobile,VN,0,0.0
7984,treatment,20.21,desktop,VN,0,0.0
7985,treatment,12.54,mobile,MY,0,0.0
7986,treatment,54.29,mobile,VN,0,0.0
7987,treatment,60.53,desktop,ID,1,14.04
7988,treatment,25.62,mobile,MY,0,0.0
7989,treatment,21.88,mobile,VN,1,59.43
7990,treatment,63.53,desktop,VN,0,0.0
7991,treatment,13.92,mobile,ID,0,0.0
7992,treatment,16.85,mobile,PH,0,0.0
7993,control,44.08,desktop,PH,0,0.0
7994,control,16.62,mobile,ID,0,0.0
7995,treatment,24.52,desktop,MY,0,0.0
7996,treatment,2.66,desktop,SG,0,0.0
7997,control,61.51,mobile,VN,0,0.0
7998,control,41.52,desktop,SG,0,0.0
7999,treatment,51.74,mobile,SG,0,0.0
8000,control,10.95,mobile,MY,0,0.0
8001,treatment,70.59,desktop,MY,0,0.0
8002,control,22.81,mobile,SG,0,0.0
8003,control,54.84,mobile,SG,0,0.0
8004,treatment,31.66,mobile,PH,0,0.0
8005,control,42.87,mobile,ID,1,16.72
8006,treatment,33.45,mobile,VN,0,0.0
8007,treatment,16.52,mobile,PH,1,8.88
8008,treatment,5.35,desktop,MY,0,0.0
8009,treatment,57.74,desktop,MY,0,0.0
8010,control,1.34,mobile,SG,0,0.0
8011,control,46.22,mobile,VN,0,0.0
8012,treatment,57.69,mobile,ID,0,0.0
8013,treatment,6.86,mobile,PH,1,40.93
8014,control,17.29,mobile,VN,1,33.69
8015,treatment,6.09,desktop,SG,0,0.0
8016,control,14.53,mobile,VN,0,0.0
8017,control,51.16,desktop,PH,0,0.0
8018,control,42.53,desktop,MY,0,0.0
8019,treatment,38.59,mobile,VN,1,14.63
8020,control,17.39,desktop,ID,0,0.0
8021,treatment,1.58,mobile,MY,0,0.0
8022,control,7.88,desktop,SG,0,0.0
8023,control,20.21,mobile,ID,0,0.0
8024,control,9.63,mobile,PH,0,0.0
8025,treatment,46.57,mobile,SG,0,0.0
8026,control,72.09,mobile,MY,0,0.0
8027,treatment,31.48,desktop,SG,1,29.6
8028,control,6.77,desktop,ID,0,0.0
8029,treatment,59.19,mobile,ID,0,0.0
8030,control,26.59,desktop,PH,1,3.55
8031,treatment,23.92,mobile,SG,1,15.73
8032,control,36.31,mobile,SG,0,0.0
8033,control,8.22,mobile,SG,1,15.89
8034,treatment,17.63,desktop,VN,0,0.0
8035,control,22.66,mobile,ID,0,0.0
8036,treatment,29.51,mobile,SG,0,0.0
8037,treatment,31.77,desktop,SG,0,0.0
8038,treatment,36.27,desktop,SG,0,0.0
8039,control,14.87,mobile,ID,0,0.0
8040,treatment,4.27,mobile,MY,0,0.0
8041,treatment,20.05,mobile,ID,0,0.0
8042,treatment,22.09,mobile,SG,0,0.0
8043,control,4.05,mobile,MY,0,0.0
8044,control,14.18,desktop,ID,0,0.0
8045,treatment,27.53,mobile,SG,0,0.0
8046,treatment,16.13,desktop,SG,0,0.0
8047,control,26.7,desktop,SG,0,0.0
8048,control,15.55,mobile,ID,0,0.0
8049,control,38.21,mobile,ID,0,0.0
8050,treatment,10.36,mobile,MY,0,0.0
8051,control,24.15,desktop,ID,0,0.0
8052,control,25.06,mobile,SG,0,0.0
8053,control,45.32,mobile,PH,1,14.69
8054,control,18.4,desktop,PH,0,0.0
8055,control,71.41,desktop,SG,0,0.0
8056,control,69.59,mobile,PH,0,0.0
8057,treatment,10.99,desktop,MY,1,33.16
8058,treatment,23.61,desktop,MY,0,0.0
8059,control,7.49,mobile,ID,0,0.0
8060,treatment,34.25,mobile,PH,0,0.0
8061,treatment,15.95,desktop,SG,0,0.0
8062,treatment,26.31,desktop,SG,0,0.0
8063,control,19.63,mobile,VN,0,0.0
8064,treatment,124.81,desktop,VN,0,0.0
8065,treatment,21.49,mobile,PH,1,19.69
8066,treatment,20.01,mobile,SG,0,0.0
8067,control,47.41,desktop,ID,0,0.0
8068,control,52.2,desktop,MY,0,0.0
8069,treatment,29.26,mobile,SG,0,0.0
8070,control,53.2,mobile,SG,0,0.0
8071,treatment,111.29,mobile,PH,0,0.0
8072,control,18.8,mobile,SG,0,0.0
8073,control,8.38,desktop,SG,0,0.0
8074,control,32.35,mobile,SG,0,0.0
8075,treatment,49.8,desktop,ID,0,0.0
8076,treatment,67.53,mobile,PH,0,0.0
8077,treatment,36.7,desktop,SG,0,0.0
8078,treatment,24.61,mobile,PH,0,0.0
8079,treatment,12.5,desktop,SG,0,0.0
8080,treatment,57.9,mobile,MY,0,0.0
8081,control,30.4,mobile,SG,0,0.0
8082,treatment,4.39,mobile,MY,0,0.0
8083,treatment,87.97,mobile,VN,0,0.0
8084,treatment,8.89,mobile,ID,1,17.15
8085,control,50.46,desktop,SG,0,0.0
8086,control,28.57,desktop,VN,0,0.0
8087,treatment,4.78,mobile,ID,0,0.0
8088,treatment,22.45,desktop,MY,0,0.0
8089,control,18.84,mobile,VN,0,0.0
8090,treatment,6.09,mobile,PH,0,0.0
8091,control,34.19,mobile,ID,0,0.0
8092,control,45.6,mobile,SG,1,41.92
8093,treatment,23.68,mobile,SG,0,0.0
8094,treatment,18.44,mobile,PH,0,0.0
8095,treatment,36.1,mobile,ID,0,0.0
8096,control,0.86,mobile,PH,0,0.0
8097,control,16.77,mobile,PH,0,0.0
8098,treatment,17.82,mobile,VN,0,0.0
8099,control,24.28,mobile,MY,0,0.0
8100,control,5.69,mobile,MY,0,0.0
8101,treatment,3.11,mobile,SG,0,0.0
8102,treatment,9.73,mobile,SG,0,0.0
8103,treatment,33.8,mobile,MY,0,0.0
8104,treatment,17.57,desktop,MY,0,0.0
8105,control,9.67,desktop,SG,0,0.0
8106,treatment,78.99,desktop,ID,0,0.0
8107,control,18.42,mobile,MY,0,0.0
8108,control,24.4,mobile,MY,0,0.0
8109,control,57.31,mobile,ID,0,0.0
8110,control,27.19,desktop,MY,0,0.0
8111,control,35.85,mobile,ID,0,0.0
8112,treatment,11.96,desktop,ID,0,0.0
8113,treatment,25.43,mobile,MY,0,0.0
8114,control,72.35,desktop,MY,0,0.0
8115,control,32.61,mobile,SG,0,0.0
8116,control,29.23,mobile,PH,0,0.0
8117,treatment,19.94,mobile,VN,0,0.0
8118,treatment,7.38,desktop,SG,0,0.0
8119,treatment,53.13,desktop,SG,0,0.0
8120,control,22.93,desktop,PH,0,0.0
8121,treatment,13.53,desktop,ID,0,0.0
8122,treatment,6.6,mobile,MY,0,0.0
8123,treatment,30.36,mobile,ID,0,0.0
8124,control,8.6,desktop,VN,0,0.0
8125,treatment,53.45,mobile,SG,0,0.0
8126,control,14.24,mobile,ID,0,0.0
8127,control,25.86,mobile,PH,0,0.0
8128,treatment,32.13,mobile,SG,0,0.0
8129,control,29.46,mobile,VN,0,0.0
8130,treatment,45.71,desktop,VN,0,0.0
8131,treatment,15.4,mobile,ID,0,0.0
8132,control,24.53,mobile,ID,0,0.0
8133,control,37.27,mobile,ID,0,0.0
8134,treatment,67.7,desktop,ID,0,0.0
8135,control,43.45,desktop,SG,0,0.0
8136,control,49.27,desktop,SG,0,0.0
8137,control,18.81,mobile,SG,0,0.0
8138,control,32.59,desktop,MY,0,0.0
8139,control,61.16,desktop,ID,0,0.0
8140,treatment,23.59,mobile,PH,0,0.0
8141,treatment,32.74,desktop,MY,0,0.0
8142,control,5.09,mobile,ID,0,0.0
8143,control,39.89,desktop,ID,0,0.0
8144,treatment,28.99,desktop,MY,1,51.08
8145,treatment,38.02,mobile,ID,1,16.88
8146,control,19.18,mobile,SG,0,0.0
8147,treatment,3.83,mobile,SG,0,0.0
8148,treatment,41.24,desktop,MY,1,9.62
8149,treatment,13.42,desktop,VN,0,0.0
8150,control,5.73,mobile,VN,0,0.0
8151,treatment,27.52,desktop,ID,0,0.0
8152,treatment,73.65,mobile,ID,0,0.0
8153,treatment,11.7,mobile,ID,1,17.67
8154,treatment,13.91,mobile,MY,0,0.0
8155,control,42.71,desktop,SG,0,0.0
8156,control,20.65,desktop,SG,0,0.0
8157,treatment,41.13,desktop,SG,0,0.0
8158,treatment,19.77,desktop,VN,0,0.0
8159,treatment,17.3,mobile,ID,0,0.0
8160,control,12.22,mobile,ID,0,0.0
8161,treatment,30.93,mobile,PH,0,0.0
8162,control,12.16,mobile,ID,0,0.0
8163,treatment,16.44,mobile,ID,0,0.0
8164,treatment,52.86,mobile,PH,0,0.0
8165,control,95.13,mobile,SG,0,0.0
8166,control,33.85,mobile,SG,0,0.0
8167,control,54.28,mobile,ID,0,0.0
8168,control,18.12,desktop,SG,0,0.0
8169,control,20.15,mobile,ID,0,0.0
8170,treatment,28.5,desktop,PH,0,0.0
8171,control,13.6,mobile,PH,0,0.0
8172,treatment,17.1,desktop,MY,0,0.0
8173,control,40.14,mobile,SG,0,0.0
8174,treatment,24.97,mobile,VN,0,0.0
8175,treatment,21.88,mobile,VN,0,0.0
8176,control,21.05,mobile,MY,0,0.0
8177,control,9.79,desktop,PH,0,0.0
8178,treatment,27.71,mobile,PH,0,0.0
8179,control,13.61,mobile,MY,0,0.0
8180,control,5.04,desktop,MY,0,0.0
8181,treatment,8.53,mobile,VN,0,0.0
8182,control,21.36,mobile,ID,0,0.0
8183,control,37.84,mobile,ID,0,0.0
8184,control,45.1,mobile,VN,0,0.0
8185,treatment,6.67,mobile,PH,0,0.0
8186,treatment,35.19,mobile,SG,0,0.0
8187,control,76.64,mobile,MY,0,0.0
8188,treatment,46.69,desktop,PH,0,0.0
8189,control,26.91,mobile,SG,0,0.0
8190,treatment,28.59,mobile,SG,0,0.0
8191,treatment,26.33,desktop,PH,0,0.0
8192,control,16.08,desktop,PH,1,17.53
8193,control,48.27,desktop,SG,0,0.0
8194,treatment,10.6,mobile,SG,0,0.0
8195,treatment,27.98,desktop,PH,0,0.0
8196,treatment,4.94,mobile,SG,0,0.0
8197,control,51.34,desktop,SG,0,0.0
8198,control,27.15,desktop,VN,0,0.0
8199,control,6.17,mobile,PH,0,0.0
8200,treatment,63.39,desktop,MY,0,0.0
8201,treatment,22.65,desktop,ID,0,0.0
8202,control,7.69,desktop,MY,0,0.0
8203,treatment,81.24,desktop,SG,0,0.0
8204,treatment,19.81,desktop,VN,0,0.0
8205,treatment,12.41,mobile,ID,0,0.0
8206,treatment,29.02,mobile,ID,1,9.75
8207,treatment,8.6,mobile,MY,0,0.0
8208,treatment,16.08,mobile,ID,0,0.0
8209,control,58.43,desktop,SG,0,0.0
8210,treatment,20.2,desktop,MY,0,0.0
8211,treatment,33.71,mobile,ID,0,0.0
8212,treatment,60.22,desktop,PH,0,0.0
8213,treatment,19.7,desktop,PH,0,0.0
8214,control,11.95,desktop,SG,0,0.0
8215,treatment,38.35,mobile,ID,0,0.0
8216,control,7.38,mobile,MY,0,0.0
8217,treatment,10.79,mobile,ID,0,0.0
8218,treatment,6.0,desktop,PH,0,0.0
8219,treatment,57.3,desktop,PH,0,0.0
8220,control,25.61,desktop,MY,0,0.0
8221,control,39.38,mobile,ID,0,0.0
8222,treatment,11.45,mobile,SG,0,0.0
8223,control,32.74,desktop,SG,0,0.0
8224,treatment,33.58,mobile,SG,0,0.0
8225,control,80.96,desktop,MY,0,0.0
8226,treatment,37.01,desktop,ID,0,0.0
8227,control,45.02,desktop,MY,0,0.0
8228,treatment,27.17,desktop,ID,1,18.42
8229,control,1.1,mobile,SG,0,0.0
8230,treatment,30.64,mobile,ID,1,22.95
8231,treatment,21.24,desktop,SG,0,0.0
8232,treatment,20.43,desktop,MY,0,0.0
8233,control,16.7,desktop,ID,0,0.0
8234,treatment,20.43,mobile,SG,1,59.16
8235,control,14.15,mobile,MY,0,0.0
8236,control,42.06,mobile,PH,0,0.0
8237,control,9.92,mobile,SG,0,0.0
8238,treatment,73.93,desktop,PH,0,0.0
8239,treatment,39.58,mobile,SG,1,9.75
8240,control,50.05,mobile,PH,0,0.0
8241,treatment,10.6,mobile,SG,0,0.0
8242,control,15.74,desktop,VN,0,0.0
8243,treatment,26.37,mobile,SG,0,0.0
8244,treatment,24.46,mobile,VN,0,0.0
8245,treatment,39.65,mobile,SG,1,6.48
8246,control,24.54,mobile,ID,1,37.04
8247,treatment,76.59,mobile,MY,1,29.92
8248,treatment,10.81,desktop,SG,0,0.0
8249,treatment,8.86,desktop,SG,0,0.0
8250,treatment,15.1,mobile,SG,0,0.0
8251,control,20.46,mobile,MY,0,0.0
8252,treatment,53.11,mobile,ID,1,12.05
8253,treatment,32.1,mobile,MY,0,0.0
8254,control,1.5,mobile,ID,0,0.0
8255,treatment,1.74,desktop,SG,0,0.0
8256,control,22.0,mobile,ID,1,25.67
8257,control,17.24,mobile,PH,0,0.0
8258,control,22.51,mobile,SG,0,0.0
8259,control,20.47,mobile,PH,0,0.0
8260,treatment,69.21,mobile,SG,1,13.94
8261,treatment,47.68,mobile,MY,1,10.13
8262,control,15.79,desktop,PH,0,0.0
8263,control,24.19,mobile,ID,1,21.6
8264,control,19.15,mobile,ID,0,0.0
8265,treatment,2.9,desktop,MY,0,0.0
8266,control,16.41,mobile,ID,0,0.0
8267,treatment,16.6,desktop,ID,0,0.0
8268,control,13.67,mobile,VN,0,0.0
8269,treatment,16.01,mobile,PH,0,0.0
8270,treatment,19.46,mobile,SG,0,0.0
8271,treatment,34.02,desktop,MY,0,0.0
8272,treatment,14.63,desktop,ID,0,0.0
8273,treatment,58.59,mobile,ID,0,0.0
8274,control,10.7,mobile,SG,0,0.0
8275,treatment,51.91,mobile,PH,1,47.42
8276,control,30.17,mobile,ID,0,0.0
8277,treatment,8.13,mobile,SG,1,15.88
8278,treatment,19.06,desktop,SG,0,0.0
8279,treatment,70.98,mobile,ID,0,0.0
8280,treatment,10.88,mobile,PH,0,0.0
8281,control,72.33,desktop,MY,0,0.0
8282,control,34.72,mobile,SG,0,0.0
8283,control,30.55,desktop,SG,0,0.0
8284,control,33.27,mobile,MY,0,0.0
8285,treatment,18.67,desktop,ID,1,38.38
8286,control,11.32,mobile,SG,0,0.0
8287,control,25.03,mobile,PH,0,0.0
8288,control,31.38,mobile,SG,0,0.0
8289,control,35.88,desktop,PH,0,0.0
8290,control,34.87,mobile,VN,0,0.0
8291,treatment,41.46,mobile,SG,0,0.0
8292,control,91.2,mobile,VN,0,0.0
8293,treatment,29.44,mobile,ID,0,0.0
8294,control,56.53,desktop,PH,1,40.2
8295,control,36.83,desktop,MY,0,0.0
8296,control,97.65,desktop,PH,0,0.0
8297,control,26.36,mobile,MY,0,0.0
8298,treatment,24.21,mobile,SG,0,0.0
8299,treatment,54.12,mobile,VN,0,0.0
8300,control,54.17,mobile,VN,0,0.0
8301,treatment,19.93,mobile,SG,0,0.0
8302,treatment,35.88,desktop,MY,0,0.0
8303,treatment,41.76,desktop,VN,0,0.0
8304,control,40.12,mobile,ID,0,0.0
8305,control,33.31,desktop,MY,1,15.22
8306,control,4.54,desktop,SG,1,25.59
8307,control,40.53,desktop,MY,1,16.67
8308,treatment,41.86,desktop,MY,0,0.0
8309,control,34.29,mobile,ID,1,25.79
8310,control,18.21,mobile,MY,0,0.0
8311,treatment,66.27,desktop,ID,0,0.0
8312,treatment,11.13,desktop,SG,0,0.0
8313,treatment,54.84,mobile,PH,0,0.0
8314,control,11.0,mobile,SG,0,0.0
8315,control,50.29,desktop,ID,1,44.5
8316,control,11.46,mobile,PH,0,0.0
8317,treatment,48.29,mobile,PH,0,0.0
8318,control,76.29,mobile,SG,0,0.0
8319,treatment,76.49,mobile,PH,0,0.0
8320,control,65.5,mobile,SG,0,0.0
8321,treatment,26.24,mobile,SG,0,0.0
8322,treatment,15.79,desktop,PH,0,0.0
8323,treatment,23.14,mobile,SG,0,0.0
8324,treatment,52.04,desktop,MY,0,0.0
8325,control,40.08,mobile,VN,0,0.0
8326,control,103.5,desktop,SG,0,0.0
8327,treatment,17.12,mobile,PH,1,22.67
8328,control,79.79,desktop,ID,0,0.0
8329,treatment,24.58,mobile,MY,0,0.0
8330,control,10.96,mobile,MY,0,0.0
8331,control,32.5,mobile,MY,0,0.0
8332,control,39.36,mobile,PH,0,0.0
8333,treatment,61.46,desktop,PH,1,25.25
8334,treatment,17.06,mobile,MY,0,0.0
8335,treatment,32.49,desktop,ID,0,0.0
8336,treatment,26.59,mobile,ID,0,0.0
8337,treatment,19.87,mobile,ID,0,0.0
8338,control,74.4,desktop,SG,1,15.66
8339,treatment,39.76,mobile,MY,0,0.0
8340,control,2.54,desktop,MY,1,13.66
8341,treatment,32.88,mobile,ID,0,0.0
8342,treatment,5.78,mobile,SG,0,0.0
8343,treatment,30.52,desktop,ID,0,0.0
8344,treatment,6.88,mobile,VN,0,0.0
8345,treatment,39.9,desktop,SG,0,0.0
8346,control,5.69,mobile,ID,0,0.0
8347,control,11.53,desktop,SG,0,0.0
8348,treatment,46.41,mobile,ID,0,0.0
8349,treatment,26.24,mobile,SG,0,0.0
8350,control,7.55,mobile,VN,0,0.0
8351,control,71.29,mobile,MY,1,18.76
8352,treatment,18.93,desktop,VN,1,37.33
8353,control,21.57,desktop,SG,0,0.0
8354,control,23.14,desktop,PH,0,0.0
8355,treatment,42.24,desktop,SG,1,13.43
8356,control,20.13,desktop,SG,0,0.0
8357,treatment,23.86,mobile,PH,0,0.0
8358,treatment,57.44,mobile,MY,0,0.0
8359,control,52.64,desktop,ID,0,0.0
8360,control,22.73,mobile,ID,0,0.0
8361,control,23.35,desktop,MY,0,0.0
8362,treatment,1.41,mobile,SG,0,0.0
8363,control,30.12,mobile,VN,0,0.0
8364,treatment,47.64,desktop,ID,1,10.19
8365,treatment,19.28,mobile,PH,1,12.33
8366,control,64.27,desktop,PH,0,0.0
8367,control,5.01,desktop,PH,0,0.0
8368,control,12.26,mobile,ID,0,0.0
8369,treatment,60.87,desktop,SG,1,17.67
8370,treatment,46.34,mobile,PH,0,0.0
8371,treatment,4.67,mobile,PH,0,0.0
8372,control,5.75,desktop,ID,0,0.0
8373,treatment,40.34,mobile,PH,0,0.0
8374,treatment,34.57,mobile,SG,0,0.0
8375,treatment,21.28,mobile,SG,0,0.0
8376,treatment,62.78,desktop,SG,1,34.9
8377,control,15.09,desktop,ID,0,0.0
8378,control,2.73,mobile,MY,0,0.0
8379,treatment,42.23,mobile,SG,1,25.2
8380,treatment,49.0,desktop,ID,0,0.0
8381,control,15.85,mobile,MY,0,0.0
8382,treatment,9.32,mobile,MY,0,0.0
8383,treatment,2.91,mobile,SG,0,0.0
8384,control,25.86,desktop,SG,0,0.0
8385,control,33.33,mobile,MY,0,0.0
8386,control,51.49,mobile,SG,0,0.0
8387,treatment,34.83,mobile,MY,0,0.0
8388,treatment,16.93,mobile,MY,0,0.0
8389,treatment,30.12,desktop,VN,0,0.0
8390,control,53.29,desktop,SG,0,0.0
8391,control,33.01,mobile,SG,0,0.0
8392,control,48.08,mobile,PH,0,0.0
8393,control,9.76,mobile,SG,0,0.0
8394,treatment,41.09,mobile,MY,0,0.0
8395,treatment,34.87,mobile,PH,1,52.29
8396,treatment,19.97,mobile,SG,0,0.0
8397,treatment,53.97,mobile,VN,0,0.0
8398,control,90.44,desktop,MY,0,0.0
8399,control,4.49,mobile,PH,0,0.0
8400,treatment,20.77,mobile,VN,0,0.0
8401,treatment,24.45,mobile,PH,0,0.0
8402,control,25.88,mobile,SG,0,0.0
8403,treatment,15.4,mobile,ID,0,0.0
8404,treatment,5.52,mobile,MY,1,42.07
8405,treatment,21.64,desktop,ID,0,0.0
8406,control,24.6,mobile,PH,0,0.0
8407,control,20.18,mobile,MY,0,0.0
8408,treatment,25.05,mobile,MY,1,22.16
8409,control,30.65,mobile,ID,0,0.0
8410,control,22.29,desktop,SG,0,0.0
8411,treatment,15.25,mobile,ID,0,0.0
8412,control,25.16,desktop,SG,0,0.0
8413,control,32.41,desktop,ID,0,0.0
8414,control,26.88,mobile,SG,0,0.0
8415,control,94.45,mobile,PH,0,0.0
8416,control,34.11,mobile,SG,0,0.0
8417,treatment,25.98,mobile,ID,0,0.0
8418,control,13.41,mobile,ID,0,0.0
8419,control,13.69,mobile,MY,0,0.0
8420,control,20.22,desktop,ID,0,0.0
8421,control,20.72,mobile,PH,0,0.0
8422,control,20.1,mobile,SG,0,0.0
8423,control,35.18,desktop,ID,0,0.0
8424,treatment,52.78,mobile,MY,0,0.0
8425,treatment,42.33,mobile,ID,0,0.0
8426,control,38.93,mobile,PH,0,0.0
8427,control,12.14,mobile,ID,0,0.0
8428,treatment,58.18,mobile,SG,0,0.0
8429,treatment,13.16,mobile,MY,0,0.0
8430,control,31.83,desktop,ID,0,0.0
8431,treatment,37.27,mobile,SG,0,0.0
8432,control,59.34,desktop,ID,0,0.0
8433,treatment,83.36,mobile,ID,0,0.0
8434,treatment,19.55,mobile,PH,0,0.0
8435,treatment,29.92,mobile,SG,0,0.0
8436,control,55.72,mobile,ID,0,0.0
8437,control,88.11,mobile,MY,1,74.42
8438,control,21.26,mobile,SG,0,0.0
8439,treatment,12.69,mobile,ID,0,0.0
8440,control,7.53,mobile,ID,0,0.0
8441,control,4.74,mobile,MY,0,0.0
8442,control,14.61,mobile,PH,0,0.0
8443,control,48.42,mobile,SG,1,6.53
8444,treatment,50.38,mobile,MY,0,0.0
8445,treatment,34.1,mobile,SG,1,42.96
8446,control,20.52,mobile,SG,0,0.0
8447,control,35.26,mobile,MY,0,0.0
8448,treatment,27.2,desktop,ID,0,0.0
8449,control,21.3,desktop,ID,0,0.0
8450,control,32.98,mobile,MY,0,0.0
8451,control,19.82,mobile,MY,0,0.0
8452,control,32.86,desktop,MY,0,0.0
8453,control,36.68,mobile,SG,0,0.0
8454,treatment,43.19,mobile,ID,0,0.0
8455,treatment,5.76,desktop,PH,0,0.0
8456,treatment,58.72,mobile,PH,0,0.0
8457,treatment,24.58,mobile,SG,0,0.0
8458,control,83.98,mobile,MY,0,0.0
8459,treatment,48.65,mobile,ID,0,0.0
8460,treatment,13.02,mobile,PH,0,0.0
8461,treatment,39.38,mobile,SG,0,0.0
8462,control,55.86,mobile,SG,0,0.0
8463,treatment,22.13,mobile,VN,0,0.0
8464,treatment,12.18,mobile,SG,0,0.0
8465,treatment,10.44,mobile,VN,1,8.36
8466,control,7.31,desktop,ID,0,0.0
8467,control,3.13,mobile,MY,0,0.0
8468,treatment,24.95,mobile,SG,0,0.0
8469,control,10.94,mobile,PH,0,0.0
8470,control,15.87,mobile,SG,0,0.0
8471,control,85.29,mobile,MY,1,9.81
8472,treatment,36.8,mobile,SG,0,0.0
8473,control,12.68,desktop,SG,0,0.0
8474,control,111.59,mobile,ID,0,0.0
8475,treatment,32.67,mobile,SG,0,0.0
8476,control,105.25,desktop,ID,0,0.0
8477,control,72.14,mobile,ID,1,22.62
8478,control,33.5,mobile,MY,0,0.0
8479,treatment,24.8,mobile,ID,0,0.0
8480,control,47.97,mobile,SG,1,72.75
8481,control,31.45,mobile,PH,0,0.0
8482,control,18.52,desktop,SG,0,0.0
8483,treatment,17.6,mobile,ID,0,0.0
8484,treatment,53.32,mobile,PH,0,0.0
8485,control,12.65,mobile,PH,0,0.0
8486,treatment,52.81,mobile,SG,1,20.04
8487,treatment,27.75,desktop,MY,0,0.0
8488,treatment,6.02,mobile,PH,0,0.0
8489,control,55.72,mobile,PH,1,30.47
8490,treatment,12.95,mobile,ID,0,0.0
8491,treatment,14.52,desktop,SG,0,0.0
8492,treatment,22.95,mobile,MY,0,0.0
8493,control,25.88,mobile,VN,1,6.7
8494,control,33.66,desktop,SG,0,0.0
8495,treatment,53.77,mobile,PH,1,26.8
8496,treatment,52.55,mobile,MY,1,16.43
8497,control,17.16,mobile,ID,0,0.0
8498,treatment,17.63,desktop,SG,0,0.0
8499,control,49.86,desktop,SG,0,0.0
8500,treatment,11.01,desktop,MY,0,0.0
8501,control,27.74,mobile,PH,0,0.0
8502,control,68.62,desktop,ID,0,0.0
8503,control,19.32,desktop,ID,0,0.0
8504,control,7.19,mobile,VN,0,0.0
8505,treatment,12.95,desktop,MY,0,0.0
8506,control,13.69,desktop,PH,0,0.0
8507,control,12.02,desktop,SG,0,0.0
8508,control,22.11,mobile,SG,0,0.0
8509,control,103.89,mobile,MY,0,0.0
8510,control,38.64,desktop,VN,0,0.0
8511,treatment,23.8,desktop,ID,1,35.77
8512,control,25.4,mobile,SG,0,0.0
8513,treatment,15.28,mobile,VN,0,0.0
8514,control,25.33,mobile,PH,0,0.0
8515,control,66.6,mobile,ID,0,0.0
8516,control,28.45,mobile,ID,1,38.32
8517,control,52.32,desktop,MY,0,0.0
8518,control,47.63,mobile,SG,0,0.0
8519,control,100.77,desktop,ID,0,0.0
8520,treatment,47.03,mobile,SG,0,0.0
8521,control,96.23,mobile,ID,0,0.0
8522,treatment,55.03,mobile,ID,0,0.0
8523,control,33.68,mobile,ID,0,0.0
8524,treatment,14.18,desktop,PH,0,0.0
8525,control,52.11,mobile,MY,0,0.0
8526,control,55.18,desktop,MY,0,0.0
8527,control,56.19,mobile,SG,0,0.0
8528,treatment,1.2,desktop,SG,1,5.89
8529,treatment,18.92,mobile,SG,0,0.0
8530,control,38.29,mobile,SG,0,0.0
8531,control,20.09,mobile,MY,1,20.95
8532,treatment,17.52,mobile,MY,0,0.0
8533,treatment,15.22,mobile,VN,0,0.0
8534,control,6.21,desktop,SG,0,0.0
8535,control,36.83,desktop,SG,0,0.0
8536,control,16.53,mobile,PH,1,36.08
8537,control,19.35,mobile,SG,0,0.0
8538,control,23.8,mobile,ID,0,0.0
8539,control,41.19,desktop,ID,0,0.0
8540,control,33.02,desktop,ID,0,0.0
8541,treatment,31.9,mobile,SG,0,0.0
8542,control,2.54,mobile,SG,0,0.0
8543,control,53.02,mobile,VN,0,0.0
8544,treatment,80.6,mobile,PH,0,0.0
8545,control,31.26,mobile,ID,0,0.0
8546,control,10.65,mobile,SG,1,8.31
8547,control,17.9,desktop,MY,0,0.0
8548,control,11.1,mobile,ID,0,0.0
8549,control,74.35,desktop,SG,0,0.0
8550,control,19.26,desktop,VN,1,40.81
8551,control,32.33,mobile,VN,0,0.0
8552,treatment,23.06,mobile,SG,0,0.0
8553,treatment,39.85,mobile,SG,0,0.0
8554,control,13.38,desktop,MY,0,0.0
8555,treatment,31.4,mobile,MY,0,0.0
8556,treatment,19.41,desktop,MY,0,0.0
8557,control,57.89,desktop,ID,0,0.0
8558,control,2.89,mobile,MY,0,0.0
8559,control,21.17,mobile,SG,0,0.0
8560,treatment,54.15,mobile,SG,0,0.0
8561,treatment,49.88,mobile,MY,0,0.0
8562,treatment,6.7,mobile,ID,0,0.0
8563,treatment,46.15,desktop,VN,1,14.66
8564,control,12.31,mobile,SG,0,0.0
8565,control,15.69,mobile,PH,0,0.0
8566,control,52.13,desktop,MY,0,0.0
8567,control,20.82,mobile,ID,0,0.0
8568,treatment,6.24,mobile,SG,1,7.98
8569,control,9.69,mobile,MY,0,0.0
8570,treatment,27.99,desktop,MY,0,0.0
8571,control,20.28,mobile,PH,0,0.0
8572,treatment,19.98,mobile,SG,0,0.0
8573,treatment,39.35,desktop,MY,0,0.0
8574,control,34.41,desktop,ID,0,0.0
8575,treatment,21.45,mobile,ID,0,0.0
8576,control,50.47,mobile,SG,0,0.0
8577,treatment,39.59,mobile,SG,0,0.0
8578,control,32.93,mobile,ID,0,0.0
8579,treatment,17.78,desktop,MY,0,0.0
8580,treatment,56.02,mobile,SG,0,0.0
8581,control,19.79,desktop,SG,0,0.0
8582,treatment,21.25,desktop,ID,0,0.0
8583,treatment,75.47,mobile,VN,0,0.0
8584,control,12.91,mobile,ID,0,0.0
8585,control,12.75,mobile,PH,0,0.0
8586,control,21.91,mobile,ID,1,13.12
8587,treatment,10.57,desktop,MY,0,0.0
8588,treatment,10.82,desktop,VN,0,0.0
8589,treatment,74.02,mobile,SG,0,0.0
8590,control,21.63,desktop,PH,0,0.0
8591,treatment,33.73,desktop,SG,0,0.0
8592,control,7.36,mobile,ID,0,0.0
8593,treatment,11.95,desktop,VN,0,0.0
8594,treatment,80.89,mobile,PH,0,0.0
8595,control,10.66,desktop,PH,0,0.0
8596,control,34.5,desktop,PH,0,0.0
8597,treatment,1.05,mobile,MY,0,0.0
8598,control,6.82,mobile,MY,0,0.0
8599,treatment,21.36,desktop,ID,0,0.0
8600,control,49.41,mobile,SG,0,0.0
8601,treatment,26.83,mobile,MY,0,0.0
8602,control,22.88,mobile,SG,0,0.0
8603,treatment,41.87,mobile,PH,0,0.0
8604,control,31.07,mobile,ID,0,0.0
8605,control,5.07,mobile,SG,0,0.0
8606,treatment,25.52,desktop,ID,0,0.0
8607,treatment,18.09,desktop,PH,0,0.0
8608,treatment,22.22,desktop,PH,1,24.28
8609,control,17.67,mobile,MY,0,0.0
8610,control,25.78,desktop,ID,0,0.0
8611,treatment,35.36,mobile,SG,0,0.0
8612,treatment,8.28,desktop,PH,0,0.0
8613,treatment,14.78,desktop,PH,0,0.0
8614,control,40.92,mobile,SG,0,0.0
8615,treatment,44.59,desktop,SG,0,0.0
8616,treatment,67.06,desktop,SG,0,0.0
8617,control,27.24,mobile,MY,0,0.0
8618,control,14.06,desktop,SG,0,0.0
8619,control,15.0,desktop,PH,0,0.0
8620,treatment,26.59,mobile,MY,0,0.0
8621,treatment,11.91,mobile,ID,0,0.0
8622,control,63.99,desktop,ID,0,0.0
8623,treatment,17.57,desktop,ID,0,0.0
8624,treatment,58.01,mobile,MY,0,0.0
8625,treatment,10.56,mobile,PH,0,0.0
8626,treatment,22.29,mobile,ID,0,0.0
8627,control,19.73,mobile,SG,0,0.0
8628,treatment,7.15,mobile,SG,1,23.92
8629,treatment,20.96,mobile,PH,0,0.0
8630,treatment,30.98,desktop,SG,0,0.0
8631,control,2.62,mobile,SG,0,0.0
8632,treatment,37.73,mobile,MY,0,0.0
8633,control,32.94,mobile,VN,1,11.51
8634,treatment,25.32,desktop,ID,0,0.0
8635,treatment,43.2,desktop,PH,0,0.0
8636,control,45.29,desktop,SG,1,7.94
8637,control,127.7,mobile,PH,1,11.2
8638,control,6.79,mobile,MY,0,0.0
8639,treatment,70.39,mobile,VN,1,68.35
8640,treatment,51.13,mobile,ID,0,0.0
8641,control,32.93,mobile,ID,0,0.0
8642,treatment,10.74,mobile,VN,0,0.0
8643,treatment,18.6,mobile,VN,0,0.0
8644,treatment,16.52,mobile,SG,0,0.0
8645,treatment,23.37,mobile,SG,0,0.0
8646,treatment,42.02,desktop,ID,0,0.0
8647,control,61.64,mobile,SG,0,0.0
8648,control,84.01,mobile,MY,0,0.0
8649,treatment,18.72,mobile,SG,1,34.18
8650,control,29.22,mobile,ID,0,0.0
8651,control,12.64,desktop,ID,0,0.0
8652,control,52.75,mobile,SG,1,16.72
8653,control,34.46,mobile,ID,0,0.0
8654,control,21.72,desktop,MY,0,0.0
8655,treatment,6.37,mobile,VN,0,0.0
8656,control,29.52,mobile,SG,0,0.0
8657,treatment,31.85,mobile,PH,0,0.0
8658,treatment,4.52,mobile,VN,0,0.0
8659,treatment,8.41,mobile,ID,0,0.0
8660,control,28.99,desktop,ID,0,0.0
8661,treatment,79.18,mobile,SG,0,0.0
8662,treatment,56.57,mobile,MY,0,0.0
8663,treatment,22.2,mobile,SG,0,0.0
8664,control,19.67,mobile,ID,0,0.0
8665,treatment,14.4,mobile,VN,0,0.0
8666,treatment,13.16,desktop,SG,1,10.49
8667,control,20.82,mobile,MY,1,6.38
8668,treatment,95.07,desktop,ID,0,0.0
8669,control,19.55,mobile,MY,0,0.0
8670,control,25.8,mobile,ID,0,0.0
8671,control,8.99,mobile,MY,1,21.6
8672,control,38.76,mobile,ID,0,0.0
8673,control,25.47,mobile,SG,0,0.0
8674,treatment,18.64,mobile,ID,0,0.0
8675,control,11.09,desktop,ID,1,77.99
8676,control,13.72,desktop,SG,1,17.79
8677,treatment,17.65,mobile,ID,0,0.0
8678,treatment,18.57,mobile,MY,0,0.0
8679,treatment,10.99,mobile,ID,0,0.0
8680,treatment,23.7,mobile,ID,0,0.0
8681,treatment,30.04,mobile,MY,0,0.0
8682,treatment,43.72,desktop,PH,1,22.29
8683,control,76.28,mobile,MY,0,0.0
8684,treatment,4.39,desktop,MY,0,0.0
8685,treatment,33.39,desktop,MY,0,0.0
8686,control,20.3,mobile,MY,0,0.0
8687,control,3.08,desktop,PH,0,0.0
8688,control,15.29,desktop,ID,0,0.0
8689,control,40.58,mobile,SG,0,0.0
8690,control,36.92,mobile,MY,0,0.0
8691,treatment,27.98,mobile,SG,1,27.44
8692,treatment,14.01,mobile,ID,0,0.0
8693,control,63.19,desktop,VN,0,0.0
8694,control,9.8,mobile,ID,0,0.0
8695,control,18.85,desktop,MY,1,6.34
8696,treatment,21.64,mobile,SG,0,0.0
8697,control,24.06,mobile,MY,0,0.0
8698,treatment,106.89,mobile,ID,0,0.0
8699,control,72.1,desktop,PH,0,0.0
8700,treatment,36.09,mobile,ID,0,0.0
8701,control,25.61,mobile,VN,0,0.0
8702,treatment,25.39,desktop,MY,0,0.0
8703,control,42.69,mobile,SG,0,0.0
8704,treatment,55.19,desktop,ID,0,0.0
8705,treatment,9.58,mobile,SG,0,0.0
8706,treatment,76.76,desktop,SG,0,0.0
8707,treatment,34.82,mobile,SG,0,0.0
8708,control,16.46,mobile,ID,0,0.0
8709,control,23.0,mobile,SG,0,0.0
8710,treatment,36.17,mobile,VN,0,0.0
8711,treatment,37.43,desktop,PH,0,0.0
8712,control,11.15,mobile,ID,0,0.0
8713,control,24.64,mobile,MY,0,0.0
8714,control,29.96,mobile,SG,0,0.0
8715,control,55.77,desktop,ID,0,0.0
8716,control,59.88,mobile,SG,0,0.0
8717,treatment,8.56,mobile,MY,0,0.0
8718,control,26.59,desktop,SG,0,0.0
8719,control,15.75,mobile,ID,0,0.0
8720,control,35.58,desktop,ID,1,36.07
8721,control,103.37,mobile,ID,0,0.0
8722,treatment,51.37,desktop,ID,0,0.0
8723,control,37.85,desktop,SG,0,0.0
8724,treatment,45.53,mobile,SG,1,23.19
8725,control,68.69,mobile,MY,0,0.0
8726,treatment,48.26,mobile,ID,1,13.32
8727,control,10.01,mobile,SG,0,0.0
8728,treatment,80.61,mobile,PH,0,0.0
8729,treatment,28.58,desktop,SG,0,0.0
8730,control,34.57,mobile,SG,1,16.43
8731,treatment,59.83,mobile,ID,0,0.0
8732,treatment,100.1,mobile,SG,0,0.0
8733,control,18.79,mobile,MY,0,0.0
8734,treatment,57.63,mobile,SG,0,0.0
8735,treatment,17.88,mobile,MY,0,0.0
8736,treatment,32.54,mobile,MY,0,0.0
8737,control,7.19,mobile,SG,0,0.0
8738,treatment,17.96,desktop,MY,0,0.0
8739,treatment,31.36,desktop,PH,1,27.61
8740,treatment,39.31,mobile,PH,0,0.0
8741,control,37.75,mobile,MY,0,0.0
8742,control,52.71,mobile,VN,0,0.0
8743,control,20.13,mobile,SG,0,0.0
8744,control,24.9,desktop,PH,1,51.71
8745,control,25.83,mobile,VN,0,0.0
8746,control,21.32,mobile,ID,0,0.0
8747,treatment,12.92,desktop,SG,1,22.52
8748,treatment,28.73,desktop,VN,0,0.0
8749,control,46.96,mobile,MY,0,0.0
8750,control,34.06,mobile,SG,0,0.0
8751,treatment,19.3,mobile,PH,0,0.0
8752,control,29.14,mobile,MY,0,0.0
8753,control,18.37,mobile,MY,0,0.0
8754,treatment,40.01,mobile,ID,0,0.0
8755,treatment,48.03,mobile,VN,0,0.0
8756,treatment,48.82,mobile,ID,0,0.0
8757,treatment,22.97,mobile,PH,0,0.0
8758,treatment,18.68,desktop,SG,0,0.0
8759,treatment,52.71,mobile,ID,0,0.0
8760,treatment,21.65,desktop,ID,0,0.0
8761,control,28.8,mobile,MY,1,18.56
8762,control,33.81,desktop,SG,0,0.0
8763,treatment,27.08,mobile,SG,0,0.0
8764,control,44.03,mobile,SG,0,0.0
8765,treatment,8.01,mobile,ID,0,0.0
8766,treatment,37.47,mobile,SG,1,19.87
8767,treatment,14.47,mobile,ID,0,0.0
8768,control,19.86,mobile,PH,0,0.0
8769,control,30.85,mobile,ID,0,0.0
8770,control,6.18,mobile,PH,0,0.0
8771,control,23.93,mobile,ID,0,0.0
8772,control,20.95,desktop,VN,0,0.0
8773,control,24.92,mobile,PH,0,0.0
8774,treatment,20.07,mobile,MY,0,0.0
8775,control,28.94,mobile,ID,1,11.87
8776,treatment,17.85,desktop,ID,0,0.0
8777,control,26.32,desktop,PH,0,0.0
8778,control,30.79,mobile,MY,0,0.0
8779,treatment,53.99,mobile,ID,1,27.72
8780,treatment,61.97,mobile,PH,0,0.0
8781,control,8.66,mobile,VN,0,0.0
8782,control,56.79,desktop,MY,0,0.0
8783,control,12.85,desktop,MY,0,0.0
8784,treatment,26.48,mobile,MY,0,0.0
8785,treatment,6.61,desktop,ID,0,0.0
8786,treatment,3.77,mobile,SG,0,0.0
8787,control,99.46,desktop,VN,1,32.35
8788,control,27.01,desktop,ID,0,0.0
8789,control,22.81,desktop,SG,0,0.0
8790,treatment,33.39,mobile,SG,1,24.86
8791,treatment,23.22,mobile,ID,1,37.0
8792,control,47.64,mobile,ID,0,0.0
8793,control,32.07,mobile,ID,1,18.92
8794,treatment,42.52,mobile,ID,0,0.0
8795,control,14.6,desktop,ID,0,0.0
8796,treatment,7.55,mobile,MY,0,0.0
8797,treatment,51.32,mobile,SG,0,0.0
8798,treatment,34.41,mobile,SG,0,0.0
8799,treatment,10.03,mobile,MY,0,0.0
8800,control,10.18,mobile,PH,0,0.0
8801,control,29.39,mobile,SG,0,0.0
8802,treatment,40.27,desktop,ID,0,0.0
8803,control,12.77,mobile,SG,0,0.0
8804,control,70.89,mobile,SG,0,0.0
8805,treatment,43.91,mobile,SG,1,13.19
8806,control,53.76,mobile,MY,0,0.0
8807,treatment,28.85,desktop,SG,0,0.0
8808,treatment,27.12,desktop,PH,0,0.0
8809,control,9.24,mobile,MY,0,0.0
8810,control,14.71,mobile,MY,0,0.0
8811,control,24.7,mobile,VN,0,0.0
8812,control,35.04,desktop,SG,0,0.0
8813,control,30.76,mobile,ID,0,0.0
8814,treatment,4.53,mobile,ID,0,0.0
8815,treatment,12.17,mobile,SG,0,0.0
8816,control,32.19,mobile,SG,0,0.0
8817,treatment,35.66,desktop,PH,0,0.0
8818,control,19.81,mobile,SG,0,0.0
8819,control,41.37,desktop,MY,0,0.0
8820,treatment,40.95,mobile,MY,0,0.0
8821,control,95.19,mobile,SG,0,0.0
8822,treatment,27.26,desktop,PH,1,23.05
8823,control,19.23,mobile,PH,0,0.0
8824,treatment,12.84,desktop,PH,0,0.0
8825,treatment,8.18,mobile,SG,0,0.0
8826,treatment,39.78,mobile,VN,0,0.0
8827,treatment,36.8,mobile,ID,0,0.0
8828,control,9.17,desktop,ID,0,0.0
8829,treatment,39.96,desktop,ID,0,0.0
8830,control,29.99,mobile,PH,0,0.0
8831,control,21.49,desktop,MY,0,0.0
8832,control,4.14,mobile,ID,0,0.0
8833,treatment,36.54,desktop,ID,0,0.0
8834,treatment,77.29,mobile,SG,0,0.0
8835,control,14.26,desktop,SG,1,35.87
8836,treatment,30.02,desktop,MY,0,0.0
8837,control,38.58,mobile,ID,0,0.0
8838,treatment,2.32,desktop,ID,0,0.0
8839,treatment,12.38,desktop,PH,0,0.0
8840,control,7.01,mobile,ID,0,0.0
8841,treatment,76.99,desktop,SG,0,0.0
8842,treatment,2.17,mobile,ID,0,0.0
8843,treatment,21.42,desktop,SG,0,0.0
8844,treatment,32.49,desktop,PH,0,0.0
8845,control,14.16,mobile,MY,0,0.0
8846,control,2.77,mobile,PH,0,0.0
8847,treatment,22.11,mobile,SG,0,0.0
8848,control,13.97,desktop,ID,0,0.0
8849,control,35.08,desktop,MY,0,0.0
8850,control,44.38,desktop,SG,0,0.0
8851,treatment,9.23,desktop,ID,0,0.0
8852,treatment,15.21,mobile,SG,0,0.0
8853,treatment,15.85,mobile,SG,0,0.0
8854,treatment,43.94,desktop,MY,0,0.0
8855,treatment,27.64,mobile,MY,0,0.0
8856,treatment,9.58,mobile,MY,0,0.0
8857,control,53.7,mobile,MY,1,19.91
8858,treatment,14.12,mobile,SG,0,0.0
8859,treatment,17.43,mobile,MY,0,0.0
8860,treatment,11.71,mobile,MY,0,0.0
8861,treatment,29.2,mobile,ID,1,37.21
8862,treatment,19.79,mobile,MY,0,0.0
8863,control,64.53,mobile,SG,0,0.0
8864,treatment,27.91,mobile,ID,0,0.0
8865,control,12.34,desktop,SG,0,0.0
8866,treatment,25.71,mobile,MY,0,0.0
8867,treatment,70.66,desktop,ID,0,0.0
8868,control,8.58,mobile,ID,0,0.0
8869,control,36.52,mobile,SG,0,0.0
8870,control,4.2,desktop,MY,1,28.59
8871,treatment,61.53,mobile,MY,0,0.0
8872,treatment,17.8,mobile,MY,0,0.0
8873,control,12.04,mobile,ID,0,0.0
8874,control,67.82,desktop,ID,0,0.0
8875,control,24.44,desktop,SG,0,0.0
8876,control,25.16,mobile,ID,0,0.0
8877,treatment,18.02,desktop,PH,0,0.0
8878,treatment,18.66,mobile,VN,0,0.0
8879,control,3.72,desktop,SG,0,0.0
8880,treatment,36.13,desktop,PH,0,0.0
8881,treatment,7.06,mobile,SG,0,0.0
8882,treatment,48.79,mobile,MY,0,0.0
8883,control,10.13,desktop,MY,0,0.0
8884,treatment,26.93,mobile,SG,1,28.45
8885,control,15.66,desktop,SG,0,0.0
8886,control,18.01,mobile,SG,0,0.0
8887,control,20.91,desktop,ID,0,0.0
8888,control,32.22,mobile,ID,0,0.0
8889,treatment,66.53,desktop,ID,1,11.77
8890,treatment,17.66,mobile,ID,0,0.0
8891,control,2.98,desktop,SG,0,0.0
8892,control,57.15,desktop,ID,0,0.0
8893,control,40.09,desktop,ID,1,9.47
8894,treatment,9.77,desktop,SG,0,0.0
8895,control,8.22,mobile,VN,0,0.0
8896,control,33.29,mobile,ID,0,0.0
8897,treatment,29.22,mobile,ID,0,0.0
8898,control,77.66,mobile,ID,0,0.0
8899,control,36.39,mobile,ID,0,0.0
8900,treatment,14.83,desktop,ID,0,0.0
8901,control,12.1,desktop,PH,0,0.0
8902,control,26.27,mobile,SG,0,0.0
8903,control,3.94,mobile,SG,1,10.82
8904,control,5.74,mobile,SG,1,9.06
8905,treatment,8.71,mobile,VN,1,34.46
8906,treatment,14.52,desktop,MY,0,0.0
8907,treatment,24.14,mobile,MY,0,0.0
8908,control,38.11,mobile,SG,0,0.0
8909,control,59.46,desktop,MY,0,0.0
8910,treatment,51.92,mobile,VN,1,42.96
8911,control,46.5,mobile,ID,0,0.0
8912,control,17.45,mobile,SG,0,0.0
8913,control,12.4,desktop,PH,1,20.51
8914,treatment,32.8,desktop,VN,0,0.0
8915,treatment,34.32,mobile,ID,0,0.0
8916,control,9.58,mobile,ID,0,0.0
8917,control,20.83,mobile,ID,0,0.0
8918,treatment,11.53,mobile,ID,0,0.0
8919,control,5.51,mobile,PH,0,0.0
8920,control,31.02,mobile,ID,0,0.0
8921,control,45.87,desktop,ID,0,0.0
8922,control,72.96,mobile,SG,0,0.0
8923,control,22.09,mobile,MY,0,0.0
8924,treatment,4.44,desktop,SG,0,0.0
8925,control,81.62,mobile,ID,0,0.0
8926,control,86.44,mobile,VN,0,0.0
8927,treatment,139.42,desktop,SG,0,0.0
8928,treatment,104.11,desktop,MY,0,0.0
8929,treatment,29.69,mobile,ID,0,0.0
8930,control,25.0,desktop,SG,0,0.0
8931,control,42.58,mobile,MY,0,0.0
8932,control,6.69,mobile,PH,0,0.0
8933,treatment,13.84,mobile,SG,0,0.0
8934,control,22.34,mobile,ID,0,0.0
8935,treatment,53.25,mobile,ID,1,9.17
8936,treatment,54.88,mobile,ID,0,0.0
8937,control,23.32,desktop,SG,0,0.0
8938,treatment,7.4,mobile,SG,0,0.0
8939,treatment,45.31,desktop,SG,0,0.0
8940,control,6.89,mobile,MY,0,0.0
8941,treatment,15.98,mobile,SG,0,0.0
8942,treatment,29.53,mobile,ID,0,0.0
8943,treatment,6.1,mobile,ID,0,0.0
8944,control,13.09,desktop,PH,0,0.0
8945,treatment,50.18,mobile,PH,0,0.0
8946,control,42.61,desktop,MY,0,0.0
8947,control,8.41,desktop,SG,0,0.0
8948,control,32.2,desktop,SG,1,53.71
8949,treatment,4.35,mobile,PH,0,0.0
8950,control,39.46,desktop,MY,0,0.0
8951,treatment,14.16,mobile,MY,0,0.0
8952,control,21.17,desktop,ID,0,0.0
8953,treatment,26.93,mobile,SG,0,0.0
8954,control,8.93,mobile,MY,0,0.0
8955,control,13.21,desktop,MY,0,0.0
8956,control,74.81,mobile,SG,0,0.0
8957,control,19.97,desktop,PH,0,0.0
8958,treatment,28.08,mobile,ID,0,0.0
8959,treatment,28.43,desktop,ID,0,0.0
8960,treatment,60.56,mobile,ID,0,0.0
8961,control,44.47,mobile,SG,0,0.0
8962,treatment,9.4,mobile,MY,1,45.21
8963,control,65.81,mobile,ID,0,0.0
8964,treatment,82.48,desktop,MY,1,19.0
8965,control,9.34,desktop,ID,0,0.0
8966,treatment,18.95,desktop,ID,0,0.0
8967,control,22.89,desktop,MY,0,0.0
8968,treatment,19.56,desktop,MY,1,57.12
8969,treatment,39.6,mobile,ID,0,0.0
8970,treatment,21.28,mobile,SG,0,0.0
8971,treatment,16.19,desktop,PH,0,0.0
8972,treatment,40.89,desktop,SG,0,0.0
8973,control,3.09,mobile,SG,0,0.0
8974,control,29.73,mobile,PH,0,0.0
8975,control,36.35,mobile,MY,0,0.0
8976,control,63.0,desktop,MY,1,28.97
8977,control,26.53,mobile,MY,0,0.0
8978,treatment,4.73,mobile,SG,0,0.0
8979,treatment,27.76,desktop,ID,0,0.0
8980,control,4.32,desktop,ID,0,0.0
8981,treatment,33.58,mobile,SG,1,27.9
8982,treatment,55.72,desktop,PH,0,0.0
8983,treatment,23.84,desktop,SG,0,0.0
8984,treatment,21.3,mobile,PH,0,0.0
8985,treatment,43.77,mobile,ID,0,0.0
8986,control,32.69,mobile,VN,1,7.61
8987,treatment,41.48,mobile,PH,0,0.0
8988,control,102.63,mobile,PH,0,0.0
8989,control,17.09,mobile,VN,0,0.0
8990,treatment,35.22,desktop,PH,0,0.0
8991,control,66.56,mobile,PH,0,0.0
8992,control,67.27,mobile,SG,0,0.0
8993,control,37.69,mobile,PH,0,0.0
8994,control,20.61,desktop,ID,0,0.0
8995,control,41.1,desktop,VN,1,6.67
8996,control,41.71,desktop,ID,0,0.0
8997,control,46.74,desktop,SG,0,0.0
8998,treatment,9.95,mobile,SG,0,0.0
8999,control,81.03,mobile,SG,0,0.0
9000,treatment,66.73,mobile,MY,0,0.0
9001,treatment,24.43,desktop,ID,0,0.0
9002,treatment,62.35,mobile,SG,0,0.0
9003,control,23.13,mobile,SG,0,0.0
9004,treatment,72.52,mobile,MY,1,64.2
9005,control,27.6,desktop,PH,0,0.0
9006,treatment,11.98,mobile,MY,0,0.0
9007,control,93.69,desktop,SG,0,0.0
9008,control,45.45,desktop,ID,0,0.0
9009,control,21.96,mobile,SG,0,0.0
9010,treatment,76.61,desktop,ID,0,0.0
9011,control,41.42,mobile,PH,0,0.0
9012,control,19.8,mobile,SG,0,0.0
9013,control,77.26,mobile,PH,1,33.26
9014,treatment,46.6,mobile,ID,0,0.0
9015,control,33.3,mobile,SG,0,0.0
9016,treatment,26.25,desktop,SG,0,0.0
9017,treatment,11.56,desktop,SG,0,0.0
9018,treatment,1.7,mobile,SG,0,0.0
9019,control,43.42,mobile,MY,0,0.0
9020,treatment,9.43,mobile,VN,0,0.0
9021,control,11.56,mobile,SG,0,0.0
9022,control,22.83,desktop,VN,0,0.0
9023,treatment,23.28,mobile,ID,0,0.0
9024,treatment,13.0,desktop,ID,1,37.15
9025,treatment,43.39,desktop,ID,0,0.0
9026,treatment,5.09,mobile,PH,0,0.0
9027,control,42.78,mobile,VN,0,0.0
9028,control,20.79,desktop,SG,0,0.0
9029,treatment,12.41,mobile,MY,0,0.0
9030,control,5.65,mobile,SG,0,0.0
9031,treatment,29.71,desktop,SG,0,0.0
9032,control,8.73,desktop,SG,0,0.0
9033,control,7.52,desktop,ID,0,0.0
9034,treatment,66.07,desktop,SG,0,0.0
9035,treatment,6.78,desktop,PH,0,0.0
9036,treatment,4.98,mobile,PH,0,0.0
9037,treatment,40.37,mobile,MY,0,0.0
9038,treatment,31.55,desktop,MY,0,0.0
9039,control,16.05,mobile,ID,0,0.0
9040,treatment,10.88,desktop,SG,0,0.0
9041,control,13.77,mobile,MY,0,0.0
9042,control,16.44,desktop,SG,0,0.0
9043,treatment,37.09,desktop,SG,0,0.0
9044,treatment,30.25,desktop,ID,0,0.0
9045,control,18.96,mobile,SG,1,14.29
9046,treatment,18.78,mobile,MY,0,0.0
9047,control,41.7,mobile,ID,0,0.0
9048,control,12.37,mobile,ID,0,0.0
9049,treatment,5.44,mobile,MY,0,0.0
9050,control,61.25,desktop,SG,0,0.0
9051,treatment,18.98,desktop,SG,0,0.0
9052,treatment,87.41,mobile,MY,0,0.0
9053,control,16.81,desktop,MY,0,0.0
9054,control,25.18,mobile,PH,0,0.0
9055,treatment,11.47,mobile,SG,0,0.0
9056,treatment,30.63,desktop,PH,1,19.22
9057,treatment,19.17,desktop,SG,0,0.0
9058,treatment,21.1,desktop,MY,0,0.0
9059,control,27.32,mobile,PH,0,0.0
9060,treatment,17.13,mobile,PH,0,0.0
9061,control,29.89,mobile,ID,0,0.0
9062,control,13.95,desktop,SG,0,0.0
9063,control,28.74,mobile,ID,0,0.0
9064,control,4.37,mobile,PH,0,0.0
9065,treatment,6.78,mobile,SG,0,0.0
9066,treatment,11.3,mobile,SG,0,0.0
9067,control,8.27,mobile,MY,0,0.0
9068,treatment,8.94,desktop,ID,0,0.0
9069,treatment,35.48,mobile,ID,0,0.0
9070,treatment,19.6,mobile,SG,0,0.0
9071,control,17.14,desktop,PH,0,0.0
9072,control,30.1,mobile,PH,0,0.0
9073,control,31.83,mobile,ID,0,0.0
9074,control,15.53,desktop,SG,0,0.0
9075,treatment,50.97,mobile,SG,0,0.0
9076,control,20.52,desktop,ID,0,0.0
9077,control,37.94,mobile,PH,1,30.41
9078,control,13.93,desktop,MY,0,0.0
9079,treatment,29.23,mobile,MY,0,0.0
9080,treatment,40.52,mobile,PH,0,0.0
9081,control,37.23,mobile,MY,0,0.0
9082,treatment,34.8,mobile,VN,0,0.0
9083,control,13.34,mobile,ID,0,0.0
9084,control,7.91,mobile,ID,0,0.0
9085,treatment,7.02,mobile,SG,0,0.0
9086,treatment,16.46,mobile,SG,0,0.0
9087,control,15.49,mobile,VN,0,0.0
9088,control,32.22,mobile,ID,0,0.0
9089,treatment,24.43,mobile,MY,0,0.0
9090,treatment,7.23,desktop,ID,0,0.0
9091,treatment,45.65,desktop,SG,0,0.0
9092,control,28.04,mobile,PH,0,0.0
9093,treatment,12.56,desktop,SG,0,0.0
9094,treatment,14.51,desktop,MY,0,0.0
9095,treatment,60.95,desktop,MY,1,28.04
9096,control,8.27,mobile,ID,0,0.0
9097,control,63.15,mobile,MY,1,22.74
9098,treatment,19.19,desktop,VN,1,17.71
9099,control,20.26,mobile,PH,0,0.0
9100,treatment,30.23,desktop,VN,0,0.0
9101,control,5.29,desktop,ID,0,0.0
9102,control,27.95,mobile,MY,0,0.0
9103,treatment,39.95,mobile,VN,0,0.0
9104,control,16.1,mobile,SG,1,48.42
9105,control,22.93,desktop,VN,0,0.0
9106,treatment,88.7,desktop,SG,0,0.0
9107,control,43.06,desktop,PH,0,0.0
9108,control,10.52,mobile,PH,0,0.0
9109,control,15.28,desktop,ID,0,0.0
9110,control,18.71,mobile,PH,0,0.0
9111,control,44.99,mobile,SG,1,9.93
9112,control,10.49,mobile,MY,0,0.0
9113,control,37.3,mobile,MY,0,0.0
9114,treatment,37.48,mobile,VN,0,0.0
9115,treatment,24.06,mobile,MY,0,0.0
9116,treatment,46.06,mobile,SG,0,0.0
9117,treatment,11.47,mobile,SG,0,0.0
9118,treatment,52.61,mobile,PH,0,0.0
9119,treatment,4.13,desktop,PH,0,0.0
9120,treatment,10.43,mobile,VN,1,25.98
9121,treatment,4.25,mobile,SG,0,0.0
9122,treatment,12.07,mobile,ID,0,0.0
9123,control,37.97,mobile,MY,0,0.0
9124,treatment,31.19,mobile,ID,0,0.0
9125,control,27.77,mobile,PH,0,0.0
9126,treatment,11.9,desktop,SG,0,0.0
9127,treatment,22.64,mobile,ID,0,0.0
9128,control,52.98,mobile,MY,0,0.0
9129,control,12.36,desktop,MY,0,0.0
9130,treatment,12.87,mobile,SG,1,10.12
9131,control,13.36,mobile,MY,1,17.28
9132,treatment,26.67,mobile,SG,0,0.0
9133,control,35.57,desktop,SG,1,39.04
9134,treatment,41.56,mobile,ID,0,0.0
9135,treatment,18.67,mobile,ID,0,0.0
9136,treatment,17.27,mobile,VN,0,0.0
9137,control,14.7,mobile,MY,0,0.0
9138,treatment,33.97,mobile,ID,0,0.0
9139,control,5.51,mobile,VN,0,0.0
9140,control,20.73,mobile,MY,0,0.0
9141,treatment,20.84,mobile,PH,0,0.0
9142,treatment,37.86,desktop,VN,0,0.0
9143,treatment,7.3,mobile,PH,0,0.0
9144,treatment,39.97,mobile,SG,1,12.93
9145,control,32.48,mobile,SG,0,0.0
9146,control,75.66,desktop,SG,0,0.0
9147,control,66.25,desktop,ID,0,0.0
9148,treatment,50.41,mobile,ID,1,18.08
9149,control,2.93,mobile,SG,0,0.0
9150,treatment,8.02,mobile,MY,0,0.0
9151,control,46.19,mobile,MY,1,12.63
9152,control,20.33,mobile,ID,0,0.0
9153,control,66.18,mobile,SG,0,0.0
9154,treatment,24.51,desktop,SG,1,16.1
9155,control,36.92,mobile,ID,0,0.0
9156,control,35.05,mobile,SG,0,0.0
9157,control,24.02,mobile,ID,0,0.0
9158,control,46.73,mobile,MY,1,33.98
9159,control,39.01,mobile,ID,0,0.0
9160,treatment,8.78,desktop,PH,0,0.0
9161,treatment,92.69,mobile,SG,0,0.0
9162,treatment,8.03,mobile,SG,0,0.0
9163,treatment,12.82,mobile,VN,0,0.0
9164,control,36.48,desktop,ID,0,0.0
9165,treatment,31.75,desktop,SG,1,14.82
9166,control,41.35,mobile,ID,0,0.0
9167,control,19.8,desktop,MY,0,0.0
9168,control,33.46,mobile,ID,0,0.0
9169,treatment,13.61,mobile,PH,0,0.0
9170,control,24.51,mobile,SG,0,0.0
9171,control,60.89,desktop,ID,0,0.0
9172,control,7.99,desktop,MY,0,0.0
9173,control,48.73,desktop,ID,0,0.0
9174,treatment,20.96,desktop,MY,1,9.7
9175,treatment,11.14,mobile,VN,0,0.0
9176,treatment,11.85,desktop,ID,1,45.5
9177,treatment,20.47,mobile,PH,0,0.0
9178,control,50.29,desktop,SG,0,0.0
9179,treatment,33.32,mobile,MY,0,0.0
9180,treatment,7.34,mobile,PH,0,0.0
9181,control,47.01,mobile,SG,0,0.0
9182,control,41.73,mobile,VN,0,0.0
9183,treatment,4.19,mobile,ID,0,0.0
9184,treatment,10.67,desktop,PH,0,0.0
9185,treatment,53.9,desktop,SG,0,0.0
9186,control,24.12,mobile,MY,0,0.0
9187,treatment,46.82,mobile,MY,0,0.0
9188,treatment,1.98,mobile,VN,0,0.0
9189,treatment,1.04,mobile,SG,0,0.0
9190,control,38.31,mobile,ID,0,0.0
9191,treatment,14.78,mobile,ID,0,0.0
9192,control,39.86,desktop,PH,0,0.0
9193,control,47.24,mobile,VN,0,0.0
9194,treatment,15.01,desktop,PH,0,0.0
9195,control,22.4,mobile,SG,0,0.0
9196,control,18.65,desktop,PH,0,0.0
9197,treatment,14.8,desktop,ID,0,0.0
9198,treatment,28.47,mobile,ID,0,0.0
9199,treatment,43.93,mobile,SG,0,0.0
9200,control,12.92,desktop,PH,0,0.0
9201,control,12.86,mobile,MY,0,0.0
9202,control,15.13,mobile,PH,0,0.0
9203,control,36.52,mobile,MY,0,0.0
9204,control,47.02,mobile,ID,0,0.0
9205,treatment,18.39,mobile,SG,0,0.0
9206,control,3.15,mobile,SG,0,0.0
9207,treatment,9.46,mobile,VN,0,0.0
9208,treatment,17.5,mobile,ID,0,0.0
9209,control,11.46,desktop,SG,0,0.0
9210,control,7.28,mobile,ID,0,0.0
9211,treatment,25.0,desktop,PH,0,0.0
9212,control,107.91,mobile,ID,1,40.85
9213,control,10.07,mobile,MY,0,0.0
9214,treatment,28.67,mobile,PH,0,0.0
9215,control,35.26,desktop,SG,0,0.0
9216,control,37.31,mobile,ID,0,0.0
9217,treatment,22.94,mobile,MY,0,0.0
9218,control,7.66,desktop,ID,0,0.0
9219,treatment,43.74,mobile,SG,0,0.0
9220,control,4.96,mobile,SG,0,0.0
9221,treatment,21.13,desktop,VN,0,0.0
9222,treatment,19.46,mobile,PH,0,0.0
9223,treatment,8.31,desktop,VN,0,0.0
9224,treatment,15.13,desktop,PH,0,0.0
9225,treatment,36.42,desktop,SG,0,0.0
9226,treatment,21.12,mobile,ID,0,0.0
9227,control,5.97,mobile,MY,0,0.0
9228,control,40.14,desktop,MY,0,0.0
9229,treatment,74.21,mobile,SG,0,0.0
9230,treatment,6.9,mobile,SG,0,0.0
9231,treatment,22.52,desktop,SG,0,0.0
9232,treatment,23.18,desktop,SG,1,60.63
9233,control,6.72,mobile,ID,0,0.0
9234,control,55.14,desktop,VN,0,0.0
9235,control,23.56,mobile,MY,0,0.0
9236,treatment,44.79,desktop,SG,1,13.21
9237,control,30.0,mobile,SG,0,0.0
9238,treatment,53.75,mobile,ID,0,0.0
9239,control,29.68,mobile,MY,0,0.0
9240,treatment,16.55,mobile,ID,0,0.0
9241,control,34.46,mobile,SG,0,0.0
9242,treatment,11.75,desktop,PH,0,0.0
9243,treatment,36.91,mobile,ID,0,0.0
9244,control,10.05,desktop,SG,0,0.0
9245,treatment,21.92,mobile,VN,0,0.0
9246,control,18.67,mobile,ID,0,0.0
9247,control,28.15,mobile,SG,0,0.0
9248,control,59.77,desktop,ID,0,0.0
9249,control,14.69,mobile,MY,0,0.0
9250,control,42.82,mobile,VN,1,20.28
9251,treatment,54.96,mobile,MY,0,0.0
9252,treatment,41.91,desktop,PH,1,20.71
9253,control,28.0,desktop,ID,0,0.0
9254,treatment,26.95,desktop,ID,0,0.0
9255,control,13.93,desktop,SG,0,0.0
9256,control,5.06,mobile,SG,0,0.0
9257,control,24.22,desktop,PH,0,0.0
9258,treatment,58.22,desktop,ID,0,0.0
9259,control,63.76,mobile,VN,0,0.0
9260,control,6.26,mobile,ID,0,0.0
9261,treatment,62.45,desktop,ID,0,0.0
9262,control,35.62,desktop,VN,0,0.0
9263,control,32.77,desktop,ID,1,46.34
9264,control,57.93,mobile,MY,0,0.0
9265,control,47.08,desktop,PH,1,6.89
9266,control,9.9,mobile,SG,0,0.0
9267,control,12.58,mobile,ID,1,32.41
9268,treatment,4.39,mobile,SG,0,0.0
9269,treatment,31.71,mobile,VN,0,0.0
9270,control,11.02,mobile,VN,0,0.0
9271,control,16.06,mobile,PH,0,0.0
9272,treatment,53.3,desktop,MY,0,0.0
9273,treatment,34.83,mobile,ID,0,0.0
9274,treatment,35.5,mobile,SG,0,0.0
9275,treatment,91.49,desktop,MY,0,0.0
9276,control,0.54,desktop,PH,0,0.0
9277,control,11.59,desktop,SG,0,0.0
9278,control,18.58,mobile,SG,0,0.0
9279,control,12.29,mobile,ID,0,0.0
9280,treatment,44.53,desktop,PH,0,0.0
9281,control,20.39,mobile,MY,0,0.0
9282,control,8.92,mobile,ID,0,0.0
9283,treatment,29.72,mobile,VN,0,0.0
9284,treatment,33.48,desktop,SG,0,0.0
9285,control,9.64,mobile,PH,0,0.0
9286,control,21.19,mobile,ID,0,0.0
9287,treatment,34.06,mobile,MY,0,0.0
9288,control,55.36,mobile,SG,0,0.0
9289,treatment,13.45,mobile,MY,0,0.0
9290,control,36.81,mobile,PH,1,11.85
9291,control,15.24,mobile,ID,0,0.0
9292,treatment,25.76,mobile,SG,0,0.0
9293,treatment,10.47,mobile,SG,0,0.0
9294,treatment,36.01,mobile,PH,0,0.0
9295,treatment,49.11,desktop,MY,0,0.0
9296,control,21.93,mobile,SG,0,0.0
9297,treatment,19.78,mobile,VN,0,0.0
9298,control,18.32,mobile,SG,0,0.0
9299,control,7.97,mobile,PH,0,0.0
9300,control,41.18,desktop,SG,0,0.0
9301,control,54.4,desktop,SG,0,0.0
9302,control,12.79,mobile,MY,0,0.0
9303,treatment,28.43,mobile,PH,0,0.0
9304,control,35.31,mobile,ID,0,0.0
9305,control,15.02,mobile,MY,1,21.57
9306,control,63.58,mobile,PH,0,0.0
9307,treatment,28.82,desktop,PH,0,0.0
9308,control,6.25,mobile,ID,0,0.0
9309,control,50.92,mobile,ID,0,0.0
9310,treatment,22.62,mobile,ID,0,0.0
9311,treatment,17.24,mobile,SG,0,0.0
9312,treatment,39.02,mobile,PH,1,6.64
9313,treatment,15.45,mobile,ID,0,0.0
9314,control,60.91,desktop,PH,0,0.0
9315,treatment,52.14,mobile,PH,1,29.27
9316,treatment,66.57,mobile,PH,0,0.0
9317,control,88.17,mobile,PH,0,0.0
9318,treatment,34.93,mobile,VN,0,0.0
9319,control,24.27,mobile,ID,0,0.0
9320,control,14.94,desktop,PH,0,0.0
9321,control,37.38,mobile,PH,0,0.0
9322,treatment,86.58,mobile,SG,1,36.64
9323,treatment,8.03,desktop,ID,0,0.0
9324,control,30.64,mobile,ID,0,0.0
9325,treatment,6.16,mobile,SG,0,0.0
9326,control,5.89,mobile,ID,0,0.0
9327,treatment,55.63,mobile,SG,0,0.0
9328,control,49.66,mobile,SG,0,0.0
9329,control,14.29,desktop,MY,0,0.0
9330,treatment,9.46,desktop,MY,0,0.0
9331,treatment,68.31,mobile,PH,0,0.0
9332,control,10.13,desktop,ID,0,0.0
9333,treatment,7.37,mobile,SG,1,15.75
9334,treatment,10.44,desktop,SG,0,0.0
9335,control,33.0,mobile,SG,0,0.0
9336,control,96.28,mobile,ID,0,0.0
9337,control,15.14,desktop,PH,0,0.0
9338,treatment,55.15,mobile,ID,1,28.89
9339,treatment,26.73,desktop,SG,0,0.0
9340,control,3.19,mobile,MY,0,0.0
9341,treatment,15.54,desktop,VN,0,0.0
9342,control,50.04,mobile,VN,0,0.0
9343,control,48.2,mobile,ID,0,0.0
9344,treatment,13.68,mobile,SG,0,0.0
9345,control,41.03,mobile,SG,0,0.0
9346,treatment,22.24,mobile,MY,0,0.0
9347,treatment,32.08,mobile,MY,0,0.0
9348,control,57.28,desktop,ID,0,0.0
9349,control,14.17,mobile,SG,1,8.43
9350,control,17.91,mobile,VN,0,0.0
9351,control,58.0,mobile,ID,1,47.54
9352,treatment,89.7,desktop,VN,0,0.0
9353,control,45.82,desktop,PH,0,0.0
9354,control,30.63,mobile,MY,0,0.0
9355,treatment,45.53,mobile,ID,0,0.0
9356,treatment,15.47,mobile,PH,0,0.0
9357,treatment,25.57,mobile,SG,0,0.0
9358,treatment,5.82,mobile,SG,0,0.0
9359,treatment,15.76,mobile,MY,0,0.0
9360,control,33.55,desktop,MY,0,0.0
9361,control,28.44,mobile,ID,0,0.0
9362,treatment,2.04,mobile,SG,0,0.0
9363,treatment,20.21,mobile,MY,0,0.0
9364,control,28.0,mobile,ID,0,0.0
9365,treatment,28.82,desktop,PH,0,0.0
9366,treatment,7.21,desktop,SG,0,0.0
9367,control,41.59,mobile,PH,0,0.0
9368,treatment,81.42,mobile,VN,0,0.0
9369,treatment,45.16,desktop,MY,0,0.0
9370,treatment,25.59,desktop,ID,1,17.29
9371,treatment,69.42,desktop,SG,0,0.0
9372,treatment,15.5,mobile,ID,0,0.0
9373,control,37.84,mobile,PH,1,15.75
9374,control,23.53,mobile,SG,0,0.0
9375,treatment,69.94,mobile,PH,1,49.53
9376,treatment,10.84,desktop,SG,0,0.0
9377,treatment,10.82,mobile,PH,0,0.0
9378,control,58.91,mobile,ID,0,0.0
9379,treatment,35.9,mobile,MY,0,0.0
9380,control,62.19,mobile,VN,1,19.74
9381,treatment,11.82,desktop,ID,0,0.0
9382,control,13.85,mobile,SG,0,0.0
9383,treatment,31.49,mobile,PH,0,0.0
9384,treatment,6.09,desktop,SG,0,0.0
9385,treatment,29.89,mobile,VN,0,0.0
9386,treatment,17.68,mobile,SG,0,0.0
9387,control,23.42,mobile,MY,0,0.0
9388,treatment,41.41,mobile,ID,0,0.0
9389,treatment,42.93,mobile,ID,1,21.19
9390,control,78.72,mobile,ID,0,0.0
9391,control,52.9,mobile,MY,0,0.0
9392,treatment,3.3,mobile,ID,0,0.0
9393,control,11.68,desktop,SG,0,0.0
9394,control,12.6,mobile,PH,0,0.0
9395,treatment,49.22,mobile,SG,0,0.0
9396,control,71.29,mobile,PH,0,0.0
9397,treatment,8.23,mobile,ID,0,0.0
9398,control,50.09,mobile,PH,0,0.0
9399,control,25.63,mobile,SG,0,0.0
9400,control,22.9,mobile,PH,0,0.0
9401,treatment,15.29,mobile,ID,0,0.0
9402,control,20.44,mobile,VN,0,0.0
9403,control,30.0,desktop,SG,0,0.0
9404,treatment,16.85,mobile,PH,0,0.0
9405,treatment,34.61,desktop,ID,0,0.0
9406,control,22.98,mobile,VN,0,0.0
9407,treatment,21.01,mobile,MY,0,0.0
9408,control,39.42,mobile,SG,0,0.0
9409,control,32.15,mobile,PH,0,0.0
9410,control,2.2,desktop,MY,0,0.0
9411,treatment,35.7,mobile,ID,0,0.0
9412,treatment,30.84,mobile,MY,0,0.0
9413,control,55.23,mobile,VN,0,0.0
9414,control,31.76,mobile,ID,0,0.0
9415,treatment,19.52,desktop,MY,0,0.0
9416,control,14.8,mobile,PH,0,0.0
9417,treatment,4.99,mobile,SG,0,0.0
9418,treatment,25.34,mobile,SG,0,0.0
9419,treatment,12.73,mobile,PH,1,15.4
9420,treatment,60.98,mobile,MY,0,0.0
9421,control,26.19,mobile,SG,1,23.62
9422,treatment,9.71,mobile,ID,0,0.0
9423,control,3.58,desktop,SG,0,0.0
9424,treatment,5.31,mobile,VN,0,0.0
9425,control,33.58,desktop,PH,1,13.21
9426,treatment,65.76,desktop,PH,0,0.0
9427,control,38.76,mobile,PH,0,0.0
9428,control,23.37,desktop,PH,0,0.0
9429,control,90.87,mobile,MY,0,0.0
9430,control,44.87,mobile,ID,0,0.0
9431,control,31.98,desktop,VN,0,0.0
9432,control,19.09,mobile,ID,0,0.0
9433,treatment,68.06,desktop,VN,0,0.0
9434,treatment,20.61,desktop,PH,0,0.0
9435,treatment,12.69,desktop,SG,0,0.0
9436,treatment,24.15,mobile,ID,0,0.0
9437,control,28.0,mobile,SG,0,0.0
9438,treatment,47.62,mobile,PH,0,0.0
9439,treatment,12.42,mobile,VN,0,0.0
9440,control,14.55,desktop,ID,0,0.0
9441,treatment,15.22,mobile,SG,0,0.0
9442,treatment,23.16,mobile,MY,0,0.0
9443,control,9.9,desktop,SG,0,0.0
9444,control,60.48,mobile,ID,1,14.46
9445,treatment,5.37,desktop,VN,0,0.0
9446,control,69.38,mobile,MY,1,20.55
9447,control,44.35,mobile,ID,0,0.0
9448,control,11.74,mobile,PH,0,0.0
9449,control,21.71,mobile,PH,0,0.0
9450,treatment,13.5,desktop,SG,0,0.0
9451,treatment,44.89,mobile,SG,0,0.0
9452,treatment,64.56,mobile,SG,1,18.31
9453,treatment,146.43,desktop,SG,0,0.0
9454,control,37.0,mobile,SG,0,0.0
9455,control,5.53,mobile,ID,0,0.0
9456,control,10.93,mobile,ID,0,0.0
9457,control,35.67,desktop,SG,0,0.0
9458,treatment,22.46,desktop,ID,0,0.0
9459,treatment,43.91,mobile,ID,0,0.0
9460,control,32.4,mobile,SG,0,0.0
9461,treatment,11.9,desktop,SG,0,0.0
9462,treatment,19.7,desktop,SG,0,0.0
9463,control,45.42,mobile,MY,0,0.0
9464,treatment,33.77,mobile,ID,0,0.0
9465,control,44.26,mobile,MY,0,0.0
9466,treatment,7.65,mobile,SG,0,0.0
9467,treatment,12.67,desktop,SG,0,0.0
9468,treatment,57.51,desktop,SG,0,0.0
9469,treatment,7.96,mobile,ID,0,0.0
9470,treatment,42.42,desktop,ID,0,0.0
9471,control,7.07,mobile,ID,0,0.0
9472,treatment,27.67,desktop,ID,0,0.0
9473,control,17.42,mobile,SG,0,0.0
9474,treatment,11.75,desktop,SG,0,0.0
9475,treatment,29.38,mobile,ID,0,0.0
9476,control,55.59,mobile,ID,1,5.68
9477,control,14.26,mobile,PH,0,0.0
9478,control,2.74,mobile,ID,0,0.0
9479,control,22.98,mobile,ID,0,0.0
9480,treatment,11.64,desktop,PH,0,0.0
9481,treatment,46.09,mobile,PH,1,7.72
9482,control,17.38,desktop,VN,0,0.0
9483,treatment,14.73,mobile,SG,0,0.0
9484,treatment,19.01,mobile,SG,0,0.0
9485,treatment,55.57,mobile,ID,1,24.99
9486,treatment,35.02,mobile,MY,1,33.51
9487,treatment,10.12,mobile,MY,0,0.0
9488,control,7.64,mobile,ID,0,0.0
9489,treatment,68.72,mobile,ID,0,0.0
9490,treatment,14.42,mobile,ID,0,0.0
9491,treatment,56.72,mobile,SG,0,0.0
9492,treatment,22.24,mobile,MY,1,57.59
9493,treatment,12.85,mobile,ID,0,0.0
9494,control,13.75,mobile,SG,0,0.0
9495,treatment,23.09,desktop,SG,0,0.0
9496,treatment,2.58,mobile,ID,0,0.0
9497,control,13.23,desktop,VN,0,0.0
9498,treatment,85.92,mobile,SG,0,0.0
9499,treatment,103.16,desktop,MY,0,0.0
9500,treatment,14.47,mobile,SG,0,0.0
9501,treatment,40.83,mobile,MY,0,0.0
9502,treatment,34.32,mobile,ID,0,0.0
9503,treatment,8.75,desktop,MY,0,0.0
9504,control,41.33,mobile,MY,0,0.0
9505,control,18.65,desktop,VN,0,0.0
9506,treatment,26.81,mobile,MY,0,0.0
9507,control,47.34,mobile,ID,0,0.0
9508,treatment,19.7,desktop,VN,0,0.0
9509,treatment,19.52,mobile,ID,0,0.0
9510,control,38.14,mobile,SG,0,0.0
9511,treatment,57.89,desktop,SG,1,39.46
9512,treatment,36.59,mobile,PH,1,15.12
9513,control,20.31,mobile,PH,1,48.37
9514,control,53.7,mobile,SG,0,0.0
9515,treatment,33.29,desktop,ID,0,0.0
9516,treatment,66.54,mobile,SG,0,0.0
9517,control,78.79,mobile,SG,0,0.0
9518,control,36.15,mobile,VN,0,0.0
9519,treatment,63.34,desktop,MY,1,34.24
9520,treatment,64.64,mobile,SG,0,0.0
9521,treatment,24.1,mobile,ID,0,0.0
9522,treatment,64.63,desktop,PH,0,0.0
9523,treatment,27.77,desktop,PH,0,0.0
9524,treatment,44.21,mobile,ID,0,0.0
9525,treatment,25.68,mobile,PH,0,0.0
9526,treatment,6.37,mobile,PH,1,51.61
9527,treatment,94.23,mobile,VN,1,24.29
9528,control,42.96,mobile,ID,0,0.0
9529,treatment,45.7,mobile,ID,0,0.0
9530,control,29.88,mobile,VN,0,0.0
9531,treatment,64.31,mobile,MY,1,5.42
9532,treatment,23.67,mobile,MY,0,0.0
9533,control,24.93,mobile,PH,0,0.0
9534,treatment,10.24,mobile,VN,1,13.15
9535,treatment,32.25,mobile,MY,0,0.0
9536,treatment,62.08,mobile,ID,0,0.0
9537,treatment,23.9,desktop,PH,0,0.0
9538,treatment,8.93,mobile,ID,0,0.0
9539,control,53.35,desktop,MY,0,0.0
9540,treatment,38.41,desktop,SG,0,0.0
9541,treatment,86.87,mobile,SG,0,0.0
9542,treatment,13.77,desktop,MY,1,49.46
9543,treatment,43.07,mobile,MY,0,0.0
9544,treatment,8.56,desktop,PH,0,0.0
9545,treatment,26.25,mobile,SG,0,0.0
9546,control,30.26,desktop,SG,0,0.0
9547,control,5.64,mobile,ID,0,0.0
9548,control,58.98,desktop,SG,0,0.0
9549,control,48.18,mobile,VN,0,0.0
9550,control,38.4,desktop,SG,0,0.0
9551,treatment,9.13,desktop,PH,0,0.0
9552,treatment,14.99,desktop,MY,1,7.75
9553,treatment,52.18,mobile,VN,0,0.0
9554,treatment,26.05,mobile,ID,0,0.0
9555,control,22.12,mobile,VN,0,0.0
9556,treatment,63.3,mobile,MY,0,0.0
9557,treatment,29.42,mobile,ID,0,0.0
9558,treatment,9.91,desktop,SG,0,0.0
9559,control,51.73,desktop,MY,0,0.0
9560,treatment,8.71,mobile,SG,0,0.0
9561,treatment,26.22,mobile,PH,1,13.47
9562,treatment,32.63,desktop,ID,0,0.0
9563,control,44.26,mobile,ID,1,2.8
9564,treatment,6.83,desktop,SG,1,12.2
9565,treatment,2.03,desktop,SG,0,0.0
9566,treatment,2.15,mobile,ID,0,0.0
9567,control,68.81,mobile,MY,0,0.0
9568,control,5.66,desktop,MY,0,0.0
9569,treatment,81.05,mobile,VN,0,0.0
9570,treatment,55.68,mobile,SG,0,0.0
9571,treatment,11.64,mobile,ID,0,0.0
9572,treatment,3.17,mobile,SG,0,0.0
9573,control,27.8,desktop,ID,0,0.0
9574,treatment,17.09,mobile,ID,0,0.0
9575,control,64.02,mobile,ID,0,0.0
9576,control,32.38,desktop,PH,1,36.43
9577,control,26.46,mobile,SG,0,0.0
9578,control,22.21,mobile,SG,0,0.0
9579,treatment,44.17,mobile,SG,0,0.0
9580,treatment,24.59,desktop,ID,1,9.59
9581,control,92.04,desktop,SG,0,0.0
9582,treatment,5.43,mobile,ID,0,0.0
9583,control,20.33,desktop,MY,0,0.0
9584,treatment,39.72,desktop,ID,0,0.0
9585,control,35.99,mobile,MY,1,20.44
9586,control,91.87,mobile,VN,0,0.0
9587,treatment,13.99,desktop,VN,0,0.0
9588,control,0.85,mobile,MY,0,0.0
9589,treatment,52.7,mobile,VN,0,0.0
9590,treatment,31.24,mobile,PH,0,0.0
9591,control,53.03,mobile,SG,0,0.0
9592,treatment,34.7,mobile,ID,0,0.0
9593,treatment,1.63,mobile,MY,0,0.0
9594,control,36.36,mobile,PH,0,0.0
9595,treatment,13.9,desktop,PH,0,0.0
9596,treatment,20.34,mobile,ID,0,0.0
9597,control,23.93,mobile,ID,0,0.0
9598,control,8.7,mobile,ID,0,0.0
9599,control,13.48,mobile,MY,0,0.0
9600,treatment,46.36,desktop,MY,0,0.0
9601,treatment,46.31,mobile,ID,0,0.0
9602,treatment,4.74,mobile,PH,0,0.0
9603,treatment,31.5,mobile,ID,0,0.0
9604,control,50.02,desktop,SG,0,0.0
9605,treatment,29.1,desktop,SG,0,0.0
9606,control,32.9,mobile,MY,0,0.0
9607,control,5.16,desktop,ID,0,0.0
9608,control,62.34,desktop,MY,0,0.0
9609,treatment,9.5,desktop,MY,0,0.0
9610,treatment,19.47,desktop,PH,0,0.0
9611,treatment,50.35,desktop,PH,0,0.0
9612,control,77.77,mobile,MY,0,0.0
9613,control,20.84,mobile,ID,0,0.0
9614,treatment,107.44,desktop,MY,1,32.66
9615,control,29.9,desktop,ID,0,0.0
9616,control,27.35,mobile,SG,0,0.0
9617,treatment,10.9,mobile,MY,0,0.0
9618,treatment,19.83,mobile,ID,0,0.0
9619,treatment,31.93,mobile,MY,0,0.0
9620,treatment,40.1,mobile,PH,0,0.0
9621,treatment,38.74,mobile,SG,1,34.4
9622,control,18.1,desktop,SG,0,0.0
9623,treatment,68.39,mobile,VN,0,0.0
9624,control,28.06,mobile,MY,0,0.0
9625,control,26.65,mobile,SG,0,0.0
9626,treatment,10.19,desktop,MY,0,0.0
9627,control,43.12,mobile,SG,0,0.0
9628,control,25.46,mobile,ID,0,0.0
9629,control,21.08,desktop,MY,0,0.0
9630,treatment,7.28,desktop,VN,0,0.0
9631,treatment,7.6,mobile,SG,0,0.0
9632,control,34.51,mobile,MY,1,11.33
9633,treatment,75.37,desktop,ID,0,0.0
9634,control,22.44,mobile,SG,0,0.0
9635,control,22.31,mobile,SG,1,23.03
9636,control,43.51,desktop,SG,1,19.97
9637,treatment,60.78,desktop,SG,0,0.0
9638,control,16.69,mobile,PH,0,0.0
9639,control,10.34,desktop,PH,0,0.0
9640,control,24.91,mobile,MY,0,0.0
9641,treatment,38.34,desktop,ID,0,0.0
9642,control,2.16,mobile,ID,0,0.0
9643,treatment,18.73,mobile,SG,0,0.0
9644,control,22.94,desktop,MY,0,0.0
9645,treatment,20.55,desktop,VN,0,0.0
9646,control,6.56,mobile,SG,0,0.0
9647,control,18.79,desktop,SG,0,0.0
9648,control,23.24,desktop,SG,0,0.0
9649,treatment,12.0,mobile,ID,0,0.0
9650,control,32.12,mobile,PH,1,10.45
9651,control,48.2,mobile,MY,0,0.0
9652,treatment,49.44,desktop,MY,1,17.07
9653,treatment,14.75,mobile,MY,0,0.0
9654,treatment,37.8,mobile,PH,0,0.0
9655,treatment,35.5,mobile,MY,0,0.0
9656,control,86.85,mobile,MY,0,0.0
9657,treatment,37.94,mobile,SG,0,0.0
9658,treatment,39.63,mobile,SG,1,19.27
9659,control,55.16,mobile,VN,0,0.0
9660,control,8.35,desktop,MY,1,14.75
9661,control,27.49,mobile,SG,0,0.0
9662,treatment,78.59,mobile,VN,0,0.0
9663,treatment,79.69,mobile,VN,0,0.0
9664,control,18.79,desktop,SG,0,0.0
9665,treatment,77.15,mobile,MY,0,0.0
9666,treatment,21.15,mobile,VN,0,0.0
9667,control,32.99,desktop,SG,0,0.0
9668,control,5.47,mobile,MY,0,0.0
9669,treatment,66.25,mobile,MY,1,53.79
9670,control,20.31,mobile,PH,1,20.92
9671,control,6.79,desktop,MY,0,0.0
9672,treatment,23.7,mobile,MY,0,0.0
9673,control,1.41,desktop,ID,0,0.0
9674,treatment,42.15,desktop,PH,0,0.0
9675,control,58.04,desktop,SG,0,0.0
9676,treatment,10.65,mobile,SG,0,0.0
9677,control,10.28,desktop,ID,0,0.0
9678,treatment,39.98,mobile,MY,0,0.0
9679,control,43.54,mobile,ID,0,0.0
9680,control,15.36,mobile,SG,0,0.0
9681,control,12.05,mobile,PH,0,0.0
9682,control,51.07,desktop,MY,0,0.0
9683,control,6.09,desktop,MY,0,0.0
9684,treatment,17.92,desktop,SG,0,0.0
9685,treatment,11.77,desktop,SG,0,0.0
9686,treatment,39.54,mobile,ID,0,0.0
9687,treatment,12.65,desktop,ID,0,0.0
9688,control,55.88,mobile,PH,0,0.0
9689,treatment,17.35,mobile,ID,0,0.0
9690,control,34.54,mobile,MY,0,0.0
9691,control,12.86,desktop,PH,0,0.0
9692,control,29.84,desktop,SG,0,0.0
9693,control,14.37,desktop,ID,0,0.0
9694,treatment,9.74,desktop,ID,0,0.0
9695,control,43.37,mobile,SG,0,0.0
9696,control,12.54,mobile,ID,0,0.0
9697,control,12.75,mobile,VN,0,0.0
9698,control,27.89,desktop,MY,0,0.0
9699,treatment,31.67,mobile,ID,0,0.0
9700,control,9.39,mobile,MY,0,0.0
9701,control,37.26,mobile,MY,0,0.0
9702,treatment,13.49,desktop,MY,0,0.0
9703,treatment,7.18,mobile,SG,0,0.0
9704,treatment,20.04,mobile,SG,0,0.0
9705,control,19.78,mobile,PH,1,12.3
9706,treatment,35.04,mobile,MY,0,0.0
9707,control,89.04,desktop,ID,0,0.0
9708,treatment,27.52,mobile,SG,0,0.0
9709,treatment,38.63,desktop,SG,0,0.0
9710,control,5.3,desktop,ID,0,0.0
9711,control,57.72,mobile,ID,0,0.0
9712,control,22.77,desktop,ID,0,0.0
9713,control,7.82,desktop,ID,0,0.0
9714,treatment,56.2,mobile,ID,0,0.0
9715,control,23.56,mobile,SG,0,0.0
9716,treatment,49.95,mobile,SG,1,14.78
9717,treatment,95.54,mobile,SG,0,0.0
9718,control,5.96,mobile,MY,0,0.0
9719,control,13.0,mobile,SG,1,13.17
9720,control,43.86,desktop,MY,0,0.0
9721,control,24.84,mobile,SG,1,24.46
9722,treatment,1.64,desktop,MY,0,0.0
9723,treatment,18.26,mobile,MY,0,0.0
9724,control,20.77,desktop,VN,0,0.0
9725,control,23.59,desktop,PH,0,0.0
9726,treatment,12.57,mobile,VN,0,0.0
9727,treatment,67.97,mobile,ID,0,0.0
9728,treatment,5.31,mobile,VN,0,0.0
9729,treatment,33.19,mobile,SG,0,0.0
9730,control,15.51,mobile,ID,1,22.38
9731,treatment,14.55,mobile,ID,0,0.0
9732,treatment,61.88,mobile,MY,0,0.0
9733,control,19.88,mobile,SG,0,0.0
9734,control,33.33,mobile,ID,1,53.17
9735,control,45.99,mobile,VN,0,0.0
9736,control,25.74,mobile,ID,0,0.0
9737,treatment,62.47,mobile,SG,0,0.0
9738,treatment,7.02,desktop,SG,1,11.64
9739,control,34.86,desktop,SG,0,0.0
9740,control,89.68,desktop,PH,0,0.0
9741,control,32.7,desktop,MY,0,0.0
9742,treatment,4.02,desktop,SG,0,0.0
9743,treatment,35.78,desktop,PH,0,0.0
9744,control,69.87,mobile,MY,0,0.0
9745,control,18.46,mobile,PH,0,0.0
9746,control,18.27,desktop,PH,0,0.0
9747,treatment,42.59,desktop,ID,1,20.46
9748,treatment,37.16,mobile,VN,0,0.0
9749,control,26.49,mobile,PH,0,0.0
9750,treatment,13.4,mobile,SG,0,0.0
9751,treatment,16.8,mobile,MY,0,0.0
9752,control,10.05,mobile,VN,0,0.0
9753,control,3.51,mobile,ID,0,0.0
9754,treatment,57.75,mobile,MY,0,0.0
9755,treatment,44.27,desktop,PH,1,15.89
9756,treatment,41.14,desktop,ID,0,0.0
9757,treatment,40.59,desktop,MY,0,0.0
9758,control,21.32,mobile,SG,0,0.0
9759,control,19.05,mobile,PH,0,0.0
9760,control,7.9,mobile,PH,0,0.0
9761,control,46.96,mobile,VN,0,0.0
9762,treatment,125.86,desktop,PH,0,0.0
9763,treatment,34.64,mobile,SG,0,0.0
9764,control,51.84,mobile,MY,0,0.0
9765,control,51.98,mobile,MY,0,0.0
9766,treatment,73.01,mobile,SG,0,0.0
9767,treatment,11.86,mobile,PH,0,0.0
9768,control,5.41,mobile,SG,0,0.0
9769,treatment,29.6,mobile,MY,0,0.0
9770,treatment,22.94,mobile,PH,0,0.0
9771,treatment,118.75,desktop,PH,0,0.0
9772,treatment,10.2,mobile,SG,0,0.0
9773,treatment,88.78,desktop,SG,0,0.0
9774,treatment,23.13,mobile,MY,1,22.14
9775,treatment,9.07,mobile,ID,0,0.0
9776,treatment,77.82,mobile,PH,0,0.0
9777,control,12.04,mobile,ID,0,0.0
9778,control,52.06,mobile,SG,0,0.0
9779,treatment,30.26,mobile,ID,0,0.0
9780,control,88.56,desktop,MY,0,0.0
9781,treatment,60.14,mobile,PH,0,0.0
9782,control,22.64,mobile,SG,0,0.0
9783,treatment,78.09,desktop,MY,0,0.0
9784,control,37.91,mobile,MY,0,0.0
9785,treatment,27.05,mobile,ID,0,0.0
9786,treatment,29.76,mobile,MY,0,0.0
9787,control,53.52,mobile,MY,0,0.0
9788,control,21.71,mobile,ID,0,0.0
9789,control,16.92,desktop,SG,0,0.0
9790,control,13.67,mobile,SG,0,0.0
9791,control,34.29,mobile,SG,0,0.0
9792,control,14.56,desktop,SG,0,0.0
9793,treatment,54.08,mobile,ID,1,18.66
9794,control,21.28,mobile,SG,0,0.0
9795,control,40.12,desktop,SG,0,0.0
9796,control,62.54,desktop,VN,0,0.0
9797,treatment,74.49,desktop,MY,0,0.0
9798,control,31.66,mobile,PH,0,0.0
9799,control,2.94,mobile,ID,0,0.0
9800,control,3.19,desktop,SG,0,0.0
9801,control,53.06,mobile,ID,0,0.0
9802,treatment,11.27,desktop,ID,0,0.0
9803,treatment,20.47,desktop,SG,0,0.0
9804,treatment,58.71,mobile,SG,0,0.0
9805,treatment,17.11,desktop,SG,0,0.0
9806,control,7.93,desktop,SG,0,0.0
9807,control,21.03,desktop,SG,0,0.0
9808,treatment,45.99,mobile,SG,0,0.0
9809,treatment,16.82,mobile,ID,0,0.0
9810,treatment,41.5,mobile,SG,0,0.0
9811,treatment,8.19,mobile,PH,0,0.0
9812,treatment,13.3,desktop,SG,0,0.0
9813,control,21.29,desktop,ID,0,0.0
9814,treatment,64.19,mobile,PH,0,0.0
9815,control,18.71,desktop,MY,0,0.0
9816,control,16.46,desktop,MY,0,0.0
9817,treatment,16.52,mobile,MY,0,0.0
9818,treatment,41.46,mobile,MY,0,0.0
9819,control,49.23,mobile,SG,0,0.0
9820,treatment,62.22,mobile,ID,0,0.0
9821,treatment,98.13,desktop,ID,0,0.0
9822,control,34.46,mobile,MY,0,0.0
9823,treatment,14.73,mobile,VN,0,0.0
9824,control,23.78,desktop,VN,0,0.0
9825,control,11.82,desktop,SG,0,0.0
9826,control,29.87,desktop,ID,0,0.0
9827,treatment,13.71,desktop,SG,0,0.0
9828,control,61.96,mobile,PH,0,0.0
9829,treatment,32.48,desktop,ID,0,0.0
9830,treatment,75.92,mobile,MY,0,0.0
9831,control,47.99,mobile,MY,0,0.0
9832,treatment,44.91,mobile,ID,0,0.0
9833,control,7.86,mobile,SG,0,0.0
9834,control,41.41,mobile,ID,0,0.0
9835,treatment,96.72,desktop,PH,0,0.0
9836,treatment,19.18,mobile,MY,0,0.0
9837,treatment,55.53,mobile,SG,0,0.0
9838,treatment,5.71,desktop,ID,1,33.71
9839,control,10.25,desktop,ID,0,0.0
9840,control,25.12,desktop,ID,0,0.0
9841,treatment,16.7,desktop,SG,1,28.07
9842,treatment,13.52,mobile,ID,0,0.0
9843,control,16.77,mobile,SG,0,0.0
9844,control,38.17,desktop,MY,0,0.0
9845,treatment,56.01,desktop,MY,0,0.0
9846,treatment,40.54,mobile,PH,1,20.65
9847,treatment,42.25,mobile,PH,0,0.0
9848,control,25.98,mobile,PH,0,0.0
9849,control,9.98,mobile,PH,1,4.56
9850,treatment,24.4,mobile,SG,0,0.0
9851,control,30.45,mobile,ID,0,0.0
9852,treatment,57.75,mobile,ID,0,0.0
9853,treatment,84.1,mobile,PH,0,0.0
9854,treatment,35.87,mobile,PH,0,0.0
9855,control,53.69,mobile,SG,1,15.28
9856,treatment,2.22,mobile,SG,0,0.0
9857,treatment,20.99,mobile,PH,0,0.0
9858,control,25.89,mobile,SG,0,0.0
9859,control,39.79,mobile,SG,0,0.0
9860,control,85.45,desktop,VN,0,0.0
9861,control,34.29,mobile,VN,0,0.0
9862,control,4.9,desktop,MY,0,0.0
9863,control,42.61,mobile,SG,0,0.0
9864,treatment,19.74,mobile,MY,0,0.0
9865,treatment,39.67,desktop,SG,0,0.0
9866,treatment,45.15,mobile,SG,0,0.0
9867,treatment,4.51,mobile,SG,0,0.0
9868,control,24.82,mobile,PH,0,0.0
9869,treatment,25.56,mobile,MY,0,0.0
9870,control,33.98,desktop,SG,0,0.0
9871,control,14.47,mobile,ID,0,0.0
9872,treatment,11.08,desktop,SG,1,26.63
9873,treatment,84.51,mobile,PH,0,0.0
9874,control,31.45,mobile,SG,0,0.0
9875,treatment,12.19,desktop,SG,0,0.0
9876,control,17.1,mobile,MY,0,0.0
9877,treatment,87.15,mobile,SG,0,0.0
9878,control,65.53,mobile,SG,1,6.27
9879,control,15.54,mobile,VN,0,0.0
9880,control,10.12,desktop,PH,0,0.0
9881,control,10.85,mobile,VN,0,0.0
9882,treatment,60.8,mobile,ID,0,0.0
9883,treatment,18.66,mobile,SG,0,0.0
9884,treatment,6.46,mobile,VN,0,0.0
9885,treatment,17.56,mobile,ID,0,0.0
9886,control,33.71,mobile,MY,0,0.0
9887,treatment,24.47,mobile,ID,0,0.0
9888,control,66.31,mobile,ID,0,0.0
9889,control,34.02,desktop,ID,0,0.0
9890,treatment,37.56,mobile,PH,0,0.0
9891,treatment,51.43,desktop,VN,0,0.0
9892,control,49.53,mobile,PH,0,0.0
9893,treatment,17.49,mobile,PH,0,0.0
9894,treatment,10.29,desktop,ID,0,0.0
9895,control,32.01,mobile,MY,1,52.71
9896,treatment,28.76,mobile,ID,0,0.0
9897,control,34.22,mobile,ID,0,0.0
9898,control,36.38,mobile,SG,1,42.76
9899,treatment,80.22,mobile,ID,0,0.0
9900,treatment,21.63,mobile,MY,0,0.0
9901,treatment,37.46,mobile,MY,0,0.0
9902,control,10.25,mobile,ID,0,0.0
9903,control,13.5,mobile,PH,0,0.0
9904,control,27.39,mobile,SG,0,0.0
9905,control,11.79,desktop,PH,0,0.0
9906,control,43.21,desktop,SG,0,0.0
9907,treatment,38.65,mobile,ID,0,0.0
9908,treatment,15.72,mobile,PH,0,0.0
9909,treatment,22.91,desktop,VN,0,0.0
9910,treatment,61.23,mobile,MY,0,0.0
9911,control,31.73,desktop,PH,0,0.0
9912,treatment,112.4,desktop,PH,0,0.0
9913,treatment,22.93,mobile,SG,0,0.0
9914,control,25.1,desktop,MY,0,0.0
9915,control,27.39,mobile,PH,0,0.0
9916,treatment,5.6,mobile,SG,0,0.0
9917,treatment,24.19,desktop,ID,1,10.42
9918,treatment,23.53,desktop,MY,1,31.26
9919,control,46.06,mobile,ID,0,0.0
9920,treatment,62.95,desktop,MY,1,15.36
9921,treatment,21.37,mobile,SG,0,0.0
9922,treatment,2.92,desktop,MY,0,0.0
9923,control,30.7,desktop,PH,0,0.0
9924,treatment,11.66,desktop,ID,0,0.0
9925,control,32.77,mobile,MY,0,0.0
9926,control,32.14,mobile,ID,1,55.24
9927,treatment,14.7,desktop,SG,0,0.0
9928,control,30.89,mobile,SG,0,0.0
9929,control,6.69,desktop,ID,0,0.0
9930,control,34.3,mobile,SG,0,0.0
9931,treatment,49.16,mobile,SG,0,0.0
9932,control,39.91,mobile,ID,0,0.0
9933,treatment,17.82,mobile,VN,0,0.0
9934,treatment,46.6,mobile,SG,1,28.66
9935,treatment,42.89,mobile,MY,0,0.0
9936,control,44.29,desktop,ID,0,0.0
9937,treatment,68.19,mobile,PH,0,0.0
9938,treatment,36.74,mobile,SG,0,0.0
9939,treatment,10.58,mobile,PH,0,0.0
9940,treatment,12.34,mobile,VN,0,0.0
9941,treatment,36.76,mobile,SG,0,0.0
9942,control,23.89,desktop,SG,0,0.0
9943,control,20.45,mobile,ID,0,0.0
9944,control,42.0,mobile,SG,0,0.0
9945,control,8.79,mobile,SG,0,0.0
9946,treatment,42.6,mobile,PH,0,0.0
9947,control,22.78,mobile,ID,0,0.0
9948,control,35.0,mobile,ID,0,0.0
9949,control,9.57,mobile,ID,0,0.0
9950,treatment,43.79,desktop,ID,0,0.0
9951,control,55.31,mobile,PH,0,0.0
9952,treatment,176.46,mobile,PH,0,0.0
9953,treatment,33.32,mobile,PH,0,0.0
9954,control,53.96,desktop,MY,0,0.0
9955,control,11.76,desktop,PH,0,0.0
9956,control,65.71,mobile,PH,0,0.0
9957,control,7.21,mobile,MY,0,0.0
9958,control,83.72,mobile,MY,0,0.0
9959,treatment,30.9,mobile,MY,0,0.0
9960,control,7.93,mobile,MY,0,0.0
9961,control,20.91,mobile,SG,0,0.0
9962,treatment,53.56,mobile,SG,0,0.0
9963,treatment,24.25,desktop,SG,0,0.0
9964,treatment,23.99,mobile,SG,0,0.0
9965,treatment,50.17,mobile,ID,0,0.0
9966,treatment,25.86,mobile,ID,1,44.99
9967,treatment,62.92,mobile,ID,0,0.0
9968,control,17.36,mobile,ID,0,0.0
9969,control,5.1,desktop,MY,0,0.0
9970,treatment,27.04,desktop,PH,0,0.0
9971,control,29.55,mobile,ID,0,0.0
9972,treatment,16.8,mobile,ID,0,0.0
9973,control,34.28,mobile,PH,0,0.0
9974,treatment,6.07,mobile,SG,0,0.0
9975,treatment,35.01,desktop,ID,0,0.0
9976,control,10.1,desktop,PH,0,0.0
9977,control,7.9,desktop,SG,0,0.0
9978,control,28.93,mobile,SG,0,0.0
9979,treatment,7.28,desktop,MY,0,0.0
9980,treatment,3.38,desktop,MY,0,0.0
9981,treatment,38.45,mobile,VN,0,0.0
9982,control,11.2,mobile,PH,0,0.0
9983,treatment,41.34,desktop,SG,0,0.0
9984,treatment,22.08,mobile,MY,0,0.0
9985,control,28.91,mobile,PH,0,0.0
9986,treatment,54.14,mobile,ID,0,0.0
9987,treatment,36.95,mobile,ID,1,12.47
9988,treatment,41.97,desktop,SG,0,0.0
9989,control,40.89,desktop,VN,0,0.0
9990,control,15.51,desktop,MY,0,0.0
9991,control,35.76,mobile,SG,0,0.0
9992,control,12.54,desktop,SG,0,0.0
9993,treatment,35.81,mobile,PH,0,0.0
9994,control,21.26,mobile,ID,0,0.0
9995,control,24.83,desktop,SG,0,0.0
9996,control,77.48,desktop,ID,1,20.19
9997,control,39.68,desktop,VN,0,0.0
9998,control,16.53,mobile,MY,0,0.0
9999,control,6.04,mobile,MY,0,0.0
10000,treatment,29.61,desktop,MY,1,16.58
10001,control,6.89,mobile,SG,0,0.0
10002,control,84.12,mobile,VN,0,0.0
10003,control,25.38,desktop,SG,0,0.0
10004,control,50.47,mobile,SG,0,0.0
10005,control,8.4,mobile,SG,0,0.0
10006,treatment,38.95,mobile,SG,0,0.0
10007,control,57.85,mobile,MY,0,0.0
10008,treatment,41.25,mobile,VN,0,0.0
10009,treatment,47.86,mobile,SG,0,0.0
10010,treatment,36.45,mobile,SG,0,0.0
10011,treatment,19.75,mobile,MY,0,0.0
10012,treatment,13.0,mobile,VN,0,0.0
10013,control,14.87,desktop,VN,1,14.71
10014,control,85.45,mobile,VN,0,0.0
10015,treatment,31.95,mobile,SG,0,0.0
10016,treatment,61.58,mobile,ID,0,0.0
10017,treatment,17.35,mobile,ID,0,0.0
10018,control,45.9,mobile,SG,0,0.0
10019,control,12.2,desktop,ID,0,0.0
10020,treatment,22.56,mobile,ID,1,38.71
10021,treatment,19.02,mobile,ID,0,0.0
10022,control,79.05,mobile,SG,1,71.37
10023,control,14.09,desktop,MY,0,0.0
10024,treatment,42.39,mobile,ID,0,0.0
10025,treatment,37.13,mobile,SG,0,0.0
10026,control,9.17,mobile,SG,0,0.0
10027,treatment,62.03,desktop,ID,0,0.0
10028,control,66.96,mobile,SG,0,0.0
10029,control,32.05,desktop,SG,0,0.0
10030,control,28.22,desktop,SG,1,12.71
10031,control,5.0,mobile,SG,0,0.0
10032,control,7.92,mobile,SG,0,0.0
10033,control,22.08,desktop,PH,0,0.0
10034,treatment,12.55,mobile,PH,0,0.0
10035,control,50.52,mobile,SG,0,0.0
10036,treatment,7.61,mobile,ID,0,0.0
10037,control,6.93,mobile,SG,0,0.0
10038,treatment,39.75,mobile,SG,0,0.0
10039,treatment,35.32,desktop,PH,0,0.0
10040,treatment,30.38,desktop,VN,1,13.98
10041,control,46.02,mobile,SG,1,13.27
10042,control,16.16,mobile,PH,0,0.0
10043,control,19.72,mobile,MY,0,0.0
10044,treatment,34.53,mobile,PH,0,0.0
10045,treatment,31.91,mobile,ID,0,0.0
10046,treatment,13.49,desktop,ID,0,0.0
10047,treatment,56.24,desktop,PH,0,0.0
10048,control,9.43,desktop,ID,0,0.0
10049,control,21.03,mobile,VN,0,0.0
10050,control,10.08,mobile,MY,0,0.0
10051,control,109.8,mobile,VN,1,2.87
10052,treatment,28.79,desktop,PH,0,0.0
10053,treatment,11.85,desktop,MY,0,0.0
10054,treatment,19.14,desktop,ID,0,0.0
10055,control,34.16,mobile,VN,1,65.09
10056,control,50.27,desktop,ID,0,0.0
10057,control,12.92,mobile,MY,0,0.0
10058,treatment,69.28,mobile,SG,0,0.0
10059,control,27.97,desktop,SG,0,0.0
10060,control,40.01,desktop,SG,1,17.05
10061,treatment,17.96,desktop,SG,0,0.0
10062,control,36.03,desktop,ID,0,0.0
10063,treatment,16.89,mobile,MY,0,0.0
10064,treatment,19.99,desktop,SG,0,0.0
10065,treatment,51.59,mobile,MY,0,0.0
10066,treatment,38.45,mobile,SG,1,23.13
10067,treatment,21.64,mobile,ID,1,26.05
10068,treatment,49.66,mobile,MY,0,0.0
10069,control,33.35,mobile,VN,0,0.0
10070,control,4.09,desktop,ID,0,0.0
10071,treatment,24.93,desktop,PH,0,0.0
10072,control,50.81,desktop,MY,0,0.0
10073,control,83.72,mobile,PH,0,0.0
10074,control,10.84,mobile,ID,1,12.49
10075,treatment,48.54,mobile,VN,0,0.0
10076,treatment,27.82,desktop,ID,1,20.36
10077,control,9.17,mobile,VN,1,13.74
10078,control,9.94,mobile,PH,0,0.0
10079,control,11.22,desktop,VN,0,0.0
10080,treatment,6.59,mobile,ID,0,0.0
10081,control,8.39,desktop,SG,0,0.0
10082,control,28.66,desktop,ID,0,0.0
10083,control,3.99,desktop,VN,0,0.0
10084,control,13.1,desktop,VN,0,0.0
10085,treatment,20.17,desktop,VN,1,14.12
10086,control,13.17,mobile,MY,0,0.0
10087,treatment,7.47,mobile,PH,0,0.0
10088,control,27.14,mobile,MY,0,0.0
10089,treatment,12.93,mobile,ID,0,0.0
10090,control,13.86,mobile,MY,0,0.0
10091,control,24.03,mobile,MY,0,0.0
10092,treatment,42.19,mobile,MY,0,0.0
10093,treatment,15.8,desktop,MY,0,0.0
10094,control,16.51,mobile,MY,0,0.0
10095,treatment,8.83,mobile,ID,0,0.0
10096,treatment,50.41,desktop,SG,0,0.0
10097,treatment,27.51,mobile,ID,0,0.0
10098,treatment,48.21,mobile,SG,0,0.0
10099,treatment,53.69,mobile,SG,0,0.0
10100,treatment,15.62,desktop,SG,0,0.0
10101,treatment,45.71,mobile,SG,0,0.0
10102,treatment,29.6,mobile,PH,0,0.0
10103,control,16.83,mobile,PH,0,0.0
10104,treatment,14.68,desktop,ID,0,0.0
10105,control,26.93,mobile,ID,0,0.0
10106,treatment,31.94,mobile,ID,0,0.0
10107,treatment,2.88,mobile,PH,0,0.0
10108,treatment,18.9,mobile,ID,1,29.69
10109,control,30.94,mobile,SG,0,0.0
10110,control,36.48,mobile,PH,0,0.0
10111,control,23.89,mobile,MY,0,0.0
10112,treatment,35.69,mobile,VN,0,0.0
10113,control,14.7,desktop,PH,0,0.0
10114,treatment,35.04,mobile,MY,0,0.0
10115,treatment,31.66,mobile,VN,0,0.0
10116,treatment,53.1,mobile,SG,0,0.0
10117,control,71.68,mobile,ID,0,0.0
10118,control,54.0,desktop,ID,0,0.0
10119,treatment,21.63,mobile,PH,0,0.0
10120,control,9.32,desktop,MY,0,0.0
10121,treatment,13.09,desktop,SG,0,0.0
10122,treatment,70.38,mobile,SG,0,0.0
10123,treatment,28.0,desktop,MY,1,19.18
10124,treatment,32.58,desktop,MY,1,7.04
10125,treatment,48.17,desktop,MY,1,18.22
10126,control,26.73,mobile,ID,0,0.0
10127,treatment,59.66,mobile,ID,0,0.0
10128,control,8.27,mobile,SG,0,0.0
10129,treatment,37.72,mobile,SG,0,0.0
10130,treatment,85.27,mobile,PH,0,0.0
10131,control,62.94,mobile,ID,0,0.0
10132,control,65.45,mobile,MY,0,0.0
10133,treatment,7.48,desktop,MY,0,0.0
10134,control,31.27,desktop,SG,0,0.0
10135,treatment,24.27,mobile,SG,0,0.0
10136,control,13.02,mobile,PH,0,0.0
10137,control,31.64,mobile,SG,1,45.05
10138,treatment,9.41,mobile,SG,0,0.0
10139,control,35.63,mobile,ID,0,0.0
10140,treatment,12.18,desktop,PH,0,0.0
10141,treatment,34.35,mobile,MY,0,0.0
10142,treatment,13.57,mobile,ID,0,0.0
10143,treatment,20.66,mobile,VN,0,0.0
10144,treatment,19.14,mobile,PH,0,0.0
10145,treatment,23.89,desktop,MY,0,0.0
10146,treatment,25.79,desktop,SG,1,30.83
10147,control,19.21,mobile,ID,0,0.0
10148,treatment,11.05,mobile,VN,0,0.0
10149,control,55.56,desktop,ID,0,0.0
10150,control,26.63,desktop,VN,0,0.0
10151,control,32.17,mobile,ID,0,0.0
10152,control,19.22,mobile,SG,1,32.27
10153,treatment,111.99,mobile,MY,0,0.0
10154,control,28.39,mobile,VN,0,0.0
10155,control,57.51,mobile,SG,0,0.0
10156,control,20.93,desktop,ID,0,0.0
10157,treatment,38.81,mobile,MY,0,0.0
10158,control,23.14,desktop,MY,0,0.0
10159,treatment,51.31,desktop,ID,0,0.0
10160,treatment,17.6,desktop,MY,0,0.0
10161,treatment,9.89,mobile,VN,1,20.93
10162,control,32.09,mobile,MY,0,0.0
10163,treatment,53.69,desktop,PH,0,0.0
10164,control,23.68,desktop,SG,0,0.0
10165,treatment,17.22,mobile,MY,0,0.0
10166,treatment,8.27,desktop,SG,0,0.0
10167,treatment,54.21,desktop,SG,0,0.0
10168,treatment,12.62,desktop,ID,1,28.31
10169,control,19.01,mobile,MY,0,0.0
10170,treatment,18.67,desktop,SG,0,0.0
10171,control,25.16,mobile,PH,0,0.0
10172,control,38.58,mobile,ID,1,25.38
10173,treatment,91.08,mobile,VN,0,0.0
10174,treatment,33.11,desktop,PH,0,0.0
10175,treatment,8.32,mobile,ID,0,0.0
10176,treatment,24.2,mobile,MY,0,0.0
10177,treatment,33.47,mobile,VN,1,23.88
10178,treatment,60.31,mobile,MY,0,0.0
10179,treatment,55.64,mobile,ID,0,0.0
10180,control,23.48,mobile,MY,0,0.0
10181,control,27.82,mobile,SG,0,0.0
10182,control,30.83,mobile,PH,0,0.0
10183,control,27.9,mobile,SG,0,0.0
10184,treatment,24.17,desktop,SG,0,0.0
10185,treatment,72.99,mobile,ID,0,0.0
10186,treatment,14.84,desktop,PH,0,0.0
10187,control,49.15,mobile,VN,0,0.0
10188,treatment,43.05,mobile,ID,0,0.0
10189,treatment,23.47,mobile,MY,0,0.0
10190,control,14.05,mobile,ID,0,0.0
10191,control,26.55,mobile,SG,0,0.0
10192,treatment,39.75,desktop,SG,0,0.0
10193,control,1.0,mobile,PH,0,0.0
10194,treatment,9.35,mobile,PH,0,0.0
10195,treatment,2.08,mobile,SG,0,0.0
10196,control,32.42,mobile,MY,0,0.0
10197,control,31.35,mobile,VN,0,0.0
10198,treatment,10.36,mobile,MY,0,0.0
10199,control,13.12,mobile,MY,0,0.0
10200,treatment,30.08,desktop,SG,0,0.0
10201,control,5.9,mobile,MY,0,0.0
10202,control,41.47,mobile,MY,0,0.0
10203,treatment,21.45,desktop,ID,0,0.0
10204,treatment,25.22,mobile,MY,0,0.0
10205,control,26.88,desktop,MY,0,0.0
10206,control,8.47,desktop,MY,1,24.93
10207,control,26.99,mobile,MY,0,0.0
10208,control,38.05,mobile,SG,0,0.0
10209,control,14.27,mobile,MY,0,0.0
10210,control,12.93,desktop,MY,0,0.0
10211,treatment,87.37,mobile,SG,0,0.0
10212,treatment,11.79,desktop,VN,1,25.38
10213,treatment,18.21,mobile,MY,0,0.0
10214,treatment,64.47,desktop,PH,0,0.0
10215,treatment,5.47,desktop,VN,0,0.0
10216,treatment,22.98,mobile,SG,0,0.0
10217,treatment,37.48,mobile,SG,0,0.0
10218,treatment,24.1,mobile,SG,0,0.0
10219,control,4.61,mobile,PH,0,0.0
10220,treatment,9.33,mobile,ID,0,0.0
10221,treatment,3.84,mobile,MY,0,0.0
10222,control,21.8,desktop,SG,0,0.0
10223,control,33.55,desktop,SG,1,15.51
10224,control,14.17,desktop,ID,1,8.21
10225,treatment,19.3,mobile,ID,0,0.0
10226,treatment,19.22,mobile,MY,1,19.56
10227,control,57.47,mobile,SG,0,0.0
10228,control,29.75,mobile,PH,0,0.0
10229,control,26.91,mobile,PH,0,0.0
10230,treatment,51.31,desktop,MY,0,0.0
10231,control,6.98,mobile,ID,0,0.0
10232,treatment,29.46,mobile,PH,0,0.0
10233,control,16.23,mobile,MY,1,13.43
10234,control,62.87,mobile,SG,0,0.0
10235,control,51.59,mobile,MY,0,0.0
10236,control,16.22,mobile,SG,0,0.0
10237,treatment,20.25,mobile,SG,0,0.0
10238,control,11.16,mobile,PH,0,0.0
10239,treatment,46.06,mobile,PH,0,0.0
10240,treatment,39.27,desktop,ID,0,0.0
10241,treatment,21.14,desktop,PH,0,0.0
10242,treatment,20.96,mobile,VN,0,0.0
10243,control,17.34,desktop,ID,0,0.0
10244,treatment,60.26,mobile,VN,0,0.0
10245,treatment,22.64,desktop,VN,0,0.0
10246,treatment,17.9,mobile,SG,0,0.0
10247,treatment,42.94,mobile,VN,0,0.0
10248,treatment,1.85,mobile,VN,0,0.0
10249,control,19.97,desktop,SG,1,5.63
10250,treatment,47.13,desktop,ID,1,16.05
10251,treatment,69.63,mobile,SG,1,9.33
10252,control,14.7,mobile,MY,0,0.0
10253,control,36.09,mobile,ID,0,0.0
10254,control,14.62,desktop,SG,0,0.0
10255,treatment,92.33,mobile,ID,0,0.0
10256,control,28.16,mobile,MY,0,0.0
10257,control,39.07,mobile,SG,1,17.99
10258,treatment,2.45,mobile,ID,0,0.0
10259,control,17.19,mobile,VN,0,0.0
10260,treatment,43.09,desktop,SG,1,27.7
10261,treatment,6.92,desktop,MY,0,0.0
10262,treatment,28.11,mobile,SG,1,12.54
10263,control,71.76,desktop,SG,0,0.0
10264,control,44.78,desktop,MY,0,0.0
10265,control,37.02,mobile,SG,0,0.0
10266,control,18.03,mobile,ID,0,0.0
10267,treatment,8.87,mobile,SG,0,0.0
10268,control,23.96,desktop,PH,0,0.0
10269,treatment,40.21,mobile,SG,0,0.0
10270,treatment,11.16,mobile,VN,0,0.0
10271,control,44.5,mobile,MY,0,0.0
10272,treatment,29.28,mobile,SG,0,0.0
10273,control,12.97,mobile,SG,0,0.0
10274,control,5.24,mobile,ID,0,0.0
10275,control,6.79,desktop,VN,1,21.0
10276,control,23.26,mobile,ID,0,0.0
10277,treatment,54.88,mobile,MY,0,0.0
10278,control,13.14,mobile,PH,0,0.0
10279,control,59.9,mobile,SG,0,0.0
10280,treatment,4.58,mobile,ID,0,0.0
10281,control,26.38,mobile,SG,0,0.0
10282,control,24.4,desktop,PH,0,0.0
10283,control,33.75,mobile,PH,1,40.81
10284,treatment,28.92,desktop,SG,1,25.91
10285,treatment,17.84,desktop,SG,1,17.14
10286,control,17.96,mobile,ID,0,0.0
10287,control,48.09,desktop,ID,1,90.42
10288,treatment,27.45,mobile,ID,0,0.0
10289,control,2.28,mobile,ID,0,0.0
10290,control,19.32,mobile,SG,0,0.0
10291,treatment,20.72,mobile,ID,1,10.68
10292,treatment,20.63,desktop,SG,0,0.0
10293,control,43.32,desktop,ID,0,0.0
10294,treatment,15.74,mobile,MY,0,0.0
10295,control,30.74,mobile,MY,0,0.0
10296,control,72.6,desktop,PH,0,0.0
10297,treatment,55.15,desktop,MY,1,22.17
10298,control,14.57,desktop,MY,0,0.0
10299,treatment,28.05,desktop,PH,0,0.0
10300,control,0.98,mobile,ID,0,0.0
10301,treatment,38.62,mobile,PH,0,0.0
10302,treatment,8.26,mobile,PH,0,0.0
10303,control,25.18,mobile,ID,0,0.0
10304,control,22.64,desktop,SG,0,0.0
10305,treatment,53.22,desktop,SG,0,0.0
10306,treatment,30.92,desktop,MY,1,25.99
10307,treatment,22.51,mobile,SG,0,0.0
10308,treatment,40.51,mobile,MY,0,0.0
10309,treatment,59.18,mobile,SG,0,0.0
10310,control,1.54,desktop,SG,0,0.0
10311,control,15.3,mobile,MY,0,0.0
10312,treatment,74.02,desktop,SG,0,0.0
10313,treatment,98.41,desktop,SG,1,56.45
10314,control,12.9,mobile,ID,0,0.0
10315,control,47.51,mobile,VN,0,0.0
10316,control,12.86,desktop,ID,0,0.0
10317,treatment,9.85,mobile,VN,0,0.0
10318,treatment,23.21,mobile,SG,0,0.0
10319,treatment,51.43,mobile,PH,0,0.0
10320,treatment,20.97,mobile,MY,0,0.0
10321,control,50.96,desktop,MY,0,0.0
10322,treatment,54.28,mobile,ID,0,0.0
10323,control,17.32,mobile,PH,0,0.0
10324,control,16.9,desktop,SG,0,0.0
10325,treatment,21.42,mobile,MY,0,0.0
10326,treatment,25.9,desktop,PH,0,0.0
10327,treatment,23.56,desktop,ID,0,0.0
10328,treatment,27.77,mobile,MY,1,54.92
10329,control,18.38,mobile,SG,0,0.0
10330,control,9.0,mobile,SG,0,0.0
10331,control,85.66,mobile,MY,0,0.0
10332,control,15.29,mobile,MY,0,0.0
10333,treatment,5.06,mobile,SG,0,0.0
10334,treatment,42.77,mobile,PH,0,0.0
10335,control,10.66,desktop,ID,0,0.0
10336,treatment,39.8,mobile,SG,0,0.0
10337,treatment,14.71,mobile,SG,0,0.0
10338,control,96.67,mobile,PH,0,0.0
10339,treatment,65.59,desktop,VN,0,0.0
10340,treatment,22.19,mobile,VN,0,0.0
10341,treatment,37.08,mobile,ID,0,0.0
10342,control,31.87,desktop,VN,0,0.0
10343,treatment,14.26,desktop,SG,0,0.0
10344,control,41.7,desktop,SG,1,16.39
10345,treatment,27.6,desktop,SG,0,0.0
10346,control,30.58,mobile,ID,0,0.0
10347,control,39.3,mobile,SG,0,0.0
10348,control,24.06,mobile,ID,0,0.0
10349,treatment,12.73,desktop,SG,0,0.0
10350,control,37.08,desktop,ID,0,0.0
10351,control,44.31,mobile,PH,0,0.0
10352,treatment,44.47,mobile,ID,0,0.0
10353,treatment,45.13,desktop,MY,0,0.0
10354,treatment,33.78,desktop,SG,0,0.0
10355,treatment,5.39,mobile,SG,1,29.93
10356,treatment,99.56,mobile,ID,0,0.0
10357,treatment,44.08,mobile,SG,0,0.0
10358,control,19.25,mobile,PH,0,0.0
10359,control,48.71,desktop,VN,0,0.0
10360,control,9.57,mobile,SG,0,0.0
10361,treatment,39.98,mobile,SG,0,0.0
10362,treatment,20.88,mobile,SG,0,0.0
10363,control,10.08,mobile,PH,1,9.25
10364,treatment,9.92,desktop,SG,0,0.0
10365,control,35.65,mobile,ID,0,0.0
10366,treatment,38.76,desktop,MY,0,0.0
10367,control,12.0,desktop,MY,0,0.0
10368,treatment,21.12,desktop,ID,0,0.0
10369,treatment,33.14,mobile,MY,0,0.0
10370,control,17.03,mobile,PH,0,0.0
10371,treatment,88.73,mobile,SG,0,0.0
10372,control,35.97,desktop,ID,0,0.0
10373,treatment,24.11,mobile,VN,0,0.0
10374,control,53.86,mobile,SG,0,0.0
10375,control,38.16,mobile,ID,1,18.18
10376,control,33.36,desktop,ID,1,41.52
10377,treatment,36.45,mobile,SG,0,0.0
10378,treatment,44.86,desktop,ID,0,0.0
10379,control,15.73,desktop,SG,0,0.0
10380,treatment,4.01,mobile,PH,1,45.27
10381,control,56.95,mobile,ID,0,0.0
10382,treatment,27.67,desktop,MY,0,0.0
10383,treatment,18.28,mobile,ID,0,0.0
10384,treatment,12.68,mobile,ID,0,0.0
10385,treatment,11.26,mobile,SG,0,0.0
10386,control,29.92,mobile,SG,0,0.0
10387,treatment,25.72,desktop,SG,0,0.0
10388,treatment,54.34,mobile,PH,0,0.0
10389,treatment,39.42,mobile,MY,0,0.0
10390,treatment,44.31,mobile,SG,0,0.0
10391,treatment,52.43,mobile,MY,0,0.0
10392,treatment,31.1,mobile,MY,0,0.0
10393,treatment,71.49,mobile,MY,0,0.0
10394,treatment,15.04,desktop,MY,0,0.0
10395,treatment,51.69,mobile,SG,0,0.0
10396,control,3.95,mobile,SG,0,0.0
10397,treatment,4.19,desktop,PH,0,0.0
10398,treatment,9.33,mobile,ID,0,0.0
10399,treatment,24.2,mobile,ID,0,0.0
10400,control,3.46,desktop,SG,0,0.0
10401,control,23.58,desktop,VN,0,0.0
10402,treatment,19.15,mobile,SG,0,0.0
10403,treatment,93.86,mobile,ID,1,40.77
10404,treatment,7.14,mobile,ID,0,0.0
10405,control,28.95,mobile,SG,0,0.0
10406,control,38.79,mobile,SG,0,0.0
10407,treatment,68.29,mobile,ID,0,0.0
10408,treatment,43.62,desktop,ID,0,0.0
10409,control,57.42,mobile,VN,0,0.0
10410,control,32.02,desktop,ID,0,0.0
10411,treatment,13.74,mobile,VN,0,0.0
10412,control,6.4,mobile,ID,0,0.0
10413,control,46.41,mobile,MY,0,0.0
10414,treatment,18.4,mobile,VN,0,0.0
10415,treatment,2.84,mobile,PH,1,17.39
10416,control,19.91,mobile,SG,0,0.0
10417,treatment,25.59,desktop,ID,0,0.0
10418,treatment,63.26,desktop,SG,0,0.0
10419,treatment,21.31,mobile,VN,0,0.0
10420,control,25.75,mobile,ID,0,0.0
10421,treatment,26.07,desktop,MY,1,100.4
10422,control,50.86,mobile,VN,1,57.85
10423,control,14.07,mobile,MY,0,0.0
10424,treatment,35.14,desktop,MY,1,18.61
10425,control,17.04,mobile,MY,0,0.0
10426,control,62.27,desktop,SG,0,0.0
10427,treatment,72.11,mobile,SG,1,11.32
10428,control,29.06,desktop,ID,0,0.0
10429,treatment,33.35,mobile,SG,0,0.0
10430,treatment,21.71,mobile,VN,0,0.0
10431,control,4.17,desktop,MY,0,0.0
10432,treatment,26.24,mobile,MY,0,0.0
10433,treatment,24.41,mobile,SG,0,0.0
10434,treatment,19.51,desktop,MY,1,25.33
10435,treatment,21.38,mobile,ID,0,0.0
10436,control,35.48,mobile,VN,1,15.64
10437,treatment,33.41,desktop,SG,0,0.0
10438,control,21.84,desktop,SG,1,43.62
10439,treatment,66.1,mobile,SG,0,0.0
10440,control,3.44,desktop,ID,0,0.0
10441,treatment,14.69,mobile,SG,1,13.35
10442,treatment,46.36,mobile,SG,0,0.0
10443,control,4.98,desktop,ID,0,0.0
10444,treatment,3.36,mobile,PH,0,0.0
10445,control,14.53,desktop,MY,0,0.0
10446,control,24.66,mobile,ID,0,0.0
10447,treatment,17.57,mobile,ID,0,0.0
10448,control,29.89,mobile,SG,0,0.0
10449,control,3.73,mobile,ID,0,0.0
10450,control,13.27,mobile,SG,0,0.0
10451,control,41.35,desktop,MY,0,0.0
10452,treatment,35.27,desktop,MY,1,17.84
10453,treatment,15.58,desktop,ID,0,0.0
10454,control,28.34,mobile,MY,0,0.0
10455,treatment,24.27,mobile,PH,0,0.0
10456,treatment,24.82,desktop,MY,0,0.0
10457,treatment,31.69,mobile,ID,0,0.0
10458,treatment,75.03,mobile,VN,1,13.65
10459,control,76.14,mobile,MY,0,0.0
10460,treatment,5.1,desktop,ID,0,0.0
10461,control,20.88,desktop,ID,0,0.0
10462,treatment,8.88,mobile,VN,0,0.0
10463,control,33.7,desktop,ID,0,0.0
10464,treatment,21.82,desktop,ID,0,0.0
10465,control,52.26,mobile,PH,0,0.0
10466,treatment,25.64,mobile,VN,0,0.0
10467,control,68.05,mobile,PH,0,0.0
10468,treatment,78.18,mobile,SG,0,0.0
10469,treatment,66.36,mobile,ID,1,31.42
10470,control,2.35,mobile,MY,0,0.0
10471,control,31.43,mobile,MY,0,0.0
10472,treatment,19.38,mobile,ID,0,0.0
10473,treatment,21.85,mobile,SG,0,0.0
10474,treatment,46.37,desktop,ID,0,0.0
10475,treatment,20.48,mobile,SG,0,0.0
10476,treatment,26.89,desktop,PH,0,0.0
10477,control,28.04,desktop,MY,0,0.0
10478,treatment,3.44,desktop,SG,1,11.45
10479,treatment,18.06,mobile,ID,0,0.0
10480,treatment,54.81,desktop,ID,0,0.0
10481,treatment,2.8,desktop,ID,0,0.0
10482,control,38.36,desktop,PH,0,0.0
10483,treatment,12.06,mobile,PH,0,0.0
10484,treatment,19.02,mobile,SG,0,0.0
10485,control,43.83,mobile,SG,0,0.0
10486,treatment,9.58,mobile,SG,0,0.0
10487,treatment,20.4,desktop,SG,1,65.21
10488,treatment,5.12,mobile,ID,0,0.0
10489,treatment,34.68,desktop,SG,0,0.0
10490,control,13.38,desktop,MY,0,0.0
10491,treatment,6.7,mobile,MY,0,0.0
10492,control,25.66,mobile,ID,0,0.0
10493,treatment,4.86,mobile,VN,0,0.0
10494,treatment,18.57,mobile,ID,0,0.0
10495,control,12.33,desktop,SG,0,0.0
10496,control,30.06,mobile,MY,0,0.0
10497,treatment,30.56,mobile,SG,0,0.0
10498,treatment,14.33,mobile,MY,0,0.0
10499,treatment,66.93,mobile,ID,0,0.0
10500,treatment,52.94,mobile,VN,0,0.0
10501,control,10.76,desktop,SG,0,0.0
10502,control,107.02,mobile,SG,0,0.0
10503,control,42.38,mobile,SG,0,0.0
10504,treatment,32.55,desktop,ID,0,0.0
10505,control,34.16,mobile,VN,0,0.0
10506,treatment,8.22,mobile,MY,0,0.0
10507,treatment,58.94,desktop,MY,0,0.0
10508,treatment,3.47,mobile,SG,0,0.0
10509,control,34.02,mobile,ID,0,0.0
10510,control,53.43,desktop,SG,0,0.0
10511,treatment,11.6,mobile,SG,0,0.0
10512,control,44.53,mobile,ID,0,0.0
10513,treatment,27.57,mobile,SG,0,0.0
10514,control,46.52,mobile,SG,0,0.0
10515,treatment,51.75,mobile,SG,0,0.0
10516,treatment,71.07,desktop,SG,0,0.0
10517,treatment,60.77,desktop,ID,1,33.07
10518,control,4.1,desktop,SG,1,7.18
10519,control,11.01,desktop,ID,0,0.0
10520,control,36.67,mobile,ID,0,0.0
10521,treatment,52.24,mobile,MY,0,0.0
10522,control,9.64,mobile,SG,0,0.0
10523,control,41.77,mobile,ID,0,0.0
10524,treatment,63.76,mobile,ID,0,0.0
10525,treatment,50.86,mobile,ID,0,0.0
10526,control,41.3,desktop,ID,0,0.0
10527,treatment,24.29,mobile,PH,0,0.0
10528,treatment,23.36,desktop,ID,0,0.0
10529,control,95.69,mobile,PH,0,0.0
10530,treatment,16.75,mobile,ID,1,8.57
10531,control,11.01,desktop,VN,0,0.0
10532,treatment,6.66,mobile,PH,0,0.0
10533,control,39.51,mobile,SG,0,0.0
10534,control,35.67,mobile,ID,0,0.0
10535,treatment,26.05,mobile,SG,0,0.0
10536,control,35.65,mobile,VN,0,0.0
10537,treatment,46.49,mobile,MY,0,0.0
10538,control,21.61,mobile,MY,1,24.78
10539,treatment,37.51,mobile,SG,0,0.0
10540,control,20.05,desktop,PH,0,0.0
10541,treatment,38.43,mobile,VN,0,0.0
10542,control,64.05,mobile,MY,0,0.0
10543,treatment,49.82,desktop,SG,0,0.0
10544,control,79.63,desktop,ID,0,0.0
10545,control,16.82,mobile,SG,0,0.0
10546,control,13.7,mobile,VN,0,0.0
10547,treatment,35.08,mobile,MY,0,0.0
10548,control,17.28,mobile,ID,1,14.41
10549,treatment,39.65,mobile,SG,0,0.0
10550,control,30.04,desktop,VN,0,0.0
10551,treatment,11.17,mobile,ID,1,16.37
10552,control,36.25,mobile,VN,0,0.0
10553,control,11.9,mobile,MY,1,29.19
10554,treatment,67.19,mobile,ID,0,0.0
10555,control,21.98,mobile,SG,0,0.0
10556,treatment,13.57,mobile,PH,0,0.0
10557,treatment,30.73,mobile,SG,0,0.0
10558,treatment,33.29,mobile,MY,0,0.0
10559,control,16.35,mobile,ID,0,0.0
10560,control,15.7,mobile,SG,0,0.0
10561,control,4.8,mobile,PH,0,0.0
10562,control,47.98,desktop,PH,0,0.0
10563,treatment,65.92,mobile,ID,0,0.0
10564,treatment,53.23,mobile,ID,1,42.01
10565,treatment,13.21,mobile,SG,0,0.0
10566,treatment,35.56,desktop,MY,0,0.0
10567,treatment,31.1,mobile,PH,0,0.0
10568,treatment,6.35,mobile,SG,0,0.0
10569,control,16.24,desktop,VN,0,0.0
10570,control,33.74,desktop,MY,0,0.0
10571,control,2.8,desktop,SG,0,0.0
10572,control,9.53,mobile,MY,0,0.0
10573,treatment,44.07,desktop,ID,0,0.0
10574,treatment,12.8,mobile,VN,1,38.64
10575,control,6.44,desktop,ID,0,0.0
10576,control,51.32,mobile,ID,1,26.78
10577,treatment,12.81,desktop,VN,0,0.0
10578,treatment,44.31,desktop,SG,1,9.56
10579,control,78.39,desktop,MY,0,0.0
10580,treatment,9.25,mobile,PH,0,0.0
10581,treatment,22.62,mobile,ID,0,0.0
10582,control,31.33,mobile,SG,0,0.0
10583,treatment,50.67,mobile,PH,1,36.28
10584,treatment,16.18,desktop,SG,1,22.69
10585,treatment,1.12,mobile,ID,0,0.0
10586,treatment,9.24,mobile,PH,0,0.0
10587,control,19.04,mobile,SG,0,0.0
10588,treatment,44.25,desktop,PH,0,0.0
10589,treatment,22.81,mobile,PH,0,0.0
10590,control,42.19,mobile,MY,1,36.12
10591,control,18.48,mobile,SG,0,0.0
10592,treatment,29.14,mobile,PH,0,0.0
10593,treatment,46.64,mobile,MY,0,0.0
10594,treatment,55.57,mobile,MY,0,0.0
10595,treatment,90.29,desktop,SG,1,18.11
10596,treatment,32.19,mobile,SG,0,0.0
10597,treatment,3.67,desktop,ID,1,10.65
10598,treatment,36.46,mobile,PH,1,25.28
10599,control,3.36,mobile,ID,0,0.0
10600,control,39.69,desktop,SG,0,0.0
10601,control,28.35,desktop,VN,1,4.19
10602,control,53.5,mobile,MY,0,0.0
10603,control,18.37,mobile,SG,0,0.0
10604,treatment,29.4,mobile,VN,0,0.0
10605,treatment,36.92,mobile,MY,0,0.0
10606,treatment,1.58,mobile,MY,0,0.0
10607,treatment,35.68,mobile,PH,0,0.0
10608,control,13.61,mobile,SG,0,0.0
10609,control,32.99,mobile,ID,0,0.0
10610,control,2.6,desktop,PH,0,0.0
10611,treatment,41.05,mobile,SG,0,0.0
10612,control,38.61,desktop,PH,0,0.0
10613,control,51.88,mobile,SG,1,8.05
10614,control,4.8,desktop,PH,0,0.0
10615,treatment,88.57,desktop,MY,0,0.0
10616,treatment,7.66,mobile,ID,1,82.4
10617,control,29.24,mobile,ID,0,0.0
10618,control,19.35,mobile,SG,0,0.0
10619,control,23.29,desktop,SG,0,0.0
10620,treatment,80.02,mobile,ID,0,0.0
10621,control,8.87,desktop,PH,0,0.0
10622,control,71.77,desktop,SG,0,0.0
10623,control,45.35,mobile,PH,0,0.0
10624,control,25.41,desktop,MY,0,0.0
10625,control,25.21,desktop,ID,0,0.0
10626,treatment,38.72,desktop,ID,0,0.0
10627,treatment,18.2,mobile,ID,1,38.64
10628,treatment,21.29,mobile,ID,0,0.0
10629,control,29.12,mobile,SG,0,0.0
10630,treatment,66.29,mobile,SG,0,0.0
10631,treatment,23.03,mobile,MY,0,0.0
10632,control,4.14,desktop,ID,0,0.0
10633,control,30.06,mobile,SG,0,0.0
10634,control,24.15,mobile,MY,0,0.0
10635,treatment,14.75,mobile,SG,0,0.0
10636,treatment,33.69,desktop,MY,0,0.0
10637,control,15.21,mobile,ID,0,0.0
10638,treatment,22.57,mobile,VN,0,0.0
10639,control,29.22,mobile,SG,0,0.0
10640,treatment,31.46,mobile,SG,0,0.0
10641,control,35.75,mobile,MY,0,0.0
10642,control,39.52,mobile,ID,0,0.0
10643,treatment,28.74,mobile,ID,1,26.29
10644,control,5.39,mobile,MY,0,0.0
10645,control,32.33,mobile,SG,0,0.0
10646,treatment,50.9,desktop,VN,0,0.0
10647,control,3.99,mobile,ID,0,0.0
10648,control,5.46,desktop,PH,1,26.71
10649,control,13.08,mobile,MY,0,0.0
10650,treatment,48.69,mobile,PH,0,0.0
10651,control,12.39,desktop,PH,0,0.0
10652,treatment,49.18,mobile,SG,0,0.0
10653,control,30.86,mobile,SG,0,0.0
10654,treatment,15.81,mobile,SG,0,0.0
10655,control,140.31,desktop,PH,0,0.0
10656,control,7.79,mobile,SG,0,0.0
10657,control,26.3,mobile,MY,0,0.0
10658,control,11.03,mobile,ID,1,13.82
10659,treatment,33.47,mobile,ID,0,0.0
10660,treatment,11.52,mobile,MY,1,47.18
10661,treatment,17.81,desktop,MY,0,0.0
10662,treatment,13.65,desktop,MY,0,0.0
10663,control,20.8,desktop,SG,0,0.0
10664,control,50.56,mobile,SG,0,0.0
10665,control,6.64,mobile,PH,0,0.0
10666,control,12.58,mobile,VN,0,0.0
10667,treatment,18.47,mobile,PH,0,0.0
10668,treatment,21.51,mobile,MY,0,0.0
10669,treatment,63.29,mobile,SG,0,0.0
10670,control,13.14,mobile,ID,0,0.0
10671,control,49.01,desktop,SG,0,0.0
10672,treatment,68.89,desktop,VN,0,0.0
10673,control,22.64,desktop,PH,0,0.0
10674,treatment,10.32,mobile,VN,0,0.0
10675,control,57.8,desktop,PH,0,0.0
10676,control,46.07,mobile,MY,0,0.0
10677,treatment,9.37,mobile,MY,0,0.0
10678,control,76.29,mobile,PH,0,0.0
10679,treatment,14.27,mobile,ID,0,0.0
10680,control,22.36,mobile,PH,1,40.8
10681,control,40.76,desktop,MY,1,6.55
10682,control,70.1,mobile,ID,0,0.0
10683,control,32.04,desktop,MY,0,0.0
10684,treatment,20.51,mobile,SG,0,0.0
10685,control,18.14,desktop,ID,0,0.0
10686,treatment,20.49,desktop,SG,0,0.0
10687,control,105.72,mobile,MY,1,21.67
10688,treatment,35.42,desktop,ID,0,0.0
10689,treatment,28.83,desktop,SG,0,0.0
10690,treatment,46.41,mobile,PH,0,0.0
10691,control,21.68,desktop,SG,0,0.0
10692,treatment,67.61,desktop,ID,1,45.61
10693,treatment,37.63,mobile,SG,1,8.58
10694,control,20.09,mobile,ID,0,0.0
10695,control,16.83,mobile,MY,0,0.0
10696,treatment,4.66,mobile,PH,1,27.97
10697,control,50.48,desktop,ID,0,0.0
10698,control,6.56,desktop,MY,0,0.0
10699,treatment,64.97,desktop,ID,0,0.0
10700,control,12.29,mobile,MY,0,0.0
10701,control,13.72,mobile,MY,1,10.41
10702,control,88.62,mobile,MY,0,0.0
10703,control,47.81,mobile,ID,1,17.12
10704,treatment,28.26,desktop,ID,0,0.0
10705,treatment,83.03,mobile,VN,0,0.0
10706,control,24.32,mobile,SG,0,0.0
10707,control,17.57,mobile,SG,0,0.0
10708,treatment,30.31,desktop,MY,0,0.0
10709,treatment,52.93,mobile,ID,0,0.0
10710,control,8.23,mobile,SG,0,0.0
10711,treatment,13.44,mobile,SG,0,0.0
10712,treatment,10.56,mobile,VN,1,27.04
10713,control,8.97,mobile,MY,0,0.0
10714,treatment,22.35,mobile,MY,0,0.0
10715,treatment,8.78,mobile,SG,1,41.06
10716,treatment,3.98,mobile,SG,0,0.0
10717,control,13.34,desktop,SG,0,0.0
10718,control,12.57,desktop,SG,0,0.0
10719,treatment,36.07,desktop,MY,0,0.0
10720,control,49.72,mobile,SG,0,0.0
10721,treatment,15.22,desktop,MY,0,0.0
10722,treatment,13.58,desktop,SG,0,0.0
10723,control,85.32,mobile,VN,0,0.0
10724,treatment,48.46,mobile,SG,0,0.0
10725,control,33.17,mobile,SG,0,0.0
10726,treatment,19.58,desktop,PH,0,0.0
10727,treatment,47.69,mobile,PH,0,0.0
10728,control,9.72,desktop,ID,0,0.0
10729,treatment,49.23,desktop,MY,1,7.2
10730,control,37.36,desktop,PH,1,2.18
10731,control,42.62,mobile,ID,0,0.0
10732,control,28.51,desktop,MY,0,0.0
10733,treatment,7.15,mobile,MY,1,30.68
10734,treatment,9.99,desktop,SG,0,0.0
10735,treatment,38.85,mobile,SG,1,8.51
10736,control,35.98,mobile,SG,0,0.0
10737,treatment,16.65,mobile,SG,0,0.0
10738,treatment,16.36,desktop,VN,0,0.0
10739,treatment,58.73,mobile,PH,0,0.0
10740,treatment,25.75,mobile,SG,0,0.0
10741,control,12.72,mobile,SG,0,0.0
10742,treatment,65.3,desktop,ID,0,0.0
10743,control,61.21,mobile,MY,0,0.0
10744,control,25.71,mobile,PH,0,0.0
10745,control,29.93,desktop,VN,0,0.0
10746,treatment,48.57,mobile,MY,0,0.0
10747,treatment,40.86,mobile,SG,0,0.0
10748,control,6.89,mobile,PH,0,0.0
10749,control,66.77,mobile,MY,1,26.51
10750,control,5.55,mobile,MY,0,0.0
10751,control,35.73,mobile,ID,0,0.0
10752,treatment,8.52,mobile,MY,0,0.0
10753,treatment,40.8,mobile,SG,0,0.0
10754,control,14.01,mobile,ID,0,0.0
10755,control,14.87,mobile,SG,0,0.0
10756,treatment,46.64,mobile,SG,0,0.0
10757,control,8.51,mobile,MY,0,0.0
10758,treatment,16.62,mobile,SG,0,0.0
10759,treatment,8.83,desktop,PH,1,15.75
10760,treatment,28.28,desktop,VN,1,54.24
10761,treatment,8.67,mobile,VN,0,0.0
10762,treatment,33.53,desktop,SG,0,0.0
10763,treatment,60.66,mobile,VN,0,0.0
10764,treatment,2.91,mobile,SG,1,16.83
10765,treatment,14.07,mobile,MY,0,0.0
10766,control,9.65,desktop,SG,0,0.0
10767,control,7.03,mobile,PH,0,0.0
10768,control,32.87,mobile,SG,0,0.0
10769,treatment,30.06,mobile,ID,0,0.0
10770,treatment,66.49,mobile,PH,0,0.0
10771,control,43.17,mobile,MY,0,0.0
10772,control,26.8,desktop,PH,0,0.0
10773,control,31.77,mobile,MY,0,0.0
10774,control,16.59,mobile,SG,1,16.23
10775,treatment,32.57,mobile,MY,0,0.0
10776,control,5.62,desktop,ID,0,0.0
10777,control,22.97,mobile,SG,0,0.0
10778,treatment,36.51,mobile,PH,0,0.0
10779,treatment,22.01,desktop,SG,0,0.0
10780,treatment,14.56,desktop,ID,0,0.0
10781,control,27.74,mobile,SG,0,0.0
10782,control,12.68,desktop,MY,0,0.0
10783,treatment,20.95,mobile,MY,0,0.0
10784,treatment,46.19,mobile,MY,0,0.0
10785,treatment,48.27,mobile,SG,0,0.0
10786,treatment,30.55,mobile,ID,0,0.0
10787,treatment,10.52,desktop,SG,1,48.6
10788,treatment,19.32,mobile,SG,0,0.0
10789,treatment,28.13,mobile,SG,0,0.0
10790,treatment,13.94,mobile,PH,0,0.0
10791,treatment,78.95,mobile,SG,0,0.0
10792,treatment,14.22,desktop,MY,0,0.0
10793,treatment,26.69,desktop,SG,0,0.0
10794,control,50.42,mobile,ID,0,0.0
10795,treatment,70.54,mobile,MY,0,0.0
10796,control,10.3,mobile,SG,0,0.0
10797,control,5.81,desktop,VN,0,0.0
10798,control,30.28,mobile,VN,0,0.0
10799,control,85.33,mobile,SG,1,18.36
10800,control,6.85,desktop,ID,0,0.0
10801,treatment,19.92,desktop,PH,1,7.84
10802,control,32.26,mobile,VN,1,23.51
10803,treatment,27.62,desktop,SG,1,11.23
10804,control,36.07,mobile,PH,0,0.0
10805,control,63.8,desktop,MY,0,0.0
10806,control,51.13,mobile,ID,1,35.84
10807,treatment,19.56,desktop,ID,0,0.0
10808,treatment,6.74,desktop,ID,0,0.0
10809,control,53.84,desktop,VN,0,0.0
10810,control,19.87,mobile,SG,0,0.0
10811,treatment,27.34,desktop,SG,0,0.0
10812,treatment,47.51,mobile,ID,0,0.0
10813,control,52.68,mobile,MY,0,0.0
10814,control,45.6,mobile,ID,0,0.0
10815,treatment,76.04,desktop,PH,1,26.82
10816,control,25.1,mobile,ID,0,0.0
10817,treatment,15.01,mobile,PH,0,0.0
10818,treatment,11.44,desktop,SG,0,0.0
10819,control,15.75,desktop,SG,0,0.0
10820,treatment,16.29,mobile,PH,0,0.0
10821,treatment,30.63,mobile,MY,1,19.62
10822,control,38.79,mobile,ID,0,0.0
10823,control,9.99,mobile,SG,0,0.0
10824,treatment,47.61,mobile,ID,0,0.0
10825,treatment,50.86,desktop,SG,1,55.31
10826,control,39.46,desktop,PH,0,0.0
10827,treatment,17.72,mobile,SG,0,0.0
10828,control,62.23,mobile,SG,0,0.0
10829,control,24.75,mobile,MY,0,0.0
10830,control,13.43,desktop,SG,0,0.0
10831,treatment,9.9,desktop,VN,0,0.0
10832,control,28.77,mobile,MY,0,0.0
10833,treatment,17.98,desktop,MY,0,0.0
10834,treatment,7.51,mobile,SG,1,17.34
10835,control,5.47,desktop,MY,0,0.0
10836,control,32.1,desktop,SG,0,0.0
10837,treatment,6.43,mobile,ID,0,0.0
10838,control,1.89,desktop,VN,0,0.0
10839,control,51.37,mobile,MY,0,0.0
10840,treatment,11.1,mobile,PH,0,0.0
10841,treatment,35.91,desktop,VN,0,0.0
10842,control,28.33,mobile,VN,0,0.0
10843,treatment,14.71,mobile,ID,1,27.49
10844,treatment,67.03,mobile,PH,1,12.29
10845,control,40.11,mobile,MY,0,0.0
10846,control,23.57,desktop,ID,0,0.0
10847,treatment,12.06,desktop,ID,0,0.0
10848,control,37.86,desktop,SG,0,0.0
10849,control,42.15,desktop,MY,0,0.0
10850,control,26.43,desktop,MY,0,0.0
10851,treatment,24.05,desktop,SG,0,0.0
10852,control,40.03,mobile,MY,0,0.0
10853,control,23.14,desktop,PH,0,0.0
10854,treatment,13.22,mobile,ID,0,0.0
10855,treatment,6.93,mobile,ID,0,0.0
10856,control,23.28,mobile,ID,0,0.0
10857,treatment,6.71,mobile,SG,0,0.0
10858,control,42.52,desktop,SG,0,0.0
10859,control,23.28,mobile,SG,0,0.0
10860,control,47.17,desktop,VN,0,0.0
10861,treatment,29.96,mobile,PH,1,31.58
10862,control,36.02,desktop,ID,0,0.0
10863,treatment,14.29,mobile,MY,0,0.0
10864,control,22.09,desktop,VN,0,0.0
10865,treatment,29.65,mobile,SG,0,0.0
10866,treatment,27.17,desktop,SG,1,49.01
10867,treatment,26.3,desktop,ID,1,19.48
10868,treatment,9.78,desktop,ID,0,0.0
10869,treatment,4.09,desktop,VN,1,10.35
10870,treatment,9.15,mobile,PH,0,0.0
10871,control,1.25,mobile,VN,0,0.0
10872,treatment,4.8,mobile,ID,0,0.0
10873,treatment,31.25,mobile,VN,0,0.0
10874,control,19.9,mobile,ID,0,0.0
10875,control,12.53,desktop,ID,0,0.0
10876,control,19.59,desktop,ID,0,0.0
10877,treatment,3.14,desktop,VN,0,0.0
10878,control,22.84,desktop,SG,0,0.0
10879,control,7.45,mobile,ID,0,0.0
10880,control,56.3,mobile,MY,0,0.0
10881,treatment,37.22,desktop,ID,0,0.0
10882,control,34.96,mobile,ID,0,0.0
10883,treatment,26.81,mobile,MY,1,62.65
10884,treatment,39.52,desktop,ID,0,0.0
10885,control,22.93,mobile,ID,0,0.0
10886,treatment,12.23,mobile,SG,0,0.0
10887,control,35.39,mobile,ID,1,47.76
10888,treatment,48.98,desktop,SG,0,0.0
10889,treatment,10.32,mobile,PH,0,0.0
10890,treatment,5.53,mobile,VN,1,44.57
10891,control,80.73,mobile,SG,0,0.0
10892,control,61.2,desktop,SG,0,0.0
10893,treatment,24.86,desktop,SG,0,0.0
10894,control,2.32,mobile,PH,0,0.0
10895,treatment,29.77,desktop,SG,0,0.0
10896,control,109.61,mobile,ID,0,0.0
10897,treatment,39.3,mobile,MY,0,0.0
10898,control,37.0,mobile,PH,0,0.0
10899,treatment,23.46,mobile,ID,0,0.0
10900,control,34.63,desktop,ID,0,0.0
10901,control,39.16,desktop,ID,0,0.0
10902,control,27.95,desktop,PH,1,19.08
10903,treatment,20.9,mobile,MY,0,0.0
10904,treatment,28.31,desktop,MY,0,0.0
10905,control,27.33,mobile,SG,0,0.0
10906,treatment,2.92,mobile,SG,0,0.0
10907,control,96.04,desktop,MY,0,0.0
10908,treatment,37.02,desktop,ID,0,0.0
10909,control,54.79,desktop,ID,0,0.0
10910,treatment,30.54,desktop,VN,0,0.0
10911,treatment,16.09,mobile,SG,0,0.0
10912,control,47.0,desktop,ID,1,18.87
10913,treatment,5.19,desktop,PH,1,31.73
10914,treatment,38.1,desktop,MY,1,22.21
10915,control,46.63,mobile,ID,0,0.0
10916,control,23.14,mobile,MY,0,0.0
10917,control,35.51,mobile,MY,0,0.0
10918,control,2.98,mobile,SG,0,0.0
10919,treatment,36.64,desktop,SG,1,34.89
10920,control,18.68,desktop,SG,0,0.0
10921,control,35.64,desktop,VN,0,0.0
10922,control,23.94,mobile,SG,0,0.0
10923,treatment,23.71,mobile,SG,0,0.0
10924,control,36.44,mobile,ID,1,14.43
10925,treatment,19.43,mobile,VN,0,0.0
10926,treatment,23.04,mobile,SG,0,0.0
10927,control,83.07,desktop,ID,0,0.0
10928,treatment,57.29,desktop,SG,0,0.0
10929,control,20.89,desktop,SG,0,0.0
10930,treatment,24.3,mobile,VN,0,0.0
10931,control,15.16,mobile,ID,0,0.0
10932,control,18.73,mobile,ID,1,3.01
10933,treatment,19.45,desktop,SG,0,0.0
10934,control,26.94,desktop,ID,0,0.0
10935,control,3.47,mobile,SG,0,0.0
10936,control,18.32,mobile,MY,0,0.0
10937,treatment,15.94,desktop,ID,0,0.0
10938,treatment,62.48,mobile,ID,1,29.44
10939,control,24.09,mobile,ID,0,0.0
10940,treatment,29.7,desktop,SG,0,0.0
10941,treatment,17.91,desktop,PH,0,0.0
10942,treatment,24.24,desktop,VN,1,12.83
10943,treatment,18.73,mobile,VN,0,0.0
10944,control,27.24,mobile,SG,0,0.0
10945,control,35.45,mobile,SG,0,0.0
10946,treatment,7.78,mobile,ID,0,0.0
10947,treatment,39.05,mobile,ID,0,0.0
10948,treatment,11.28,mobile,PH,0,0.0
10949,treatment,85.01,mobile,MY,0,0.0
10950,treatment,26.81,mobile,ID,1,36.98
10951,control,29.4,mobile,SG,0,0.0
10952,treatment,30.26,mobile,VN,0,0.0
10953,control,25.57,desktop,SG,0,0.0
10954,control,13.97,mobile,VN,0,0.0
10955,control,29.46,mobile,PH,0,0.0
10956,treatment,28.25,desktop,SG,1,17.03
10957,treatment,12.61,desktop,PH,1,40.81
10958,treatment,7.87,mobile,MY,0,0.0
10959,control,46.8,mobile,SG,0,0.0
10960,control,18.3,mobile,MY,0,0.0
10961,control,21.87,mobile,VN,0,0.0
10962,treatment,28.34,mobile,MY,0,0.0
10963,control,13.65,mobile,SG,0,0.0
10964,control,31.32,mobile,ID,0,0.0
10965,control,22.67,mobile,MY,0,0.0
10966,treatment,24.31,desktop,SG,0,0.0
10967,control,53.15,mobile,SG,0,0.0
10968,control,27.59,desktop,SG,0,0.0
10969,treatment,21.06,mobile,ID,0,0.0
10970,treatment,10.43,mobile,ID,0,0.0
10971,treatment,30.15,mobile,ID,0,0.0
10972,control,45.49,mobile,SG,0,0.0
10973,control,21.34,mobile,PH,1,17.89
10974,control,45.24,desktop,MY,0,0.0
10975,treatment,30.45,mobile,SG,0,0.0
10976,control,26.03,mobile,VN,0,0.0
10977,control,33.14,desktop,ID,0,0.0
10978,control,8.17,mobile,ID,0,0.0
10979,control,18.53,mobile,SG,0,0.0
10980,control,19.08,desktop,SG,0,0.0
10981,treatment,22.05,mobile,ID,0,0.0
10982,treatment,76.06,mobile,PH,0,0.0
10983,control,26.66,desktop,ID,0,0.0
10984,treatment,7.02,mobile,SG,0,0.0
10985,control,15.18,desktop,ID,0,0.0
10986,control,24.32,mobile,MY,0,0.0
10987,control,27.51,mobile,SG,1,21.06
10988,control,1.16,mobile,PH,0,0.0
10989,control,35.21,desktop,ID,0,0.0
10990,treatment,36.28,mobile,ID,0,0.0
10991,treatment,10.02,mobile,SG,0,0.0
10992,treatment,44.62,mobile,SG,0,0.0
10993,control,21.22,mobile,ID,0,0.0
10994,treatment,11.8,mobile,ID,0,0.0
10995,treatment,9.38,desktop,ID,0,0.0
10996,control,34.69,desktop,ID,0,0.0
10997,treatment,16.01,mobile,ID,0,0.0
10998,treatment,29.63,mobile,ID,0,0.0
10999,control,9.13,mobile,SG,0,0.0
11000,treatment,19.26,mobile,MY,0,0.0
11001,treatment,33.11,mobile,ID,0,0.0
11002,control,52.05,desktop,ID,1,9.08
11003,treatment,55.86,mobile,MY,1,20.09
11004,control,51.35,mobile,VN,0,0.0
11005,treatment,113.87,desktop,SG,0,0.0
11006,treatment,29.96,mobile,VN,0,0.0
11007,control,8.88,desktop,PH,0,0.0
11008,control,15.47,desktop,ID,0,0.0
11009,treatment,54.85,mobile,SG,0,0.0
11010,control,13.85,desktop,ID,0,0.0
11011,control,0.74,mobile,SG,0,0.0
11012,treatment,19.83,mobile,VN,1,21.46
11013,treatment,43.99,desktop,SG,0,0.0
11014,control,15.23,desktop,MY,0,0.0
11015,control,56.69,mobile,ID,0,0.0
11016,treatment,81.0,mobile,SG,0,0.0
11017,treatment,29.45,desktop,ID,0,0.0
11018,control,90.53,desktop,ID,0,0.0
11019,treatment,67.78,mobile,SG,0,0.0
11020,control,44.95,mobile,SG,1,9.37
11021,control,32.37,mobile,MY,0,0.0
11022,control,30.32,desktop,ID,0,0.0
11023,treatment,23.22,mobile,MY,0,0.0
11024,control,37.17,mobile,SG,0,0.0
11025,treatment,3.31,mobile,MY,0,0.0
11026,control,69.82,desktop,MY,1,46.84
11027,control,91.58,desktop,SG,0,0.0
11028,treatment,3.02,mobile,MY,0,0.0
11029,treatment,43.07,mobile,MY,0,0.0
11030,treatment,66.09,mobile,MY,0,0.0
11031,treatment,27.37,desktop,SG,1,40.95
11032,treatment,22.33,desktop,ID,1,14.43
11033,control,18.61,desktop,SG,0,0.0
11034,treatment,15.85,desktop,SG,0,0.0
11035,control,31.33,desktop,PH,0,0.0
11036,treatment,56.38,mobile,VN,1,24.39
11037,control,3.77,mobile,VN,0,0.0
11038,treatment,10.82,mobile,ID,0,0.0
11039,control,14.92,mobile,SG,0,0.0
11040,control,6.06,desktop,PH,0,0.0
11041,control,39.8,mobile,ID,1,27.89
11042,control,36.1,mobile,VN,0,0.0
11043,treatment,46.88,mobile,ID,0,0.0
11044,treatment,2.36,mobile,ID,0,0.0
11045,control,43.0,mobile,SG,0,0.0
11046,control,56.16,mobile,SG,0,0.0
11047,treatment,40.37,mobile,ID,0,0.0
11048,control,25.72,mobile,VN,0,0.0
11049,treatment,23.01,mobile,MY,0,0.0
11050,treatment,33.64,mobile,SG,0,0.0
11051,treatment,30.81,mobile,MY,0,0.0
11052,treatment,15.32,desktop,SG,0,0.0
11053,control,2.64,mobile,VN,0,0.0
11054,treatment,17.22,desktop,SG,1,6.17
11055,treatment,84.61,desktop,SG,0,0.0
11056,treatment,3.19,desktop,MY,0,0.0
11057,treatment,30.43,mobile,ID,0,0.0
11058,treatment,71.5,mobile,ID,0,0.0
11059,control,47.68,desktop,MY,0,0.0
11060,treatment,52.9,mobile,PH,0,0.0
11061,treatment,48.83,desktop,ID,0,0.0
11062,treatment,6.14,mobile,SG,0,0.0
11063,control,63.0,desktop,SG,0,0.0
11064,control,69.12,desktop,MY,1,14.8
11065,treatment,8.25,desktop,MY,0,0.0
11066,treatment,18.49,desktop,MY,0,0.0
11067,treatment,27.68,mobile,SG,0,0.0
11068,control,18.67,mobile,SG,0,0.0
11069,control,14.17,desktop,SG,0,0.0
11070,control,14.47,desktop,ID,0,0.0
11071,control,42.9,mobile,ID,1,11.12
11072,treatment,51.8,mobile,SG,0,0.0
11073,control,14.52,mobile,MY,0,0.0
11074,control,51.56,mobile,VN,1,9.41
11075,treatment,18.6,desktop,SG,0,0.0
11076,treatment,8.8,desktop,SG,0,0.0
11077,treatment,33.03,mobile,MY,0,0.0
11078,control,26.72,desktop,SG,0,0.0
11079,control,33.95,mobile,SG,0,0.0
11080,treatment,33.55,mobile,VN,0,0.0
11081,treatment,31.02,desktop,PH,0,0.0
11082,treatment,24.41,mobile,ID,0,0.0
11083,treatment,50.77,mobile,VN,0,0.0
11084,treatment,40.63,desktop,SG,0,0.0
11085,treatment,19.14,mobile,PH,0,0.0
11086,control,18.76,mobile,VN,0,0.0
11087,control,5.58,mobile,ID,0,0.0
11088,control,6.55,mobile,VN,0,0.0
11089,treatment,23.08,mobile,PH,0,0.0
11090,control,46.37,desktop,MY,0,0.0
11091,treatment,12.51,mobile,MY,0,0.0
11092,control,41.94,mobile,ID,0,0.0
11093,treatment,30.21,desktop,ID,0,0.0
11094,control,13.22,mobile,MY,0,0.0
11095,control,27.48,mobile,SG,0,0.0
11096,control,26.68,desktop,SG,0,0.0
11097,control,13.73,desktop,SG,0,0.0
11098,control,39.99,mobile,MY,1,37.24
11099,control,49.51,mobile,SG,0,0.0
11100,control,20.54,desktop,SG,0,0.0
11101,control,9.62,mobile,VN,0,0.0
11102,treatment,51.17,mobile,MY,1,18.5
11103,control,6.13,mobile,VN,0,0.0
11104,control,32.18,mobile,SG,0,0.0
11105,control,12.49,desktop,MY,0,0.0
11106,control,8.87,desktop,ID,0,0.0
11107,treatment,16.88,mobile,VN,1,21.48
11108,treatment,26.66,mobile,ID,0,0.0
11109,control,10.72,desktop,VN,1,14.53
11110,treatment,7.51,mobile,SG,0,0.0
11111,treatment,4.32,desktop,MY,0,0.0
11112,treatment,71.53,desktop,PH,1,15.78
11113,treatment,34.08,desktop,ID,0,0.0
11114,control,13.3,mobile,SG,0,0.0
11115,control,35.31,desktop,SG,0,0.0
11116,control,26.46,mobile,PH,0,0.0
11117,treatment,42.98,desktop,SG,0,0.0
11118,control,21.85,mobile,MY,1,17.03
11119,treatment,48.4,mobile,SG,0,0.0
11120,control,15.0,mobile,SG,0,0.0
11121,treatment,30.02,desktop,MY,1,49.06
11122,control,46.32,mobile,SG,0,0.0
11123,treatment,31.13,mobile,ID,0,0.0
11124,control,86.45,desktop,SG,1,27.07
11125,treatment,42.41,mobile,PH,0,0.0
11126,treatment,34.88,mobile,ID,0,0.0
11127,control,19.44,mobile,MY,0,0.0
11128,treatment,30.5,desktop,ID,0,0.0
11129,treatment,58.13,mobile,MY,0,0.0
11130,control,17.49,desktop,SG,0,0.0
11131,treatment,12.11,desktop,MY,0,0.0
11132,control,17.58,desktop,ID,0,0.0
11133,treatment,16.81,mobile,SG,0,0.0
11134,control,38.37,mobile,ID,0,0.0
11135,treatment,79.81,desktop,MY,0,0.0
11136,treatment,6.44,desktop,SG,0,0.0
11137,treatment,27.02,mobile,SG,0,0.0
11138,control,10.76,desktop,SG,0,0.0
11139,control,33.17,mobile,SG,0,0.0
11140,control,36.04,mobile,MY,0,0.0
11141,treatment,16.88,mobile,SG,0,0.0
11142,control,39.12,desktop,ID,0,0.0
11143,treatment,14.63,mobile,SG,0,0.0
11144,treatment,14.6,mobile,VN,0,0.0
11145,treatment,12.75,mobile,ID,0,0.0
11146,control,17.73,desktop,PH,0,0.0
11147,control,25.06,mobile,MY,0,0.0
11148,control,22.98,mobile,SG,1,18.43
11149,treatment,28.89,desktop,MY,0,0.0
11150,treatment,37.72,desktop,MY,0,0.0
11151,control,29.17,mobile,ID,0,0.0
11152,control,70.61,mobile,VN,0,0.0
11153,treatment,26.44,mobile,SG,1,9.48
11154,control,43.98,mobile,SG,1,10.84
11155,treatment,5.57,mobile,ID,0,0.0
11156,treatment,28.89,mobile,SG,1,36.57
11157,control,22.78,desktop,PH,0,0.0
11158,control,21.2,desktop,ID,0,0.0
11159,treatment,57.34,mobile,PH,1,56.98
11160,control,88.69,mobile,SG,0,0.0
11161,treatment,38.0,mobile,SG,0,0.0
11162,treatment,4.26,desktop,ID,0,0.0
11163,control,16.16,desktop,MY,0,0.0
11164,control,6.63,mobile,PH,1,22.39
11165,treatment,28.33,desktop,MY,0,0.0
11166,control,34.59,mobile,MY,0,0.0
11167,control,5.07,mobile,SG,0,0.0
11168,control,64.29,mobile,ID,0,0.0
11169,treatment,8.74,desktop,MY,0,0.0
11170,treatment,33.43,desktop,MY,0,0.0
11171,control,63.35,mobile,SG,1,12.02
11172,control,28.74,mobile,ID,0,0.0
11173,treatment,13.85,desktop,PH,0,0.0
11174,treatment,13.15,mobile,SG,0,0.0
11175,control,29.32,mobile,SG,0,0.0
11176,treatment,44.04,desktop,ID,0,0.0
11177,control,32.58,desktop,ID,0,0.0
11178,control,12.89,mobile,SG,0,0.0
11179,treatment,22.35,mobile,SG,0,0.0
11180,treatment,11.38,desktop,ID,0,0.0
11181,control,11.26,mobile,ID,0,0.0
11182,control,10.73,mobile,MY,0,0.0
11183,control,18.62,desktop,SG,0,0.0
11184,treatment,24.22,mobile,ID,0,0.0
11185,control,26.44,mobile,SG,0,0.0
11186,treatment,31.33,desktop,ID,1,71.86
11187,treatment,13.55,desktop,ID,0,0.0
11188,treatment,24.62,desktop,MY,0,0.0
11189,treatment,26.99,mobile,SG,0,0.0
11190,treatment,53.93,desktop,SG,0,0.0
11191,control,5.25,mobile,ID,0,0.0
11192,control,6.94,mobile,PH,0,0.0
11193,treatment,36.64,mobile,VN,0,0.0
11194,control,39.41,mobile,PH,0,0.0
11195,control,36.75,mobile,ID,0,0.0
11196,control,36.48,desktop,PH,0,0.0
11197,control,5.82,mobile,MY,0,0.0
11198,control,79.9,mobile,PH,1,6.92
11199,control,49.83,desktop,MY,0,0.0
11200,control,5.92,mobile,ID,1,32.88
11201,treatment,20.11,mobile,SG,0,0.0
11202,treatment,19.22,desktop,MY,0,0.0
11203,treatment,22.89,mobile,MY,1,13.74
11204,treatment,17.31,mobile,MY,0,0.0
11205,control,9.38,mobile,ID,0,0.0
11206,control,27.35,desktop,PH,0,0.0
11207,control,56.32,mobile,PH,1,7.96
11208,treatment,16.89,desktop,MY,0,0.0
11209,treatment,31.15,desktop,ID,0,0.0
11210,control,23.4,mobile,ID,0,0.0
11211,treatment,36.47,desktop,MY,0,0.0
11212,treatment,21.84,mobile,VN,0,0.0
11213,control,14.91,desktop,SG,0,0.0
11214,control,17.66,desktop,PH,0,0.0
11215,control,54.85,desktop,SG,0,0.0
11216,control,25.69,mobile,PH,0,0.0
11217,treatment,25.06,mobile,ID,1,15.11
11218,control,53.69,desktop,MY,0,0.0
11219,treatment,60.49,mobile,SG,0,0.0
11220,treatment,2.3,desktop,SG,0,0.0
11221,control,7.11,desktop,SG,1,5.67
11222,control,43.4,mobile,PH,0,0.0
11223,treatment,26.59,desktop,ID,0,0.0
11224,treatment,60.64,mobile,SG,0,0.0
11225,treatment,5.28,mobile,MY,0,0.0
11226,control,29.49,mobile,MY,0,0.0
11227,treatment,37.81,mobile,ID,0,0.0
11228,control,19.47,mobile,MY,0,0.0
11229,treatment,41.69,mobile,PH,0,0.0
11230,control,43.99,desktop,ID,1,28.37
11231,treatment,23.62,desktop,SG,0,0.0
11232,control,22.4,desktop,MY,0,0.0
11233,control,46.97,mobile,ID,0,0.0
11234,control,29.08,desktop,VN,0,0.0
11235,treatment,36.0,desktop,SG,0,0.0
11236,control,28.97,desktop,MY,0,0.0
11237,control,27.91,mobile,ID,1,13.95
11238,control,22.36,desktop,MY,0,0.0
11239,control,37.7,mobile,SG,0,0.0
11240,treatment,12.56,mobile,MY,1,41.3
11241,control,5.56,mobile,SG,0,0.0
11242,treatment,25.03,desktop,ID,0,0.0
11243,control,61.26,mobile,PH,0,0.0
11244,control,29.11,mobile,VN,0,0.0
11245,treatment,20.8,mobile,MY,0,0.0
11246,control,18.75,mobile,SG,0,0.0
11247,treatment,17.78,mobile,MY,0,0.0
11248,control,1.04,desktop,SG,0,0.0
11249,control,55.66,desktop,ID,0,0.0
11250,control,16.34,desktop,SG,0,0.0
11251,control,25.38,desktop,MY,0,0.0
11252,treatment,19.84,mobile,SG,0,0.0
11253,control,14.14,mobile,SG,0,0.0
11254,control,57.59,mobile,ID,0,0.0
11255,control,9.78,desktop,VN,0,0.0
11256,control,38.61,mobile,ID,0,0.0
11257,control,6.47,mobile,SG,0,0.0
11258,control,22.51,desktop,MY,0,0.0
11259,control,52.25,mobile,ID,1,3.91
11260,treatment,17.18,mobile,PH,0,0.0
11261,treatment,36.24,desktop,ID,0,0.0
11262,treatment,16.55,mobile,SG,0,0.0
11263,treatment,19.42,desktop,ID,0,0.0
11264,control,42.27,mobile,SG,0,0.0
11265,control,36.82,mobile,MY,0,0.0
11266,treatment,61.71,mobile,VN,0,0.0
11267,control,17.12,mobile,PH,0,0.0
11268,treatment,32.09,mobile,SG,0,0.0
11269,control,26.47,mobile,ID,1,42.65
11270,treatment,32.73,mobile,MY,0,0.0
11271,treatment,49.55,mobile,SG,0,0.0
11272,control,14.74,mobile,PH,0,0.0
11273,control,31.17,mobile,PH,0,0.0
11274,control,57.14,mobile,SG,0,0.0
11275,control,26.49,mobile,PH,0,0.0
11276,control,42.05,mobile,SG,0,0.0
11277,control,3.78,desktop,ID,0,0.0
11278,control,27.39,mobile,VN,0,0.0
11279,treatment,17.93,desktop,PH,0,0.0
11280,treatment,36.41,mobile,ID,0,0.0
11281,treatment,31.32,mobile,MY,0,0.0
11282,treatment,12.68,mobile,ID,0,0.0
11283,treatment,7.24,mobile,VN,0,0.0
11284,treatment,81.77,desktop,SG,0,0.0
11285,control,33.12,desktop,SG,0,0.0
11286,treatment,32.56,mobile,MY,0,0.0
11287,treatment,14.4,mobile,ID,1,18.75
11288,treatment,19.89,desktop,SG,0,0.0
11289,control,57.55,mobile,ID,0,0.0
11290,treatment,26.9,mobile,MY,1,66.71
11291,treatment,58.88,mobile,VN,0,0.0
11292,control,33.2,mobile,SG,0,0.0
11293,treatment,50.51,mobile,PH,0,0.0
11294,control,3.46,mobile,VN,0,0.0
11295,treatment,13.74,mobile,MY,0,0.0
11296,treatment,26.53,mobile,SG,0,0.0
11297,treatment,21.21,mobile,PH,1,37.72
11298,treatment,36.58,mobile,MY,0,0.0
11299,control,7.25,mobile,ID,0,0.0
11300,treatment,7.39,mobile,SG,0,0.0
11301,treatment,35.62,mobile,MY,0,0.0
11302,control,49.05,mobile,ID,0,0.0
11303,treatment,19.8,mobile,ID,1,4.86
11304,control,62.92,mobile,VN,0,0.0
11305,control,72.75,mobile,ID,0,0.0
11306,control,24.58,mobile,SG,0,0.0
11307,treatment,19.26,mobile,ID,0,0.0
11308,control,15.91,mobile,SG,0,0.0
11309,treatment,13.65,mobile,SG,0,0.0
11310,control,40.59,mobile,MY,0,0.0
11311,control,12.23,mobile,SG,0,0.0
11312,treatment,10.4,desktop,SG,0,0.0
11313,control,13.13,mobile,SG,0,0.0
11314,control,24.76,mobile,SG,0,0.0
11315,control,26.09,mobile,PH,0,0.0
11316,control,39.08,desktop,MY,0,0.0
11317,treatment,23.07,mobile,VN,0,0.0
11318,control,6.79,mobile,PH,0,0.0
11319,treatment,18.58,desktop,PH,0,0.0
11320,control,25.23,mobile,SG,0,0.0
11321,treatment,15.12,desktop,MY,0,0.0
11322,control,31.24,mobile,MY,0,0.0
11323,control,1.94,desktop,MY,0,0.0
11324,treatment,22.91,desktop,SG,0,0.0
11325,control,55.7,mobile,SG,0,0.0
11326,control,48.11,desktop,ID,0,0.0
11327,treatment,27.55,mobile,ID,0,0.0
11328,treatment,25.91,mobile,MY,0,0.0
11329,control,34.45,mobile,SG,0,0.0
11330,treatment,10.51,mobile,ID,0,0.0
11331,treatment,45.51,mobile,ID,0,0.0
11332,treatment,61.68,mobile,ID,0,0.0
11333,treatment,22.81,mobile,PH,0,0.0
11334,control,27.53,mobile,ID,0,0.0
11335,treatment,39.45,mobile,MY,0,0.0
11336,control,13.98,mobile,MY,0,0.0
11337,control,62.99,mobile,SG,0,0.0
11338,control,80.55,mobile,MY,0,0.0
11339,control,36.46,mobile,PH,0,0.0
11340,control,66.31,desktop,ID,0,0.0
11341,control,9.33,desktop,ID,0,0.0
11342,treatment,30.5,mobile,SG,0,0.0
11343,treatment,3.99,mobile,ID,0,0.0
11344,control,18.59,mobile,SG,0,0.0
11345,treatment,18.92,mobile,MY,0,0.0
11346,treatment,15.35,mobile,ID,0,0.0
11347,control,9.48,desktop,SG,0,0.0
11348,control,36.19,mobile,MY,0,0.0
11349,treatment,13.08,mobile,SG,0,0.0
11350,treatment,36.21,mobile,SG,0,0.0
11351,control,24.05,desktop,MY,0,0.0
11352,control,31.79,desktop,ID,0,0.0
11353,treatment,16.58,mobile,SG,0,0.0
11354,treatment,23.87,desktop,SG,0,0.0
11355,treatment,89.9,desktop,MY,1,8.12
11356,treatment,31.04,desktop,SG,0,0.0
11357,control,63.11,mobile,PH,0,0.0
11358,treatment,60.95,mobile,PH,0,0.0
11359,control,7.95,desktop,ID,0,0.0
11360,treatment,60.83,mobile,ID,0,0.0
11361,control,23.86,mobile,ID,1,27.89
11362,treatment,18.9,desktop,MY,0,0.0
11363,treatment,10.81,mobile,ID,0,0.0
11364,control,8.01,mobile,MY,0,0.0
11365,treatment,35.49,mobile,MY,1,5.56
11366,treatment,7.73,mobile,PH,0,0.0
11367,treatment,36.55,mobile,PH,0,0.0
11368,control,2.51,mobile,MY,0,0.0
11369,control,11.62,mobile,VN,0,0.0
11370,control,21.3,mobile,ID,0,0.0
11371,control,26.03,mobile,MY,0,0.0
11372,treatment,12.18,desktop,ID,0,0.0
11373,treatment,8.74,mobile,PH,0,0.0
11374,treatment,19.51,mobile,VN,0,0.0
11375,treatment,15.66,mobile,ID,0,0.0
11376,control,17.32,mobile,MY,0,0.0
11377,control,37.85,mobile,ID,0,0.0
11378,treatment,54.56,desktop,MY,0,0.0
11379,control,18.65,mobile,ID,0,0.0
11380,treatment,37.87,mobile,VN,0,0.0
11381,control,16.06,mobile,PH,0,0.0
11382,control,15.06,mobile,MY,0,0.0
11383,control,19.42,mobile,MY,0,0.0
11384,control,49.25,mobile,MY,0,0.0
11385,treatment,6.13,mobile,MY,0,0.0
11386,treatment,5.29,mobile,VN,0,0.0
11387,control,71.09,mobile,SG,0,0.0
11388,treatment,11.86,desktop,PH,0,0.0
11389,control,21.53,mobile,MY,0,0.0
11390,treatment,17.2,desktop,ID,0,0.0
11391,treatment,62.04,mobile,VN,0,0.0
11392,control,48.91,desktop,ID,0,0.0
11393,control,8.65,mobile,ID,0,0.0
11394,control,26.19,desktop,SG,0,0.0
11395,control,31.36,desktop,SG,1,12.97
11396,treatment,37.12,mobile,ID,0,0.0
11397,control,3.48,mobile,MY,0,0.0
11398,control,5.27,desktop,ID,0,0.0
11399,treatment,38.99,mobile,MY,0,0.0
11400,control,7.52,desktop,SG,0,0.0
11401,control,30.98,desktop,PH,0,0.0
11402,control,9.1,mobile,PH,0,0.0
11403,treatment,5.64,desktop,VN,0,0.0
11404,treatment,11.49,mobile,SG,0,0.0
11405,treatment,23.35,mobile,MY,0,0.0
11406,control,29.99,desktop,SG,1,5.81
11407,control,32.63,desktop,VN,0,0.0
11408,treatment,42.25,mobile,ID,0,0.0
11409,treatment,12.08,mobile,VN,0,0.0
11410,control,40.62,mobile,PH,0,0.0
11411,treatment,25.05,desktop,SG,0,0.0
11412,control,28.03,desktop,MY,0,0.0
11413,control,95.33,mobile,MY,0,0.0
11414,control,36.02,mobile,MY,0,0.0
11415,treatment,20.18,mobile,VN,0,0.0
11416,treatment,17.66,mobile,SG,0,0.0
11417,control,23.52,desktop,PH,0,0.0
11418,control,6.46,mobile,SG,0,0.0
11419,control,30.95,mobile,ID,0,0.0
11420,control,23.3,desktop,SG,0,0.0
11421,control,27.78,mobile,ID,0,0.0
11422,control,24.96,desktop,ID,1,37.36
11423,treatment,7.15,mobile,MY,0,0.0
11424,treatment,36.87,mobile,VN,0,0.0
11425,treatment,14.75,desktop,ID,0,0.0
11426,treatment,45.63,desktop,SG,0,0.0
11427,treatment,39.06,mobile,MY,0,0.0
11428,treatment,68.51,mobile,MY,0,0.0
11429,treatment,23.46,mobile,SG,1,49.63
11430,control,42.27,desktop,SG,0,0.0
11431,control,73.6,mobile,SG,0,0.0
11432,treatment,13.69,mobile,PH,1,17.76
11433,treatment,49.4,mobile,VN,1,16.82
11434,control,35.56,mobile,SG,0,0.0
11435,treatment,10.18,mobile,PH,1,36.04
11436,treatment,21.37,desktop,SG,0,0.0
11437,control,105.06,mobile,ID,0,0.0
11438,control,47.58,mobile,SG,0,0.0
11439,treatment,33.21,desktop,SG,0,0.0
11440,control,14.02,desktop,MY,0,0.0
11441,control,2.62,desktop,ID,0,0.0
11442,treatment,7.62,desktop,MY,0,0.0
11443,treatment,24.18,desktop,PH,0,0.0
11444,control,24.19,mobile,SG,1,7.6
11445,control,56.5,desktop,ID,0,0.0
11446,control,11.32,mobile,SG,1,14.92
11447,treatment,10.48,mobile,SG,1,8.29
11448,treatment,35.95,mobile,MY,0,0.0
11449,treatment,17.95,mobile,SG,0,0.0
11450,treatment,17.78,desktop,PH,0,0.0
11451,control,52.77,desktop,ID,1,10.17
11452,treatment,9.91,mobile,ID,0,0.0
11453,treatment,47.55,desktop,SG,0,0.0
11454,control,32.92,desktop,SG,1,47.85
11455,treatment,16.49,mobile,ID,0,0.0
11456,control,23.62,desktop,SG,1,6.11
11457,treatment,12.39,mobile,SG,0,0.0
11458,treatment,20.73,mobile,SG,1,26.01
11459,control,70.96,mobile,VN,1,18.65
11460,treatment,13.59,desktop,MY,0,0.0
11461,control,4.61,mobile,SG,0,0.0
11462,control,24.16,mobile,MY,1,12.56
11463,control,62.91,mobile,PH,0,0.0
11464,treatment,28.39,desktop,SG,0,0.0
11465,control,19.74,desktop,SG,0,0.0
11466,treatment,19.06,mobile,VN,0,0.0
11467,control,48.5,desktop,PH,1,63.49
11468,control,31.02,mobile,ID,0,0.0
11469,control,35.88,mobile,SG,0,0.0
11470,control,26.68,mobile,SG,0,0.0
11471,treatment,43.12,mobile,PH,0,0.0
11472,control,70.97,desktop,ID,1,16.2
11473,treatment,23.85,mobile,MY,0,0.0
11474,treatment,30.61,mobile,SG,0,0.0
11475,control,68.95,desktop,SG,0,0.0
11476,control,26.63,desktop,ID,0,0.0
11477,control,48.04,mobile,ID,0,0.0
11478,treatment,11.66,desktop,MY,0,0.0
11479,treatment,13.19,desktop,ID,1,66.48
11480,treatment,82.08,mobile,PH,0,0.0
11481,control,40.63,mobile,ID,0,0.0
11482,treatment,21.57,mobile,SG,1,19.05
11483,treatment,15.74,desktop,VN,0,0.0
11484,control,19.1,mobile,SG,0,0.0
11485,control,7.92,desktop,ID,0,0.0
11486,control,38.29,mobile,SG,0,0.0
11487,treatment,35.63,mobile,ID,1,28.6
11488,treatment,35.04,desktop,ID,0,0.0
11489,treatment,58.98,mobile,SG,1,27.19
11490,treatment,25.52,desktop,ID,0,0.0
11491,treatment,32.96,mobile,ID,0,0.0
11492,control,4.85,mobile,MY,0,0.0
11493,control,40.9,desktop,SG,0,0.0
11494,control,36.25,mobile,SG,0,0.0
11495,treatment,8.9,mobile,VN,0,0.0
11496,control,21.64,mobile,SG,0,0.0
11497,treatment,53.6,mobile,MY,0,0.0
11498,control,32.23,desktop,SG,0,0.0
11499,treatment,14.75,mobile,PH,0,0.0
11500,treatment,36.32,mobile,ID,0,0.0
11501,control,77.05,mobile,ID,0,0.0
11502,treatment,6.6,desktop,ID,0,0.0
11503,treatment,39.9,mobile,ID,0,0.0
11504,control,31.32,mobile,VN,0,0.0
11505,control,8.14,mobile,ID,0,0.0
11506,treatment,32.38,desktop,ID,0,0.0
11507,treatment,15.95,mobile,ID,0,0.0
11508,control,19.89,mobile,MY,0,0.0
11509,control,36.47,desktop,ID,0,0.0
11510,control,35.46,desktop,ID,1,26.7
11511,control,34.94,desktop,PH,0,0.0
11512,treatment,104.76,mobile,VN,1,13.71
11513,treatment,22.36,mobile,MY,0,0.0
11514,treatment,9.86,mobile,ID,1,24.27
11515,treatment,40.22,mobile,SG,0,0.0
11516,control,31.17,mobile,PH,0,0.0
11517,control,16.61,mobile,ID,0,0.0
11518,control,15.69,mobile,VN,1,13.43
11519,treatment,61.59,mobile,ID,0,0.0
11520,treatment,3.13,desktop,ID,0,0.0
11521,treatment,30.66,mobile,SG,0,0.0
11522,control,15.19,desktop,ID,0,0.0
11523,treatment,33.82,mobile,MY,0,0.0
11524,treatment,13.27,mobile,ID,0,0.0
11525,control,34.4,desktop,MY,0,0.0
11526,treatment,51.49,mobile,SG,0,0.0
11527,control,16.98,desktop,PH,0,0.0
11528,treatment,19.1,desktop,ID,0,0.0
11529,treatment,33.48,desktop,SG,0,0.0
11530,treatment,42.66,mobile,PH,0,0.0
11531,treatment,92.1,mobile,SG,1,34.86
11532,treatment,19.43,mobile,SG,0,0.0
11533,treatment,19.09,desktop,MY,1,9.83
11534,control,10.51,mobile,SG,0,0.0
11535,treatment,2.14,mobile,PH,0,0.0
11536,control,51.81,desktop,ID,0,0.0
11537,control,23.18,mobile,ID,0,0.0
11538,treatment,10.18,mobile,ID,1,8.17
11539,control,46.51,desktop,MY,0,0.0
11540,control,40.15,mobile,ID,0,0.0
11541,treatment,18.91,mobile,ID,0,0.0
11542,control,31.59,mobile,ID,0,0.0
11543,treatment,11.77,mobile,MY,1,32.06
11544,control,41.6,mobile,SG,1,8.89
11545,control,16.23,desktop,SG,0,0.0
11546,treatment,55.91,mobile,SG,0,0.0
11547,treatment,36.83,mobile,ID,0,0.0
11548,treatment,8.38,desktop,MY,0,0.0
11549,control,51.91,desktop,ID,0,0.0
11550,control,49.11,mobile,ID,1,26.22
11551,control,44.7,desktop,MY,0,0.0
11552,treatment,46.4,mobile,ID,0,0.0
11553,treatment,25.65,mobile,SG,0,0.0
11554,control,31.19,desktop,VN,0,0.0
11555,control,22.08,mobile,MY,0,0.0
11556,treatment,4.8,mobile,PH,1,18.17
11557,treatment,36.4,desktop,SG,1,6.45
11558,treatment,6.51,mobile,MY,0,0.0
11559,treatment,10.48,mobile,MY,0,0.0
11560,treatment,15.52,desktop,MY,0,0.0
11561,control,26.87,mobile,MY,0,0.0
11562,treatment,80.4,mobile,MY,0,0.0
11563,control,15.41,mobile,PH,0,0.0
11564,control,84.75,mobile,ID,0,0.0
11565,control,48.15,mobile,SG,1,38.73
11566,treatment,33.27,desktop,SG,1,43.34
11567,treatment,14.01,mobile,VN,0,0.0
11568,control,27.16,desktop,SG,0,0.0
11569,control,28.83,mobile,ID,0,0.0
11570,treatment,41.22,mobile,SG,0,0.0
11571,treatment,14.64,desktop,MY,0,0.0
11572,control,49.17,mobile,MY,0,0.0
11573,treatment,24.88,mobile,VN,0,0.0
11574,control,36.33,desktop,ID,0,0.0
11575,treatment,23.37,mobile,SG,0,0.0
11576,treatment,60.72,mobile,ID,1,12.43
11577,treatment,11.07,mobile,SG,0,0.0
11578,control,31.85,desktop,VN,0,0.0
11579,control,8.2,mobile,MY,0,0.0
11580,control,38.45,mobile,PH,0,0.0
11581,control,10.26,desktop,PH,0,0.0
11582,treatment,21.11,desktop,SG,0,0.0
11583,control,19.2,mobile,VN,1,14.99
11584,control,98.6,mobile,VN,1,24.05
11585,treatment,14.37,desktop,PH,0,0.0
11586,control,49.43,desktop,MY,0,0.0
11587,control,2.01,mobile,ID,0,0.0
11588,control,26.93,mobile,SG,0,0.0
11589,treatment,62.51,desktop,VN,0,0.0
11590,treatment,5.12,desktop,SG,1,38.03
11591,control,47.96,desktop,ID,0,0.0
11592,control,23.51,desktop,PH,0,0.0
11593,treatment,2.96,mobile,VN,0,0.0
11594,treatment,52.71,desktop,PH,0,0.0
11595,control,39.76,desktop,PH,0,0.0
11596,control,12.68,mobile,ID,0,0.0
11597,control,41.48,mobile,ID,0,0.0
11598,control,5.57,mobile,SG,1,29.49
11599,control,16.32,mobile,VN,0,0.0
11600,control,26.42,desktop,MY,0,0.0
11601,control,25.39,mobile,PH,0,0.0
11602,control,35.54,desktop,MY,0,0.0
11603,control,97.01,mobile,MY,0,0.0
11604,control,30.3,mobile,MY,0,0.0
11605,control,30.91,mobile,VN,0,0.0
11606,treatment,56.04,mobile,SG,0,0.0
11607,control,25.27,desktop,ID,0,0.0
11608,treatment,4.24,mobile,SG,1,18.71
11609,treatment,28.12,desktop,MY,0,0.0
11610,treatment,3.62,desktop,ID,0,0.0
11611,treatment,52.51,mobile,SG,0,0.0
11612,control,26.18,mobile,ID,0,0.0
11613,treatment,34.5,desktop,PH,1,21.42
11614,treatment,11.25,mobile,PH,0,0.0
11615,control,11.76,mobile,ID,0,0.0
11616,control,39.41,desktop,SG,0,0.0
11617,control,21.07,mobile,ID,0,0.0
11618,treatment,14.46,mobile,ID,0,0.0
11619,treatment,62.49,mobile,PH,1,29.11
11620,control,28.66,desktop,ID,0,0.0
11621,treatment,16.19,mobile,ID,0,0.0
11622,treatment,29.96,mobile,ID,0,0.0
11623,treatment,18.62,mobile,PH,0,0.0
11624,control,37.07,mobile,ID,0,0.0
11625,control,10.65,mobile,SG,0,0.0
11626,treatment,53.09,desktop,PH,0,0.0
11627,treatment,18.61,desktop,ID,0,0.0
11628,treatment,7.93,desktop,ID,0,0.0
11629,treatment,8.9,desktop,SG,0,0.0
11630,control,22.26,mobile,SG,0,0.0
11631,treatment,14.54,mobile,PH,0,0.0
11632,control,6.49,desktop,SG,0,0.0
11633,treatment,6.87,mobile,MY,0,0.0
11634,control,26.38,mobile,ID,0,0.0
11635,control,31.21,mobile,SG,0,0.0
11636,control,27.77,mobile,ID,0,0.0
11637,treatment,61.27,desktop,SG,0,0.0
11638,treatment,34.5,mobile,SG,1,54.46
11639,treatment,16.03,desktop,VN,0,0.0
11640,control,138.58,desktop,ID,0,0.0
11641,treatment,12.23,desktop,VN,0,0.0
11642,treatment,5.72,desktop,MY,0,0.0
11643,control,40.89,desktop,PH,0,0.0
11644,control,80.71,mobile,SG,0,0.0
11645,control,46.89,desktop,SG,1,4.07
11646,control,21.27,desktop,SG,0,0.0
11647,control,13.42,desktop,SG,0,0.0
11648,control,38.91,mobile,VN,0,0.0
11649,treatment,22.19,mobile,ID,0,0.0
11650,treatment,20.34,desktop,ID,0,0.0
11651,treatment,64.59,desktop,ID,1,34.14
11652,control,4.4,mobile,SG,0,0.0
11653,control,33.27,mobile,VN,0,0.0
11654,control,14.27,mobile,ID,0,0.0
11655,treatment,25.53,mobile,SG,0,0.0
11656,control,11.89,desktop,MY,0,0.0
11657,treatment,22.2,mobile,SG,0,0.0
11658,control,109.18,desktop,ID,0,0.0
11659,treatment,43.88,mobile,ID,0,0.0
11660,control,38.89,mobile,VN,0,0.0
11661,control,26.07,mobile,VN,0,0.0
11662,treatment,24.34,mobile,SG,0,0.0
11663,control,27.39,desktop,SG,0,0.0
11664,control,36.09,mobile,PH,0,0.0
11665,treatment,44.45,mobile,ID,0,0.0
11666,control,87.17,mobile,MY,1,14.53
11667,treatment,21.2,desktop,ID,0,0.0
11668,treatment,63.55,mobile,MY,0,0.0
11669,treatment,87.81,mobile,ID,1,10.95
11670,treatment,46.8,mobile,VN,0,0.0
11671,control,24.03,desktop,ID,0,0.0
11672,treatment,47.01,mobile,MY,0,0.0
11673,treatment,6.18,mobile,SG,0,0.0
11674,control,78.14,mobile,VN,1,32.0
11675,treatment,49.89,mobile,ID,0,0.0
11676,control,23.27,mobile,ID,0,0.0
11677,treatment,21.96,mobile,SG,0,0.0
11678,control,7.73,mobile,VN,0,0.0
11679,control,55.16,mobile,MY,0,0.0
11680,control,22.34,desktop,VN,0,0.0
11681,control,82.68,mobile,SG,0,0.0
11682,treatment,6.08,mobile,MY,0,0.0
11683,treatment,12.09,mobile,SG,0,0.0
11684,control,10.9,mobile,MY,0,0.0
11685,control,1.8,desktop,VN,0,0.0
11686,treatment,41.0,mobile,MY,0,0.0
11687,treatment,9.33,desktop,PH,0,0.0
11688,control,12.14,mobile,PH,0,0.0
11689,treatment,9.86,mobile,SG,0,0.0
11690,control,18.87,desktop,ID,0,0.0
11691,control,71.91,mobile,PH,1,39.36
11692,control,36.1,mobile,ID,0,0.0
11693,treatment,29.58,mobile,SG,0,0.0
11694,control,25.58,mobile,PH,0,0.0
11695,control,16.51,desktop,ID,0,0.0
11696,treatment,16.71,desktop,VN,0,0.0
11697,control,28.51,desktop,ID,0,0.0
11698,control,66.67,desktop,MY,0,0.0
11699,control,15.54,mobile,MY,1,18.97
11700,control,50.97,desktop,PH,0,0.0
11701,treatment,10.26,mobile,VN,0,0.0
11702,treatment,40.78,desktop,MY,0,0.0
11703,control,64.92,mobile,SG,0,0.0
11704,control,24.08,mobile,SG,0,0.0
11705,treatment,16.61,mobile,MY,0,0.0
11706,treatment,40.67,mobile,MY,0,0.0
11707,control,77.19,desktop,MY,0,0.0
11708,treatment,49.41,mobile,SG,0,0.0
11709,treatment,84.22,mobile,MY,0,0.0
11710,control,25.9,desktop,VN,0,0.0
11711,treatment,24.7,mobile,SG,0,0.0
11712,treatment,6.77,mobile,ID,0,0.0
11713,control,16.03,desktop,SG,1,43.93
11714,treatment,23.32,mobile,ID,0,0.0
11715,treatment,25.14,mobile,VN,0,0.0
11716,control,40.15,mobile,SG,0,0.0
11717,treatment,17.43,mobile,PH,0,0.0
11718,control,18.29,mobile,SG,0,0.0
11719,control,93.82,mobile,MY,0,0.0
11720,treatment,1.9,mobile,SG,0,0.0
11721,treatment,2.79,desktop,MY,0,0.0
11722,control,11.79,desktop,MY,0,0.0
11723,treatment,2.61,mobile,ID,0,0.0
11724,control,3.43,mobile,SG,0,0.0
11725,control,19.23,mobile,PH,0,0.0
11726,control,32.44,desktop,SG,0,0.0
11727,treatment,18.63,mobile,SG,0,0.0
11728,control,33.88,desktop,MY,0,0.0
11729,control,44.62,mobile,ID,0,0.0
11730,treatment,29.78,desktop,PH,0,0.0
11731,treatment,33.81,mobile,PH,0,0.0
11732,control,20.59,mobile,ID,0,0.0
11733,treatment,17.39,mobile,VN,0,0.0
11734,control,2.31,mobile,SG,0,0.0
11735,control,46.23,mobile,VN,0,0.0
11736,treatment,28.79,desktop,MY,0,0.0
11737,control,31.99,mobile,SG,1,37.06
11738,treatment,6.43,desktop,MY,1,22.12
11739,treatment,12.44,desktop,ID,0,0.0
11740,treatment,19.72,mobile,MY,0,0.0
11741,control,9.26,mobile,SG,0,0.0
11742,control,29.45,mobile,MY,1,39.98
11743,control,27.95,mobile,MY,0,0.0
11744,control,26.65,mobile,ID,0,0.0
11745,treatment,45.74,mobile,VN,0,0.0
11746,control,29.96,mobile,VN,1,29.62
11747,control,61.4,mobile,ID,0,0.0
11748,control,30.72,desktop,ID,0,0.0
11749,control,14.7,mobile,ID,0,0.0
11750,control,24.79,mobile,PH,0,0.0
11751,treatment,1.2,mobile,ID,0,0.0
11752,control,32.26,desktop,ID,0,0.0
11753,control,12.78,desktop,MY,0,0.0
11754,treatment,27.46,mobile,PH,0,0.0
11755,treatment,14.52,desktop,ID,0,0.0
11756,treatment,9.27,mobile,SG,0,0.0
11757,treatment,74.44,mobile,ID,0,0.0
11758,control,14.29,mobile,MY,0,0.0
11759,control,12.16,desktop,SG,0,0.0
11760,treatment,41.33,mobile,ID,0,0.0
11761,treatment,19.22,mobile,ID,0,0.0
11762,treatment,13.4,mobile,VN,0,0.0
11763,control,42.15,desktop,VN,0,0.0
11764,treatment,24.22,desktop,MY,0,0.0
11765,treatment,46.1,mobile,SG,0,0.0
11766,control,62.86,desktop,SG,0,0.0
11767,control,18.84,desktop,VN,0,0.0
11768,control,39.74,desktop,MY,0,0.0
11769,control,64.83,mobile,MY,0,0.0
11770,control,76.52,mobile,ID,0,0.0
11771,control,15.79,mobile,SG,0,0.0
11772,treatment,50.74,mobile,ID,0,0.0
11773,control,2.84,mobile,PH,0,0.0
11774,treatment,30.41,mobile,ID,1,22.43
11775,control,7.32,desktop,MY,0,0.0
11776,treatment,18.84,desktop,SG,0,0.0
11777,control,99.21,mobile,SG,0,0.0
11778,control,46.73,mobile,SG,0,0.0
11779,treatment,7.5,mobile,MY,0,0.0
11780,control,10.0,mobile,SG,0,0.0
11781,control,54.2,mobile,ID,0,0.0
11782,control,53.0,mobile,MY,0,0.0
11783,treatment,54.93,mobile,MY,1,54.94
11784,treatment,30.31,desktop,SG,0,0.0
11785,control,46.59,mobile,MY,0,0.0
11786,treatment,19.56,mobile,ID,0,0.0
11787,control,18.87,mobile,SG,0,0.0
11788,treatment,29.08,desktop,ID,0,0.0
11789,treatment,13.2,mobile,ID,0,0.0
11790,control,11.4,mobile,ID,0,0.0
11791,treatment,37.99,mobile,VN,0,0.0
11792,treatment,40.39,mobile,PH,0,0.0
11793,treatment,11.65,mobile,ID,0,0.0
11794,treatment,15.87,desktop,PH,0,0.0
11795,treatment,34.26,mobile,VN,0,0.0
11796,treatment,32.23,mobile,PH,1,61.19
11797,control,30.33,mobile,ID,0,0.0
11798,treatment,12.16,desktop,PH,0,0.0
11799,control,108.01,desktop,MY,0,0.0
11800,treatment,17.54,mobile,VN,0,0.0
11801,treatment,35.28,desktop,SG,0,0.0
11802,control,9.23,mobile,SG,0,0.0
11803,treatment,24.23,desktop,SG,0,0.0
11804,treatment,11.41,mobile,PH,0,0.0
11805,treatment,16.96,desktop,MY,1,15.44
11806,control,30.75,mobile,ID,0,0.0
11807,treatment,60.67,mobile,ID,0,0.0
11808,control,15.54,mobile,MY,0,0.0
11809,treatment,29.66,mobile,PH,1,10.42
11810,control,34.95,mobile,MY,1,7.29
11811,control,41.68,mobile,ID,0,0.0
11812,treatment,4.01,mobile,PH,1,58.92
11813,control,45.99,desktop,SG,0,0.0
11814,control,35.24,mobile,MY,0,0.0
11815,treatment,30.3,desktop,SG,0,0.0
11816,control,14.02,mobile,ID,1,24.42
11817,control,32.3,mobile,PH,0,0.0
11818,treatment,89.45,mobile,SG,0,0.0
11819,control,56.2,mobile,SG,0,0.0
11820,control,18.77,desktop,ID,0,0.0
11821,control,29.97,desktop,ID,0,0.0
11822,control,30.66,mobile,MY,1,22.41
11823,treatment,21.02,mobile,MY,0,0.0
11824,control,7.76,mobile,SG,0,0.0
11825,treatment,19.02,mobile,SG,0,0.0
11826,control,37.1,mobile,ID,0,0.0
11827,treatment,18.68,desktop,ID,0,0.0
11828,control,24.22,mobile,PH,0,0.0
11829,treatment,61.17,mobile,ID,0,0.0
11830,treatment,24.34,desktop,SG,0,0.0
11831,control,25.54,mobile,MY,0,0.0
11832,control,28.04,desktop,PH,0,0.0
11833,treatment,17.35,mobile,ID,0,0.0
11834,control,46.99,mobile,PH,0,0.0
11835,control,9.26,mobile,MY,0,0.0
11836,treatment,17.28,mobile,SG,0,0.0
11837,treatment,30.09,mobile,PH,1,22.33
11838,treatment,19.61,desktop,MY,0,0.0
11839,treatment,71.89,mobile,SG,0,0.0
11840,treatment,25.73,mobile,ID,0,0.0
11841,treatment,25.2,desktop,ID,0,0.0
11842,treatment,11.62,mobile,MY,0,0.0
11843,control,19.92,mobile,ID,0,0.0
11844,control,45.59,mobile,MY,0,0.0
11845,treatment,14.62,mobile,PH,0,0.0
11846,treatment,5.16,mobile,PH,0,0.0
11847,control,22.63,mobile,ID,1,26.46
11848,treatment,26.63,desktop,SG,0,0.0
11849,control,18.22,desktop,ID,0,0.0
11850,treatment,61.78,mobile,PH,0,0.0
11851,control,99.04,desktop,SG,0,0.0
11852,treatment,29.94,mobile,SG,0,0.0
11853,treatment,19.77,mobile,VN,0,0.0
11854,treatment,37.11,mobile,PH,0,0.0
11855,treatment,62.07,mobile,VN,0,0.0
11856,control,15.57,mobile,MY,0,0.0
11857,control,43.95,mobile,SG,0,0.0
11858,treatment,22.62,mobile,SG,0,0.0
11859,treatment,53.93,mobile,ID,0,0.0
11860,treatment,11.63,mobile,PH,0,0.0
11861,treatment,67.25,mobile,MY,0,0.0
11862,control,30.66,mobile,MY,0,0.0
11863,treatment,37.04,mobile,PH,0,0.0
11864,control,10.04,mobile,SG,1,3.42
11865,treatment,9.77,mobile,SG,0,0.0
11866,treatment,32.93,mobile,VN,1,42.19
11867,treatment,37.84,mobile,ID,0,0.0
11868,control,21.14,mobile,PH,0,0.0
11869,treatment,40.64,desktop,VN,0,0.0
11870,treatment,9.98,mobile,PH,0,0.0
11871,treatment,7.22,mobile,MY,0,0.0
11872,control,28.17,mobile,ID,1,20.65
11873,control,9.63,desktop,ID,0,0.0
11874,treatment,5.31,desktop,VN,0,0.0
11875,treatment,12.45,mobile,SG,1,21.9
11876,control,36.92,desktop,ID,0,0.0
11877,control,30.2,mobile,PH,0,0.0
11878,control,62.59,desktop,MY,0,0.0
11879,treatment,31.69,mobile,ID,0,0.0
11880,control,10.34,mobile,SG,0,0.0
11881,control,38.66,mobile,SG,0,0.0
11882,control,15.22,mobile,SG,1,3.31
11883,control,20.83,desktop,ID,0,0.0
11884,control,15.46,mobile,SG,0,0.0
11885,treatment,9.07,mobile,ID,0,0.0
11886,treatment,133.62,mobile,MY,0,0.0
11887,control,13.32,desktop,SG,0,0.0
11888,treatment,4.58,desktop,SG,0,0.0
11889,treatment,41.91,mobile,ID,0,0.0
11890,treatment,3.34,mobile,MY,0,0.0
11891,control,22.76,mobile,ID,0,0.0
11892,treatment,46.38,mobile,PH,1,22.03
11893,treatment,7.99,desktop,PH,0,0.0
11894,treatment,25.76,desktop,ID,0,0.0
11895,treatment,20.16,desktop,ID,0,0.0
11896,control,13.13,mobile,ID,0,0.0
11897,control,62.72,desktop,MY,1,32.2
11898,treatment,20.02,desktop,SG,0,0.0
11899,control,41.32,desktop,VN,0,0.0
11900,control,49.13,mobile,PH,0,0.0
11901,treatment,21.99,mobile,ID,0,0.0
11902,treatment,10.54,desktop,ID,0,0.0
11903,treatment,49.94,mobile,ID,1,34.02
11904,treatment,22.79,mobile,SG,0,0.0
11905,control,24.73,mobile,MY,0,0.0
11906,treatment,19.03,mobile,MY,0,0.0
11907,treatment,48.7,desktop,PH,0,0.0
11908,control,9.39,desktop,ID,0,0.0
11909,treatment,24.97,desktop,MY,0,0.0
11910,control,10.77,mobile,MY,0,0.0
11911,treatment,18.98,desktop,PH,0,0.0
11912,treatment,53.29,mobile,PH,0,0.0
11913,treatment,52.84,mobile,PH,0,0.0
11914,control,21.34,mobile,MY,0,0.0
11915,control,31.67,desktop,MY,0,0.0
11916,treatment,31.23,desktop,ID,0,0.0
11917,control,10.81,desktop,SG,0,0.0
11918,control,37.6,desktop,MY,0,0.0
11919,control,11.85,mobile,MY,0,0.0
11920,treatment,18.09,desktop,ID,0,0.0
11921,treatment,4.8,mobile,MY,0,0.0
11922,control,42.21,desktop,SG,0,0.0
11923,treatment,48.87,desktop,MY,0,0.0
11924,treatment,32.52,mobile,ID,0,0.0
11925,treatment,25.87,mobile,ID,0,0.0
11926,control,17.32,mobile,PH,0,0.0
11927,treatment,42.96,desktop,SG,1,18.72
11928,treatment,72.86,mobile,ID,0,0.0
11929,control,13.32,mobile,MY,1,7.45
11930,treatment,21.75,desktop,ID,0,0.0
11931,treatment,10.23,mobile,PH,1,30.79
11932,control,25.98,mobile,MY,0,0.0
11933,treatment,18.81,desktop,PH,1,9.67
11934,control,22.99,mobile,SG,1,21.85
11935,control,43.36,mobile,VN,0,0.0
11936,treatment,52.01,desktop,PH,0,0.0
11937,control,8.83,mobile,SG,0,0.0
11938,treatment,30.99,mobile,ID,0,0.0
11939,treatment,62.86,mobile,ID,0,0.0
11940,control,35.99,desktop,VN,1,55.16
11941,control,11.01,mobile,MY,0,0.0
11942,control,50.45,desktop,ID,0,0.0
11943,treatment,37.78,mobile,ID,1,22.31
11944,control,35.21,mobile,SG,0,0.0
11945,treatment,21.26,mobile,PH,0,0.0
11946,treatment,33.71,mobile,ID,0,0.0
11947,treatment,128.53,desktop,ID,0,0.0
11948,treatment,3.95,mobile,VN,0,0.0
11949,treatment,17.93,mobile,VN,0,0.0
11950,control,19.37,desktop,PH,0,0.0
11951,control,1.56,mobile,SG,0,0.0
11952,control,91.35,desktop,PH,0,0.0
11953,treatment,10.22,mobile,MY,1,9.14
11954,treatment,9.65,desktop,ID,0,0.0
11955,control,6.1,mobile,VN,0,0.0
11956,control,17.77,mobile,SG,0,0.0
11957,control,35.11,desktop,SG,0,0.0
11958,control,24.5,mobile,PH,0,0.0
11959,control,11.61,desktop,SG,0,0.0
11960,treatment,33.75,desktop,SG,0,0.0
11961,treatment,24.73,desktop,MY,0,0.0
11962,treatment,57.98,mobile,ID,0,0.0
11963,control,14.73,desktop,MY,0,0.0
11964,control,13.6,desktop,MY,0,0.0
11965,control,44.81,mobile,VN,1,10.49
11966,control,9.88,mobile,PH,0,0.0
11967,control,5.9,desktop,ID,0,0.0
11968,treatment,24.14,mobile,MY,0,0.0
11969,treatment,35.92,mobile,PH,0,0.0
11970,treatment,5.45,desktop,SG,0,0.0
11971,treatment,48.25,mobile,VN,1,18.16
11972,treatment,4.87,desktop,SG,0,0.0
11973,treatment,15.4,mobile,PH,0,0.0
11974,control,24.65,mobile,VN,0,0.0
11975,control,61.78,mobile,SG,0,0.0
11976,treatment,64.33,mobile,SG,0,0.0
11977,treatment,28.28,desktop,SG,1,9.14
11978,treatment,17.61,desktop,MY,0,0.0
11979,treatment,18.5,desktop,ID,0,0.0
11980,treatment,85.49,mobile,SG,0,0.0
11981,control,54.83,desktop,SG,0,0.0
11982,control,32.71,desktop,MY,0,0.0
11983,control,28.94,mobile,SG,0,0.0
11984,control,27.0,mobile,PH,0,0.0
11985,treatment,3.73,mobile,MY,0,0.0
11986,control,0.82,mobile,SG,0,0.0
11987,treatment,20.72,desktop,SG,0,0.0
11988,treatment,8.78,desktop,MY,0,0.0
11989,treatment,29.21,mobile,SG,0,0.0
11990,treatment,27.6,mobile,SG,0,0.0
11991,treatment,5.76,mobile,SG,0,0.0
11992,treatment,29.64,desktop,MY,0,0.0
11993,treatment,30.9,mobile,ID,0,0.0
11994,control,30.27,mobile,ID,1,7.41
11995,treatment,14.87,mobile,VN,0,0.0
11996,treatment,34.7,desktop,ID,0,0.0
11997,control,36.35,mobile,SG,0,0.0
11998,control,34.48,mobile,MY,0,0.0
11999,control,19.94,mobile,ID,0,0.0
12000,control,67.46,desktop,ID,0,0.0
