user_id,variant,pre_signup_value,device,country,converted,revenue
1,control,25.02,desktop,ID,0,0.0
2,treatment,20.06,mobile,PH,0,0.0
3,control,17.19,desktop,ID,0,0.0
4,control,26.18,desktop,SG,0,0.0
5,treatment,16.63,mobile,ID,0,0.0
6,control,35.74,desktop,MY,0,0.0
7,control,27.1,desktop,MY,0,0.0
8,treatment,24.44,mobile,PH,0,0.0
9,control,6.96,desktop,SG,0,0.0
10,control,3.61,mobile,VN,0,0.0
11,treatment,7.61,mobile,PH,0,0.0
12,treatment,28.16,mobile,ID,1,12.28
13,control,24.07,mobile,SG,0,0.0
14,treatment,5.53,desktop,ID,0,0.0
15,control,27.95,desktop,SG,0,0.0
16,treatment,12.38,mobile,SG,0,0.0
17,treatment,12.4,desktop,MY,1,18.52
18,treatment,46.33,desktop,SG,0,0.0
19,control,22.9,mobile,ID,0,0.0
20,control,26.26,mobile,ID,1,6.77
21,treatment,26.5,mobile,ID,0,0.0
22,treatment,5.41,mobile,VN,0,0.0
23,control,27.38,mobile,SG,0,0.0
24,control,87.19,mobile,ID,0,0.0
25,treatment,8.23,mobile,MY,0,0.0
26,control,37.91,mobile,SG,0,0.0
27,control,40.69,mobile,SG,1,5.21
28,control,40.28,desktop,VN,0,0.0
29,treatment,14.07,mobile,VN,0,0.0
30,control,17.06,mobile,SG,0,0.0
31,treatment,8.34,mobile,SG,1,23.35
32,control,21.39,mobile,SG,0,0.0
33,treatment,54.38,mobile,SG,0,0.0
34,treatment,12.55,desktop,SG,0,0.0
35,treatment,2.86,desktop,SG,0,0.0
36,treatment,23.16,mobile,SG,0,0.0
37,control,40.87,mobile,PH,0,0.0
38,treatment,18.52,mobile,ID,0,0.0
39,treatment,67.63,mobile,PH,0,0.0
40,treatment,19.57,mobile,SG,0,0.0
41,treatment,22.73,mobile,MY,0,0.0
42,control,9.04,mobile,SG,0,0.0
43,control,17.36,desktop,SG,0,0.0
44,treatment,39.9,mobile,PH,0,0.0
45,control,40.31,mobile,PH,0,0.0
46,control,51.41,mobile,ID,1,32.84
47,control,38.08,mobile,PH,0,0.0
48,control,32.33,mobile,ID,0,0.0
49,treatment,2.67,desktop,SG,0,0.0
50,treatment,11.31,mobile,SG,0,0.0
51,treatment,98.53,desktop,VN,0,0.0
52,treatment,14.76,desktop,PH,0,0.0
53,treatment,35.81,mobile,ID,1,29.31
54,control,21.22,desktop,ID,0,0.0
55,treatment,36.48,desktop,ID,0,0.0
56,treatment,23.5,mobile,VN,0,0.0
57,control,9.64,mobile,MY,0,0.0
58,treatment,11.79,desktop,VN,1,30.32
59,control,28.92,desktop,ID,0,0.0
60,treatment,15.21,mobile,ID,0,0.0
61,control,2.84,mobile,PH,0,0.0
62,treatment,32.71,mobile,MY,0,0.0
63,control,45.24,mobile,ID,0,0.0
64,control,42.7,mobile,PH,1,14.82
65,treatment,43.32,mobile,MY,0,0.0
66,control,5.49,mobile,ID,0,0.0
67,treatment,64.6,mobile,SG,0,0.0
68,treatment,20.06,mobile,SG,0,0.0
69,control,10.47,mobile,ID,0,0.0
70,control,15.89,mobile,SG,0,0.0
71,treatment,12.57,desktop,ID,0,0.0
72,control,7.52,desktop,ID,0,0.0
73,treatment,22.13,mobile,ID,0,0.0
74,control,25.26,mobile,SG,0,0.0
75,treatment,19.19,mobile,SG,0,0.0
76,treatment,25.15,desktop,ID,0,0.0
77,treatment,19.63,desktop,MY,0,0.0
78,control,12.4,mobile,SG,1,18.25
79,control,14.12,mobile,PH,0,0.0
80,treatment,32.12,desktop,SG,0,0.0
81,control,6.09,desktop,ID,0,0.0
82,treatment,14.65,mobile,SG,0,0.0
83,control,42.1,mobile,SG,0,0.0
84,control,26.41,mobile,VN,0,0.0
85,treatment,34.88,mobile,MY,0,0.0
86,treatment,22.33,mobile,ID,0,0.0
87,treatment,8.07,mobile,ID,0,0.0
88,treatment,16.41,mobile,ID,0,0.0
89,treatment,24.35,mobile,VN,0,0.0
90,treatment,16.4,mobile,MY,0,0.0
91,treatment,19.6,desktop,SG,0,0.0
92,treatment,25.43,mobile,ID,0,0.0
93,control,40.63,mobile,MY,0,0.0
94,treatment,15.6,mobile,SG,0,0.0
95,control,48.26,mobile,ID,0,0.0
96,control,22.37,mobile,ID,0,0.0
97,treatment,43.39,desktop,ID,0,0.0
98,treatment,47.42,mobile,ID,1,33.15
99,treatment,67.31,mobile,ID,0,0.0
100,treatment,45.68,mobile,SG,0,0.0
101,control,46.02,desktop,MY,0,0.0
102,treatment,66.17,mobile,SG,1,8.86
103,control,4.48,mobile,VN,1,83.0
104,treatment,10.05,desktop,PH,0,0.0
105,treatment,45.04,mobile,SG,0,0.0
106,control,2.36,mobile,MY,0,0.0
107,control,25.87,desktop,MY,0,0.0
108,treatment,25.75,mobile,ID,0,0.0
109,control,5.65,mobile,PH,0,0.0
110,control,10.51,mobile,ID,0,0.0
111,control,36.13,mobile,PH,0,0.0
112,control,33.73,mobile,SG,0,0.0
113,treatment,14.3,desktop,SG,0,0.0
114,treatment,11.46,mobile,ID,0,0.0
115,treatment,12.7,desktop,MY,0,0.0
116,treatment,32.17,mobile,SG,0,0.0
117,control,6.57,mobile,ID,0,0.0
118,treatment,23.31,mobile,SG,0,0.0
119,treatment,6.12,desktop,MY,1,37.02
120,treatment,42.33,desktop,MY,1,11.71
121,control,26.6,mobile,PH,1,9.29
122,treatment,54.69,mobile,MY,1,6.96
123,control,2.01,mobile,MY,0,0.0
124,control,2.97,desktop,ID,0,0.0
125,treatment,13.93,mobile,SG,0,0.0
126,treatment,60.74,mobile,VN,0,0.0
127,treatment,8.47,mobile,SG,0,0.0
128,control,53.91,mobile,VN,0,0.0
129,treatment,25.94,desktop,ID,0,0.0
130,treatment,25.75,mobile,SG,0,0.0
131,treatment,37.3,desktop,ID,0,0.0
132,treatment,9.75,desktop,PH,0,0.0
133,control,13.95,mobile,MY,0,0.0
134,treatment,7.58,desktop,ID,0,0.0
135,treatment,24.86,mobile,PH,0,0.0
136,treatment,75.37,mobile,VN,0,0.0
137,treatment,17.05,mobile,SG,0,0.0
138,control,33.07,mobile,ID,0,0.0
139,control,30.17,mobile,SG,0,0.0
140,treatment,26.65,desktop,ID,1,15.55
141,treatment,20.14,mobile,ID,0,0.0
142,treatment,55.79,mobile,ID,1,37.49
143,control,24.89,desktop,PH,0,0.0
144,treatment,15.72,mobile,SG,0,0.0
145,treatment,48.71,mobile,MY,0,0.0
146,treatment,40.32,desktop,VN,0,0.0
147,treatment,29.41,mobile,PH,1,17.24
148,treatment,21.26,desktop,SG,0,0.0
149,control,67.19,desktop,SG,0,0.0
150,control,23.88,mobile,SG,0,0.0
151,control,14.61,mobile,SG,0,0.0
152,treatment,36.15,desktop,SG,0,0.0
153,treatment,18.88,mobile,MY,0,0.0
154,treatment,23.73,mobile,MY,0,0.0
155,treatment,18.14,mobile,PH,0,0.0
156,control,20.96,mobile,ID,0,0.0
157,treatment,5.1,mobile,ID,0,0.0
158,control,11.84,mobile,ID,0,0.0
159,treatment,12.85,mobile,ID,1,13.64
160,treatment,19.41,mobile,ID,1,24.58
161,control,28.89,mobile,PH,0,0.0
162,treatment,10.27,desktop,VN,0,0.0
163,treatment,87.87,mobile,SG,0,0.0
164,treatment,21.27,mobile,SG,0,0.0
165,control,31.7,mobile,VN,0,0.0
166,treatment,9.11,mobile,SG,0,0.0
167,control,11.25,mobile,SG,0,0.0
168,control,67.66,mobile,VN,0,0.0
169,treatment,37.32,mobile,ID,0,0.0
170,treatment,21.38,desktop,SG,0,0.0
171,treatment,6.88,mobile,SG,0,0.0
172,treatment,65.98,mobile,MY,0,0.0
173,treatment,10.83,desktop,MY,0,0.0
174,treatment,16.45,mobile,MY,0,0.0
175,control,21.23,desktop,SG,0,0.0
176,treatment,31.2,desktop,MY,0,0.0
177,control,24.23,mobile,MY,0,0.0
178,control,23.41,mobile,PH,0,0.0
179,treatment,81.55,mobile,ID,0,0.0
180,treatment,26.1,mobile,VN,0,0.0
181,treatment,33.29,desktop,ID,0,0.0
182,treatment,41.32,desktop,PH,0,0.0
183,treatment,4.35,mobile,PH,0,0.0
184,treatment,14.03,mobile,MY,0,0.0
185,treatment,99.16,desktop,ID,1,21.47
186,treatment,12.74,mobile,PH,0,0.0
187,control,23.93,mobile,ID,0,0.0
188,control,8.67,mobile,SG,0,0.0
189,treatment,8.68,mobile,MY,0,0.0
190,treatment,51.74,mobile,SG,0,0.0
191,treatment,16.9,desktop,ID,0,0.0
192,control,22.53,desktop,VN,0,0.0
193,treatment,18.99,mobile,VN,0,0.0
194,treatment,6.17,mobile,PH,0,0.0
195,treatment,21.48,mobile,PH,0,0.0
196,treatment,49.85,mobile,PH,0,0.0
197,control,12.68,desktop,MY,0,0.0
198,treatment,33.39,desktop,ID,0,0.0
199,treatment,50.7,mobile,ID,1,13.07
200,control,8.1,mobile,MY,0,0.0
201,treatment,44.07,mobile,MY,1,15.83
202,treatment,3.31,mobile,VN,0,0.0
203,treatment,38.46,mobile,PH,0,0.0
204,control,18.28,desktop,SG,0,0.0
205,control,8.92,mobile,SG,0,0.0
206,treatment,21.75,mobile,VN,0,0.0
207,treatment,14.44,mobile,MY,0,0.0
208,treatment,4.59,desktop,PH,0,0.0
209,control,49.3,mobile,MY,0,0.0
210,treatment,52.04,mobile,MY,0,0.0
211,control,9.74,mobile,MY,0,0.0
212,treatment,17.12,desktop,SG,0,0.0
213,control,15.99,mobile,PH,1,7.15
214,control,19.55,mobile,SG,0,0.0
215,control,7.42,mobile,SG,0,0.0
216,treatment,46.29,mobile,VN,0,0.0
217,treatment,25.07,mobile,ID,0,0.0
218,control,10.45,mobile,VN,0,0.0
219,control,16.25,mobile,MY,0,0.0
220,control,12.74,mobile,SG,0,0.0
221,treatment,20.85,desktop,PH,0,0.0
222,treatment,38.19,mobile,SG,0,0.0
223,control,38.59,desktop,PH,0,0.0
224,treatment,9.32,desktop,MY,0,0.0
225,treatment,26.02,mobile,MY,0,0.0
226,control,11.24,mobile,MY,1,12.29
227,control,4.28,mobile,ID,0,0.0
228,treatment,9.36,desktop,ID,0,0.0
229,control,23.87,mobile,MY,1,89.56
230,treatment,5.57,mobile,ID,0,0.0
231,treatment,13.19,mobile,SG,1,28.61
232,control,33.09,mobile,VN,0,0.0
233,control,13.47,desktop,MY,0,0.0
234,treatment,13.04,mobile,ID,0,0.0
235,treatment,10.51,mobile,VN,0,0.0
236,control,3.64,mobile,MY,0,0.0
237,treatment,19.3,mobile,SG,0,0.0
238,control,24.4,mobile,SG,0,0.0
239,control,25.97,mobile,VN,0,0.0
240,control,9.8,mobile,SG,0,0.0
241,treatment,10.08,mobile,ID,0,0.0
242,control,42.43,mobile,PH,0,0.0
243,treatment,10.62,mobile,SG,0,0.0
244,control,18.74,mobile,SG,0,0.0
245,control,9.42,mobile,ID,0,0.0
246,treatment,9.4,mobile,MY,1,19.43
247,control,5.7,desktop,MY,0,0.0
248,treatment,62.58,desktop,SG,0,0.0
249,control,18.0,mobile,PH,0,0.0
250,treatment,3.34,desktop,ID,0,0.0
251,control,24.41,mobile,MY,0,0.0
252,control,23.23,mobile,PH,0,0.0
253,control,23.74,mobile,PH,0,0.0
254,control,59.24,mobile,MY,0,0.0
255,treatment,22.44,mobile,MY,0,0.0
256,treatment,23.76,mobile,MY,0,0.0
257,treatment,13.2,desktop,ID,0,0.0
258,treatment,9.75,desktop,SG,0,0.0
259,treatment,23.04,desktop,SG,0,0.0
260,control,21.62,mobile,SG,0,0.0
261,treatment,10.77,desktop,MY,1,21.31
262,control,15.81,mobile,PH,0,0.0
263,control,24.91,desktop,SG,0,0.0
264,treatment,26.32,desktop,PH,0,0.0
265,treatment,14.86,mobile,ID,1,52.17
266,treatment,2.5,desktop,VN,0,0.0
267,control,28.04,mobile,SG,0,0.0
268,treatment,17.65,mobile,PH,0,0.0
269,control,10.46,mobile,SG,0,0.0
270,treatment,15.75,mobile,ID,0,0.0
271,control,8.18,mobile,ID,0,0.0
272,treatment,27.88,mobile,SG,0,0.0
273,treatment,17.42,desktop,SG,0,0.0
274,treatment,4.63,mobile,SG,0,0.0
275,control,30.01,desktop,SG,0,0.0
276,treatment,33.18,desktop,ID,0,0.0
277,control,20.3,mobile,SG,1,20.68
278,control,34.3,mobile,ID,0,0.0
279,treatment,5.65,desktop,SG,0,0.0
280,treatment,55.17,mobile,SG,0,0.0
281,treatment,29.81,desktop,SG,0,0.0
282,treatment,48.05,mobile,VN,0,0.0
283,treatment,5.81,desktop,PH,0,0.0
284,treatment,14.61,desktop,SG,0,0.0
285,control,18.48,mobile,MY,1,33.96
286,treatment,76.42,desktop,ID,0,0.0
287,treatment,23.05,mobile,SG,0,0.0
288,control,7.67,mobile,MY,0,0.0
289,treatment,34.17,mobile,ID,0,0.0
290,treatment,27.2,desktop,ID,0,0.0
291,control,12.83,desktop,MY,1,31.64
292,treatment,42.0,desktop,SG,1,9.07
293,control,52.0,mobile,ID,1,1.32
294,treatment,19.47,desktop,PH,0,0.0
295,control,10.18,mobile,MY,0,0.0
296,control,38.01,mobile,SG,0,0.0
297,treatment,31.46,desktop,SG,0,0.0
298,control,18.58,mobile,ID,0,0.0
299,control,11.72,desktop,SG,0,0.0
300,treatment,19.06,mobile,VN,0,0.0
301,treatment,33.13,desktop,PH,0,0.0
302,control,24.71,mobile,ID,1,11.16
303,control,37.06,mobile,SG,0,0.0
304,control,74.51,mobile,SG,0,0.0
305,treatment,31.55,mobile,VN,0,0.0
306,treatment,43.55,mobile,SG,0,0.0
307,control,24.23,mobile,SG,0,0.0
308,control,85.29,desktop,PH,0,0.0
309,control,24.07,mobile,MY,0,0.0
310,treatment,61.07,desktop,PH,0,0.0
311,control,65.61,mobile,MY,0,0.0
312,control,21.57,desktop,VN,1,13.35
313,treatment,43.53,desktop,SG,0,0.0
314,treatment,5.68,desktop,MY,0,0.0
315,control,32.11,mobile,SG,0,0.0
316,treatment,5.59,mobile,SG,0,0.0
317,control,35.84,mobile,MY,0,0.0
318,control,16.88,mobile,SG,1,24.43
319,treatment,20.64,desktop,PH,0,0.0
320,treatment,11.18,desktop,VN,1,19.94
321,treatment,29.18,mobile,MY,0,0.0
322,treatment,40.49,mobile,PH,0,0.0
323,treatment,11.05,mobile,ID,0,0.0
324,control,18.8,mobile,SG,0,0.0
325,treatment,29.37,mobile,SG,1,39.5
326,control,14.64,desktop,ID,0,0.0
327,control,56.56,mobile,SG,0,0.0
328,treatment,87.13,desktop,ID,0,0.0
329,treatment,29.48,mobile,PH,0,0.0
330,control,22.67,mobile,VN,0,0.0
331,control,27.33,desktop,SG,0,0.0
332,control,12.14,desktop,ID,1,47.01
333,control,6.22,desktop,PH,0,0.0
334,treatment,13.0,desktop,ID,0,0.0
335,control,29.35,mobile,SG,1,10.01
336,treatment,19.06,desktop,SG,0,0.0
337,control,11.42,desktop,SG,0,0.0
338,control,9.95,mobile,ID,0,0.0
339,treatment,24.48,desktop,PH,0,0.0
340,treatment,18.78,mobile,MY,0,0.0
341,treatment,41.17,mobile,MY,0,0.0
342,control,9.81,mobile,VN,0,0.0
343,treatment,113.09,desktop,VN,0,0.0
344,treatment,22.9,desktop,PH,0,0.0
345,treatment,89.76,mobile,MY,1,19.6
346,control,18.55,mobile,ID,0,0.0
347,control,35.84,desktop,SG,0,0.0
348,treatment,16.39,desktop,PH,0,0.0
349,treatment,74.87,mobile,MY,1,34.18
350,treatment,40.73,desktop,SG,0,0.0
351,treatment,13.5,mobile,ID,1,33.01
352,control,21.43,mobile,MY,0,0.0
353,treatment,40.68,mobile,SG,0,0.0
354,treatment,4.47,mobile,SG,0,0.0
355,treatment,13.22,desktop,PH,0,0.0
356,control,15.03,mobile,MY,0,0.0
357,treatment,1.64,desktop,SG,0,0.0
358,treatment,30.23,mobile,SG,0,0.0
359,treatment,86.28,mobile,ID,1,20.58
360,treatment,3.82,desktop,ID,0,0.0
361,treatment,8.15,desktop,SG,0,0.0
362,treatment,26.57,desktop,SG,0,0.0
363,treatment,32.24,mobile,MY,0,0.0
364,control,31.21,desktop,MY,0,0.0
365,control,19.41,mobile,MY,1,35.29
366,control,15.94,mobile,PH,0,0.0
367,control,4.52,desktop,SG,0,0.0
368,control,80.47,mobile,MY,0,0.0
369,treatment,60.33,desktop,ID,0,0.0
370,control,14.05,mobile,SG,0,0.0
371,control,23.93,mobile,ID,0,0.0
372,treatment,19.77,desktop,ID,0,0.0
373,control,17.48,mobile,SG,0,0.0
374,treatment,9.33,desktop,ID,0,0.0
375,treatment,100.27,mobile,SG,0,0.0
376,control,20.66,mobile,PH,0,0.0
377,treatment,41.37,desktop,ID,0,0.0
378,control,21.2,desktop,SG,0,0.0
379,control,30.6,mobile,ID,1,37.18
380,treatment,68.78,mobile,PH,0,0.0
381,control,26.64,mobile,SG,0,0.0
382,treatment,66.39,mobile,ID,0,0.0
383,treatment,14.14,desktop,MY,0,0.0
384,treatment,40.18,desktop,PH,0,0.0
385,control,62.92,mobile,PH,0,0.0
386,treatment,42.53,mobile,PH,0,0.0
387,treatment,14.2,mobile,SG,0,0.0
388,treatment,18.49,desktop,MY,0,0.0
389,control,14.42,mobile,PH,0,0.0
390,treatment,31.54,mobile,ID,0,0.0
391,treatment,21.33,desktop,SG,1,17.63
392,treatment,13.03,desktop,MY,0,0.0
393,control,8.06,mobile,SG,0,0.0
394,treatment,14.47,mobile,SG,0,0.0
395,treatment,24.01,desktop,MY,0,0.0
396,control,41.07,mobile,MY,0,0.0
397,treatment,32.57,mobile,SG,0,0.0
398,control,39.34,desktop,SG,0,0.0
399,treatment,57.39,mobile,ID,0,0.0
400,treatment,33.39,desktop,SG,0,0.0
401,control,6.07,mobile,ID,0,0.0
402,treatment,20.31,mobile,VN,0,0.0
403,treatment,6.84,mobile,ID,0,0.0
404,treatment,27.08,mobile,ID,0,0.0
405,control,4.36,mobile,VN,0,0.0
406,treatment,23.3,mobile,PH,0,0.0
407,treatment,26.83,mobile,MY,0,0.0
408,treatment,37.28,desktop,SG,0,0.0
409,control,24.26,mobile,PH,0,0.0
410,treatment,115.19,mobile,SG,0,0.0
411,control,17.04,desktop,MY,1,16.98
412,control,43.47,mobile,MY,0,0.0
413,treatment,16.74,desktop,MY,0,0.0
414,treatment,10.43,mobile,PH,0,0.0
415,treatment,16.87,desktop,MY,0,0.0
416,treatment,6.16,desktop,VN,0,0.0
417,control,27.98,mobile,ID,0,0.0
418,control,3.98,desktop,MY,0,0.0
419,treatment,43.87,mobile,ID,0,0.0
420,treatment,23.51,desktop,SG,0,0.0
421,control,39.32,mobile,PH,0,0.0
422,control,8.51,mobile,ID,0,0.0
423,treatment,64.84,desktop,VN,0,0.0
424,control,54.84,desktop,SG,0,0.0
425,treatment,47.92,mobile,SG,0,0.0
426,treatment,22.07,mobile,MY,0,0.0
427,treatment,42.99,mobile,SG,0,0.0
428,treatment,23.39,desktop,ID,0,0.0
429,control,56.53,mobile,SG,0,0.0
430,control,4.17,mobile,MY,0,0.0
431,treatment,25.3,mobile,SG,0,0.0
432,control,60.15,mobile,ID,1,57.95
433,treatment,44.28,desktop,ID,0,0.0
434,treatment,45.85,desktop,ID,0,0.0
435,treatment,43.15,desktop,ID,0,0.0
436,treatment,28.1,mobile,PH,1,15.08
437,treatment,11.0,mobile,PH,0,0.0
438,treatment,35.01,mobile,VN,0,0.0
439,treatment,17.45,mobile,MY,0,0.0
440,control,20.0,mobile,ID,0,0.0
441,treatment,22.53,desktop,MY,0,0.0
442,control,24.59,mobile,PH,0,0.0
443,treatment,10.56,desktop,SG,0,0.0
444,treatment,40.21,mobile,ID,0,0.0
445,treatment,28.71,mobile,SG,0,0.0
446,treatment,54.04,mobile,SG,0,0.0
447,control,88.17,desktop,PH,1,5.9
448,control,42.25,mobile,MY,0,0.0
449,control,27.03,desktop,SG,0,0.0
450,control,7.17,mobile,SG,0,0.0
451,control,24.06,desktop,PH,0,0.0
452,treatment,28.8,mobile,VN,0,0.0
453,treatment,30.76,desktop,ID,0,0.0
454,treatment,25.7,mobile,PH,0,0.0
455,treatment,16.2,desktop,PH,0,0.0
456,treatment,46.79,mobile,VN,0,0.0
457,control,27.98,mobile,VN,0,0.0
458,treatment,50.92,desktop,ID,1,13.87
459,treatment,13.66,mobile,SG,0,0.0
460,treatment,31.45,mobile,MY,0,0.0
461,treatment,55.82,mobile,PH,0,0.0
462,treatment,55.91,desktop,ID,0,0.0
463,treatment,9.17,desktop,MY,0,0.0
464,treatment,23.17,mobile,ID,0,0.0
465,treatment,18.68,mobile,PH,0,0.0
466,control,55.92,mobile,SG,0,0.0
467,treatment,33.72,mobile,ID,0,0.0
468,treatment,14.48,mobile,SG,0,0.0
469,control,24.39,desktop,MY,0,0.0
470,treatment,16.63,mobile,PH,1,79.12
471,treatment,25.58,mobile,ID,0,0.0
472,treatment,17.63,mobile,ID,0,0.0
473,treatment,29.37,desktop,SG,0,0.0
474,control,56.24,desktop,ID,0,0.0
475,treatment,99.8,desktop,ID,0,0.0
476,control,44.15,desktop,PH,0,0.0
477,treatment,80.91,mobile,SG,0,0.0
478,control,40.2,mobile,SG,0,0.0
479,control,42.15,mobile,SG,0,0.0
480,control,34.89,mobile,SG,0,0.0
481,control,23.52,desktop,MY,0,0.0
482,treatment,1.81,desktop,MY,0,0.0
483,treatment,9.85,desktop,ID,0,0.0
484,treatment,20.83,mobile,MY,0,0.0
485,treatment,32.96,desktop,SG,1,10.12
486,treatment,11.16,desktop,ID,0,0.0
487,control,24.49,mobile,VN,0,0.0
488,treatment,22.11,mobile,MY,0,0.0
489,control,22.35,mobile,SG,1,13.96
490,treatment,25.35,mobile,ID,1,66.42
491,control,37.83,mobile,SG,0,0.0
492,treatment,18.95,desktop,MY,0,0.0
493,treatment,22.01,desktop,MY,0,0.0
494,treatment,11.3,mobile,VN,0,0.0
495,treatment,18.02,mobile,MY,0,0.0
496,treatment,12.18,desktop,SG,1,37.08
497,treatment,33.38,mobile,SG,0,0.0
498,control,88.11,mobile,MY,0,0.0
499,treatment,77.61,desktop,VN,0,0.0
500,treatment,14.24,desktop,VN,0,0.0
501,control,34.43,mobile,PH,0,0.0
502,control,25.97,mobile,ID,0,0.0
503,treatment,3.79,mobile,ID,0,0.0
504,treatment,1.95,mobile,SG,1,37.96
505,control,13.41,desktop,VN,0,0.0
506,treatment,20.99,mobile,SG,0,0.0
507,control,6.26,desktop,SG,0,0.0
508,treatment,9.52,desktop,ID,0,0.0
509,control,10.56,mobile,MY,0,0.0
510,treatment,9.61,desktop,SG,0,0.0
511,control,6.73,desktop,MY,0,0.0
512,control,19.31,mobile,ID,0,0.0
513,treatment,37.71,mobile,SG,1,44.15
514,treatment,28.96,desktop,ID,0,0.0
515,treatment,10.49,desktop,PH,0,0.0
516,treatment,20.53,mobile,SG,0,0.0
517,treatment,24.16,mobile,VN,0,0.0
518,control,2.91,mobile,MY,0,0.0
519,treatment,46.25,mobile,SG,0,0.0
520,control,12.58,mobile,SG,0,0.0
521,treatment,6.67,mobile,SG,0,0.0
522,treatment,108.29,mobile,VN,0,0.0
523,treatment,9.09,mobile,MY,1,33.19
524,treatment,17.95,mobile,PH,0,0.0
525,treatment,12.23,desktop,VN,0,0.0
526,treatment,46.35,mobile,SG,0,0.0
527,treatment,18.44,mobile,MY,0,0.0
528,treatment,5.4,mobile,MY,0,0.0
529,treatment,1.91,mobile,MY,0,0.0
530,treatment,14.68,desktop,VN,0,0.0
531,treatment,81.44,mobile,ID,0,0.0
532,treatment,8.68,desktop,ID,0,0.0
533,treatment,54.79,desktop,PH,0,0.0
534,control,10.71,mobile,ID,0,0.0
535,treatment,20.13,mobile,ID,0,0.0
536,treatment,28.36,mobile,SG,0,0.0
537,treatment,21.09,mobile,SG,0,0.0
538,treatment,2.24,desktop,MY,0,0.0
539,control,13.56,desktop,MY,0,0.0
540,control,29.52,desktop,MY,0,0.0
541,control,14.53,mobile,SG,0,0.0
542,control,32.39,desktop,VN,0,0.0
543,treatment,6.03,mobile,VN,1,20.72
544,treatment,8.35,mobile,SG,0,0.0
545,treatment,21.18,desktop,SG,0,0.0
546,treatment,21.11,desktop,MY,0,0.0
547,treatment,42.38,desktop,ID,0,0.0
548,treatment,17.39,desktop,PH,0,0.0
549,control,24.05,mobile,SG,0,0.0
550,control,21.66,mobile,SG,0,0.0
551,treatment,32.78,mobile,MY,0,0.0
552,control,32.55,mobile,ID,0,0.0
553,treatment,22.61,desktop,PH,1,23.01
554,control,42.77,desktop,MY,0,0.0
555,treatment,60.99,desktop,SG,0,0.0
556,treatment,13.12,desktop,SG,0,0.0
557,control,14.05,mobile,ID,0,0.0
558,treatment,13.52,mobile,VN,0,0.0
559,treatment,12.71,mobile,ID,0,0.0
560,treatment,13.35,mobile,MY,0,0.0
561,control,24.24,mobile,SG,0,0.0
562,treatment,39.76,mobile,PH,0,0.0
563,treatment,12.95,mobile,ID,0,0.0
564,control,31.69,mobile,SG,0,0.0
565,control,16.36,mobile,ID,1,8.63
566,treatment,108.93,mobile,MY,0,0.0
567,control,27.8,mobile,ID,0,0.0
568,treatment,38.95,mobile,PH,0,0.0
569,treatment,9.59,desktop,VN,0,0.0
570,treatment,10.78,mobile,PH,0,0.0
571,control,26.91,mobile,ID,0,0.0
572,treatment,11.88,mobile,ID,0,0.0
573,control,21.95,mobile,MY,0,0.0
574,treatment,51.24,mobile,SG,0,0.0
575,treatment,12.23,desktop,PH,0,0.0
576,treatment,11.01,desktop,PH,0,0.0
577,control,25.89,mobile,ID,0,0.0
578,treatment,18.45,desktop,ID,0,0.0
579,control,36.08,mobile,VN,0,0.0
580,control,20.46,mobile,MY,0,0.0
581,control,8.68,mobile,MY,0,0.0
582,treatment,2.06,mobile,MY,0,0.0
583,treatment,29.49,desktop,SG,0,0.0
584,treatment,12.39,mobile,ID,1,9.36
585,control,24.9,mobile,SG,0,0.0
586,treatment,3.42,desktop,MY,0,0.0
587,control,11.83,mobile,PH,0,0.0
588,control,29.66,mobile,SG,0,0.0
589,treatment,46.7,mobile,MY,0,0.0
590,control,47.5,desktop,SG,1,29.78
591,treatment,54.1,desktop,PH,0,0.0
592,control,22.28,mobile,SG,0,0.0
593,control,44.62,desktop,PH,1,37.5
594,treatment,29.28,mobile,SG,0,0.0
595,control,18.52,mobile,ID,0,0.0
596,treatment,15.39,mobile,VN,0,0.0
597,control,11.42,mobile,ID,0,0.0
598,treatment,46.45,desktop,VN,0,0.0
599,treatment,23.48,mobile,SG,0,0.0
600,treatment,12.12,desktop,SG,0,0.0
601,treatment,20.51,desktop,MY,0,0.0
602,treatment,76.58,desktop,ID,0,0.0
603,treatment,5.77,desktop,VN,0,0.0
604,control,6.06,mobile,ID,0,0.0
605,treatment,59.75,mobile,PH,0,0.0
606,treatment,5.6,mobile,ID,1,41.89
607,control,58.21,mobile,VN,0,0.0
608,control,14.06,mobile,SG,1,20.55
609,control,30.93,mobile,MY,0,0.0
610,treatment,55.59,mobile,SG,0,0.0
611,control,55.7,mobile,SG,0,0.0
612,treatment,40.12,desktop,ID,0,0.0
613,control,22.55,mobile,ID,0,0.0
614,treatment,18.29,mobile,VN,0,0.0
615,treatment,18.65,desktop,MY,0,0.0
616,treatment,64.7,desktop,SG,0,0.0
617,control,29.49,mobile,MY,0,0.0
618,treatment,51.74,desktop,PH,0,0.0
619,treatment,1.22,desktop,PH,0,0.0
620,control,17.16,mobile,SG,0,0.0
621,treatment,29.05,desktop,SG,0,0.0
622,treatment,16.74,mobile,SG,0,0.0
623,treatment,88.43,mobile,PH,0,0.0
624,treatment,7.92,desktop,SG,0,0.0
625,treatment,34.18,mobile,SG,0,0.0
626,treatment,43.64,mobile,SG,1,11.75
627,treatment,11.05,mobile,VN,0,0.0
628,control,43.09,mobile,SG,0,0.0
629,treatment,31.96,desktop,ID,0,0.0
630,treatment,129.28,desktop,VN,0,0.0
631,treatment,62.53,desktop,ID,0,0.0
632,control,22.62,mobile,MY,0,0.0
633,treatment,46.62,desktop,PH,0,0.0
634,treatment,31.92,mobile,MY,0,0.0
635,control,15.97,mobile,ID,0,0.0
636,treatment,38.02,mobile,ID,0,0.0
637,treatment,34.01,mobile,VN,0,0.0
638,treatment,67.38,mobile,VN,0,0.0
639,control,5.86,mobile,SG,0,0.0
640,control,6.21,mobile,SG,1,60.56
641,treatment,11.92,mobile,PH,0,0.0
642,treatment,38.14,mobile,SG,0,0.0
643,control,49.89,mobile,SG,0,0.0
644,treatment,21.32,mobile,SG,0,0.0
645,treatment,28.55,desktop,VN,0,0.0
646,treatment,24.37,mobile,PH,0,0.0
647,treatment,4.4,mobile,SG,0,0.0
648,control,11.23,mobile,SG,0,0.0
649,control,45.05,mobile,MY,0,0.0
650,treatment,43.16,desktop,PH,0,0.0
651,control,53.15,mobile,PH,0,0.0
652,treatment,39.09,mobile,MY,0,0.0
653,treatment,0.92,mobile,MY,0,0.0
654,treatment,29.52,desktop,MY,0,0.0
655,treatment,30.99,mobile,SG,0,0.0
656,treatment,6.41,mobile,VN,0,0.0
657,control,78.86,mobile,SG,0,0.0
658,treatment,20.98,desktop,MY,0,0.0
659,treatment,46.3,mobile,SG,0,0.0
660,treatment,41.62,mobile,PH,0,0.0
661,treatment,37.04,desktop,MY,0,0.0
662,treatment,60.85,desktop,VN,0,0.0
663,treatment,21.14,desktop,SG,0,0.0
664,treatment,46.29,mobile,SG,0,0.0
665,control,33.26,desktop,ID,0,0.0
666,treatment,7.42,mobile,VN,0,0.0
667,treatment,13.61,desktop,ID,0,0.0
668,treatment,7.63,desktop,PH,0,0.0
669,control,4.82,mobile,ID,0,0.0
670,treatment,33.76,mobile,SG,1,16.01
671,treatment,5.77,desktop,ID,1,27.88
672,treatment,47.16,mobile,MY,0,0.0
673,control,19.19,mobile,MY,0,0.0
674,control,19.0,mobile,SG,0,0.0
675,treatment,7.19,mobile,SG,0,0.0
676,treatment,31.39,desktop,MY,0,0.0
677,treatment,10.36,desktop,SG,0,0.0
678,treatment,37.93,mobile,SG,0,0.0
679,treatment,39.09,mobile,MY,0,0.0
680,control,3.93,mobile,SG,0,0.0
681,control,33.93,mobile,SG,0,0.0
682,control,2.24,mobile,VN,0,0.0
683,control,42.58,desktop,SG,0,0.0
684,treatment,2.05,mobile,ID,0,0.0
685,treatment,8.91,mobile,ID,0,0.0
686,control,57.33,mobile,SG,0,0.0
687,treatment,28.01,mobile,MY,0,0.0
688,treatment,39.2,desktop,ID,0,0.0
689,control,1.06,desktop,ID,0,0.0
690,control,41.37,desktop,SG,0,0.0
691,treatment,11.18,mobile,SG,0,0.0
692,treatment,70.16,mobile,PH,0,0.0
693,treatment,24.59,mobile,PH,0,0.0
694,treatment,21.72,mobile,SG,0,0.0
695,treatment,4.4,desktop,SG,0,0.0
696,control,10.3,desktop,SG,0,0.0
697,treatment,22.95,mobile,MY,0,0.0
698,treatment,59.49,desktop,VN,1,21.18
699,treatment,56.48,mobile,SG,0,0.0
700,treatment,19.03,mobile,MY,0,0.0
701,treatment,7.84,mobile,SG,0,0.0
702,treatment,7.15,mobile,SG,0,0.0
703,treatment,71.81,mobile,ID,1,8.69
704,treatment,29.63,mobile,PH,0,0.0
705,treatment,8.69,mobile,PH,0,0.0
706,treatment,65.08,mobile,VN,0,0.0
707,control,35.57,mobile,SG,0,0.0
708,treatment,41.29,mobile,SG,0,0.0
709,treatment,43.95,desktop,PH,0,0.0
710,treatment,30.82,desktop,SG,0,0.0
711,treatment,15.37,desktop,MY,0,0.0
712,treatment,4.29,mobile,VN,0,0.0
713,treatment,6.33,mobile,VN,0,0.0
714,treatment,10.66,desktop,SG,0,0.0
715,treatment,34.84,desktop,ID,0,0.0
716,control,12.33,mobile,ID,1,1.35
717,treatment,42.42,desktop,PH,1,16.35
718,control,45.38,mobile,SG,0,0.0
719,treatment,65.45,mobile,SG,0,0.0
720,treatment,66.73,mobile,PH,0,0.0
721,treatment,69.7,mobile,VN,0,0.0
722,treatment,28.42,mobile,SG,0,0.0
723,control,27.03,mobile,PH,0,0.0
724,treatment,13.99,mobile,PH,0,0.0
725,control,29.57,mobile,VN,0,0.0
726,treatment,26.58,desktop,ID,0,0.0
727,treatment,13.54,mobile,SG,0,0.0
728,treatment,3.22,mobile,MY,0,0.0
729,treatment,60.56,desktop,VN,1,19.36
730,treatment,36.75,desktop,ID,0,0.0
731,treatment,9.74,mobile,SG,0,0.0
732,treatment,16.31,mobile,ID,0,0.0
733,treatment,42.62,mobile,VN,1,70.56
734,control,15.4,mobile,SG,0,0.0
735,control,30.88,mobile,SG,0,0.0
736,control,50.67,desktop,ID,0,0.0
737,treatment,45.13,mobile,ID,0,0.0
738,control,21.81,mobile,ID,0,0.0
739,treatment,11.23,desktop,MY,0,0.0
740,treatment,18.1,mobile,SG,0,0.0
741,treatment,42.34,mobile,MY,0,0.0
742,treatment,21.37,mobile,ID,0,0.0
743,treatment,72.28,desktop,PH,0,0.0
744,treatment,78.11,mobile,SG,0,0.0
745,treatment,66.36,mobile,MY,0,0.0
746,treatment,41.62,mobile,MY,0,0.0
747,treatment,8.0,desktop,SG,0,0.0
748,treatment,74.4,mobile,MY,0,0.0
749,treatment,42.94,mobile,VN,0,0.0
750,treatment,14.14,mobile,MY,0,0.0
751,treatment,11.45,desktop,SG,0,0.0
752,control,14.66,desktop,ID,0,0.0
753,control,28.01,mobile,SG,0,0.0
754,control,6.11,desktop,ID,0,0.0
755,treatment,55.64,desktop,MY,0,0.0
756,control,18.55,mobile,SG,1,18.9
757,treatment,37.52,mobile,ID,0,0.0
758,control,4.29,mobile,PH,1,29.22
759,treatment,139.0,mobile,ID,0,0.0
760,treatment,50.4,mobile,PH,0,0.0
761,treatment,22.85,mobile,MY,0,0.0
762,treatment,8.09,mobile,PH,0,0.0
763,control,66.82,mobile,SG,1,23.25
764,treatment,17.57,mobile,SG,1,4.81
765,treatment,17.16,mobile,SG,0,0.0
766,treatment,10.95,mobile,SG,0,0.0
767,treatment,7.44,desktop,ID,0,0.0
768,control,22.97,mobile,SG,0,0.0
769,treatment,24.88,desktop,VN,0,0.0
770,treatment,17.16,desktop,ID,0,0.0
771,treatment,8.7,mobile,SG,0,0.0
772,treatment,66.04,mobile,ID,0,0.0
773,treatment,69.96,desktop,SG,1,21.78
774,treatment,11.23,mobile,ID,0,0.0
775,control,58.34,mobile,ID,0,0.0
776,treatment,25.02,mobile,PH,0,0.0
777,treatment,22.83,mobile,SG,0,0.0
778,treatment,86.55,desktop,MY,0,0.0
779,control,81.86,mobile,ID,1,22.35
780,control,16.65,mobile,SG,0,0.0
781,treatment,40.07,desktop,ID,0,0.0
782,treatment,13.91,desktop,SG,1,23.92
783,treatment,4.29,desktop,MY,0,0.0
784,treatment,44.52,mobile,ID,0,0.0
785,treatment,33.23,desktop,SG,0,0.0
786,treatment,40.29,mobile,SG,0,0.0
787,treatment,95.81,mobile,SG,0,0.0
788,control,18.59,mobile,MY,0,0.0
789,control,34.03,mobile,MY,0,0.0
790,control,26.48,mobile,ID,0,0.0
791,treatment,2.73,mobile,SG,0,0.0
792,treatment,19.78,desktop,ID,0,0.0
793,treatment,4.47,desktop,ID,1,20.39
794,control,24.22,desktop,MY,0,0.0
795,treatment,8.52,mobile,SG,0,0.0
796,control,7.77,mobile,ID,0,0.0
797,treatment,61.02,desktop,MY,0,0.0
798,control,16.15,desktop,ID,0,0.0
799,control,18.11,mobile,PH,0,0.0
800,treatment,29.67,mobile,MY,0,0.0
801,treatment,1.79,mobile,ID,0,0.0
802,control,9.84,mobile,PH,0,0.0
803,treatment,11.56,desktop,PH,0,0.0
804,treatment,31.48,desktop,PH,0,0.0
805,treatment,27.51,desktop,SG,1,11.32
806,control,13.13,desktop,VN,1,1.89
807,treatment,73.59,desktop,ID,0,0.0
808,control,14.37,mobile,MY,0,0.0
809,control,11.14,mobile,PH,0,0.0
810,treatment,30.76,desktop,ID,0,0.0
811,treatment,12.03,desktop,MY,0,0.0
812,treatment,54.12,mobile,SG,0,0.0
813,treatment,28.91,desktop,ID,1,20.72
814,treatment,12.04,mobile,MY,0,0.0
815,control,95.26,mobile,ID,0,0.0
816,treatment,16.08,desktop,ID,0,0.0
817,treatment,21.93,mobile,ID,0,0.0
818,treatment,28.85,mobile,SG,0,0.0
819,control,29.37,desktop,SG,0,0.0
820,control,30.75,mobile,PH,0,0.0
821,treatment,6.17,desktop,SG,0,0.0
822,control,23.69,desktop,PH,0,0.0
823,control,2.19,mobile,SG,0,0.0
824,control,18.23,mobile,MY,0,0.0
825,control,20.38,desktop,MY,1,23.26
826,treatment,33.74,mobile,SG,0,0.0
827,control,10.96,desktop,SG,0,0.0
828,control,27.93,desktop,ID,0,0.0
829,treatment,15.45,mobile,SG,0,0.0
830,control,23.89,desktop,SG,0,0.0
831,control,9.6,mobile,SG,0,0.0
832,treatment,45.16,mobile,SG,0,0.0
833,treatment,43.44,mobile,MY,0,0.0
834,treatment,4.23,desktop,ID,0,0.0
835,control,17.88,mobile,PH,0,0.0
836,treatment,16.29,mobile,SG,0,0.0
837,treatment,2.26,desktop,VN,0,0.0
838,treatment,6.36,mobile,SG,0,0.0
839,control,17.83,desktop,PH,0,0.0
840,treatment,6.74,mobile,SG,0,0.0
841,treatment,24.77,mobile,ID,0,0.0
842,control,37.6,mobile,ID,0,0.0
843,control,12.59,mobile,MY,0,0.0
844,treatment,34.76,mobile,MY,0,0.0
845,treatment,57.46,desktop,ID,1,26.12
846,treatment,12.69,mobile,MY,0,0.0
847,treatment,50.8,mobile,ID,0,0.0
848,control,51.43,mobile,SG,0,0.0
849,treatment,57.17,desktop,ID,0,0.0
850,control,23.12,desktop,VN,1,12.61
851,control,28.33,mobile,PH,0,0.0
852,control,11.06,mobile,SG,1,10.49
853,treatment,43.28,mobile,VN,0,0.0
854,treatment,39.81,desktop,SG,0,0.0
855,control,30.77,desktop,MY,0,0.0
856,treatment,23.05,desktop,ID,0,0.0
857,control,12.94,mobile,ID,0,0.0
858,control,1.44,mobile,SG,0,0.0
859,treatment,14.24,desktop,PH,0,0.0
860,control,3.6,mobile,VN,0,0.0
861,control,20.69,mobile,VN,0,0.0
862,control,11.02,mobile,ID,0,0.0
863,treatment,98.42,mobile,VN,0,0.0
864,treatment,13.67,mobile,PH,0,0.0
865,treatment,9.97,desktop,SG,1,15.73
866,treatment,75.49,mobile,MY,0,0.0
867,treatment,4.26,mobile,MY,0,0.0
868,treatment,53.19,mobile,MY,0,0.0
869,control,54.75,mobile,SG,0,0.0
870,treatment,21.88,mobile,MY,0,0.0
871,treatment,6.37,mobile,ID,0,0.0
872,control,14.12,mobile,ID,0,0.0
873,treatment,26.46,desktop,ID,0,0.0
874,treatment,43.85,mobile,SG,0,0.0
875,control,35.64,desktop,ID,0,0.0
876,treatment,32.89,desktop,PH,0,0.0
877,control,16.61,desktop,VN,1,12.62
878,treatment,50.3,mobile,SG,0,0.0
879,control,9.15,mobile,MY,0,0.0
880,treatment,13.04,mobile,SG,0,0.0
881,control,27.18,mobile,VN,0,0.0
882,control,41.41,desktop,ID,0,0.0
883,treatment,33.74,mobile,ID,0,0.0
884,control,34.91,mobile,MY,0,0.0
885,treatment,15.8,mobile,MY,1,81.11
886,treatment,47.68,desktop,PH,0,0.0
887,treatment,2.16,mobile,MY,0,0.0
888,treatment,13.44,mobile,VN,0,0.0
889,treatment,6.52,mobile,PH,0,0.0
890,treatment,8.63,mobile,PH,0,0.0
891,treatment,32.87,desktop,ID,0,0.0
892,treatment,42.58,desktop,SG,1,35.72
893,control,9.51,mobile,ID,0,0.0
894,control,23.58,mobile,ID,0,0.0
895,treatment,80.43,desktop,SG,1,47.15
896,control,30.1,mobile,PH,0,0.0
897,treatment,63.5,desktop,MY,0,0.0
898,treatment,50.04,desktop,VN,0,0.0
899,treatment,53.63,mobile,ID,1,12.76
900,control,18.62,desktop,MY,0,0.0
901,control,31.65,mobile,PH,0,0.0
902,treatment,98.4,mobile,MY,0,0.0
903,treatment,12.29,desktop,VN,0,0.0
904,control,56.38,desktop,MY,0,0.0
905,control,14.71,mobile,ID,1,5.92
906,treatment,25.28,desktop,SG,0,0.0
907,control,37.69,mobile,ID,0,0.0
908,treatment,17.52,mobile,SG,0,0.0
909,treatment,20.07,mobile,ID,0,0.0
910,treatment,7.96,desktop,MY,0,0.0
911,control,21.67,desktop,SG,0,0.0
912,control,6.77,mobile,ID,1,30.84
913,treatment,32.65,mobile,SG,0,0.0
914,control,26.26,mobile,SG,0,0.0
915,treatment,50.8,desktop,MY,0,0.0
916,treatment,19.69,mobile,SG,0,0.0
917,control,50.43,desktop,VN,0,0.0
918,control,53.69,mobile,ID,0,0.0
919,treatment,56.04,mobile,VN,0,0.0
920,control,41.6,desktop,ID,0,0.0
921,treatment,33.52,mobile,MY,0,0.0
922,treatment,29.63,mobile,SG,0,0.0
923,treatment,16.34,mobile,PH,0,0.0
924,treatment,23.0,desktop,MY,0,0.0
925,control,23.29,mobile,SG,0,0.0
926,control,88.62,mobile,PH,0,0.0
927,control,7.53,mobile,ID,0,0.0
928,control,19.35,mobile,MY,0,0.0
929,treatment,29.22,mobile,PH,0,0.0
930,control,10.19,mobile,VN,0,0.0
931,treatment,40.39,desktop,SG,0,0.0
932,treatment,13.8,mobile,ID,1,12.43
933,control,31.33,mobile,SG,0,0.0
934,treatment,24.63,desktop,MY,0,0.0
935,treatment,36.99,desktop,MY,0,0.0
936,treatment,7.01,mobile,ID,0,0.0
937,treatment,30.51,desktop,VN,0,0.0
938,control,63.46,mobile,PH,0,0.0
939,treatment,44.26,mobile,SG,0,0.0
940,treatment,23.81,desktop,ID,0,0.0
941,control,24.97,mobile,MY,0,0.0
942,treatment,27.48,desktop,PH,0,0.0
943,treatment,20.02,desktop,SG,0,0.0
944,treatment,11.37,mobile,SG,0,0.0
945,control,24.0,mobile,MY,0,0.0
946,control,22.78,desktop,ID,0,0.0
947,treatment,87.35,mobile,ID,0,0.0
948,control,34.76,mobile,SG,0,0.0
949,treatment,95.95,mobile,MY,0,0.0
950,control,23.36,desktop,MY,0,0.0
951,treatment,31.4,desktop,MY,0,0.0
952,control,24.63,mobile,ID,0,0.0
953,treatment,11.51,desktop,SG,0,0.0
954,control,10.19,mobile,VN,0,0.0
955,control,19.13,mobile,MY,0,0.0
956,control,47.51,desktop,SG,0,0.0
957,control,9.06,mobile,SG,0,0.0
958,treatment,6.55,mobile,SG,0,0.0
959,treatment,23.09,mobile,SG,0,0.0
960,treatment,13.95,desktop,ID,0,0.0
961,treatment,13.15,desktop,SG,0,0.0
962,control,67.35,mobile,VN,0,0.0
963,control,22.82,desktop,ID,0,0.0
964,control,35.8,desktop,MY,0,0.0
965,treatment,22.27,mobile,ID,0,0.0
966,treatment,41.06,mobile,SG,0,0.0
967,control,22.0,mobile,MY,1,29.68
968,control,20.52,mobile,SG,0,0.0
969,control,38.4,mobile,SG,0,0.0
970,treatment,22.13,mobile,SG,0,0.0
971,control,56.8,mobile,PH,0,0.0
972,control,12.72,mobile,SG,0,0.0
973,control,63.77,mobile,ID,0,0.0
974,treatment,8.4,desktop,MY,0,0.0
975,control,16.54,mobile,MY,0,0.0
976,control,25.61,desktop,ID,0,0.0
977,treatment,8.12,mobile,SG,0,0.0
978,treatment,13.97,desktop,MY,0,0.0
979,treatment,39.27,mobile,MY,0,0.0
980,treatment,19.03,mobile,SG,0,0.0
981,control,12.18,desktop,ID,0,0.0
982,treatment,39.82,desktop,PH,0,0.0
983,control,25.08,desktop,ID,0,0.0
984,treatment,35.48,mobile,PH,0,0.0
985,control,62.1,mobile,SG,0,0.0
986,control,23.31,mobile,ID,0,0.0
987,control,30.15,mobile,SG,0,0.0
988,treatment,122.4,mobile,PH,0,0.0
989,control,2.43,mobile,SG,0,0.0
990,control,27.24,desktop,ID,0,0.0
991,control,11.69,desktop,SG,0,0.0
992,treatment,32.22,mobile,SG,0,0.0
993,control,11.43,mobile,SG,0,0.0
994,treatment,15.94,desktop,ID,0,0.0
995,treatment,6.67,mobile,ID,0,0.0
996,treatment,39.86,mobile,SG,0,0.0
997,control,23.65,desktop,SG,0,0.0
998,control,18.39,mobile,VN,0,0.0
999,treatment,9.01,desktop,ID,1,9.18
1000,control,52.96,desktop,VN,0,0.0
1001,control,4.09,mobile,SG,0,0.0
1002,treatment,49.08,mobile,ID,1,94.82
1003,treatment,31.2,mobile,SG,0,0.0
1004,treatment,14.98,desktop,PH,0,0.0
1005,treatment,25.02,desktop,SG,0,0.0
1006,control,5.54,mobile,MY,1,7.72
1007,control,60.35,mobile,SG,0,0.0
1008,treatment,6.87,mobile,SG,1,18.55
1009,control,14.35,desktop,ID,0,0.0
1010,control,44.15,mobile,ID,0,0.0
1011,treatment,16.86,mobile,MY,0,0.0
1012,treatment,27.79,mobile,ID,0,0.0
1013,treatment,27.01,desktop,SG,0,0.0
1014,control,12.96,mobile,SG,0,0.0
1015,control,15.73,mobile,PH,0,0.0
1016,treatment,73.25,desktop,PH,0,0.0
1017,control,43.99,desktop,SG,0,0.0
1018,control,35.6,desktop,VN,0,0.0
1019,control,24.62,mobile,SG,0,0.0
1020,control,10.73,mobile,ID,0,0.0
1021,treatment,6.68,mobile,MY,0,0.0
1022,control,36.44,mobile,MY,0,0.0
1023,control,14.23,mobile,MY,0,0.0
1024,treatment,18.67,desktop,ID,1,56.86
1025,control,8.32,desktop,ID,0,0.0
1026,treatment,4.22,mobile,MY,0,0.0
1027,control,25.41,desktop,SG,0,0.0
1028,treatment,10.09,mobile,SG,0,0.0
1029,treatment,81.57,desktop,MY,0,0.0
1030,treatment,68.92,desktop,ID,0,0.0
1031,treatment,18.59,desktop,MY,0,0.0
1032,treatment,51.11,desktop,SG,1,7.9
1033,treatment,10.92,mobile,ID,0,0.0
1034,control,51.39,mobile,MY,0,0.0
1035,treatment,87.17,mobile,SG,0,0.0
1036,control,37.04,mobile,MY,0,0.0
1037,treatment,91.51,mobile,PH,0,0.0
1038,treatment,1.99,desktop,PH,0,0.0
1039,control,22.4,desktop,SG,0,0.0
1040,control,19.0,mobile,ID,1,11.36
1041,control,38.34,mobile,VN,0,0.0
1042,treatment,23.8,mobile,MY,0,0.0
1043,treatment,36.43,desktop,SG,0,0.0
1044,treatment,26.53,desktop,PH,0,0.0
1045,control,11.13,mobile,ID,0,0.0
1046,treatment,6.62,desktop,ID,0,0.0
1047,treatment,48.41,mobile,MY,0,0.0
1048,control,12.91,desktop,ID,0,0.0
1049,treatment,35.32,mobile,ID,0,0.0
1050,treatment,30.98,desktop,SG,0,0.0
1051,control,15.68,mobile,VN,0,0.0
1052,treatment,5.27,mobile,ID,0,0.0
1053,treatment,28.09,desktop,SG,1,45.96
1054,treatment,54.91,mobile,SG,0,0.0
1055,control,6.08,desktop,ID,0,0.0
1056,treatment,110.81,desktop,VN,1,32.46
1057,control,26.47,desktop,VN,0,0.0
1058,treatment,32.43,desktop,MY,0,0.0
1059,treatment,59.13,mobile,MY,1,60.13
1060,control,69.46,mobile,SG,0,0.0
1061,treatment,30.76,mobile,SG,0,0.0
1062,control,41.51,mobile,SG,0,0.0
1063,treatment,13.72,desktop,MY,0,0.0
1064,control,24.02,desktop,PH,0,0.0
1065,treatment,7.4,desktop,ID,0,0.0
1066,treatment,38.77,mobile,SG,0,0.0
1067,treatment,35.16,mobile,SG,0,0.0
1068,treatment,35.69,desktop,PH,0,0.0
1069,treatment,37.58,mobile,VN,0,0.0
1070,treatment,3.31,desktop,SG,0,0.0
1071,control,20.28,desktop,PH,1,22.64
1072,treatment,10.53,mobile,ID,0,0.0
1073,treatment,18.31,desktop,SG,0,0.0
1074,treatment,35.84,mobile,ID,0,0.0
1075,treatment,64.23,mobile,MY,0,0.0
1076,treatment,20.5,desktop,ID,1,19.38
1077,control,12.64,mobile,SG,0,0.0
1078,control,15.87,desktop,SG,0,0.0
1079,treatment,21.72,desktop,ID,0,0.0
1080,control,20.2,mobile,PH,0,0.0
1081,treatment,28.23,mobile,PH,1,20.32
1082,control,39.16,mobile,MY,0,0.0
1083,control,4.89,desktop,MY,0,0.0
1084,control,4.5,desktop,ID,0,0.0
1085,control,12.92,mobile,SG,0,0.0
1086,control,14.79,mobile,PH,0,0.0
1087,treatment,63.15,desktop,SG,0,0.0
1088,control,18.96,mobile,ID,0,0.0
1089,treatment,46.05,mobile,SG,0,0.0
1090,control,8.85,desktop,SG,0,0.0
1091,control,115.05,mobile,ID,0,0.0
1092,treatment,48.32,desktop,ID,0,0.0
1093,treatment,9.16,desktop,PH,0,0.0
1094,treatment,20.76,mobile,SG,0,0.0
1095,control,84.12,desktop,ID,0,0.0
1096,treatment,33.13,mobile,MY,1,15.71
1097,treatment,15.37,mobile,MY,0,0.0
1098,treatment,46.14,mobile,VN,0,0.0
1099,control,33.98,mobile,MY,0,0.0
1100,treatment,2.68,mobile,SG,0,0.0
1101,treatment,100.16,desktop,PH,0,0.0
1102,control,50.22,mobile,ID,0,0.0
1103,control,22.78,mobile,ID,1,52.95
1104,control,15.27,mobile,ID,0,0.0
1105,control,12.44,mobile,ID,0,0.0
1106,treatment,3.26,mobile,ID,0,0.0
1107,treatment,26.78,desktop,ID,0,0.0
1108,treatment,13.49,mobile,SG,0,0.0
1109,control,8.13,mobile,MY,0,0.0
1110,control,12.38,mobile,PH,0,0.0
1111,treatment,91.77,mobile,PH,1,21.21
1112,control,13.52,mobile,PH,0,0.0
1113,treatment,51.81,desktop,SG,0,0.0
1114,treatment,65.01,desktop,SG,0,0.0
1115,treatment,26.38,mobile,SG,0,0.0
1116,treatment,42.51,desktop,SG,0,0.0
1117,control,9.67,mobile,SG,1,62.38
1118,treatment,18.41,mobile,ID,0,0.0
1119,treatment,27.04,mobile,SG,0,0.0
1120,control,10.34,mobile,SG,0,0.0
1121,control,10.83,mobile,ID,0,0.0
1122,treatment,85.52,desktop,VN,0,0.0
1123,treatment,55.72,desktop,SG,0,0.0
1124,control,23.54,desktop,SG,0,0.0
1125,control,9.36,desktop,PH,0,0.0
1126,treatment,26.93,mobile,ID,0,0.0
1127,control,9.54,desktop,MY,0,0.0
1128,treatment,20.24,desktop,MY,1,5.45
1129,treatment,24.9,mobile,ID,1,14.29
1130,treatment,27.55,mobile,ID,0,0.0
1131,treatment,14.17,desktop,SG,0,0.0
1132,control,42.5,mobile,ID,0,0.0
1133,control,59.1,desktop,VN,0,0.0
1134,control,18.13,desktop,SG,0,0.0
1135,treatment,28.48,mobile,VN,0,0.0
1136,control,16.32,mobile,SG,0,0.0
1137,treatment,28.61,mobile,SG,0,0.0
1138,treatment,60.77,desktop,SG,0,0.0
1139,control,15.45,desktop,ID,1,25.84
1140,treatment,13.29,mobile,VN,0,0.0
1141,treatment,21.01,desktop,PH,0,0.0
1142,control,18.45,mobile,MY,0,0.0
1143,treatment,28.91,desktop,MY,1,31.06
1144,treatment,25.7,desktop,ID,0,0.0
1145,control,3.32,desktop,MY,1,49.06
1146,control,53.91,mobile,ID,0,0.0
1147,control,18.19,mobile,SG,0,0.0
1148,treatment,22.51,desktop,MY,0,0.0
1149,treatment,15.31,desktop,SG,0,0.0
1150,control,55.79,mobile,SG,0,0.0
1151,control,48.47,mobile,ID,0,0.0
1152,control,26.42,mobile,ID,0,0.0
1153,control,35.08,desktop,MY,0,0.0
1154,treatment,29.94,mobile,MY,1,7.12
1155,treatment,12.73,desktop,PH,0,0.0
1156,treatment,19.96,mobile,MY,0,0.0
1157,treatment,65.45,desktop,ID,0,0.0
1158,treatment,36.83,mobile,SG,0,0.0
1159,treatment,103.86,desktop,ID,0,0.0
1160,treatment,37.16,mobile,ID,0,0.0
1161,control,6.4,desktop,PH,0,0.0
1162,treatment,33.74,desktop,MY,0,0.0
1163,treatment,20.63,desktop,ID,0,0.0
1164,treatment,6.18,desktop,SG,0,0.0
1165,control,6.08,mobile,ID,0,0.0
1166,treatment,54.62,mobile,MY,0,0.0
1167,control,46.16,desktop,SG,0,0.0
1168,control,11.63,mobile,MY,1,45.55
1169,treatment,18.29,mobile,ID,0,0.0
1170,treatment,21.73,mobile,ID,1,34.66
1171,control,38.81,mobile,ID,1,24.78
1172,treatment,29.37,mobile,PH,0,0.0
1173,treatment,64.82,desktop,ID,0,0.0
1174,treatment,17.15,mobile,PH,0,0.0
1175,treatment,71.27,mobile,ID,0,0.0
1176,treatment,42.58,mobile,MY,1,33.36
1177,treatment,28.5,desktop,SG,0,0.0
1178,treatment,26.6,mobile,MY,0,0.0
1179,treatment,36.48,mobile,SG,0,0.0
1180,treatment,45.47,mobile,ID,0,0.0
1181,treatment,19.74,desktop,SG,0,0.0
1182,treatment,17.4,mobile,SG,0,0.0
1183,treatment,20.1,desktop,SG,0,0.0
1184,treatment,18.15,desktop,VN,1,43.79
1185,treatment,46.97,mobile,PH,0,0.0
1186,control,40.59,mobile,SG,0,0.0
1187,control,4.69,desktop,SG,0,0.0
1188,treatment,16.31,desktop,ID,0,0.0
1189,control,8.38,desktop,MY,0,0.0
1190,treatment,20.64,desktop,ID,0,0.0
1191,control,17.56,mobile,ID,0,0.0
1192,treatment,13.09,mobile,PH,0,0.0
1193,treatment,38.04,mobile,SG,0,0.0
1194,control,17.15,desktop,MY,0,0.0
1195,treatment,28.39,desktop,MY,0,0.0
1196,treatment,20.32,desktop,MY,0,0.0
1197,control,38.14,mobile,PH,0,0.0
1198,control,37.05,desktop,ID,0,0.0
1199,control,19.59,desktop,SG,0,0.0
1200,treatment,33.04,mobile,MY,0,0.0
1201,treatment,27.48,mobile,PH,0,0.0
1202,treatment,62.54,desktop,PH,1,26.82
1203,control,12.76,mobile,SG,0,0.0
1204,control,28.37,mobile,SG,0,0.0
1205,control,23.99,mobile,ID,1,10.89
1206,control,20.89,mobile,VN,0,0.0
1207,control,85.81,mobile,MY,0,0.0
1208,treatment,30.64,mobile,SG,0,0.0
1209,control,50.38,desktop,MY,0,0.0
1210,treatment,52.37,desktop,ID,0,0.0
1211,treatment,30.35,desktop,PH,0,0.0
1212,control,31.32,mobile,SG,0,0.0
1213,control,12.7,mobile,SG,0,0.0
1214,treatment,14.12,mobile,VN,0,0.0
1215,control,26.34,desktop,VN,0,0.0
1216,treatment,45.82,mobile,ID,1,18.7
1217,treatment,73.2,mobile,SG,0,0.0
1218,treatment,8.16,mobile,MY,0,0.0
1219,control,34.55,mobile,ID,0,0.0
1220,treatment,47.81,desktop,SG,0,0.0
1221,treatment,15.19,mobile,SG,0,0.0
1222,treatment,13.05,mobile,MY,1,28.18
1223,control,6.11,mobile,PH,0,0.0
1224,treatment,37.93,mobile,ID,0,0.0
1225,treatment,23.73,desktop,ID,0,0.0
1226,treatment,33.17,mobile,VN,1,35.52
1227,treatment,12.69,mobile,SG,0,0.0
1228,treatment,25.64,desktop,ID,0,0.0
1229,control,47.78,mobile,PH,0,0.0
1230,control,25.33,mobile,PH,0,0.0
1231,treatment,41.37,mobile,SG,0,0.0
1232,treatment,53.64,mobile,MY,1,23.92
1233,treatment,28.1,mobile,VN,0,0.0
1234,control,36.49,desktop,MY,0,0.0
1235,control,48.14,mobile,MY,0,0.0
1236,treatment,46.11,mobile,VN,1,52.28
1237,control,57.94,desktop,ID,0,0.0
1238,control,27.15,mobile,VN,0,0.0
1239,control,21.35,desktop,MY,0,0.0
1240,treatment,91.71,mobile,ID,1,63.65
1241,control,27.98,mobile,MY,0,0.0
1242,control,37.14,desktop,MY,1,30.62
1243,treatment,83.52,desktop,ID,0,0.0
1244,treatment,1.85,mobile,VN,0,0.0
1245,control,18.85,mobile,ID,0,0.0
1246,control,2.23,desktop,ID,0,0.0
1247,treatment,55.23,desktop,MY,0,0.0
1248,treatment,103.66,desktop,PH,0,0.0
1249,control,21.54,mobile,SG,0,0.0
1250,treatment,36.63,mobile,ID,0,0.0
1251,treatment,41.43,desktop,PH,0,0.0
1252,treatment,3.9,desktop,SG,0,0.0
1253,treatment,18.82,mobile,PH,0,0.0
1254,control,32.15,mobile,ID,0,0.0
1255,treatment,6.88,mobile,MY,0,0.0
1256,treatment,16.23,mobile,SG,0,0.0
1257,treatment,53.65,desktop,SG,0,0.0
1258,treatment,35.81,mobile,VN,0,0.0
1259,control,9.33,mobile,SG,1,5.25
1260,control,10.83,desktop,ID,0,0.0
1261,control,34.89,mobile,ID,1,22.0
1262,control,7.0,desktop,SG,0,0.0
1263,control,12.89,desktop,MY,1,11.78
1264,treatment,22.76,desktop,MY,1,45.87
1265,treatment,47.55,mobile,ID,0,0.0
1266,control,15.18,mobile,PH,0,0.0
1267,treatment,19.66,desktop,ID,0,0.0
1268,control,27.47,mobile,ID,0,0.0
1269,treatment,17.39,mobile,MY,0,0.0
1270,control,20.31,desktop,PH,0,0.0
1271,treatment,66.74,desktop,PH,0,0.0
1272,treatment,70.95,desktop,ID,1,47.11
1273,treatment,33.12,desktop,MY,0,0.0
1274,treatment,31.09,desktop,SG,0,0.0
1275,treatment,30.01,desktop,SG,1,17.26
1276,treatment,59.76,mobile,ID,0,0.0
1277,control,19.56,mobile,MY,0,0.0
1278,control,49.83,mobile,VN,0,0.0
1279,control,43.88,mobile,SG,0,0.0
1280,treatment,74.12,mobile,SG,0,0.0
1281,treatment,47.91,desktop,PH,0,0.0
1282,control,18.76,mobile,ID,0,0.0
1283,treatment,33.36,desktop,SG,0,0.0
1284,control,32.67,mobile,PH,0,0.0
1285,control,12.26,mobile,SG,0,0.0
1286,treatment,17.96,mobile,PH,0,0.0
1287,control,9.07,desktop,SG,1,32.46
1288,control,5.64,desktop,SG,0,0.0
1289,treatment,38.77,mobile,ID,0,0.0
1290,control,7.99,mobile,PH,0,0.0
1291,treatment,27.83,mobile,ID,0,0.0
1292,treatment,14.47,mobile,MY,0,0.0
1293,control,49.87,mobile,VN,0,0.0
1294,treatment,32.87,desktop,MY,1,50.52
1295,treatment,33.73,desktop,SG,0,0.0
1296,treatment,44.98,mobile,MY,0,0.0
1297,treatment,27.32,mobile,VN,0,0.0
1298,treatment,9.08,mobile,VN,0,0.0
1299,treatment,25.68,mobile,MY,0,0.0
1300,control,33.48,mobile,ID,0,0.0
1301,control,23.98,mobile,ID,0,0.0
1302,treatment,30.91,desktop,MY,1,68.34
1303,treatment,8.21,mobile,MY,0,0.0
1304,treatment,29.92,mobile,VN,0,0.0
1305,control,92.62,mobile,SG,0,0.0
1306,treatment,11.61,desktop,PH,0,0.0
1307,control,11.94,mobile,MY,0,0.0
1308,treatment,117.21,desktop,MY,0,0.0
1309,treatment,41.56,mobile,ID,0,0.0
1310,treatment,79.07,mobile,MY,0,0.0
1311,control,56.77,desktop,PH,0,0.0
1312,treatment,6.57,desktop,ID,0,0.0
1313,treatment,65.82,desktop,PH,0,0.0
1314,treatment,29.64,mobile,SG,0,0.0
1315,treatment,13.9,mobile,VN,1,21.71
1316,treatment,40.05,mobile,SG,0,0.0
1317,control,33.01,desktop,VN,0,0.0
1318,control,36.11,desktop,ID,0,0.0
1319,control,8.51,mobile,ID,0,0.0
1320,treatment,95.78,desktop,MY,0,0.0
1321,treatment,22.59,mobile,SG,0,0.0
1322,treatment,48.5,desktop,ID,0,0.0
1323,treatment,4.94,mobile,PH,0,0.0
1324,treatment,8.37,mobile,SG,0,0.0
1325,treatment,37.19,desktop,VN,0,0.0
1326,treatment,44.18,mobile,SG,0,0.0
1327,control,14.5,mobile,PH,0,0.0
1328,control,41.77,mobile,PH,0,0.0
1329,control,14.5,mobile,VN,0,0.0
1330,treatment,16.04,mobile,MY,0,0.0
1331,treatment,14.28,mobile,SG,0,0.0
1332,control,10.2,mobile,SG,0,0.0
1333,control,6.82,desktop,SG,0,0.0
1334,treatment,26.17,desktop,ID,0,0.0
1335,treatment,51.17,desktop,ID,0,0.0
1336,control,40.35,mobile,SG,0,0.0
1337,treatment,100.39,mobile,ID,0,0.0
1338,treatment,21.06,mobile,ID,0,0.0
1339,treatment,33.11,mobile,SG,0,0.0
1340,control,12.74,desktop,ID,0,0.0
1341,control,26.49,desktop,ID,0,0.0
1342,control,48.3,desktop,ID,0,0.0
1343,treatment,30.93,mobile,VN,0,0.0
1344,treatment,11.92,desktop,VN,0,0.0
1345,control,10.28,desktop,MY,0,0.0
1346,treatment,15.3,mobile,SG,0,0.0
1347,treatment,9.24,mobile,MY,0,0.0
1348,treatment,8.22,mobile,SG,1,7.18
1349,treatment,28.22,desktop,SG,0,0.0
1350,treatment,7.55,mobile,SG,0,0.0
1351,control,12.52,mobile,PH,0,0.0
1352,treatment,33.1,mobile,SG,0,0.0
1353,control,3.85,mobile,SG,0,0.0
1354,control,37.53,mobile,ID,0,0.0
1355,control,9.95,mobile,MY,0,0.0
1356,control,6.82,mobile,ID,0,0.0
1357,treatment,18.96,desktop,ID,0,0.0
1358,treatment,16.12,mobile,MY,0,0.0
1359,treatment,19.13,desktop,ID,1,31.38
1360,treatment,61.34,desktop,ID,0,0.0
1361,treatment,25.87,desktop,MY,0,0.0
1362,control,16.8,mobile,VN,0,0.0
1363,treatment,32.55,mobile,SG,0,0.0
1364,control,29.57,mobile,PH,0,0.0
1365,treatment,10.12,mobile,SG,0,0.0
1366,treatment,16.21,mobile,ID,0,0.0
1367,control,14.37,mobile,PH,0,0.0
1368,treatment,7.82,mobile,ID,1,27.22
1369,control,23.11,mobile,ID,0,0.0
1370,treatment,14.33,desktop,SG,0,0.0
1371,control,20.99,desktop,MY,1,13.81
1372,control,25.8,mobile,VN,0,0.0
1373,control,14.08,desktop,SG,1,49.46
1374,control,62.3,mobile,PH,0,0.0
1375,control,27.32,mobile,VN,0,0.0
1376,treatment,20.8,mobile,SG,0,0.0
1377,treatment,26.0,mobile,VN,0,0.0
1378,control,59.0,mobile,SG,0,0.0
1379,control,9.75,mobile,SG,0,0.0
1380,treatment,41.25,desktop,MY,0,0.0
1381,control,9.45,mobile,MY,0,0.0
1382,treatment,35.54,desktop,ID,0,0.0
1383,treatment,7.78,desktop,VN,0,0.0
1384,treatment,20.0,desktop,SG,0,0.0
1385,control,13.55,mobile,ID,0,0.0
1386,control,16.97,mobile,SG,1,47.85
1387,treatment,45.86,desktop,ID,0,0.0
1388,treatment,49.39,desktop,ID,0,0.0
1389,treatment,23.89,desktop,SG,0,0.0
1390,control,14.33,mobile,PH,0,0.0
1391,control,44.71,desktop,SG,0,0.0
1392,control,8.67,mobile,SG,0,0.0
1393,control,6.12,mobile,VN,0,0.0
1394,treatment,22.43,mobile,SG,0,0.0
1395,treatment,22.27,desktop,MY,0,0.0
1396,control,28.09,desktop,SG,0,0.0
1397,control,24.1,mobile,PH,0,0.0
1398,control,121.11,mobile,MY,0,0.0
1399,treatment,12.07,mobile,MY,0,0.0
1400,treatment,17.44,desktop,SG,0,0.0
1401,control,13.35,desktop,MY,0,0.0
1402,treatment,46.32,mobile,SG,0,0.0
1403,control,12.6,mobile,ID,0,0.0
1404,control,8.44,desktop,SG,1,9.6
1405,control,21.06,desktop,MY,0,0.0
1406,treatment,14.69,desktop,SG,0,0.0
1407,treatment,30.32,mobile,SG,0,0.0
1408,control,2.79,desktop,SG,0,0.0
1409,treatment,42.28,mobile,SG,0,0.0
1410,treatment,29.21,mobile,ID,0,0.0
1411,control,17.91,desktop,SG,0,0.0
1412,control,14.23,mobile,ID,0,0.0
1413,control,32.24,mobile,SG,0,0.0
1414,treatment,19.16,desktop,ID,0,0.0
1415,control,31.79,mobile,PH,0,0.0
1416,treatment,75.13,desktop,ID,1,46.0
1417,control,25.2,mobile,ID,0,0.0
1418,control,50.54,mobile,VN,0,0.0
1419,control,36.88,mobile,SG,0,0.0
1420,treatment,14.53,mobile,SG,0,0.0
1421,control,56.86,mobile,SG,0,0.0
1422,treatment,40.65,mobile,MY,0,0.0
1423,treatment,10.43,mobile,PH,0,0.0
1424,control,30.52,mobile,MY,0,0.0
1425,treatment,77.39,mobile,MY,0,0.0
1426,treatment,46.24,mobile,PH,0,0.0
1427,control,41.52,mobile,ID,1,22.31
1428,treatment,17.06,mobile,ID,0,0.0
1429,control,23.82,mobile,MY,1,25.76
1430,control,33.61,mobile,VN,0,0.0
1431,treatment,13.22,mobile,SG,0,0.0
1432,treatment,4.44,mobile,SG,0,0.0
1433,treatment,68.73,mobile,PH,0,0.0
1434,treatment,13.84,mobile,PH,0,0.0
1435,control,68.91,mobile,MY,0,0.0
1436,treatment,20.95,mobile,VN,0,0.0
1437,control,11.34,desktop,PH,0,0.0
1438,treatment,8.98,desktop,VN,0,0.0
1439,control,49.68,mobile,PH,1,30.86
1440,control,18.59,mobile,ID,0,0.0
1441,control,6.98,mobile,SG,0,0.0
1442,treatment,32.2,mobile,SG,0,0.0
1443,treatment,24.1,mobile,SG,0,0.0
1444,control,14.31,mobile,MY,0,0.0
1445,control,13.62,desktop,ID,0,0.0
1446,control,13.69,desktop,VN,0,0.0
1447,control,24.16,mobile,SG,0,0.0
1448,control,15.91,desktop,VN,0,0.0
1449,treatment,8.66,mobile,MY,0,0.0
1450,treatment,47.91,desktop,VN,0,0.0
1451,control,59.24,mobile,SG,0,0.0
1452,control,21.13,desktop,ID,0,0.0
1453,control,24.47,mobile,ID,0,0.0
1454,control,48.1,mobile,MY,0,0.0
1455,treatment,13.91,mobile,ID,0,0.0
1456,control,31.45,mobile,ID,0,0.0
1457,treatment,55.73,desktop,MY,0,0.0
1458,treatment,19.96,mobile,SG,0,0.0
1459,treatment,3.0,desktop,SG,0,0.0
1460,treatment,8.13,mobile,PH,0,0.0
1461,control,13.18,mobile,SG,0,0.0
1462,treatment,23.7,mobile,MY,0,0.0
1463,treatment,4.54,desktop,MY,0,0.0
1464,control,5.92,mobile,MY,0,0.0
1465,treatment,32.8,mobile,ID,0,0.0
1466,treatment,38.4,desktop,MY,0,0.0
1467,control,21.45,mobile,MY,0,0.0
1468,treatment,52.97,desktop,ID,0,0.0
1469,control,51.48,mobile,VN,0,0.0
1470,control,48.6,mobile,PH,0,0.0
1471,treatment,7.82,mobile,SG,0,0.0
1472,control,79.59,desktop,SG,1,26.36
1473,treatment,6.37,mobile,PH,1,12.21
1474,control,18.62,desktop,ID,0,0.0
1475,control,1.71,mobile,SG,0,0.0
1476,treatment,30.64,mobile,SG,0,0.0
1477,control,20.48,desktop,MY,0,0.0
1478,control,38.54,mobile,SG,0,0.0
1479,control,19.61,desktop,MY,0,0.0
1480,treatment,7.92,mobile,MY,0,0.0
1481,treatment,22.7,mobile,PH,0,0.0
1482,control,6.09,mobile,SG,0,0.0
1483,treatment,87.88,desktop,SG,1,45.9
1484,control,4.49,mobile,SG,0,0.0
1485,treatment,38.42,desktop,ID,0,0.0
1486,treatment,8.98,mobile,ID,0,0.0
1487,treatment,12.67,mobile,VN,0,0.0
1488,control,14.97,mobile,MY,0,0.0
1489,treatment,41.53,desktop,SG,0,0.0
1490,treatment,24.57,mobile,ID,0,0.0
1491,control,26.61,desktop,SG,0,0.0
1492,treatment,6.48,mobile,ID,0,0.0
1493,control,43.23,mobile,PH,0,0.0
1494,control,19.6,mobile,SG,0,0.0
1495,control,16.69,mobile,SG,0,0.0
1496,treatment,62.83,mobile,VN,0,0.0
1497,treatment,46.32,mobile,PH,0,0.0
1498,control,25.46,mobile,PH,0,0.0
1499,treatment,41.87,mobile,ID,0,0.0
1500,control,8.33,desktop,ID,0,0.0
1501,treatment,21.56,desktop,PH,0,0.0
1502,control,28.21,mobile,SG,0,0.0
1503,treatment,17.69,mobile,PH,0,0.0
1504,control,14.14,mobile,ID,0,0.0
1505,control,22.36,mobile,MY,0,0.0
1506,control,8.47,mobile,SG,0,0.0
1507,treatment,22.47,desktop,PH,0,0.0
1508,treatment,52.97,mobile,SG,0,0.0
1509,treatment,36.19,desktop,VN,0,0.0
1510,control,30.17,mobile,SG,0,0.0
1511,treatment,15.43,mobile,ID,1,24.38
1512,treatment,88.65,mobile,VN,0,0.0
1513,control,26.3,mobile,SG,0,0.0
1514,control,9.66,desktop,PH,0,0.0
1515,treatment,94.44,desktop,VN,0,0.0
1516,treatment,90.74,desktop,SG,0,0.0
1517,control,26.5,mobile,ID,0,0.0
1518,treatment,39.42,mobile,ID,1,24.07
1519,treatment,34.42,mobile,ID,0,0.0
1520,treatment,28.57,mobile,SG,0,0.0
1521,treatment,44.39,mobile,SG,0,0.0
1522,control,14.6,desktop,MY,0,0.0
1523,control,14.77,mobile,VN,0,0.0
1524,control,10.68,desktop,SG,0,0.0
1525,control,34.13,mobile,VN,0,0.0
1526,control,25.18,desktop,SG,0,0.0
1527,control,23.55,mobile,SG,0,0.0
1528,treatment,49.85,desktop,SG,0,0.0
1529,control,16.53,mobile,SG,0,0.0
1530,control,22.11,mobile,ID,1,6.45
1531,treatment,35.47,desktop,PH,0,0.0
1532,treatment,83.76,desktop,SG,0,0.0
1533,control,83.05,mobile,ID,0,0.0
1534,control,41.81,desktop,SG,0,0.0
1535,treatment,27.79,mobile,SG,0,0.0
1536,treatment,40.68,mobile,MY,0,0.0
1537,treatment,41.01,desktop,SG,0,0.0
1538,treatment,50.07,mobile,MY,0,0.0
1539,control,24.58,desktop,SG,0,0.0
1540,treatment,6.63,mobile,SG,0,0.0
1541,treatment,41.44,mobile,SG,0,0.0
1542,treatment,17.49,mobile,VN,0,0.0
1543,treatment,25.48,mobile,SG,0,0.0
1544,treatment,13.76,desktop,SG,0,0.0
1545,treatment,29.69,mobile,ID,0,0.0
1546,control,7.31,desktop,ID,0,0.0
1547,control,20.04,mobile,MY,0,0.0
1548,control,41.69,mobile,SG,0,0.0
1549,control,21.01,desktop,SG,0,0.0
1550,treatment,19.55,mobile,SG,0,0.0
1551,treatment,59.63,desktop,SG,0,0.0
1552,treatment,110.15,desktop,PH,0,0.0
1553,control,22.43,mobile,SG,0,0.0
1554,treatment,20.55,mobile,VN,0,0.0
1555,treatment,10.76,mobile,PH,1,32.3
1556,treatment,32.26,mobile,PH,0,0.0
1557,treatment,49.9,mobile,MY,0,0.0
1558,control,31.79,mobile,SG,0,0.0
1559,control,17.76,mobile,ID,0,0.0
1560,control,37.26,desktop,MY,0,0.0
1561,control,26.19,mobile,PH,1,25.9
1562,treatment,19.23,desktop,MY,0,0.0
1563,treatment,10.19,desktop,SG,1,15.23
1564,control,34.69,mobile,SG,0,0.0
1565,treatment,26.1,desktop,SG,1,41.59
1566,control,60.37,mobile,VN,0,0.0
1567,treatment,14.97,mobile,SG,0,0.0
1568,treatment,27.6,desktop,SG,0,0.0
1569,control,35.36,desktop,MY,0,0.0
1570,control,16.8,desktop,ID,0,0.0
1571,control,19.78,mobile,VN,1,18.84
1572,control,20.66,desktop,VN,1,36.72
1573,treatment,34.0,desktop,SG,0,0.0
1574,control,72.95,desktop,MY,1,10.23
1575,treatment,36.92,desktop,ID,0,0.0
1576,control,6.4,desktop,PH,0,0.0
1577,control,11.88,mobile,ID,0,0.0
1578,treatment,24.42,desktop,ID,0,0.0
1579,treatment,42.11,desktop,PH,0,0.0
1580,control,29.74,mobile,ID,0,0.0
1581,control,39.9,mobile,MY,0,0.0
1582,control,13.61,mobile,VN,0,0.0
1583,treatment,117.86,desktop,ID,0,0.0
1584,treatment,20.37,mobile,VN,0,0.0
1585,treatment,6.13,mobile,VN,0,0.0
1586,treatment,26.2,desktop,MY,1,21.87
1587,treatment,80.44,mobile,VN,0,0.0
1588,control,11.44,desktop,SG,0,0.0
1589,treatment,39.13,mobile,ID,0,0.0
1590,control,35.49,mobile,VN,0,0.0
1591,treatment,70.21,mobile,ID,0,0.0
1592,treatment,32.34,desktop,SG,0,0.0
1593,control,46.77,mobile,SG,0,0.0
1594,treatment,31.94,desktop,ID,0,0.0
1595,control,36.29,mobile,SG,0,0.0
1596,treatment,11.84,mobile,SG,0,0.0
1597,control,9.71,mobile,MY,0,0.0
1598,control,30.38,desktop,MY,0,0.0
1599,treatment,25.41,desktop,ID,0,0.0
1600,treatment,28.42,mobile,MY,0,0.0
1601,treatment,58.59,mobile,SG,0,0.0
1602,treatment,7.98,mobile,VN,0,0.0
1603,control,24.77,mobile,SG,0,0.0
1604,control,55.12,mobile,SG,1,15.32
1605,treatment,8.3,desktop,SG,0,0.0
1606,control,11.36,desktop,VN,0,0.0
1607,treatment,3.99,mobile,ID,0,0.0
1608,control,39.73,mobile,ID,0,0.0
1609,treatment,35.04,mobile,SG,0,0.0
1610,treatment,6.09,desktop,MY,0,0.0
1611,treatment,54.8,mobile,PH,0,0.0
1612,control,17.17,mobile,ID,0,0.0
1613,treatment,19.23,mobile,SG,0,0.0
1614,treatment,35.58,desktop,ID,0,0.0
1615,control,43.8,mobile,SG,0,0.0
1616,treatment,10.91,mobile,SG,0,0.0
1617,treatment,30.35,desktop,SG,0,0.0
1618,treatment,23.54,mobile,MY,0,0.0
1619,treatment,64.46,desktop,PH,0,0.0
1620,treatment,13.44,mobile,PH,0,0.0
1621,treatment,63.86,mobile,SG,0,0.0
1622,control,4.18,desktop,MY,0,0.0
1623,control,38.85,mobile,VN,0,0.0
1624,treatment,68.79,mobile,SG,0,0.0
1625,treatment,40.57,mobile,SG,0,0.0
1626,treatment,60.37,desktop,PH,0,0.0
1627,treatment,50.74,mobile,MY,0,0.0
1628,control,6.43,mobile,ID,0,0.0
1629,control,15.0,mobile,PH,0,0.0
1630,control,56.2,mobile,SG,0,0.0
1631,treatment,30.67,mobile,MY,0,0.0
1632,treatment,22.78,mobile,SG,0,0.0
1633,control,65.05,mobile,SG,0,0.0
1634,treatment,35.73,desktop,ID,0,0.0
1635,treatment,9.01,desktop,SG,0,0.0
1636,treatment,26.92,mobile,MY,0,0.0
1637,treatment,18.2,desktop,MY,0,0.0
1638,treatment,10.64,desktop,SG,0,0.0
1639,treatment,20.83,desktop,SG,0,0.0
1640,treatment,17.58,mobile,PH,0,0.0
1641,control,24.65,mobile,PH,0,0.0
1642,control,23.41,mobile,ID,0,0.0
1643,treatment,18.97,mobile,VN,0,0.0
1644,control,17.03,mobile,SG,1,46.18
1645,treatment,25.0,mobile,VN,0,0.0
1646,treatment,21.84,mobile,SG,0,0.0
1647,control,24.83,desktop,ID,0,0.0
1648,treatment,24.02,mobile,VN,0,0.0
1649,control,12.13,mobile,SG,0,0.0
1650,control,28.92,mobile,SG,0,0.0
1651,control,9.56,desktop,ID,0,0.0
1652,treatment,36.61,desktop,VN,0,0.0
1653,treatment,74.07,mobile,PH,0,0.0
1654,treatment,23.02,desktop,SG,0,0.0
1655,treatment,26.38,mobile,ID,1,39.76
1656,treatment,96.13,desktop,VN,0,0.0
1657,treatment,23.16,desktop,PH,1,101.2
1658,treatment,9.48,desktop,MY,0,0.0
1659,control,33.26,desktop,PH,1,1.84
1660,treatment,11.39,desktop,MY,0,0.0
1661,treatment,40.05,mobile,PH,0,0.0
1662,control,8.19,desktop,MY,0,0.0
1663,control,27.14,mobile,SG,0,0.0
1664,treatment,30.78,mobile,SG,0,0.0
1665,treatment,53.94,desktop,SG,0,0.0
1666,treatment,33.76,desktop,SG,1,28.34
1667,control,9.19,mobile,ID,0,0.0
1668,treatment,29.51,desktop,SG,0,0.0
1669,control,26.94,mobile,ID,0,0.0
1670,control,68.04,mobile,SG,0,0.0
1671,treatment,18.19,mobile,SG,0,0.0
1672,control,20.73,mobile,ID,0,0.0
1673,treatment,34.41,desktop,VN,0,0.0
1674,treatment,20.91,mobile,PH,0,0.0
1675,control,10.2,mobile,ID,0,0.0
1676,treatment,13.57,mobile,SG,1,34.52
1677,control,27.6,mobile,SG,0,0.0
1678,control,24.67,desktop,VN,0,0.0
1679,treatment,11.05,mobile,MY,0,0.0
1680,treatment,20.91,mobile,VN,0,0.0
1681,treatment,26.42,desktop,SG,0,0.0
1682,control,2.74,mobile,SG,0,0.0
1683,control,5.79,mobile,ID,0,0.0
1684,treatment,2.95,desktop,SG,0,0.0
1685,treatment,4.58,desktop,SG,0,0.0
1686,control,29.08,desktop,ID,0,0.0
1687,treatment,27.27,mobile,SG,0,0.0
1688,treatment,3.83,desktop,SG,0,0.0
1689,treatment,40.16,mobile,SG,0,0.0
1690,treatment,48.01,desktop,ID,0,0.0
1691,treatment,25.13,mobile,SG,0,0.0
1692,control,32.26,desktop,SG,0,0.0
1693,control,32.69,mobile,MY,0,0.0
1694,treatment,14.83,mobile,ID,0,0.0
1695,treatment,65.42,mobile,MY,1,24.15
1696,treatment,11.16,mobile,PH,0,0.0
1697,control,17.62,mobile,ID,0,0.0
1698,treatment,1.47,mobile,SG,1,12.38
1699,treatment,41.5,desktop,MY,1,23.75
1700,treatment,14.48,mobile,PH,0,0.0
1701,treatment,71.69,mobile,ID,0,0.0
1702,treatment,67.64,mobile,MY,0,0.0
1703,treatment,1.97,desktop,SG,0,0.0
1704,control,21.35,mobile,VN,0,0.0
1705,control,24.17,desktop,ID,1,19.05
1706,treatment,17.23,desktop,SG,1,40.02
1707,control,10.9,mobile,VN,0,0.0
1708,control,18.54,mobile,MY,0,0.0
1709,control,25.09,mobile,SG,0,0.0
1710,control,23.16,desktop,MY,0,0.0
1711,treatment,19.46,desktop,MY,0,0.0
1712,treatment,32.04,mobile,ID,0,0.0
1713,control,19.8,mobile,SG,0,0.0
1714,treatment,59.77,desktop,SG,0,0.0
1715,control,12.49,mobile,PH,0,0.0
1716,control,22.94,mobile,SG,1,10.84
1717,treatment,33.72,mobile,MY,0,0.0
1718,control,36.15,mobile,SG,0,0.0
1719,control,61.12,mobile,MY,0,0.0
1720,treatment,15.37,mobile,SG,0,0.0
1721,control,46.28,mobile,PH,0,0.0
1722,control,23.21,desktop,SG,0,0.0
1723,control,3.66,mobile,PH,0,0.0
1724,control,43.1,mobile,SG,0,0.0
1725,control,7.44,mobile,VN,0,0.0
1726,treatment,16.02,desktop,PH,0,0.0
1727,treatment,33.97,desktop,MY,0,0.0
1728,control,15.21,desktop,ID,0,0.0
1729,control,11.12,mobile,ID,0,0.0
1730,control,34.46,mobile,ID,0,0.0
1731,control,47.21,mobile,PH,0,0.0
1732,control,14.61,desktop,SG,1,15.85
1733,treatment,18.18,mobile,PH,0,0.0
1734,treatment,31.62,desktop,PH,1,17.47
1735,treatment,25.04,desktop,VN,0,0.0
1736,treatment,19.5,desktop,SG,0,0.0
1737,control,75.01,desktop,PH,0,0.0
1738,control,18.81,mobile,SG,1,33.03
1739,treatment,11.25,desktop,ID,0,0.0
1740,treatment,17.47,mobile,SG,1,11.8
1741,treatment,31.01,mobile,ID,0,0.0
1742,treatment,13.31,desktop,VN,0,0.0
1743,treatment,10.57,desktop,ID,0,0.0
1744,control,5.62,mobile,MY,0,0.0
1745,control,85.01,mobile,SG,0,0.0
1746,control,35.2,mobile,PH,1,20.32
1747,control,8.46,desktop,SG,0,0.0
1748,control,33.73,mobile,ID,0,0.0
1749,control,32.22,mobile,PH,0,0.0
1750,control,51.96,desktop,SG,0,0.0
1751,control,10.47,mobile,PH,0,0.0
1752,treatment,52.01,mobile,ID,0,0.0
1753,control,41.24,mobile,SG,0,0.0
1754,treatment,8.53,desktop,MY,0,0.0
1755,treatment,27.01,mobile,SG,0,0.0
1756,treatment,27.86,mobile,SG,0,0.0
1757,treatment,29.68,mobile,ID,0,0.0
1758,treatment,2.35,mobile,MY,0,0.0
1759,treatment,28.32,mobile,MY,1,31.6
1760,control,17.59,desktop,MY,0,0.0
1761,treatment,41.58,mobile,MY,0,0.0
1762,treatment,27.46,desktop,ID,0,0.0
1763,treatment,14.81,desktop,ID,0,0.0
1764,treatment,10.15,mobile,VN,0,0.0
1765,treatment,19.15,mobile,SG,0,0.0
1766,treatment,28.88,desktop,MY,0,0.0
1767,control,22.54,mobile,MY,0,0.0
1768,treatment,6.57,mobile,MY,0,0.0
1769,treatment,64.36,mobile,SG,0,0.0
1770,control,42.05,mobile,PH,0,0.0
1771,treatment,24.82,desktop,MY,0,0.0
1772,control,27.38,mobile,PH,0,0.0
1773,treatment,34.96,desktop,SG,0,0.0
1774,control,28.11,desktop,SG,0,0.0
1775,treatment,20.27,mobile,ID,0,0.0
1776,treatment,49.94,mobile,MY,0,0.0
1777,treatment,21.01,mobile,ID,0,0.0
1778,treatment,18.95,desktop,ID,1,32.93
1779,control,24.65,mobile,ID,0,0.0
1780,treatment,22.02,mobile,MY,0,0.0
1781,treatment,26.99,mobile,VN,0,0.0
1782,control,149.08,desktop,MY,0,0.0
1783,control,15.97,desktop,SG,0,0.0
1784,control,33.12,mobile,PH,0,0.0
1785,control,43.13,mobile,ID,0,0.0
1786,treatment,6.26,mobile,MY,0,0.0
1787,control,19.48,mobile,ID,1,58.84
1788,treatment,5.88,mobile,SG,0,0.0
1789,treatment,13.4,mobile,SG,1,44.88
1790,treatment,6.1,mobile,SG,0,0.0
1791,treatment,27.49,mobile,ID,1,23.71
1792,control,14.75,mobile,MY,0,0.0
1793,treatment,47.02,mobile,SG,0,0.0
1794,treatment,18.92,mobile,SG,0,0.0
1795,treatment,17.54,mobile,MY,1,13.49
1796,control,14.67,desktop,SG,0,0.0
1797,treatment,11.95,desktop,MY,0,0.0
1798,control,47.18,desktop,ID,0,0.0
1799,control,7.09,desktop,SG,0,0.0
1800,control,52.28,mobile,VN,0,0.0
1801,treatment,20.33,mobile,MY,1,5.08
1802,treatment,7.72,mobile,ID,0,0.0
1803,treatment,25.36,mobile,PH,1,36.16
1804,treatment,14.13,mobile,ID,0,0.0
1805,treatment,13.68,desktop,MY,0,0.0
1806,treatment,53.88,desktop,MY,0,0.0
1807,control,36.39,mobile,ID,1,3.19
1808,control,0.68,mobile,SG,0,0.0
1809,treatment,20.06,mobile,VN,0,0.0
1810,control,19.9,desktop,MY,0,0.0
1811,control,15.95,mobile,MY,0,0.0
1812,treatment,63.72,mobile,MY,0,0.0
1813,treatment,11.26,desktop,ID,0,0.0
1814,treatment,11.51,mobile,PH,0,0.0
1815,treatment,25.99,mobile,SG,0,0.0
1816,treatment,49.32,mobile,VN,0,0.0
1817,treatment,6.24,mobile,ID,0,0.0
1818,treatment,19.94,mobile,PH,0,0.0
1819,treatment,18.33,desktop,ID,1,9.79
1820,treatment,36.03,mobile,PH,0,0.0
1821,treatment,91.52,mobile,SG,0,0.0
1822,treatment,41.02,mobile,MY,0,0.0
1823,treatment,16.21,desktop,SG,0,0.0
1824,treatment,12.11,desktop,SG,0,0.0
1825,treatment,1.01,desktop,ID,0,0.0
1826,treatment,24.44,desktop,SG,0,0.0
1827,control,42.76,mobile,SG,0,0.0
1828,treatment,37.61,mobile,ID,0,0.0
1829,treatment,15.05,mobile,SG,0,0.0
1830,control,64.4,mobile,ID,0,0.0
1831,treatment,8.45,desktop,MY,0,0.0
1832,treatment,48.27,mobile,PH,0,0.0
1833,treatment,33.16,desktop,ID,0,0.0
1834,control,14.58,mobile,ID,0,0.0
1835,control,47.39,mobile,SG,0,0.0
1836,treatment,8.97,mobile,PH,0,0.0
1837,control,10.97,desktop,MY,0,0.0
1838,treatment,30.01,desktop,VN,0,0.0
1839,treatment,76.28,desktop,SG,1,90.67
1840,control,43.24,mobile,MY,0,0.0
1841,control,13.81,desktop,ID,0,0.0
1842,treatment,68.03,mobile,SG,1,25.49
1843,treatment,102.05,mobile,SG,1,25.99
1844,treatment,29.14,desktop,ID,0,0.0
1845,treatment,25.37,mobile,SG,0,0.0
1846,treatment,9.71,mobile,PH,0,0.0
1847,control,9.46,mobile,ID,0,0.0
1848,control,6.36,mobile,SG,0,0.0
1849,treatment,9.9,mobile,ID,0,0.0
1850,control,5.12,mobile,VN,0,0.0
1851,control,18.28,desktop,ID,0,0.0
1852,control,12.42,mobile,ID,0,0.0
1853,treatment,16.83,mobile,SG,0,0.0
1854,control,31.45,desktop,ID,0,0.0
1855,treatment,9.1,mobile,ID,0,0.0
1856,control,12.54,mobile,ID,0,0.0
1857,treatment,25.13,mobile,SG,0,0.0
1858,treatment,100.85,desktop,VN,0,0.0
1859,treatment,42.2,desktop,VN,0,0.0
1860,control,2.92,mobile,SG,0,0.0
1861,treatment,37.55,mobile,MY,0,0.0
1862,treatment,33.19,mobile,ID,0,0.0
1863,treatment,18.46,desktop,ID,1,9.61
1864,treatment,10.98,desktop,SG,0,0.0
1865,treatment,29.76,mobile,PH,0,0.0
1866,treatment,75.45,desktop,VN,1,30.41
1867,treatment,45.29,desktop,SG,0,0.0
1868,treatment,17.91,mobile,SG,0,0.0
1869,control,17.8,desktop,MY,1,11.43
1870,treatment,34.4,mobile,ID,0,0.0
1871,control,32.76,desktop,VN,0,0.0
1872,treatment,59.26,mobile,MY,0,0.0
1873,treatment,23.91,mobile,VN,0,0.0
1874,control,19.62,desktop,SG,0,0.0
1875,treatment,14.24,mobile,SG,0,0.0
1876,control,17.3,desktop,VN,0,0.0
1877,control,13.21,mobile,VN,1,25.66
1878,treatment,11.92,desktop,SG,0,0.0
1879,control,4.56,mobile,ID,0,0.0
1880,control,13.73,mobile,ID,0,0.0
1881,control,32.96,mobile,ID,0,0.0
1882,control,51.17,mobile,ID,0,0.0
1883,treatment,21.91,desktop,MY,1,20.42
1884,treatment,73.58,mobile,MY,0,0.0
1885,treatment,62.89,desktop,SG,0,0.0
1886,control,2.61,desktop,MY,0,0.0
1887,control,26.85,desktop,MY,1,2.35
1888,treatment,26.09,mobile,SG,0,0.0
1889,control,36.81,mobile,VN,0,0.0
1890,treatment,52.51,mobile,MY,0,0.0
1891,control,17.0,desktop,SG,0,0.0
1892,control,47.4,mobile,ID,0,0.0
1893,control,3.53,mobile,ID,0,0.0
1894,treatment,36.95,mobile,PH,0,0.0
1895,treatment,7.8,desktop,MY,0,0.0
1896,control,7.72,mobile,VN,0,0.0
1897,treatment,44.46,desktop,VN,0,0.0
1898,control,13.33,desktop,PH,0,0.0
1899,control,37.34,mobile,MY,0,0.0
1900,treatment,22.23,desktop,VN,0,0.0
1901,treatment,29.19,mobile,PH,0,0.0
1902,treatment,17.49,mobile,PH,0,0.0
1903,treatment,4.33,mobile,SG,0,0.0
1904,control,55.93,mobile,MY,0,0.0
1905,treatment,56.07,desktop,MY,0,0.0
1906,control,26.04,desktop,VN,0,0.0
1907,treatment,22.02,mobile,SG,0,0.0
1908,treatment,12.67,mobile,ID,1,12.5
1909,control,10.37,mobile,MY,0,0.0
1910,treatment,10.08,desktop,PH,0,0.0
1911,control,6.73,mobile,ID,0,0.0
1912,control,21.32,desktop,SG,0,0.0
1913,control,54.8,mobile,SG,0,0.0
1914,control,16.45,mobile,SG,0,0.0
1915,treatment,33.21,desktop,ID,0,0.0
1916,treatment,34.58,mobile,MY,0,0.0
1917,treatment,12.66,mobile,PH,0,0.0
1918,treatment,38.76,desktop,PH,0,0.0
1919,control,22.61,mobile,MY,0,0.0
1920,treatment,63.51,mobile,PH,0,0.0
1921,control,58.49,mobile,PH,1,19.34
1922,control,19.52,mobile,PH,1,3.76
1923,control,19.61,mobile,SG,0,0.0
1924,treatment,72.58,desktop,PH,0,0.0
1925,treatment,10.57,desktop,ID,0,0.0
1926,treatment,80.06,desktop,ID,1,19.42
1927,treatment,57.23,desktop,MY,0,0.0
1928,control,16.64,mobile,PH,0,0.0
1929,treatment,22.32,desktop,ID,0,0.0
1930,treatment,44.77,mobile,MY,0,0.0
1931,control,8.64,mobile,ID,0,0.0
1932,control,10.11,mobile,SG,0,0.0
1933,treatment,44.93,desktop,ID,0,0.0
1934,treatment,30.87,mobile,MY,0,0.0
1935,control,32.69,mobile,ID,0,0.0
1936,treatment,115.04,mobile,PH,0,0.0
1937,treatment,28.84,mobile,SG,0,0.0
1938,treatment,16.83,mobile,VN,0,0.0
1939,treatment,49.23,desktop,PH,0,0.0
1940,control,37.56,mobile,SG,0,0.0
1941,treatment,16.5,mobile,SG,0,0.0
1942,treatment,10.51,desktop,SG,0,0.0
1943,control,33.72,desktop,PH,0,0.0
1944,treatment,17.42,desktop,ID,0,0.0
1945,control,12.26,mobile,VN,1,48.48
1946,control,13.99,desktop,ID,0,0.0
1947,treatment,60.44,mobile,PH,0,0.0
1948,control,21.09,desktop,MY,0,0.0
1949,treatment,29.08,mobile,MY,0,0.0
1950,treatment,6.15,desktop,ID,0,0.0
1951,control,7.13,mobile,SG,0,0.0
1952,control,3.9,mobile,SG,0,0.0
1953,treatment,26.15,mobile,ID,0,0.0
1954,treatment,14.06,desktop,VN,0,0.0
1955,treatment,2.39,mobile,MY,0,0.0
1956,treatment,96.71,desktop,PH,0,0.0
1957,treatment,25.33,mobile,ID,0,0.0
1958,treatment,12.35,mobile,VN,0,0.0
1959,treatment,48.61,mobile,ID,0,0.0
1960,treatment,32.89,mobile,SG,0,0.0
1961,treatment,31.62,mobile,PH,0,0.0
1962,treatment,65.09,mobile,SG,0,0.0
1963,treatment,20.57,desktop,ID,1,10.23
1964,control,41.58,mobile,SG,0,0.0
1965,control,11.12,desktop,MY,0,0.0
1966,control,8.77,desktop,ID,0,0.0
1967,treatment,9.53,desktop,MY,0,0.0
1968,treatment,29.52,mobile,MY,0,0.0
1969,treatment,24.65,mobile,ID,0,0.0
1970,treatment,15.81,desktop,MY,0,0.0
1971,treatment,32.72,mobile,VN,0,0.0
1972,treatment,51.84,mobile,ID,0,0.0
1973,control,6.54,desktop,VN,1,7.58
1974,treatment,37.98,desktop,PH,0,0.0
1975,control,46.57,desktop,VN,0,0.0
1976,treatment,31.11,desktop,VN,0,0.0
1977,control,35.95,mobile,PH,0,0.0
1978,treatment,19.21,mobile,SG,0,0.0
1979,control,8.15,mobile,PH,0,0.0
1980,treatment,51.84,desktop,ID,1,15.0
1981,control,12.34,desktop,PH,0,0.0
1982,treatment,36.88,desktop,VN,1,27.39
1983,control,63.09,desktop,SG,1,56.88
1984,treatment,51.19,mobile,ID,0,0.0
1985,control,28.4,desktop,SG,0,0.0
1986,control,28.52,mobile,SG,0,0.0
1987,control,51.96,desktop,ID,0,0.0
1988,control,58.45,mobile,SG,0,0.0
1989,control,9.93,desktop,SG,0,0.0
1990,treatment,6.03,desktop,ID,0,0.0
1991,treatment,31.04,mobile,PH,0,0.0
1992,treatment,36.89,mobile,SG,0,0.0
1993,treatment,25.08,mobile,ID,0,0.0
1994,control,25.84,mobile,ID,0,0.0
1995,control,17.26,mobile,SG,1,12.08
1996,treatment,28.88,desktop,MY,0,0.0
1997,control,5.3,mobile,SG,0,0.0
1998,control,35.36,mobile,SG,1,12.3
1999,treatment,46.58,desktop,SG,0,0.0
2000,treatment,35.9,desktop,SG,0,0.0
2001,control,9.87,mobile,SG,0,0.0
2002,treatment,17.0,mobile,SG,1,18.14
2003,treatment,29.52,desktop,ID,1,21.3
2004,treatment,22.16,mobile,MY,0,0.0
2005,control,29.26,desktop,ID,0,0.0
2006,treatment,31.46,mobile,PH,0,0.0
2007,treatment,9.88,desktop,SG,1,16.58
2008,treatment,33.97,mobile,SG,0,0.0
2009,control,101.11,desktop,SG,1,14.26
2010,treatment,17.78,desktop,SG,0,0.0
2011,control,12.99,mobile,MY,0,0.0
2012,control,30.5,mobile,VN,0,0.0
2013,control,27.34,desktop,PH,0,0.0
2014,treatment,47.8,mobile,VN,0,0.0
2015,control,38.32,mobile,SG,0,0.0
2016,control,48.53,mobile,PH,0,0.0
2017,treatment,17.67,desktop,SG,0,0.0
2018,control,46.96,mobile,PH,1,34.87
2019,control,40.47,desktop,SG,0,0.0
2020,treatment,55.95,mobile,SG,1,50.93
2021,treatment,60.78,desktop,ID,0,0.0
2022,treatment,11.91,mobile,SG,0,0.0
2023,control,10.34,desktop,SG,0,0.0
2024,control,16.14,mobile,SG,0,0.0
2025,control,61.74,mobile,PH,0,0.0
2026,control,31.11,mobile,SG,0,0.0
2027,treatment,6.43,desktop,ID,0,0.0
2028,treatment,21.0,desktop,ID,0,0.0
2029,treatment,5.6,mobile,ID,0,0.0
2030,treatment,87.98,mobile,SG,0,0.0
2031,treatment,37.13,mobile,ID,0,0.0
2032,treatment,8.45,desktop,ID,0,0.0
2033,control,33.2,mobile,MY,0,0.0
2034,treatment,115.03,desktop,MY,0,0.0
2035,treatment,34.18,desktop,VN,0,0.0
2036,control,6.95,mobile,SG,0,0.0
2037,treatment,18.42,desktop,MY,0,0.0
2038,treatment,40.99,mobile,SG,0,0.0
2039,treatment,76.1,mobile,SG,0,0.0
2040,control,43.07,mobile,MY,0,0.0
2041,control,38.95,desktop,SG,0,0.0
2042,treatment,9.51,mobile,MY,0,0.0
2043,treatment,41.32,desktop,SG,0,0.0
2044,treatment,69.44,mobile,ID,0,0.0
2045,control,12.18,mobile,ID,0,0.0
2046,treatment,12.06,desktop,SG,0,0.0
2047,control,11.69,mobile,ID,0,0.0
2048,treatment,33.29,mobile,PH,0,0.0
2049,treatment,22.29,desktop,SG,0,0.0
2050,treatment,77.16,desktop,SG,0,0.0
2051,treatment,62.26,mobile,ID,0,0.0
2052,control,40.45,mobile,SG,1,23.9
2053,control,32.18,desktop,SG,0,0.0
2054,control,5.86,mobile,MY,0,0.0
2055,treatment,20.6,mobile,ID,0,0.0
2056,treatment,25.17,mobile,ID,0,0.0
2057,control,72.78,mobile,SG,0,0.0
2058,treatment,25.86,mobile,PH,0,0.0
2059,treatment,55.05,mobile,ID,0,0.0
2060,treatment,34.93,mobile,MY,1,27.26
2061,treatment,40.3,desktop,PH,0,0.0
2062,control,18.07,mobile,SG,1,73.69
2063,treatment,6.35,desktop,SG,0,0.0
2064,treatment,45.52,desktop,ID,0,0.0
2065,treatment,53.58,mobile,SG,1,20.49
2066,treatment,3.56,mobile,SG,0,0.0
2067,control,16.74,desktop,MY,0,0.0
2068,treatment,23.5,mobile,SG,0,0.0
2069,control,41.79,mobile,ID,0,0.0
2070,control,7.65,mobile,ID,0,0.0
2071,treatment,92.29,mobile,SG,0,0.0
2072,control,21.74,mobile,SG,1,36.93
2073,treatment,35.58,mobile,SG,0,0.0
2074,treatment,25.04,mobile,SG,0,0.0
2075,treatment,56.45,desktop,VN,0,0.0
2076,control,42.81,desktop,ID,0,0.0
2077,control,53.06,mobile,ID,0,0.0
2078,treatment,18.92,mobile,PH,0,0.0
2079,control,33.48,desktop,ID,0,0.0
2080,control,40.77,mobile,ID,0,0.0
2081,control,106.28,mobile,SG,0,0.0
2082,treatment,46.88,desktop,ID,0,0.0
2083,treatment,25.97,mobile,PH,0,0.0
2084,treatment,67.3,mobile,SG,0,0.0
2085,control,16.0,desktop,SG,0,0.0
2086,control,35.67,mobile,SG,0,0.0
2087,treatment,34.09,mobile,ID,0,0.0
2088,treatment,18.67,mobile,MY,0,0.0
2089,control,21.77,mobile,ID,0,0.0
2090,control,36.69,desktop,PH,0,0.0
2091,treatment,5.33,mobile,VN,1,10.21
2092,control,28.45,mobile,ID,0,0.0
2093,treatment,2.77,mobile,MY,0,0.0
2094,control,2.23,mobile,ID,0,0.0
2095,treatment,51.09,desktop,SG,0,0.0
2096,control,24.34,mobile,ID,0,0.0
2097,treatment,42.82,mobile,ID,0,0.0
2098,treatment,33.48,mobile,PH,0,0.0
2099,treatment,61.62,mobile,ID,0,0.0
2100,treatment,22.33,mobile,VN,0,0.0
2101,control,16.74,mobile,ID,0,0.0
2102,treatment,20.16,desktop,PH,0,0.0
2103,treatment,2.98,mobile,SG,0,0.0
2104,control,43.78,mobile,ID,0,0.0
2105,control,3.22,mobile,ID,0,0.0
2106,treatment,34.99,mobile,SG,0,0.0
2107,control,42.09,desktop,SG,0,0.0
2108,treatment,8.18,desktop,PH,0,0.0
2109,treatment,9.06,mobile,MY,0,0.0
2110,treatment,7.05,desktop,SG,0,0.0
2111,control,10.73,mobile,VN,0,0.0
2112,treatment,18.98,desktop,MY,0,0.0
2113,treatment,13.6,mobile,MY,0,0.0
2114,treatment,16.45,mobile,SG,0,0.0
2115,control,10.92,desktop,MY,1,23.89
2116,treatment,79.04,mobile,SG,0,0.0
2117,treatment,25.71,mobile,VN,0,0.0
2118,control,14.3,mobile,VN,0,0.0
2119,treatment,9.12,desktop,PH,0,0.0
2120,treatment,36.01,mobile,MY,0,0.0
2121,control,25.52,mobile,ID,0,0.0
2122,control,45.33,mobile,ID,1,17.89
2123,treatment,24.43,mobile,ID,0,0.0
2124,treatment,41.1,mobile,MY,1,82.8
2125,treatment,14.15,mobile,ID,0,0.0
2126,control,3.81,mobile,ID,1,12.92
2127,treatment,14.76,mobile,ID,1,34.38
2128,treatment,9.63,mobile,SG,0,0.0
2129,control,10.11,mobile,PH,0,0.0
2130,treatment,40.28,mobile,MY,0,0.0
2131,treatment,33.81,desktop,ID,0,0.0
2132,treatment,26.21,mobile,ID,0,0.0
2133,treatment,16.29,desktop,MY,0,0.0
2134,control,37.08,mobile,SG,0,0.0
2135,treatment,21.06,mobile,ID,0,0.0
2136,control,28.02,mobile,SG,0,0.0
2137,treatment,41.81,desktop,MY,0,0.0
2138,treatment,19.04,mobile,MY,0,0.0
2139,control,17.11,mobile,PH,0,0.0
2140,control,51.74,mobile,MY,0,0.0
2141,control,17.63,mobile,PH,0,0.0
2142,treatment,23.1,mobile,MY,0,0.0
2143,treatment,51.62,mobile,ID,0,0.0
2144,control,20.38,mobile,PH,0,0.0
2145,control,16.18,desktop,PH,0,0.0
2146,treatment,73.07,mobile,PH,0,0.0
2147,treatment,38.04,desktop,PH,0,0.0
2148,treatment,10.05,mobile,SG,0,0.0
2149,treatment,25.21,desktop,ID,0,0.0
2150,control,15.58,mobile,SG,0,0.0
2151,treatment,20.79,desktop,PH,0,0.0
2152,treatment,62.3,mobile,MY,0,0.0
2153,control,4.4,desktop,SG,0,0.0
2154,treatment,4.87,mobile,PH,0,0.0
2155,treatment,36.24,mobile,MY,0,0.0
2156,treatment,14.47,mobile,PH,0,0.0
2157,treatment,12.45,desktop,SG,0,0.0
2158,treatment,6.11,mobile,ID,0,0.0
2159,treatment,62.01,mobile,ID,0,0.0
2160,treatment,55.93,desktop,ID,0,0.0
2161,control,20.8,mobile,ID,0,0.0
2162,control,14.26,desktop,MY,0,0.0
2163,treatment,38.7,desktop,SG,0,0.0
2164,treatment,48.12,mobile,SG,0,0.0
2165,treatment,31.1,desktop,PH,1,71.12
2166,treatment,22.89,mobile,ID,0,0.0
2167,control,8.56,desktop,SG,0,0.0
2168,control,28.09,desktop,MY,0,0.0
2169,treatment,91.52,mobile,ID,1,36.74
2170,treatment,11.09,desktop,SG,0,0.0
2171,control,5.23,mobile,ID,0,0.0
2172,control,21.58,desktop,ID,0,0.0
2173,treatment,51.3,mobile,ID,0,0.0
2174,control,53.86,desktop,SG,0,0.0
2175,control,16.21,mobile,ID,0,0.0
2176,control,15.92,mobile,SG,0,0.0
2177,treatment,65.74,desktop,SG,0,0.0
2178,treatment,28.33,mobile,ID,0,0.0
2179,treatment,44.56,desktop,SG,1,73.51
2180,treatment,22.23,desktop,MY,0,0.0
2181,control,41.25,mobile,SG,1,21.84
2182,treatment,26.32,desktop,SG,0,0.0
2183,treatment,59.63,mobile,ID,0,0.0
2184,treatment,11.7,desktop,ID,0,0.0
2185,treatment,7.63,desktop,VN,0,0.0
2186,treatment,35.77,mobile,MY,0,0.0
2187,treatment,2.9,desktop,PH,0,0.0
2188,treatment,34.82,desktop,MY,0,0.0
2189,treatment,52.99,mobile,SG,0,0.0
2190,treatment,35.18,mobile,SG,0,0.0
2191,control,27.78,mobile,MY,0,0.0
2192,treatment,39.28,desktop,ID,0,0.0
2193,treatment,27.56,mobile,SG,0,0.0
2194,control,5.99,mobile,SG,0,0.0
2195,control,22.9,mobile,SG,0,0.0
2196,treatment,11.23,mobile,ID,0,0.0
2197,control,66.63,mobile,PH,0,0.0
2198,control,42.24,desktop,ID,0,0.0
2199,control,22.11,mobile,SG,1,8.7
2200,treatment,32.08,mobile,SG,0,0.0
2201,treatment,19.77,mobile,MY,0,0.0
2202,treatment,63.72,desktop,ID,0,0.0
2203,treatment,12.34,mobile,PH,0,0.0
2204,treatment,86.93,mobile,SG,1,16.13
2205,control,54.15,mobile,ID,1,17.68
2206,treatment,10.19,desktop,ID,0,0.0
2207,treatment,17.93,mobile,ID,0,0.0
2208,control,30.42,mobile,ID,1,5.28
2209,treatment,36.77,mobile,VN,0,0.0
2210,treatment,51.88,desktop,SG,0,0.0
2211,control,17.66,desktop,ID,0,0.0
2212,treatment,11.54,mobile,SG,1,27.45
2213,control,24.72,mobile,SG,0,0.0
2214,treatment,11.97,desktop,MY,0,0.0
2215,treatment,17.55,desktop,SG,0,0.0
2216,treatment,8.86,desktop,PH,0,0.0
2217,treatment,103.15,mobile,VN,0,0.0
2218,treatment,40.83,desktop,VN,0,0.0
2219,control,23.43,desktop,SG,0,0.0
2220,control,41.51,mobile,MY,0,0.0
2221,treatment,24.6,desktop,VN,0,0.0
2222,treatment,14.51,desktop,PH,0,0.0
2223,treatment,36.5,mobile,SG,1,12.04
2224,treatment,7.86,mobile,SG,0,0.0
2225,control,12.92,mobile,ID,0,0.0
2226,treatment,48.32,desktop,ID,0,0.0
2227,treatment,27.77,mobile,PH,0,0.0
2228,treatment,43.89,desktop,MY,0,0.0
2229,treatment,31.45,mobile,MY,0,0.0
2230,treatment,7.4,desktop,SG,0,0.0
2231,control,17.32,mobile,PH,0,0.0
2232,control,51.09,desktop,PH,0,0.0
2233,treatment,22.54,mobile,VN,0,0.0
2234,treatment,44.15,desktop,ID,0,0.0
2235,treatment,25.84,mobile,MY,1,49.3
2236,control,8.37,desktop,VN,0,0.0
2237,treatment,46.79,desktop,SG,0,0.0
2238,control,19.18,mobile,VN,1,25.11
2239,treatment,68.98,mobile,SG,0,0.0
2240,control,21.9,desktop,MY,0,0.0
2241,treatment,15.31,desktop,ID,0,0.0
2242,control,17.52,mobile,SG,0,0.0
2243,treatment,30.67,mobile,MY,0,0.0
2244,treatment,3.49,mobile,VN,0,0.0
2245,treatment,17.7,mobile,SG,0,0.0
2246,control,1.79,desktop,SG,0,0.0
2247,control,47.71,mobile,ID,0,0.0
2248,control,25.69,desktop,ID,0,0.0
2249,control,46.96,mobile,SG,0,0.0
2250,control,73.12,desktop,MY,0,0.0
2251,control,14.23,mobile,SG,0,0.0
2252,treatment,48.3,mobile,PH,0,0.0
2253,treatment,11.6,desktop,PH,0,0.0
2254,treatment,2.51,mobile,SG,0,0.0
2255,treatment,35.25,desktop,SG,0,0.0
2256,control,12.13,desktop,VN,0,0.0
2257,control,79.2,desktop,SG,0,0.0
2258,treatment,40.8,desktop,PH,0,0.0
2259,treatment,2.76,desktop,MY,0,0.0
2260,treatment,24.8,desktop,SG,0,0.0
2261,treatment,14.59,desktop,VN,0,0.0
2262,treatment,42.74,mobile,SG,0,0.0
2263,treatment,20.14,mobile,PH,1,82.42
2264,treatment,56.93,mobile,ID,0,0.0
2265,treatment,39.3,desktop,ID,0,0.0
2266,treatment,99.86,desktop,SG,1,25.59
2267,treatment,35.08,desktop,SG,0,0.0
2268,treatment,14.67,mobile,SG,1,39.2
2269,control,23.46,desktop,MY,0,0.0
2270,treatment,12.48,desktop,ID,0,0.0
2271,treatment,9.01,mobile,ID,0,0.0
2272,control,28.8,mobile,PH,0,0.0
2273,control,36.47,mobile,MY,0,0.0
2274,treatment,18.92,desktop,VN,0,0.0
2275,treatment,25.6,desktop,SG,0,0.0
2276,control,10.08,mobile,SG,1,18.42
2277,treatment,13.97,desktop,ID,1,9.38
2278,treatment,16.41,mobile,ID,1,18.89
2279,control,3.41,desktop,SG,0,0.0
2280,treatment,14.86,desktop,SG,0,0.0
2281,treatment,8.65,mobile,VN,0,0.0
2282,control,17.06,desktop,VN,0,0.0
2283,treatment,2.45,mobile,PH,0,0.0
2284,control,32.28,desktop,ID,0,0.0
2285,control,55.75,mobile,PH,1,7.64
2286,treatment,21.02,mobile,VN,0,0.0
2287,control,33.04,mobile,VN,0,0.0
2288,control,24.89,mobile,MY,0,0.0
2289,control,40.25,mobile,MY,0,0.0
2290,treatment,24.16,mobile,PH,1,7.04
2291,treatment,5.12,desktop,VN,1,18.7
2292,control,73.1,desktop,SG,0,0.0
2293,control,4.72,mobile,SG,0,0.0
2294,treatment,35.94,mobile,VN,0,0.0
2295,control,41.92,mobile,MY,0,0.0
2296,treatment,6.58,desktop,VN,0,0.0
2297,control,16.08,mobile,PH,0,0.0
2298,treatment,17.81,mobile,VN,0,0.0
2299,treatment,25.24,mobile,SG,0,0.0
2300,control,41.13,mobile,ID,0,0.0
2301,treatment,6.65,desktop,SG,0,0.0
2302,control,19.73,mobile,PH,0,0.0
2303,control,44.0,mobile,SG,0,0.0
2304,control,46.71,desktop,SG,0,0.0
2305,treatment,48.84,mobile,PH,0,0.0
2306,control,41.79,desktop,ID,0,0.0
2307,treatment,19.22,desktop,PH,0,0.0
2308,treatment,9.01,mobile,SG,1,15.5
2309,control,51.01,desktop,ID,0,0.0
2310,control,20.86,mobile,SG,0,0.0
2311,control,40.03,desktop,SG,0,0.0
2312,control,9.56,desktop,ID,0,0.0
2313,control,4.37,mobile,ID,0,0.0
2314,treatment,31.56,mobile,MY,0,0.0
2315,treatment,66.69,desktop,MY,0,0.0
2316,control,14.86,desktop,VN,0,0.0
2317,control,6.76,mobile,SG,0,0.0
2318,treatment,33.52,desktop,ID,0,0.0
2319,treatment,31.41,desktop,VN,0,0.0
2320,treatment,14.98,mobile,ID,0,0.0
2321,control,5.59,desktop,SG,0,0.0
2322,control,64.27,desktop,SG,0,0.0
2323,control,16.35,mobile,MY,0,0.0
2324,control,60.84,desktop,MY,0,0.0
2325,treatment,5.41,mobile,MY,0,0.0
2326,control,28.84,desktop,ID,0,0.0
2327,treatment,11.46,mobile,SG,0,0.0
2328,treatment,18.86,desktop,ID,0,0.0
2329,control,33.24,mobile,SG,0,0.0
2330,control,18.31,desktop,VN,0,0.0
2331,treatment,39.46,mobile,MY,0,0.0
2332,control,28.49,mobile,ID,0,0.0
2333,control,12.44,mobile,MY,0,0.0
2334,control,6.7,mobile,VN,0,0.0
2335,control,9.9,mobile,PH,0,0.0
2336,treatment,42.66,desktop,MY,0,0.0
2337,treatment,8.51,desktop,SG,0,0.0
2338,treatment,2.49,mobile,SG,0,0.0
2339,treatment,40.76,mobile,MY,0,0.0
2340,treatment,47.79,desktop,PH,0,0.0
2341,control,7.23,mobile,SG,0,0.0
2342,control,36.59,mobile,MY,0,0.0
2343,control,13.11,mobile,ID,0,0.0
2344,control,8.09,desktop,MY,0,0.0
2345,treatment,33.85,mobile,ID,0,0.0
2346,treatment,8.89,mobile,ID,0,0.0
2347,control,36.13,mobile,MY,0,0.0
2348,control,21.08,mobile,ID,0,0.0
2349,control,7.27,mobile,SG,0,0.0
2350,treatment,45.54,desktop,SG,0,0.0
2351,treatment,12.23,mobile,SG,0,0.0
2352,control,17.46,desktop,SG,0,0.0
2353,treatment,35.41,mobile,VN,1,14.1
2354,treatment,52.04,mobile,MY,1,14.04
2355,control,14.78,mobile,ID,0,0.0
2356,control,23.04,mobile,ID,0,0.0
2357,control,9.98,mobile,PH,0,0.0
2358,treatment,4.81,desktop,VN,0,0.0
2359,treatment,30.01,mobile,MY,0,0.0
2360,treatment,35.92,mobile,SG,0,0.0
2361,control,55.22,mobile,MY,0,0.0
2362,treatment,20.09,mobile,ID,0,0.0
2363,treatment,80.53,desktop,VN,0,0.0
2364,treatment,10.53,mobile,SG,0,0.0
2365,treatment,13.11,mobile,MY,0,0.0
2366,treatment,28.51,mobile,ID,0,0.0
2367,treatment,3.44,desktop,SG,1,15.84
2368,treatment,33.51,mobile,ID,0,0.0
2369,treatment,21.49,desktop,ID,0,0.0
2370,treatment,25.2,mobile,ID,0,0.0
2371,treatment,5.31,mobile,SG,0,0.0
2372,treatment,17.81,mobile,ID,0,0.0
2373,treatment,32.99,desktop,SG,0,0.0
2374,treatment,36.73,mobile,ID,0,0.0
2375,treatment,25.38,mobile,SG,0,0.0
2376,control,39.5,mobile,ID,1,6.28
2377,treatment,90.27,mobile,SG,0,0.0
2378,control,20.75,mobile,ID,0,0.0
2379,control,7.4,desktop,VN,1,10.45
2380,treatment,91.17,desktop,SG,1,91.27
2381,control,11.13,mobile,ID,0,0.0
2382,treatment,54.66,mobile,SG,0,0.0
2383,control,32.39,desktop,ID,0,0.0
2384,treatment,11.27,mobile,PH,0,0.0
2385,control,41.23,mobile,SG,0,0.0
2386,treatment,79.5,desktop,SG,1,8.57
2387,control,1.28,mobile,PH,0,0.0
2388,control,30.12,mobile,ID,0,0.0
2389,treatment,25.75,desktop,MY,0,0.0
2390,treatment,65.58,mobile,ID,0,0.0
2391,treatment,40.72,mobile,MY,0,0.0
2392,control,7.97,mobile,ID,0,0.0
2393,treatment,1.02,desktop,MY,0,0.0
2394,treatment,33.73,mobile,VN,0,0.0
2395,treatment,41.84,desktop,SG,0,0.0
2396,treatment,16.83,mobile,SG,0,0.0
2397,treatment,20.56,desktop,SG,0,0.0
2398,treatment,9.1,mobile,ID,0,0.0
2399,control,39.21,mobile,MY,1,8.03
2400,control,24.61,mobile,MY,0,0.0
2401,treatment,40.22,mobile,PH,0,0.0
2402,control,18.62,mobile,MY,0,0.0
2403,control,11.7,mobile,MY,0,0.0
2404,control,13.92,mobile,SG,0,0.0
2405,control,77.96,desktop,ID,0,0.0
2406,treatment,55.64,mobile,VN,0,0.0
2407,treatment,48.28,desktop,ID,1,14.86
2408,treatment,56.18,mobile,VN,0,0.0
2409,treatment,20.65,mobile,PH,0,0.0
2410,treatment,23.81,mobile,VN,0,0.0
2411,control,6.45,mobile,SG,0,0.0
2412,treatment,39.15,desktop,MY,0,0.0
2413,control,53.81,mobile,VN,0,0.0
2414,control,17.72,mobile,MY,0,0.0
2415,control,76.34,mobile,SG,0,0.0
2416,treatment,10.35,mobile,MY,0,0.0
2417,control,21.89,mobile,MY,0,0.0
2418,treatment,27.26,desktop,SG,0,0.0
2419,treatment,51.99,mobile,MY,0,0.0
2420,control,56.78,mobile,SG,0,0.0
2421,treatment,12.55,desktop,ID,0,0.0
2422,treatment,46.07,desktop,SG,0,0.0
2423,control,134.89,mobile,VN,0,0.0
2424,treatment,15.28,desktop,MY,0,0.0
2425,treatment,42.46,desktop,PH,0,0.0
2426,control,20.8,desktop,MY,1,21.08
2427,treatment,44.92,desktop,MY,0,0.0
2428,treatment,19.6,mobile,SG,0,0.0
2429,control,45.16,mobile,ID,1,58.52
2430,control,12.78,desktop,SG,0,0.0
2431,control,28.63,mobile,VN,0,0.0
2432,treatment,38.97,mobile,SG,0,0.0
2433,treatment,25.45,desktop,ID,1,65.98
2434,treatment,14.91,mobile,PH,0,0.0
2435,control,69.22,mobile,MY,1,10.52
2436,control,18.22,mobile,ID,0,0.0
2437,treatment,51.38,mobile,VN,0,0.0
2438,control,20.23,mobile,SG,0,0.0
2439,treatment,34.41,desktop,MY,0,0.0
2440,treatment,31.29,mobile,ID,0,0.0
2441,treatment,18.98,mobile,MY,0,0.0
2442,treatment,25.49,mobile,ID,0,0.0
2443,treatment,7.69,mobile,ID,0,0.0
2444,treatment,20.64,desktop,ID,0,0.0
2445,control,22.48,mobile,MY,1,32.07
2446,treatment,25.44,mobile,ID,0,0.0
2447,treatment,12.43,mobile,MY,0,0.0
2448,treatment,13.85,mobile,SG,0,0.0
2449,treatment,3.21,mobile,MY,0,0.0
2450,control,49.55,mobile,MY,0,0.0
2451,control,14.13,mobile,ID,0,0.0
2452,treatment,9.73,mobile,PH,0,0.0
2453,control,1.96,mobile,MY,0,0.0
2454,control,14.41,mobile,SG,0,0.0
2455,treatment,46.08,mobile,VN,0,0.0
2456,treatment,70.89,desktop,PH,0,0.0
2457,treatment,2.58,mobile,ID,0,0.0
2458,treatment,68.21,mobile,ID,0,0.0
2459,control,14.44,mobile,SG,0,0.0
2460,control,9.25,mobile,SG,0,0.0
2461,treatment,23.41,mobile,ID,0,0.0
2462,treatment,21.34,mobile,SG,0,0.0
2463,control,45.18,desktop,VN,0,0.0
2464,control,20.68,mobile,MY,0,0.0
2465,treatment,20.24,mobile,SG,0,0.0
2466,control,24.9,desktop,ID,0,0.0
2467,treatment,36.17,mobile,MY,0,0.0
2468,treatment,57.13,mobile,MY,0,0.0
2469,control,26.23,mobile,ID,0,0.0
2470,treatment,37.6,mobile,ID,0,0.0
2471,treatment,46.65,desktop,VN,0,0.0
2472,treatment,38.93,desktop,SG,0,0.0
2473,control,27.03,mobile,MY,0,0.0
2474,control,12.63,mobile,SG,0,0.0
2475,treatment,16.06,desktop,ID,0,0.0
2476,treatment,13.53,mobile,SG,0,0.0
2477,treatment,67.83,mobile,SG,0,0.0
2478,control,5.01,mobile,ID,0,0.0
2479,treatment,51.24,desktop,ID,1,31.39
2480,treatment,53.43,mobile,MY,0,0.0
2481,control,34.24,desktop,SG,1,18.02
2482,treatment,16.45,desktop,SG,0,0.0
2483,control,26.41,desktop,PH,0,0.0
2484,treatment,34.28,mobile,ID,0,0.0
2485,treatment,26.49,mobile,MY,0,0.0
2486,treatment,4.96,mobile,PH,0,0.0
2487,control,12.64,desktop,ID,0,0.0
2488,treatment,20.24,mobile,VN,0,0.0
2489,treatment,11.77,mobile,SG,0,0.0
2490,control,31.08,mobile,PH,0,0.0
2491,treatment,25.54,desktop,ID,0,0.0
2492,treatment,75.17,mobile,ID,0,0.0
2493,control,18.36,desktop,SG,0,0.0
2494,treatment,21.6,desktop,SG,0,0.0
2495,treatment,69.14,mobile,MY,0,0.0
2496,treatment,45.38,desktop,ID,0,0.0
2497,control,10.66,mobile,SG,0,0.0
2498,treatment,41.3,mobile,SG,0,0.0
2499,control,11.94,mobile,VN,0,0.0
2500,control,34.31,mobile,SG,0,0.0
2501,control,101.27,mobile,PH,0,0.0
2502,treatment,20.96,desktop,MY,0,0.0
2503,control,47.64,mobile,VN,0,0.0
2504,control,38.52,desktop,SG,0,0.0
2505,treatment,66.35,desktop,MY,0,0.0
2506,treatment,17.01,mobile,MY,0,0.0
2507,control,27.33,desktop,VN,0,0.0
2508,treatment,40.42,mobile,MY,0,0.0
2509,control,20.06,desktop,SG,0,0.0
2510,treatment,16.35,mobile,SG,0,0.0
2511,control,31.82,mobile,PH,0,0.0
2512,treatment,43.9,mobile,ID,0,0.0
2513,control,38.22,mobile,SG,0,0.0
2514,control,13.13,mobile,ID,0,0.0
2515,treatment,30.61,mobile,PH,0,0.0
2516,treatment,27.97,desktop,ID,0,0.0
2517,treatment,60.45,desktop,SG,0,0.0
2518,treatment,14.63,mobile,VN,0,0.0
2519,control,19.68,mobile,SG,0,0.0
2520,treatment,71.27,desktop,SG,0,0.0
2521,treatment,20.47,mobile,PH,0,0.0
2522,treatment,11.96,mobile,SG,1,14.5
2523,control,18.32,mobile,ID,0,0.0
2524,control,17.6,mobile,SG,0,0.0
2525,treatment,17.33,mobile,SG,0,0.0
2526,treatment,66.91,mobile,ID,0,0.0
2527,treatment,14.62,mobile,SG,0,0.0
2528,control,6.7,mobile,SG,0,0.0
2529,control,58.62,mobile,VN,0,0.0
2530,treatment,29.69,desktop,ID,0,0.0
2531,control,36.65,mobile,ID,0,0.0
2532,treatment,29.83,desktop,ID,1,16.43
2533,treatment,35.76,desktop,ID,0,0.0
2534,control,39.91,mobile,ID,0,0.0
2535,treatment,30.84,mobile,MY,0,0.0
2536,control,6.3,mobile,PH,0,0.0
2537,treatment,26.73,desktop,SG,0,0.0
2538,treatment,11.57,mobile,ID,0,0.0
2539,treatment,31.7,mobile,SG,0,0.0
2540,control,26.99,mobile,MY,0,0.0
2541,treatment,62.42,mobile,SG,0,0.0
2542,treatment,12.29,desktop,MY,0,0.0
2543,treatment,11.37,desktop,MY,0,0.0
2544,treatment,10.85,desktop,SG,0,0.0
2545,control,37.58,mobile,PH,0,0.0
2546,control,10.24,mobile,ID,0,0.0
2547,control,10.88,mobile,ID,0,0.0
2548,control,41.04,mobile,SG,1,14.12
2549,treatment,8.99,mobile,SG,0,0.0
2550,control,5.85,mobile,MY,0,0.0
2551,treatment,10.81,mobile,SG,0,0.0
2552,treatment,27.26,mobile,ID,0,0.0
2553,treatment,7.33,mobile,SG,0,0.0
2554,treatment,25.43,desktop,ID,0,0.0
2555,treatment,13.92,desktop,MY,1,38.81
2556,treatment,45.63,mobile,ID,0,0.0
2557,treatment,21.4,desktop,PH,0,0.0
2558,treatment,76.62,desktop,MY,0,0.0
2559,treatment,22.96,desktop,MY,1,11.11
2560,treatment,12.63,desktop,MY,0,0.0
2561,treatment,26.12,mobile,MY,0,0.0
2562,treatment,20.96,mobile,PH,0,0.0
2563,treatment,16.04,desktop,SG,0,0.0
2564,treatment,100.73,desktop,MY,1,44.34
2565,treatment,57.45,mobile,SG,0,0.0
2566,treatment,50.02,mobile,ID,0,0.0
2567,treatment,50.54,desktop,SG,1,12.15
2568,control,11.26,mobile,PH,0,0.0
2569,control,16.11,mobile,PH,0,0.0
2570,control,8.83,desktop,MY,0,0.0
2571,treatment,51.62,mobile,VN,0,0.0
2572,treatment,76.54,desktop,SG,0,0.0
2573,control,18.4,desktop,ID,0,0.0
2574,control,23.69,mobile,MY,1,38.04
2575,control,18.35,desktop,SG,0,0.0
2576,treatment,32.32,mobile,ID,0,0.0
2577,treatment,27.87,desktop,ID,0,0.0
2578,control,31.43,mobile,PH,0,0.0
2579,treatment,35.85,mobile,VN,0,0.0
2580,treatment,27.93,desktop,SG,0,0.0
2581,treatment,20.9,desktop,SG,0,0.0
2582,treatment,58.16,mobile,SG,0,0.0
2583,control,34.06,desktop,SG,0,0.0
2584,control,13.36,mobile,SG,0,0.0
2585,treatment,62.69,desktop,ID,0,0.0
2586,treatment,23.94,mobile,SG,0,0.0
2587,treatment,46.28,mobile,ID,0,0.0
2588,control,24.03,mobile,ID,0,0.0
2589,control,73.95,desktop,SG,0,0.0
2590,treatment,74.02,mobile,ID,0,0.0
2591,control,26.03,desktop,ID,0,0.0
2592,treatment,22.68,mobile,ID,0,0.0
2593,control,20.16,mobile,SG,0,0.0
2594,treatment,36.27,mobile,MY,0,0.0
2595,control,37.69,mobile,PH,0,0.0
2596,treatment,3.82,mobile,SG,0,0.0
2597,control,11.57,mobile,SG,0,0.0
2598,treatment,61.86,desktop,ID,0,0.0
2599,control,28.88,mobile,SG,0,0.0
2600,treatment,3.34,desktop,SG,0,0.0
2601,treatment,25.67,desktop,MY,0,0.0
2602,control,13.47,mobile,ID,0,0.0
2603,treatment,18.12,mobile,ID,0,0.0
2604,treatment,10.96,mobile,PH,0,0.0
2605,treatment,18.27,mobile,SG,0,0.0
2606,treatment,9.71,desktop,ID,0,0.0
2607,control,16.75,mobile,SG,0,0.0
2608,treatment,12.3,mobile,SG,0,0.0
2609,control,45.3,mobile,SG,0,0.0
2610,treatment,19.01,mobile,SG,0,0.0
2611,control,29.4,mobile,PH,0,0.0
2612,control,14.85,desktop,SG,1,30.42
2613,treatment,41.87,mobile,SG,0,0.0
2614,control,28.85,desktop,SG,0,0.0
2615,treatment,16.96,mobile,SG,0,0.0
2616,treatment,50.67,desktop,VN,0,0.0
2617,treatment,21.47,desktop,SG,0,0.0
2618,treatment,103.74,mobile,MY,1,42.69
2619,control,29.55,mobile,PH,0,0.0
2620,control,28.02,mobile,MY,0,0.0
2621,control,28.5,mobile,ID,0,0.0
2622,control,58.97,mobile,ID,0,0.0
2623,treatment,29.02,mobile,SG,1,42.24
2624,treatment,17.97,mobile,ID,0,0.0
2625,treatment,8.87,desktop,SG,1,5.29
2626,treatment,74.58,mobile,MY,0,0.0
2627,treatment,58.74,desktop,MY,0,0.0
2628,control,67.49,mobile,VN,0,0.0
2629,control,23.99,mobile,PH,0,0.0
2630,control,9.46,mobile,ID,0,0.0
2631,treatment,30.85,mobile,VN,0,0.0
2632,treatment,11.58,desktop,VN,0,0.0
2633,control,17.05,mobile,ID,0,0.0
2634,treatment,56.99,mobile,VN,0,0.0
2635,treatment,16.44,desktop,VN,0,0.0
2636,treatment,8.39,desktop,ID,0,0.0
2637,treatment,26.76,mobile,MY,0,0.0
2638,control,4.72,mobile,SG,0,0.0
2639,treatment,36.45,mobile,PH,0,0.0
2640,treatment,11.04,mobile,PH,0,0.0
2641,control,60.17,mobile,ID,0,0.0
2642,treatment,6.9,mobile,VN,0,0.0
2643,treatment,8.3,desktop,MY,0,0.0
2644,treatment,17.24,desktop,PH,0,0.0
2645,treatment,7.98,mobile,ID,0,0.0
2646,treatment,22.13,mobile,ID,1,24.27
2647,control,35.81,mobile,PH,0,0.0
2648,control,20.53,desktop,SG,0,0.0
2649,treatment,34.47,desktop,VN,1,13.66
2650,control,28.07,desktop,PH,0,0.0
2651,treatment,24.08,mobile,SG,0,0.0
2652,control,11.13,desktop,ID,1,27.3
2653,control,19.63,desktop,SG,0,0.0
2654,treatment,47.67,mobile,PH,0,0.0
2655,treatment,45.92,desktop,SG,0,0.0
2656,treatment,37.45,desktop,ID,0,0.0
2657,treatment,12.39,desktop,SG,0,0.0
2658,treatment,56.56,desktop,PH,0,0.0
2659,treatment,13.53,mobile,SG,0,0.0
2660,treatment,25.27,desktop,VN,0,0.0
2661,treatment,72.87,mobile,ID,0,0.0
2662,treatment,3.67,desktop,MY,0,0.0
2663,treatment,25.21,mobile,ID,0,0.0
2664,control,42.61,mobile,SG,0,0.0
2665,control,18.94,desktop,MY,0,0.0
2666,control,4.06,desktop,MY,1,7.62
2667,control,45.44,desktop,MY,0,0.0
2668,control,55.54,mobile,PH,0,0.0
2669,treatment,67.3,desktop,ID,0,0.0
2670,treatment,9.61,mobile,MY,0,0.0
2671,treatment,5.51,mobile,PH,0,0.0
2672,treatment,30.53,mobile,VN,0,0.0
2673,treatment,85.15,mobile,SG,0,0.0
2674,control,20.69,mobile,PH,0,0.0
2675,treatment,49.41,desktop,ID,0,0.0
2676,treatment,15.16,mobile,SG,0,0.0
2677,treatment,37.52,mobile,PH,0,0.0
2678,treatment,42.32,desktop,VN,0,0.0
2679,treatment,18.16,mobile,ID,0,0.0
2680,treatment,76.44,desktop,MY,0,0.0
2681,treatment,22.47,mobile,SG,0,0.0
2682,treatment,79.65,mobile,ID,0,0.0
2683,treatment,14.35,mobile,PH,0,0.0
2684,treatment,8.14,desktop,MY,0,0.0
2685,control,3.81,mobile,SG,0,0.0
2686,treatment,51.74,desktop,SG,0,0.0
2687,control,29.49,desktop,PH,0,0.0
2688,treatment,18.06,mobile,MY,0,0.0
2689,control,13.59,mobile,SG,0,0.0
2690,control,16.62,desktop,ID,0,0.0
2691,control,59.5,mobile,MY,0,0.0
2692,treatment,37.36,mobile,MY,0,0.0
2693,control,1.84,mobile,SG,0,0.0
2694,control,6.94,mobile,SG,0,0.0
2695,control,5.39,mobile,MY,0,0.0
2696,control,31.44,mobile,ID,0,0.0
2697,treatment,27.12,mobile,ID,0,0.0
2698,treatment,46.46,mobile,SG,1,21.72
2699,treatment,17.04,mobile,MY,0,0.0
2700,control,18.38,mobile,SG,0,0.0
2701,treatment,14.62,desktop,ID,0,0.0
2702,treatment,41.0,mobile,ID,1,32.11
2703,control,8.53,mobile,ID,0,0.0
2704,control,15.2,mobile,ID,0,0.0
2705,control,3.15,mobile,MY,0,0.0
2706,control,42.37,mobile,SG,0,0.0
2707,control,6.64,desktop,SG,0,0.0
2708,control,15.97,mobile,MY,0,0.0
2709,treatment,23.38,mobile,SG,1,12.64
2710,control,17.51,mobile,PH,0,0.0
2711,control,1.66,mobile,ID,0,0.0
2712,control,35.76,desktop,ID,0,0.0
2713,treatment,42.13,mobile,SG,0,0.0
2714,control,26.85,mobile,PH,0,0.0
2715,control,17.39,mobile,SG,0,0.0
2716,control,23.03,desktop,ID,0,0.0
2717,treatment,94.17,desktop,VN,0,0.0
2718,treatment,12.21,mobile,MY,0,0.0
2719,control,10.53,mobile,SG,0,0.0
2720,treatment,44.5,mobile,SG,0,0.0
2721,treatment,78.04,mobile,PH,0,0.0
2722,control,51.64,mobile,ID,0,0.0
2723,treatment,25.01,desktop,VN,0,0.0
2724,treatment,78.07,mobile,SG,0,0.0
2725,treatment,16.0,mobile,ID,1,14.67
2726,treatment,37.88,mobile,ID,0,0.0
2727,control,4.04,mobile,VN,0,0.0
2728,control,45.62,desktop,PH,0,0.0
2729,treatment,24.24,mobile,PH,0,0.0
2730,treatment,60.14,mobile,SG,0,0.0
2731,control,0.86,desktop,PH,0,0.0
2732,treatment,33.25,mobile,SG,1,13.31
2733,treatment,23.75,mobile,ID,0,0.0
2734,control,21.07,desktop,SG,0,0.0
2735,control,30.0,desktop,PH,0,0.0
2736,treatment,19.47,desktop,SG,0,0.0
2737,control,43.18,desktop,PH,0,0.0
2738,treatment,8.21,mobile,SG,0,0.0
2739,treatment,35.36,desktop,ID,0,0.0
2740,treatment,54.5,desktop,SG,0,0.0
2741,treatment,10.3,mobile,MY,0,0.0
2742,treatment,86.45,mobile,VN,0,0.0
2743,control,23.93,mobile,ID,0,0.0
2744,treatment,14.09,mobile,PH,0,0.0
2745,control,37.34,mobile,PH,0,0.0
2746,treatment,36.34,mobile,SG,0,0.0
2747,treatment,31.86,mobile,ID,0,0.0
2748,treatment,4.58,mobile,ID,0,0.0
2749,treatment,44.85,mobile,SG,0,0.0
2750,control,44.31,mobile,ID,0,0.0
2751,control,12.66,mobile,PH,1,15.84
2752,treatment,76.98,desktop,ID,1,9.21
2753,treatment,23.05,mobile,MY,0,0.0
2754,control,32.72,mobile,ID,0,0.0
2755,control,5.88,mobile,PH,0,0.0
2756,treatment,35.76,mobile,MY,0,0.0
2757,treatment,8.91,desktop,PH,0,0.0
2758,treatment,5.77,mobile,ID,0,0.0
2759,control,27.71,desktop,SG,0,0.0
2760,treatment,61.14,desktop,SG,1,16.15
2761,control,14.4,desktop,PH,0,0.0
2762,control,10.16,mobile,MY,0,0.0
2763,control,55.6,mobile,SG,0,0.0
2764,treatment,49.84,mobile,SG,0,0.0
2765,treatment,24.7,mobile,ID,0,0.0
2766,control,31.99,mobile,ID,0,0.0
2767,treatment,10.54,mobile,MY,0,0.0
2768,control,7.97,mobile,MY,0,0.0
2769,treatment,7.09,mobile,ID,0,0.0
2770,control,19.36,desktop,PH,0,0.0
2771,treatment,43.7,mobile,SG,0,0.0
2772,treatment,19.58,mobile,SG,1,26.21
2773,control,25.68,mobile,SG,0,0.0
2774,treatment,41.09,mobile,ID,0,0.0
2775,treatment,2.57,mobile,VN,0,0.0
2776,treatment,48.32,mobile,MY,0,0.0
2777,treatment,32.19,mobile,SG,0,0.0
2778,control,10.19,desktop,ID,0,0.0
2779,treatment,20.93,mobile,SG,1,31.2
2780,control,6.07,mobile,PH,0,0.0
2781,treatment,37.91,mobile,ID,0,0.0
2782,treatment,25.43,mobile,MY,0,0.0
2783,treatment,21.19,desktop,VN,0,0.0
2784,treatment,7.98,mobile,ID,0,0.0
2785,treatment,33.85,desktop,ID,0,0.0
2786,treatment,35.7,desktop,ID,0,0.0
2787,control,39.11,mobile,VN,0,0.0
2788,treatment,5.7,mobile,ID,0,0.0
2789,treatment,19.17,mobile,MY,0,0.0
2790,control,17.25,desktop,SG,0,0.0
2791,treatment,45.62,desktop,SG,0,0.0
2792,treatment,42.78,mobile,VN,0,0.0
2793,control,34.87,mobile,PH,0,0.0
2794,treatment,46.16,desktop,PH,0,0.0
2795,treatment,26.24,mobile,PH,0,0.0
2796,treatment,106.47,mobile,ID,1,43.71
2797,control,20.69,mobile,ID,0,0.0
2798,treatment,24.36,mobile,ID,0,0.0
2799,treatment,8.87,mobile,SG,0,0.0
2800,treatment,31.16,desktop,ID,0,0.0
2801,control,30.35,mobile,SG,0,0.0
2802,treatment,54.63,mobile,VN,0,0.0
2803,control,32.82,mobile,SG,0,0.0
2804,treatment,8.45,desktop,SG,0,0.0
2805,control,25.78,desktop,MY,0,0.0
2806,treatment,26.49,desktop,MY,1,11.51
2807,treatment,39.67,desktop,SG,1,46.94
2808,control,27.03,mobile,SG,0,0.0
2809,control,17.05,desktop,PH,0,0.0
2810,control,27.47,mobile,MY,0,0.0
2811,control,28.28,mobile,PH,0,0.0
2812,treatment,10.4,mobile,SG,0,0.0
2813,control,12.89,mobile,PH,0,0.0
2814,control,27.14,desktop,MY,0,0.0
2815,treatment,50.63,mobile,VN,0,0.0
2816,treatment,28.62,mobile,SG,0,0.0
2817,treatment,24.59,desktop,VN,0,0.0
2818,treatment,35.16,mobile,SG,0,0.0
2819,control,26.29,mobile,ID,0,0.0
2820,treatment,5.82,desktop,MY,0,0.0
2821,control,16.59,mobile,ID,1,16.26
2822,treatment,55.66,mobile,VN,0,0.0
2823,treatment,27.57,mobile,ID,0,0.0
2824,treatment,9.72,mobile,ID,0,0.0
2825,control,28.1,desktop,SG,0,0.0
2826,control,22.86,mobile,VN,0,0.0
2827,treatment,94.23,mobile,ID,0,0.0
2828,control,11.75,mobile,PH,0,0.0
2829,treatment,38.88,desktop,VN,0,0.0
2830,treatment,55.94,mobile,ID,1,27.51
2831,treatment,39.64,mobile,SG,0,0.0
2832,treatment,9.9,mobile,SG,0,0.0
2833,treatment,28.24,mobile,SG,0,0.0
2834,treatment,12.95,mobile,MY,0,0.0
2835,control,18.51,mobile,VN,0,0.0
2836,control,39.94,mobile,ID,0,0.0
2837,treatment,5.56,desktop,SG,0,0.0
2838,treatment,47.93,desktop,SG,0,0.0
2839,control,71.2,mobile,PH,0,0.0
2840,treatment,43.27,mobile,SG,0,0.0
2841,treatment,19.78,mobile,SG,0,0.0
2842,treatment,75.88,mobile,PH,1,11.9
2843,control,33.22,mobile,SG,0,0.0
2844,control,4.73,mobile,VN,0,0.0
2845,treatment,11.53,mobile,PH,0,0.0
2846,treatment,31.87,desktop,PH,0,0.0
2847,control,28.11,mobile,MY,0,0.0
2848,control,37.29,desktop,SG,0,0.0
2849,treatment,35.64,desktop,MY,1,54.6
2850,treatment,13.42,mobile,ID,0,0.0
2851,control,18.29,mobile,SG,0,0.0
2852,treatment,32.38,mobile,SG,0,0.0
2853,treatment,82.47,desktop,SG,0,0.0
2854,treatment,50.48,mobile,SG,0,0.0
2855,treatment,60.8,desktop,ID,1,33.17
2856,treatment,40.98,desktop,SG,0,0.0
2857,treatment,22.58,mobile,SG,0,0.0
2858,treatment,16.44,mobile,SG,0,0.0
2859,treatment,7.9,mobile,PH,0,0.0
2860,control,24.58,mobile,SG,0,0.0
2861,control,32.15,mobile,PH,0,0.0
2862,treatment,15.2,desktop,SG,0,0.0
2863,treatment,5.0,mobile,MY,0,0.0
2864,control,3.11,desktop,SG,0,0.0
2865,treatment,3.69,desktop,ID,0,0.0
2866,control,65.9,desktop,SG,0,0.0
2867,control,71.71,mobile,VN,0,0.0
2868,treatment,48.14,desktop,MY,1,17.23
2869,treatment,39.1,mobile,SG,0,0.0
2870,control,36.58,mobile,ID,0,0.0
2871,treatment,7.33,desktop,SG,0,0.0
2872,treatment,102.02,mobile,SG,1,56.34
2873,treatment,24.65,mobile,MY,0,0.0
2874,treatment,27.92,desktop,ID,1,32.7
2875,treatment,18.01,desktop,MY,0,0.0
2876,control,6.49,mobile,SG,0,0.0
2877,control,31.37,mobile,SG,1,25.18
2878,control,51.85,mobile,SG,0,0.0
2879,control,35.97,mobile,SG,0,0.0
2880,treatment,7.25,mobile,MY,0,0.0
2881,treatment,72.32,desktop,MY,0,0.0
2882,treatment,54.43,mobile,ID,0,0.0
2883,treatment,6.86,mobile,SG,0,0.0
2884,treatment,18.4,desktop,SG,0,0.0
2885,treatment,87.03,mobile,SG,0,0.0
2886,control,19.03,desktop,SG,1,24.91
2887,control,19.21,mobile,SG,0,0.0
2888,control,27.33,desktop,ID,0,0.0
2889,treatment,33.82,mobile,SG,0,0.0
2890,treatment,23.32,mobile,ID,0,0.0
2891,control,47.96,mobile,VN,0,0.0
2892,control,20.5,mobile,SG,0,0.0
2893,treatment,15.7,mobile,MY,1,49.57
2894,control,4.18,mobile,PH,0,0.0
2895,treatment,30.92,mobile,MY,0,0.0
2896,treatment,93.01,mobile,VN,0,0.0
2897,control,38.06,mobile,SG,0,0.0
2898,treatment,56.76,mobile,SG,0,0.0
2899,treatment,32.3,mobile,SG,0,0.0
2900,treatment,31.52,desktop,VN,0,0.0
2901,treatment,2.63,mobile,ID,0,0.0
2902,control,16.14,mobile,SG,0,0.0
2903,control,20.16,mobile,ID,0,0.0
2904,treatment,42.89,mobile,ID,0,0.0
2905,control,21.42,desktop,PH,1,19.09
2906,treatment,4.81,mobile,MY,0,0.0
2907,treatment,3.78,mobile,VN,0,0.0
2908,control,19.92,mobile,SG,0,0.0
2909,control,26.75,mobile,MY,0,0.0
2910,treatment,95.0,mobile,VN,0,0.0
2911,treatment,8.32,desktop,SG,0,0.0
2912,treatment,14.75,desktop,SG,0,0.0
2913,treatment,15.5,desktop,SG,0,0.0
2914,treatment,73.78,mobile,MY,0,0.0
2915,treatment,19.57,desktop,VN,0,0.0
2916,treatment,21.61,mobile,ID,0,0.0
2917,treatment,36.28,mobile,ID,0,0.0
2918,treatment,52.71,desktop,PH,1,9.55
2919,treatment,26.26,mobile,SG,1,15.72
2920,control,39.13,desktop,SG,0,0.0
2921,control,4.08,mobile,SG,0,0.0
2922,control,52.65,mobile,ID,1,23.02
2923,treatment,42.71,desktop,VN,0,0.0
2924,treatment,114.18,desktop,ID,1,28.4
2925,treatment,24.21,mobile,ID,0,0.0
2926,treatment,61.45,mobile,SG,0,0.0
2927,control,47.55,mobile,VN,1,45.84
2928,treatment,24.42,mobile,SG,0,0.0
2929,control,3.56,desktop,MY,0,0.0
2930,control,48.35,mobile,ID,0,0.0
2931,control,25.53,desktop,SG,1,12.99
2932,control,70.95,desktop,MY,1,36.18
2933,treatment,26.65,desktop,SG,0,0.0
2934,treatment,6.03,desktop,PH,0,0.0
2935,control,27.27,desktop,PH,0,0.0
2936,treatment,27.37,mobile,ID,0,0.0
2937,treatment,35.47,mobile,SG,0,0.0
2938,treatment,41.17,desktop,PH,0,0.0
2939,treatment,25.28,mobile,PH,0,0.0
2940,treatment,4.53,desktop,MY,0,0.0
2941,treatment,7.83,mobile,SG,0,0.0
2942,treatment,26.18,mobile,ID,0,0.0
2943,treatment,26.64,mobile,MY,0,0.0
2944,control,53.62,desktop,SG,0,0.0
2945,control,28.39,desktop,MY,0,0.0
2946,treatment,51.37,desktop,ID,1,10.48
2947,control,30.83,mobile,MY,0,0.0
2948,treatment,18.77,mobile,VN,0,0.0
2949,treatment,80.52,desktop,ID,0,0.0
2950,treatment,24.24,mobile,ID,0,0.0
2951,treatment,23.88,desktop,PH,0,0.0
2952,treatment,29.3,mobile,ID,0,0.0
2953,treatment,50.14,desktop,ID,0,0.0
2954,treatment,20.83,desktop,MY,0,0.0
2955,control,30.56,mobile,MY,1,22.7
2956,treatment,15.28,mobile,ID,0,0.0
2957,control,35.38,mobile,VN,0,0.0
2958,control,2.14,mobile,SG,0,0.0
2959,control,14.62,mobile,PH,0,0.0
2960,control,16.59,mobile,SG,0,0.0
2961,control,21.95,desktop,MY,0,0.0
2962,treatment,18.02,mobile,VN,0,0.0
2963,treatment,50.29,mobile,MY,1,10.85
2964,control,42.65,mobile,SG,0,0.0
2965,treatment,10.81,desktop,MY,0,0.0
2966,treatment,30.47,mobile,MY,0,0.0
2967,treatment,66.04,desktop,MY,0,0.0
2968,treatment,15.62,mobile,ID,0,0.0
2969,treatment,19.84,mobile,ID,0,0.0
2970,treatment,37.64,mobile,MY,0,0.0
2971,control,6.9,mobile,SG,0,0.0
2972,control,23.96,mobile,ID,0,0.0
2973,treatment,60.33,desktop,PH,0,0.0
2974,treatment,79.34,mobile,ID,0,0.0
2975,treatment,11.54,desktop,PH,0,0.0
2976,treatment,57.67,desktop,SG,0,0.0
2977,control,8.88,mobile,SG,1,5.99
2978,treatment,89.58,mobile,MY,0,0.0
2979,treatment,39.0,desktop,MY,0,0.0
2980,control,23.99,desktop,SG,0,0.0
2981,treatment,20.41,mobile,SG,0,0.0
2982,treatment,40.17,desktop,SG,0,0.0
2983,treatment,71.56,mobile,VN,0,0.0
2984,control,41.99,mobile,PH,0,0.0
2985,control,58.45,mobile,MY,0,0.0
2986,control,53.74,mobile,SG,0,0.0
2987,treatment,51.12,desktop,SG,0,0.0
2988,treatment,97.32,mobile,SG,0,0.0
2989,control,58.38,mobile,PH,0,0.0
2990,treatment,30.12,desktop,MY,0,0.0
2991,treatment,36.47,desktop,MY,0,0.0
2992,treatment,7.36,mobile,ID,0,0.0
2993,control,5.88,mobile,PH,0,0.0
2994,treatment,21.31,mobile,VN,0,0.0
2995,treatment,28.0,mobile,MY,1,7.49
2996,treatment,21.24,mobile,ID,0,0.0
2997,treatment,24.02,mobile,VN,0,0.0
2998,treatment,56.46,desktop,SG,1,70.33
2999,treatment,34.54,mobile,MY,0,0.0
3000,treatment,5.03,desktop,PH,0,0.0
3001,treatment,47.28,desktop,PH,0,0.0
3002,control,46.29,desktop,ID,0,0.0
3003,control,28.45,desktop,PH,0,0.0
3004,treatment,33.2,desktop,VN,1,16.51
3005,treatment,18.09,mobile,SG,0,0.0
3006,control,38.67,desktop,PH,0,0.0
3007,control,18.62,desktop,VN,0,0.0
3008,control,25.74,mobile,MY,0,0.0
3009,treatment,51.39,mobile,ID,0,0.0
3010,treatment,29.97,mobile,ID,0,0.0
3011,control,28.77,desktop,PH,0,0.0
3012,control,71.46,mobile,PH,0,0.0
3013,treatment,23.14,mobile,ID,0,0.0
3014,treatment,56.41,mobile,PH,0,0.0
3015,control,34.14,mobile,MY,0,0.0
3016,control,18.52,mobile,VN,0,0.0
3017,treatment,19.91,desktop,SG,0,0.0
3018,control,41.92,mobile,MY,0,0.0
3019,treatment,80.99,mobile,MY,0,0.0
3020,treatment,13.38,mobile,ID,0,0.0
3021,treatment,10.05,desktop,SG,0,0.0
3022,treatment,69.33,mobile,MY,0,0.0
3023,control,49.86,mobile,MY,0,0.0
3024,treatment,33.23,mobile,MY,0,0.0
3025,treatment,7.09,mobile,SG,0,0.0
3026,control,57.89,mobile,PH,0,0.0
3027,treatment,6.85,desktop,PH,0,0.0
3028,treatment,51.21,desktop,SG,0,0.0
3029,treatment,23.29,mobile,ID,0,0.0
3030,control,28.96,mobile,ID,0,0.0
3031,treatment,20.56,desktop,MY,1,10.61
3032,treatment,13.73,mobile,SG,0,0.0
3033,treatment,20.26,mobile,SG,0,0.0
3034,treatment,41.76,desktop,SG,1,40.31
3035,control,3.28,desktop,VN,0,0.0
3036,treatment,7.55,mobile,MY,0,0.0
3037,control,45.67,mobile,MY,0,0.0
3038,treatment,34.27,desktop,MY,0,0.0
3039,treatment,87.46,mobile,MY,0,0.0
3040,treatment,9.15,mobile,PH,0,0.0
3041,treatment,12.08,mobile,PH,0,0.0
3042,treatment,26.33,desktop,ID,0,0.0
3043,control,29.87,mobile,SG,0,0.0
3044,treatment,33.4,mobile,MY,0,0.0
3045,treatment,32.64,mobile,MY,0,0.0
3046,treatment,45.34,mobile,ID,0,0.0
3047,treatment,4.4,desktop,ID,0,0.0
3048,control,32.34,mobile,MY,0,0.0
3049,control,17.85,mobile,VN,1,26.9
3050,treatment,16.51,desktop,ID,0,0.0
3051,treatment,79.25,mobile,ID,0,0.0
3052,treatment,21.38,mobile,SG,0,0.0
3053,control,61.65,mobile,SG,0,0.0
3054,treatment,124.47,mobile,ID,0,0.0
3055,treatment,21.25,mobile,ID,0,0.0
3056,treatment,27.72,desktop,MY,1,8.04
3057,control,25.98,mobile,MY,0,0.0
3058,treatment,30.59,desktop,SG,0,0.0
3059,control,70.58,mobile,PH,0,0.0
3060,control,50.49,mobile,SG,0,0.0
3061,treatment,30.58,mobile,SG,0,0.0
3062,treatment,28.66,mobile,MY,0,0.0
3063,treatment,13.35,desktop,SG,0,0.0
3064,treatment,35.78,mobile,VN,0,0.0
3065,control,9.04,desktop,VN,0,0.0
3066,treatment,14.47,desktop,ID,0,0.0
3067,treatment,29.6,desktop,PH,0,0.0
3068,control,14.96,mobile,MY,0,0.0
3069,control,7.11,desktop,SG,0,0.0
3070,control,24.74,desktop,VN,0,0.0
3071,treatment,11.23,mobile,SG,1,24.63
3072,treatment,40.25,mobile,SG,0,0.0
3073,control,31.52,mobile,SG,0,0.0
3074,treatment,8.19,mobile,SG,0,0.0
3075,control,35.79,desktop,SG,0,0.0
3076,treatment,43.97,mobile,MY,0,0.0
3077,treatment,31.22,mobile,MY,0,0.0
3078,control,23.12,desktop,PH,1,8.6
3079,treatment,19.17,desktop,ID,0,0.0
3080,treatment,87.78,desktop,ID,0,0.0
3081,treatment,30.65,mobile,SG,0,0.0
3082,control,28.37,mobile,ID,0,0.0
3083,treatment,21.72,desktop,SG,1,27.08
3084,control,9.56,desktop,ID,0,0.0
3085,control,18.06,mobile,SG,1,11.1
3086,control,40.9,desktop,SG,0,0.0
3087,treatment,34.66,desktop,PH,0,0.0
3088,control,34.29,mobile,ID,0,0.0
3089,treatment,29.99,mobile,ID,0,0.0
3090,treatment,12.8,mobile,VN,0,0.0
3091,treatment,28.48,mobile,VN,0,0.0
3092,treatment,52.13,mobile,SG,0,0.0
3093,treatment,26.59,mobile,MY,0,0.0
3094,control,1.94,mobile,MY,0,0.0
3095,treatment,14.12,mobile,PH,0,0.0
3096,treatment,3.93,mobile,MY,0,0.0
3097,treatment,12.34,mobile,SG,0,0.0
3098,treatment,101.47,mobile,PH,0,0.0
3099,treatment,19.12,mobile,SG,0,0.0
3100,treatment,12.81,desktop,MY,0,0.0
3101,control,5.38,mobile,SG,0,0.0
3102,control,22.09,mobile,ID,0,0.0
3103,control,62.57,mobile,VN,0,0.0
3104,control,13.08,desktop,ID,0,0.0
3105,treatment,36.88,desktop,PH,0,0.0
3106,control,31.62,mobile,MY,0,0.0
3107,treatment,16.5,mobile,PH,0,0.0
3108,treatment,44.58,mobile,VN,0,0.0
3109,control,19.24,desktop,ID,0,0.0
3110,control,14.07,mobile,PH,0,0.0
3111,treatment,15.25,mobile,SG,1,38.63
3112,control,32.22,mobile,MY,0,0.0
3113,treatment,88.03,mobile,ID,0,0.0
3114,control,51.7,mobile,SG,0,0.0
3115,control,14.73,desktop,ID,0,0.0
3116,treatment,27.77,desktop,VN,0,0.0
3117,treatment,12.97,desktop,PH,0,0.0
3118,treatment,11.99,desktop,ID,0,0.0
3119,control,4.0,mobile,SG,0,0.0
3120,treatment,34.82,mobile,SG,0,0.0
3121,treatment,16.62,desktop,SG,0,0.0
3122,control,22.72,mobile,PH,0,0.0
3123,treatment,34.89,desktop,ID,0,0.0
3124,treatment,6.96,mobile,PH,0,0.0
3125,treatment,9.04,mobile,SG,0,0.0
3126,treatment,37.09,mobile,ID,0,0.0
3127,control,10.38,desktop,SG,0,0.0
3128,control,11.12,desktop,ID,0,0.0
3129,treatment,50.58,mobile,VN,1,35.02
3130,treatment,25.1,mobile,SG,0,0.0
3131,treatment,60.76,desktop,ID,0,0.0
3132,treatment,79.12,mobile,VN,0,0.0
3133,treatment,67.27,mobile,VN,0,0.0
3134,treatment,6.68,desktop,ID,0,0.0
3135,control,30.75,desktop,MY,0,0.0
3136,control,49.87,mobile,SG,1,30.02
3137,treatment,34.43,desktop,SG,0,0.0
3138,treatment,19.22,desktop,SG,0,0.0
3139,treatment,10.14,desktop,MY,0,0.0
3140,control,42.28,desktop,PH,1,18.44
3141,treatment,6.61,desktop,ID,0,0.0
3142,control,5.04,mobile,MY,0,0.0
3143,control,11.81,desktop,PH,0,0.0
3144,treatment,26.35,mobile,ID,0,0.0
3145,control,62.29,desktop,ID,0,0.0
3146,treatment,20.59,mobile,ID,0,0.0
3147,control,49.32,mobile,PH,1,21.46
3148,control,11.1,mobile,VN,0,0.0
3149,control,17.73,mobile,PH,0,0.0
3150,control,18.89,desktop,MY,0,0.0
3151,treatment,14.31,mobile,PH,0,0.0
3152,treatment,55.98,mobile,SG,1,56.49
3153,control,6.28,desktop,SG,0,0.0
3154,control,55.15,mobile,VN,1,29.5
3155,treatment,31.68,mobile,VN,0,0.0
3156,treatment,41.7,mobile,PH,0,0.0
3157,treatment,13.14,mobile,SG,0,0.0
3158,control,40.76,desktop,PH,0,0.0
3159,control,4.35,mobile,ID,0,0.0
3160,treatment,23.05,mobile,ID,0,0.0
3161,treatment,32.51,mobile,ID,0,0.0
3162,treatment,13.74,mobile,ID,0,0.0
3163,control,6.64,mobile,PH,0,0.0
3164,control,11.81,mobile,PH,0,0.0
3165,treatment,19.27,mobile,VN,0,0.0
3166,treatment,17.4,mobile,SG,0,0.0
3167,control,2.76,desktop,PH,0,0.0
3168,control,40.1,mobile,SG,1,10.25
3169,treatment,7.32,desktop,SG,0,0.0
3170,treatment,30.83,mobile,MY,0,0.0
3171,treatment,13.37,desktop,SG,0,0.0
3172,treatment,4.7,desktop,MY,0,0.0
3173,treatment,45.07,desktop,MY,1,10.31
3174,control,20.94,mobile,SG,0,0.0
3175,treatment,33.46,mobile,SG,0,0.0
3176,treatment,34.28,mobile,PH,0,0.0
3177,treatment,31.27,mobile,ID,0,0.0
3178,treatment,12.93,desktop,MY,0,0.0
3179,treatment,34.82,mobile,PH,0,0.0
3180,treatment,47.01,desktop,SG,0,0.0
3181,control,13.81,mobile,SG,0,0.0
3182,treatment,9.41,desktop,ID,0,0.0
3183,treatment,14.93,desktop,SG,0,0.0
3184,control,51.53,mobile,PH,1,41.43
3185,treatment,23.12,desktop,MY,0,0.0
3186,treatment,64.13,mobile,PH,0,0.0
3187,treatment,17.68,mobile,ID,0,0.0
3188,treatment,25.31,mobile,ID,0,0.0
3189,control,65.9,desktop,SG,0,0.0
3190,control,73.33,desktop,ID,0,0.0
3191,treatment,41.77,mobile,SG,0,0.0
3192,treatment,8.92,desktop,SG,0,0.0
3193,control,25.49,desktop,ID,1,36.22
3194,treatment,23.96,desktop,SG,0,0.0
3195,treatment,9.72,mobile,VN,0,0.0
3196,control,57.5,mobile,SG,0,0.0
3197,treatment,33.75,mobile,MY,0,0.0
3198,treatment,11.61,mobile,MY,0,0.0
3199,control,8.63,mobile,SG,0,0.0
3200,treatment,29.46,desktop,ID,0,0.0
3201,treatment,4.49,desktop,SG,0,0.0
3202,treatment,48.26,mobile,VN,0,0.0
3203,control,17.06,mobile,MY,0,0.0
3204,treatment,7.63,desktop,ID,0,0.0
3205,control,37.33,mobile,MY,0,0.0
3206,control,11.73,mobile,VN,0,0.0
3207,treatment,22.42,mobile,SG,0,0.0
3208,control,28.37,mobile,MY,1,31.75
3209,treatment,10.66,mobile,VN,0,0.0
3210,treatment,33.75,mobile,SG,0,0.0
3211,treatment,59.8,mobile,ID,0,0.0
3212,control,51.31,desktop,PH,0,0.0
3213,control,23.73,mobile,ID,0,0.0
3214,control,43.56,mobile,SG,0,0.0
3215,control,9.35,mobile,SG,0,0.0
3216,treatment,21.79,desktop,SG,0,0.0
3217,treatment,53.04,desktop,ID,0,0.0
3218,control,9.78,mobile,PH,0,0.0
3219,treatment,28.91,desktop,ID,0,0.0
3220,control,44.58,mobile,ID,0,0.0
3221,treatment,27.58,desktop,MY,0,0.0
3222,treatment,76.85,mobile,ID,0,0.0
3223,control,18.25,mobile,PH,0,0.0
3224,treatment,16.1,desktop,MY,0,0.0
3225,treatment,6.47,mobile,VN,0,0.0
3226,treatment,29.91,desktop,MY,1,13.05
3227,treatment,27.68,mobile,ID,0,0.0
3228,control,12.4,desktop,VN,0,0.0
3229,control,33.52,desktop,SG,0,0.0
3230,treatment,69.97,desktop,SG,0,0.0
3231,treatment,16.35,desktop,ID,0,0.0
3232,treatment,60.79,mobile,MY,0,0.0
3233,treatment,42.1,mobile,SG,0,0.0
3234,treatment,21.91,desktop,SG,0,0.0
3235,control,2.27,mobile,SG,0,0.0
3236,treatment,22.57,desktop,MY,0,0.0
3237,treatment,12.64,desktop,PH,0,0.0
3238,control,31.83,mobile,MY,0,0.0
3239,treatment,16.02,desktop,SG,0,0.0
3240,control,21.15,mobile,ID,0,0.0
3241,treatment,13.37,desktop,MY,0,0.0
3242,treatment,15.53,desktop,MY,1,16.53
3243,treatment,33.79,mobile,SG,0,0.0
3244,treatment,3.9,mobile,SG,0,0.0
3245,control,54.89,mobile,SG,0,0.0
3246,control,38.42,desktop,VN,0,0.0
3247,treatment,3.46,mobile,SG,0,0.0
3248,control,31.08,mobile,SG,0,0.0
3249,control,18.17,desktop,ID,0,0.0
3250,control,14.95,mobile,SG,0,0.0
3251,treatment,20.88,desktop,PH,0,0.0
3252,treatment,21.91,mobile,VN,0,0.0
3253,control,11.87,mobile,SG,0,0.0
3254,treatment,16.42,mobile,VN,0,0.0
3255,control,51.57,desktop,PH,0,0.0
3256,treatment,5.37,desktop,VN,0,0.0
3257,control,46.19,desktop,PH,0,0.0
3258,treatment,12.24,mobile,VN,0,0.0
3259,treatment,35.38,mobile,VN,0,0.0
3260,treatment,6.72,mobile,VN,0,0.0
3261,treatment,12.04,mobile,SG,1,7.42
3262,control,20.12,mobile,MY,0,0.0
3263,treatment,2.43,desktop,SG,0,0.0
3264,control,6.94,mobile,SG,0,0.0
3265,treatment,67.41,mobile,SG,0,0.0
3266,treatment,43.36,mobile,PH,1,27.87
3267,treatment,47.64,mobile,SG,1,26.64
3268,control,38.13,desktop,SG,0,0.0
3269,treatment,15.09,desktop,PH,1,35.29
3270,treatment,75.84,desktop,SG,1,38.2
3271,control,96.85,desktop,PH,0,0.0
3272,treatment,8.52,desktop,MY,0,0.0
3273,control,24.14,mobile,SG,0,0.0
3274,treatment,22.12,desktop,SG,0,0.0
3275,treatment,23.42,mobile,ID,0,0.0
3276,treatment,47.13,mobile,SG,0,0.0
3277,control,24.74,desktop,MY,0,0.0
3278,control,27.18,mobile,MY,0,0.0
3279,treatment,24.8,mobile,VN,0,0.0
3280,treatment,7.24,mobile,VN,0,0.0
3281,control,74.98,mobile,ID,0,0.0
3282,treatment,6.41,mobile,SG,0,0.0
3283,treatment,18.97,mobile,PH,0,0.0
3284,control,20.8,mobile,MY,0,0.0
3285,control,32.77,mobile,ID,0,0.0
3286,control,38.52,mobile,MY,0,0.0
3287,treatment,2.98,mobile,MY,0,0.0
3288,treatment,28.31,desktop,ID,0,0.0
3289,control,9.9,mobile,SG,0,0.0
3290,treatment,34.81,desktop,SG,0,0.0
3291,treatment,29.87,desktop,SG,0,0.0
3292,treatment,1.73,mobile,MY,0,0.0
3293,treatment,7.1,mobile,PH,0,0.0
3294,control,22.88,desktop,VN,1,37.17
3295,control,39.09,desktop,PH,0,0.0
3296,treatment,44.09,desktop,MY,0,0.0
3297,treatment,33.11,mobile,PH,0,0.0
3298,control,14.64,mobile,PH,0,0.0
3299,treatment,30.25,mobile,ID,0,0.0
3300,control,23.31,mobile,ID,0,0.0
3301,treatment,15.67,desktop,MY,0,0.0
3302,control,51.01,mobile,MY,0,0.0
3303,treatment,27.23,desktop,VN,0,0.0
3304,treatment,26.87,desktop,SG,0,0.0
3305,control,43.64,mobile,ID,1,51.82
3306,control,16.04,mobile,ID,0,0.0
3307,control,23.04,mobile,ID,0,0.0
3308,treatment,7.92,mobile,PH,0,0.0
3309,treatment,11.09,mobile,MY,0,0.0
3310,control,6.3,mobile,ID,0,0.0
3311,control,8.48,mobile,PH,0,0.0
3312,control,9.77,desktop,ID,0,0.0
3313,treatment,21.92,mobile,MY,0,0.0
3314,treatment,35.88,mobile,MY,0,0.0
3315,treatment,15.13,mobile,ID,0,0.0
3316,treatment,26.43,desktop,SG,0,0.0
3317,treatment,94.51,mobile,VN,0,0.0
3318,control,13.93,mobile,MY,0,0.0
3319,control,19.27,mobile,VN,0,0.0
3320,control,17.29,desktop,VN,0,0.0
3321,control,72.17,desktop,MY,1,23.1
3322,treatment,28.98,desktop,SG,1,17.56
3323,treatment,5.74,mobile,PH,0,0.0
3324,treatment,31.76,mobile,VN,0,0.0
3325,control,11.06,mobile,ID,0,0.0
3326,control,22.5,mobile,ID,1,12.38
3327,control,40.47,desktop,ID,0,0.0
3328,treatment,28.06,mobile,ID,0,0.0
3329,control,9.61,mobile,SG,0,0.0
3330,control,5.1,mobile,PH,0,0.0
3331,treatment,14.15,mobile,MY,0,0.0
3332,control,30.32,desktop,VN,0,0.0
3333,treatment,13.94,mobile,ID,0,0.0
3334,control,13.94,mobile,MY,0,0.0
3335,treatment,24.31,desktop,ID,0,0.0
3336,control,47.59,desktop,ID,0,0.0
3337,treatment,1.19,mobile,SG,0,0.0
3338,treatment,9.16,mobile,PH,1,24.48
3339,control,6.68,mobile,PH,0,0.0
3340,treatment,16.31,desktop,SG,0,0.0
3341,treatment,44.34,desktop,ID,0,0.0
3342,treatment,35.4,desktop,SG,1,31.09
3343,treatment,26.74,mobile,SG,0,0.0
3344,treatment,38.3,mobile,PH,1,14.02
3345,treatment,22.1,desktop,ID,1,24.68
3346,treatment,26.27,mobile,ID,0,0.0
3347,treatment,73.87,desktop,VN,1,13.43
3348,control,41.86,mobile,MY,1,15.64
3349,treatment,55.74,mobile,PH,0,0.0
3350,treatment,87.63,mobile,SG,0,0.0
3351,treatment,7.75,mobile,ID,1,13.33
3352,control,97.07,mobile,ID,1,27.88
3353,treatment,7.75,desktop,SG,0,0.0
3354,treatment,59.5,mobile,ID,0,0.0
3355,control,21.18,desktop,MY,0,0.0
3356,control,92.79,mobile,PH,1,50.91
3357,treatment,58.73,mobile,SG,0,0.0
3358,treatment,12.15,mobile,SG,0,0.0
3359,treatment,38.21,mobile,MY,0,0.0
3360,treatment,38.65,mobile,SG,1,40.15
3361,treatment,14.54,mobile,ID,0,0.0
3362,treatment,29.87,desktop,VN,1,8.63
3363,treatment,14.92,mobile,VN,0,0.0
3364,treatment,19.61,mobile,ID,0,0.0
3365,control,23.59,mobile,VN,0,0.0
3366,control,25.83,mobile,VN,0,0.0
3367,treatment,9.57,mobile,ID,1,31.49
3368,control,82.39,mobile,SG,0,0.0
3369,treatment,6.59,mobile,MY,0,0.0
3370,control,28.74,mobile,MY,0,0.0
3371,control,14.75,mobile,SG,0,0.0
3372,treatment,61.14,mobile,ID,0,0.0
3373,control,17.34,mobile,SG,0,0.0
3374,treatment,17.31,desktop,MY,0,0.0
3375,control,79.35,desktop,MY,0,0.0
3376,control,16.62,mobile,PH,0,0.0
3377,control,24.31,desktop,VN,0,0.0
3378,control,12.72,desktop,SG,0,0.0
3379,treatment,36.3,desktop,MY,0,0.0
3380,treatment,29.38,desktop,VN,1,46.76
3381,treatment,9.56,mobile,SG,0,0.0
3382,treatment,30.83,mobile,PH,1,6.11
3383,treatment,16.06,desktop,ID,0,0.0
3384,treatment,34.06,mobile,SG,0,0.0
3385,treatment,8.84,desktop,MY,0,0.0
3386,treatment,45.71,desktop,ID,1,21.48
3387,control,50.21,mobile,ID,0,0.0
3388,treatment,11.43,desktop,SG,1,8.81
3389,control,23.56,desktop,ID,1,0.63
3390,treatment,39.19,mobile,MY,0,0.0
3391,control,6.75,mobile,SG,0,0.0
3392,treatment,26.54,mobile,MY,1,27.56
3393,treatment,31.19,mobile,PH,0,0.0
3394,treatment,7.95,mobile,SG,0,0.0
3395,treatment,11.95,mobile,MY,0,0.0
3396,treatment,59.34,mobile,VN,0,0.0
3397,control,32.75,desktop,PH,1,9.3
3398,control,19.28,desktop,ID,1,7.62
3399,treatment,9.43,desktop,MY,0,0.0
3400,treatment,38.94,mobile,SG,0,0.0
3401,treatment,15.15,mobile,ID,0,0.0
3402,treatment,99.1,mobile,SG,0,0.0
3403,control,31.76,desktop,MY,0,0.0
3404,treatment,52.32,desktop,ID,0,0.0
3405,control,29.2,desktop,ID,1,21.98
3406,control,68.62,mobile,PH,0,0.0
3407,control,32.5,mobile,SG,0,0.0
3408,treatment,10.96,desktop,PH,0,0.0
3409,treatment,29.91,mobile,ID,0,0.0
3410,control,19.31,desktop,MY,0,0.0
3411,treatment,28.82,mobile,SG,0,0.0
3412,control,20.84,mobile,SG,0,0.0
3413,control,24.13,desktop,SG,0,0.0
3414,treatment,15.37,desktop,VN,0,0.0
3415,treatment,18.24,desktop,SG,0,0.0
3416,treatment,29.49,desktop,ID,0,0.0
3417,control,20.32,desktop,VN,0,0.0
3418,treatment,51.17,desktop,MY,0,0.0
3419,control,44.35,mobile,PH,0,0.0
3420,control,18.16,desktop,MY,0,0.0
3421,treatment,8.34,mobile,ID,0,0.0
3422,treatment,60.22,mobile,SG,0,0.0
3423,treatment,17.93,mobile,SG,0,0.0
3424,treatment,8.05,mobile,SG,0,0.0
3425,control,13.03,mobile,ID,0,0.0
3426,control,19.86,desktop,SG,0,0.0
3427,control,61.84,mobile,MY,0,0.0
3428,treatment,44.82,desktop,SG,0,0.0
3429,treatment,27.22,mobile,SG,0,0.0
3430,control,7.19,mobile,VN,0,0.0
3431,control,18.81,mobile,SG,0,0.0
3432,control,15.0,mobile,VN,0,0.0
3433,control,66.7,desktop,PH,1,9.35
3434,control,21.87,mobile,MY,0,0.0
3435,treatment,109.23,desktop,ID,0,0.0
3436,treatment,36.35,desktop,VN,0,0.0
3437,treatment,13.37,desktop,SG,0,0.0
3438,treatment,28.54,mobile,ID,0,0.0
3439,control,11.62,desktop,ID,1,21.56
3440,treatment,35.36,mobile,ID,1,52.58
3441,control,2.4,mobile,MY,0,0.0
3442,control,56.72,mobile,SG,0,0.0
3443,treatment,29.17,desktop,ID,0,0.0
3444,control,43.51,mobile,ID,0,0.0
3445,treatment,7.69,mobile,ID,0,0.0
3446,treatment,100.93,mobile,SG,0,0.0
3447,treatment,7.6,mobile,ID,0,0.0
3448,control,28.95,desktop,MY,0,0.0
3449,control,7.55,desktop,PH,1,15.27
3450,control,18.98,mobile,SG,0,0.0
3451,control,31.72,mobile,ID,0,0.0
3452,treatment,5.79,desktop,PH,0,0.0
3453,treatment,22.04,desktop,VN,0,0.0
3454,treatment,34.44,mobile,ID,0,0.0
3455,control,9.88,desktop,ID,1,31.7
3456,treatment,46.82,desktop,SG,0,0.0
3457,control,21.25,mobile,MY,1,19.87
3458,treatment,8.07,mobile,SG,0,0.0
3459,control,13.83,mobile,SG,0,0.0
3460,treatment,11.44,mobile,MY,0,0.0
3461,treatment,23.42,desktop,ID,0,0.0
3462,treatment,38.96,desktop,VN,0,0.0
3463,treatment,24.4,mobile,PH,0,0.0
3464,treatment,30.8,mobile,ID,0,0.0
3465,treatment,24.08,desktop,SG,0,0.0
3466,control,36.79,mobile,VN,0,0.0
3467,control,52.95,mobile,MY,0,0.0
3468,control,5.12,mobile,MY,0,0.0
3469,control,27.42,mobile,SG,0,0.0
3470,control,21.18,mobile,VN,0,0.0
3471,control,65.3,mobile,SG,0,0.0
3472,treatment,50.25,desktop,SG,0,0.0
3473,treatment,7.06,mobile,SG,0,0.0
3474,treatment,15.44,desktop,ID,0,0.0
3475,control,3.61,mobile,MY,0,0.0
3476,treatment,33.03,mobile,SG,0,0.0
3477,treatment,29.91,mobile,PH,0,0.0
3478,control,18.93,mobile,ID,0,0.0
3479,treatment,5.45,mobile,MY,0,0.0
3480,treatment,33.63,mobile,SG,0,0.0
3481,control,10.82,mobile,MY,0,0.0
3482,treatment,39.03,mobile,SG,0,0.0
3483,treatment,11.32,mobile,ID,0,0.0
3484,treatment,89.24,desktop,SG,1,14.52
3485,treatment,63.39,desktop,SG,0,0.0
3486,treatment,62.75,mobile,ID,1,5.41
3487,treatment,3.47,mobile,SG,0,0.0
3488,treatment,49.77,mobile,ID,0,0.0
3489,control,54.42,mobile,ID,0,0.0
3490,treatment,12.95,mobile,ID,0,0.0
3491,control,23.79,mobile,ID,0,0.0
3492,treatment,16.5,mobile,SG,0,0.0
3493,treatment,44.78,desktop,ID,1,9.04
3494,control,97.34,desktop,SG,1,28.1
3495,treatment,8.64,mobile,VN,0,0.0
3496,control,7.22,desktop,VN,0,0.0
3497,treatment,36.15,desktop,VN,1,5.72
3498,treatment,9.61,desktop,SG,0,0.0
3499,treatment,42.7,mobile,SG,0,0.0
3500,treatment,18.34,mobile,ID,0,0.0
3501,treatment,34.38,desktop,PH,0,0.0
3502,control,46.84,mobile,MY,0,0.0
3503,treatment,28.7,mobile,ID,0,0.0
3504,treatment,49.16,desktop,ID,0,0.0
3505,control,9.63,mobile,SG,1,13.31
3506,treatment,8.43,mobile,MY,0,0.0
3507,control,28.49,mobile,MY,0,0.0
3508,treatment,8.9,mobile,PH,0,0.0
3509,treatment,23.99,mobile,ID,0,0.0
3510,control,36.59,mobile,SG,0,0.0
3511,treatment,24.3,mobile,PH,0,0.0
3512,treatment,33.4,desktop,SG,0,0.0
3513,treatment,30.71,mobile,ID,1,37.42
3514,control,1.15,mobile,MY,0,0.0
3515,control,20.38,mobile,PH,0,0.0
3516,control,16.39,mobile,MY,0,0.0
3517,treatment,62.6,mobile,PH,0,0.0
3518,treatment,58.65,desktop,MY,0,0.0
3519,control,15.39,desktop,MY,0,0.0
3520,treatment,47.48,mobile,PH,0,0.0
3521,treatment,20.1,desktop,PH,0,0.0
3522,treatment,39.45,desktop,SG,0,0.0
3523,treatment,7.22,desktop,MY,0,0.0
3524,control,40.67,desktop,MY,0,0.0
3525,treatment,42.31,desktop,MY,0,0.0
3526,control,5.85,mobile,SG,0,0.0
3527,treatment,34.71,desktop,MY,0,0.0
3528,treatment,61.69,desktop,SG,1,17.66
3529,control,23.19,mobile,ID,0,0.0
3530,treatment,55.44,desktop,ID,0,0.0
3531,control,10.72,desktop,SG,1,27.89
3532,treatment,9.47,mobile,ID,0,0.0
3533,control,7.02,desktop,SG,1,17.91
3534,treatment,46.62,mobile,ID,0,0.0
3535,treatment,2.11,mobile,PH,0,0.0
3536,treatment,41.4,desktop,SG,0,0.0
3537,control,20.17,desktop,ID,0,0.0
3538,treatment,45.29,mobile,MY,0,0.0
3539,control,29.95,mobile,ID,0,0.0
3540,treatment,24.51,mobile,MY,0,0.0
3541,treatment,40.84,mobile,ID,0,0.0
3542,treatment,49.49,mobile,SG,0,0.0
3543,treatment,54.69,mobile,ID,0,0.0
3544,treatment,52.4,desktop,PH,0,0.0
3545,control,44.28,mobile,ID,0,0.0
3546,control,15.38,mobile,ID,0,0.0
3547,control,21.33,mobile,ID,0,0.0
3548,control,4.84,mobile,SG,0,0.0
3549,control,19.99,mobile,PH,1,13.91
3550,treatment,20.9,desktop,PH,0,0.0
3551,treatment,61.29,mobile,MY,0,0.0
3552,control,79.79,mobile,PH,0,0.0
3553,treatment,8.35,desktop,ID,0,0.0
3554,treatment,4.53,mobile,SG,0,0.0
3555,treatment,13.39,desktop,SG,0,0.0
3556,treatment,29.45,desktop,SG,0,0.0
3557,treatment,78.81,desktop,SG,0,0.0
3558,control,7.24,mobile,SG,0,0.0
3559,treatment,6.85,mobile,ID,0,0.0
3560,control,7.62,mobile,SG,0,0.0
3561,treatment,58.31,mobile,MY,0,0.0
3562,control,14.12,desktop,PH,0,0.0
3563,treatment,18.9,desktop,MY,0,0.0
3564,treatment,8.21,desktop,ID,0,0.0
3565,control,36.88,mobile,SG,0,0.0
3566,control,18.04,mobile,ID,1,14.78
3567,control,24.29,mobile,SG,1,12.15
3568,control,13.23,desktop,SG,0,0.0
3569,treatment,14.76,mobile,ID,0,0.0
3570,treatment,55.78,mobile,SG,0,0.0
3571,treatment,15.08,desktop,PH,0,0.0
3572,control,39.65,mobile,ID,0,0.0
3573,treatment,16.84,mobile,ID,0,0.0
3574,treatment,8.76,desktop,ID,0,0.0
3575,control,31.19,desktop,SG,0,0.0
3576,treatment,10.72,mobile,SG,0,0.0
3577,treatment,25.58,mobile,MY,0,0.0
3578,treatment,50.42,mobile,MY,0,0.0
3579,treatment,19.44,desktop,MY,0,0.0
3580,control,13.48,mobile,PH,0,0.0
3581,treatment,52.14,desktop,MY,0,0.0
3582,control,21.89,mobile,SG,0,0.0
3583,treatment,12.94,mobile,SG,0,0.0
3584,control,24.22,mobile,SG,0,0.0
3585,control,40.75,desktop,MY,1,18.18
3586,treatment,37.9,desktop,MY,0,0.0
3587,treatment,32.09,mobile,MY,0,0.0
3588,treatment,35.77,desktop,MY,0,0.0
3589,control,23.14,mobile,VN,1,26.61
3590,treatment,7.97,mobile,PH,1,16.35
3591,control,24.42,desktop,MY,1,14.21
3592,treatment,3.76,desktop,ID,0,0.0
3593,control,34.1,mobile,SG,0,0.0
3594,treatment,9.52,desktop,ID,0,0.0
3595,control,7.53,mobile,ID,0,0.0
3596,control,66.52,desktop,MY,0,0.0
3597,treatment,28.44,mobile,ID,0,0.0
3598,control,27.77,mobile,PH,0,0.0
3599,control,18.14,mobile,SG,0,0.0
3600,treatment,25.84,mobile,SG,0,0.0
3601,control,13.2,mobile,ID,0,0.0
3602,control,15.73,mobile,PH,0,0.0
3603,control,24.41,desktop,SG,0,0.0
3604,treatment,24.54,mobile,ID,0,0.0
3605,control,0.57,mobile,MY,0,0.0
3606,treatment,59.67,mobile,PH,0,0.0
3607,treatment,13.14,desktop,MY,0,0.0
3608,treatment,45.08,mobile,PH,0,0.0
3609,control,54.83,mobile,MY,0,0.0
3610,treatment,31.51,desktop,SG,0,0.0
3611,treatment,16.23,mobile,MY,0,0.0
3612,treatment,36.36,mobile,PH,0,0.0
3613,control,16.82,mobile,SG,0,0.0
3614,treatment,8.88,desktop,ID,0,0.0
3615,treatment,0.77,desktop,MY,0,0.0
3616,treatment,39.13,desktop,ID,0,0.0
3617,treatment,26.41,mobile,VN,1,13.72
3618,control,63.71,mobile,MY,0,0.0
3619,treatment,22.67,mobile,ID,0,0.0
3620,treatment,29.55,mobile,MY,0,0.0
3621,treatment,27.2,desktop,PH,0,0.0
3622,treatment,18.82,desktop,ID,0,0.0
3623,treatment,34.95,desktop,PH,0,0.0
3624,control,35.92,mobile,ID,0,0.0
3625,control,35.9,mobile,VN,0,0.0
3626,treatment,10.44,mobile,PH,0,0.0
3627,treatment,19.34,mobile,SG,0,0.0
3628,treatment,79.24,mobile,ID,0,0.0
3629,treatment,27.74,desktop,PH,0,0.0
3630,control,13.61,mobile,PH,0,0.0
3631,treatment,5.6,mobile,ID,0,0.0
3632,control,57.36,mobile,PH,1,55.89
3633,treatment,49.76,mobile,SG,0,0.0
3634,treatment,32.18,mobile,SG,0,0.0
3635,control,16.83,mobile,ID,0,0.0
3636,treatment,38.57,desktop,PH,0,0.0
3637,treatment,52.32,mobile,MY,0,0.0
3638,control,26.97,mobile,MY,0,0.0
3639,treatment,24.6,mobile,MY,0,0.0
3640,control,17.43,mobile,SG,0,0.0
3641,control,24.06,mobile,SG,0,0.0
3642,treatment,10.92,mobile,ID,0,0.0
3643,treatment,29.7,mobile,ID,1,42.9
3644,treatment,11.05,mobile,SG,0,0.0
3645,control,13.75,mobile,SG,0,0.0
3646,treatment,8.4,desktop,MY,0,0.0
3647,treatment,6.12,mobile,SG,0,0.0
3648,control,25.94,mobile,VN,0,0.0
3649,treatment,74.84,mobile,MY,0,0.0
3650,control,2.78,mobile,MY,0,0.0
3651,treatment,23.19,desktop,SG,0,0.0
3652,treatment,4.63,desktop,SG,0,0.0
3653,treatment,22.59,mobile,PH,0,0.0
3654,treatment,4.78,desktop,SG,0,0.0
3655,control,22.0,mobile,SG,0,0.0
3656,treatment,16.47,mobile,PH,1,17.66
3657,control,25.53,mobile,MY,0,0.0
3658,treatment,31.42,mobile,ID,0,0.0
3659,control,20.91,desktop,SG,0,0.0
3660,control,22.54,mobile,SG,0,0.0
3661,control,11.45,mobile,PH,1,14.42
3662,control,14.25,mobile,VN,0,0.0
3663,treatment,18.62,mobile,SG,0,0.0
3664,control,22.06,mobile,ID,0,0.0
3665,control,29.01,mobile,SG,0,0.0
3666,control,32.28,mobile,PH,0,0.0
3667,treatment,6.57,mobile,MY,1,6.86
3668,treatment,47.54,mobile,SG,0,0.0
3669,control,31.58,desktop,MY,0,0.0
3670,control,22.66,desktop,SG,0,0.0
3671,treatment,23.37,desktop,PH,0,0.0
3672,control,10.07,desktop,SG,0,0.0
3673,treatment,34.83,desktop,ID,0,0.0
3674,control,1.28,mobile,MY,0,0.0
3675,treatment,1.66,mobile,SG,0,0.0
3676,treatment,38.46,desktop,SG,0,0.0
3677,treatment,13.27,desktop,ID,0,0.0
3678,treatment,19.63,desktop,ID,0,0.0
3679,control,12.04,desktop,SG,0,0.0
3680,treatment,37.67,mobile,VN,0,0.0
3681,control,9.24,mobile,PH,0,0.0
3682,control,23.3,mobile,ID,1,28.69
3683,treatment,32.1,desktop,PH,0,0.0
3684,treatment,66.16,desktop,PH,0,0.0
3685,control,48.99,mobile,SG,0,0.0
3686,control,24.12,mobile,SG,0,0.0
3687,control,41.92,desktop,PH,0,0.0
3688,treatment,15.55,desktop,ID,1,20.97
3689,control,23.47,mobile,VN,0,0.0
3690,treatment,40.57,mobile,SG,0,0.0
3691,treatment,60.14,mobile,MY,0,0.0
3692,treatment,7.59,desktop,PH,0,0.0
3693,control,16.99,mobile,MY,0,0.0
3694,treatment,33.8,desktop,ID,0,0.0
3695,treatment,37.56,mobile,ID,0,0.0
3696,treatment,29.85,desktop,SG,0,0.0
3697,control,21.02,mobile,SG,1,58.61
3698,control,9.89,mobile,ID,0,0.0
3699,treatment,7.95,mobile,ID,0,0.0
3700,control,33.04,mobile,MY,0,0.0
3701,treatment,15.05,desktop,VN,0,0.0
3702,treatment,19.87,desktop,MY,0,0.0
3703,control,12.66,mobile,VN,0,0.0
3704,treatment,16.31,mobile,MY,0,0.0
3705,treatment,10.61,mobile,PH,0,0.0
3706,treatment,17.8,mobile,ID,0,0.0
3707,treatment,19.03,desktop,VN,0,0.0
3708,control,32.89,mobile,SG,0,0.0
3709,treatment,10.57,mobile,ID,0,0.0
3710,treatment,3.65,mobile,SG,0,0.0
3711,control,17.49,desktop,SG,0,0.0
3712,treatment,28.63,desktop,VN,0,0.0
3713,treatment,15.02,mobile,VN,0,0.0
3714,control,41.41,mobile,ID,0,0.0
3715,control,23.19,mobile,SG,0,0.0
3716,control,10.84,desktop,VN,0,0.0
3717,control,38.48,desktop,SG,0,0.0
3718,treatment,30.05,desktop,SG,0,0.0
3719,treatment,19.23,mobile,SG,0,0.0
3720,control,8.48,mobile,SG,1,3.48
3721,treatment,2.91,mobile,VN,0,0.0
3722,treatment,33.24,mobile,VN,0,0.0
3723,treatment,41.04,mobile,PH,0,0.0
3724,control,34.51,mobile,PH,0,0.0
3725,treatment,25.25,mobile,SG,1,5.75
3726,treatment,16.78,desktop,ID,0,0.0
3727,treatment,67.17,mobile,MY,0,0.0
3728,control,28.65,mobile,SG,0,0.0
3729,treatment,49.84,desktop,PH,0,0.0
3730,treatment,21.27,desktop,MY,0,0.0
3731,treatment,38.53,mobile,SG,1,8.23
3732,control,42.02,mobile,SG,0,0.0
3733,control,11.5,mobile,PH,0,0.0
3734,treatment,6.62,desktop,ID,0,0.0
3735,treatment,35.65,mobile,SG,0,0.0
3736,control,45.56,desktop,MY,0,0.0
3737,control,36.07,mobile,SG,0,0.0
3738,treatment,17.41,mobile,PH,0,0.0
3739,control,4.96,mobile,SG,0,0.0
3740,control,13.31,mobile,SG,0,0.0
3741,control,48.18,mobile,SG,0,0.0
3742,treatment,42.34,desktop,MY,0,0.0
3743,treatment,18.58,mobile,ID,0,0.0
3744,treatment,42.11,mobile,MY,0,0.0
3745,control,20.22,desktop,MY,0,0.0
3746,treatment,10.97,mobile,SG,0,0.0
3747,treatment,23.45,mobile,SG,0,0.0
3748,control,12.56,mobile,MY,0,0.0
3749,treatment,44.36,mobile,MY,0,0.0
3750,control,12.42,mobile,SG,0,0.0
3751,treatment,28.13,mobile,VN,0,0.0
3752,treatment,52.48,desktop,SG,1,6.13
3753,treatment,22.49,desktop,SG,0,0.0
3754,treatment,12.23,desktop,VN,0,0.0
3755,control,46.08,desktop,PH,0,0.0
3756,treatment,33.48,desktop,ID,0,0.0
3757,treatment,52.02,desktop,MY,0,0.0
3758,control,21.93,desktop,SG,0,0.0
3759,control,32.57,mobile,ID,0,0.0
3760,control,21.2,mobile,PH,0,0.0
3761,treatment,35.4,desktop,PH,0,0.0
3762,treatment,24.94,desktop,PH,1,19.91
3763,treatment,17.17,mobile,PH,0,0.0
3764,treatment,8.15,mobile,PH,0,0.0
3765,treatment,12.52,mobile,PH,0,0.0
3766,control,17.44,mobile,VN,0,0.0
3767,treatment,32.61,desktop,PH,0,0.0
3768,treatment,34.08,mobile,SG,0,0.0
3769,treatment,20.66,mobile,PH,1,14.92
3770,treatment,42.65,mobile,MY,0,0.0
3771,control,72.45,mobile,VN,0,0.0
3772,treatment,17.33,desktop,MY,0,0.0
3773,control,38.77,mobile,SG,0,0.0
3774,control,31.68,mobile,VN,0,0.0
3775,control,30.3,mobile,MY,0,0.0
3776,control,25.59,mobile,ID,0,0.0
3777,treatment,1.46,desktop,PH,0,0.0
3778,treatment,49.28,mobile,ID,0,0.0
3779,control,2.55,mobile,SG,0,0.0
3780,control,28.6,mobile,VN,0,0.0
3781,treatment,42.38,mobile,SG,1,18.51
3782,treatment,36.59,mobile,MY,0,0.0
3783,treatment,9.16,desktop,SG,0,0.0
3784,treatment,7.76,desktop,PH,0,0.0
3785,control,26.11,desktop,ID,0,0.0
3786,control,4.46,desktop,ID,0,0.0
3787,control,61.5,mobile,MY,0,0.0
3788,treatment,68.16,mobile,ID,0,0.0
3789,treatment,21.21,desktop,ID,0,0.0
3790,control,20.45,mobile,SG,0,0.0
3791,treatment,27.81,mobile,ID,0,0.0
3792,control,85.17,mobile,MY,0,0.0
3793,control,10.03,mobile,ID,0,0.0
3794,treatment,11.95,mobile,MY,0,0.0
3795,treatment,32.83,mobile,ID,0,0.0
3796,treatment,15.67,mobile,VN,0,0.0
3797,control,43.66,desktop,MY,0,0.0
3798,treatment,91.78,desktop,ID,0,0.0
3799,treatment,42.14,mobile,PH,0,0.0
3800,control,13.62,desktop,PH,0,0.0
3801,control,27.3,mobile,MY,0,0.0
3802,treatment,19.66,desktop,SG,0,0.0
3803,control,8.75,mobile,SG,0,0.0
3804,treatment,39.55,desktop,ID,0,0.0
3805,treatment,58.45,desktop,PH,1,55.77
3806,treatment,37.48,desktop,MY,0,0.0
3807,control,75.55,desktop,MY,0,0.0
3808,treatment,11.69,desktop,ID,0,0.0
3809,treatment,21.3,desktop,PH,0,0.0
3810,treatment,6.5,mobile,SG,0,0.0
3811,control,26.55,desktop,MY,0,0.0
3812,treatment,60.23,mobile,ID,0,0.0
3813,control,23.98,mobile,SG,0,0.0
3814,treatment,17.94,desktop,SG,0,0.0
3815,control,41.65,mobile,SG,0,0.0
3816,treatment,57.8,mobile,ID,0,0.0
3817,treatment,28.85,mobile,SG,0,0.0
3818,treatment,22.91,mobile,ID,0,0.0
3819,treatment,58.84,desktop,SG,0,0.0
3820,treatment,35.45,mobile,SG,0,0.0
3821,treatment,61.53,mobile,SG,0,0.0
3822,treatment,14.43,desktop,SG,0,0.0
3823,control,24.46,mobile,ID,1,54.7
3824,control,14.97,desktop,ID,0,0.0
3825,control,5.35,mobile,MY,0,0.0
3826,control,9.44,desktop,ID,0,0.0
3827,control,36.9,mobile,ID,0,0.0
3828,control,45.85,mobile,ID,0,0.0
3829,treatment,19.72,mobile,MY,0,0.0
3830,control,17.31,desktop,PH,0,0.0
3831,control,59.9,desktop,PH,0,0.0
3832,control,13.81,desktop,PH,1,8.43
3833,treatment,37.02,mobile,PH,0,0.0
3834,treatment,8.19,mobile,MY,0,0.0
3835,control,4.66,mobile,PH,0,0.0
3836,treatment,27.98,mobile,ID,0,0.0
3837,control,22.82,mobile,SG,0,0.0
3838,control,14.13,mobile,MY,0,0.0
3839,treatment,5.46,desktop,ID,0,0.0
3840,treatment,29.8,desktop,VN,0,0.0
3841,treatment,11.84,mobile,SG,0,0.0
3842,treatment,77.02,mobile,SG,0,0.0
3843,treatment,36.02,desktop,PH,0,0.0
3844,control,15.26,mobile,MY,0,0.0
3845,control,8.63,desktop,SG,0,0.0
3846,treatment,23.53,mobile,PH,0,0.0
3847,treatment,13.73,mobile,PH,0,0.0
3848,control,7.54,desktop,MY,0,0.0
3849,treatment,38.74,mobile,ID,0,0.0
3850,treatment,12.38,desktop,MY,0,0.0
3851,treatment,36.84,mobile,ID,0,0.0
3852,control,15.15,mobile,MY,0,0.0
3853,treatment,32.34,mobile,ID,0,0.0
3854,control,29.7,mobile,ID,0,0.0
3855,treatment,51.65,mobile,VN,0,0.0
3856,control,45.06,mobile,ID,0,0.0
3857,treatment,10.63,mobile,VN,0,0.0
3858,treatment,45.8,desktop,SG,0,0.0
3859,treatment,82.31,desktop,VN,1,45.69
3860,control,11.58,mobile,MY,0,0.0
3861,treatment,42.1,mobile,PH,0,0.0
3862,treatment,23.29,mobile,ID,1,8.47
3863,treatment,33.26,mobile,SG,0,0.0
3864,treatment,121.83,mobile,SG,0,0.0
3865,treatment,9.89,mobile,SG,0,0.0
3866,control,26.86,desktop,MY,0,0.0
3867,treatment,9.12,mobile,SG,0,0.0
3868,treatment,21.52,mobile,MY,1,43.56
3869,control,47.83,mobile,PH,0,0.0
3870,treatment,24.81,mobile,PH,0,0.0
3871,treatment,10.36,mobile,ID,0,0.0
3872,control,49.81,desktop,PH,0,0.0
3873,treatment,34.66,mobile,SG,0,0.0
3874,control,12.57,mobile,MY,0,0.0
3875,treatment,36.16,mobile,SG,0,0.0
3876,treatment,3.46,mobile,SG,0,0.0
3877,treatment,28.71,mobile,MY,0,0.0
3878,treatment,20.14,mobile,MY,0,0.0
3879,control,55.62,desktop,MY,0,0.0
3880,control,22.61,mobile,SG,0,0.0
3881,control,4.53,mobile,VN,0,0.0
3882,treatment,104.12,mobile,ID,0,0.0
3883,treatment,25.84,mobile,ID,0,0.0
3884,treatment,29.01,mobile,VN,0,0.0
3885,control,6.27,mobile,MY,0,0.0
3886,treatment,80.41,mobile,SG,0,0.0
3887,treatment,69.63,mobile,MY,0,0.0
3888,treatment,64.94,mobile,SG,0,0.0
3889,treatment,35.72,mobile,PH,0,0.0
3890,treatment,49.94,desktop,MY,0,0.0
3891,control,46.24,desktop,PH,0,0.0
3892,control,6.46,desktop,MY,0,0.0
3893,control,62.41,mobile,ID,0,0.0
3894,treatment,7.83,mobile,MY,0,0.0
3895,control,40.38,mobile,PH,0,0.0
3896,treatment,46.13,mobile,MY,0,0.0
3897,control,4.33,mobile,SG,1,7.98
3898,control,49.89,mobile,ID,0,0.0
3899,treatment,35.74,desktop,ID,0,0.0
3900,control,33.36,mobile,MY,1,35.31
3901,treatment,19.46,mobile,ID,0,0.0
3902,treatment,30.29,mobile,SG,0,0.0
3903,control,48.15,mobile,VN,0,0.0
3904,control,12.4,mobile,SG,0,0.0
3905,treatment,9.02,mobile,ID,0,0.0
3906,control,52.22,mobile,MY,0,0.0
3907,treatment,2.03,mobile,PH,0,0.0
3908,control,56.68,mobile,SG,0,0.0
3909,treatment,1.95,desktop,MY,1,12.46
3910,treatment,23.14,desktop,PH,0,0.0
3911,treatment,60.87,mobile,PH,0,0.0
3912,treatment,57.04,mobile,SG,0,0.0
3913,treatment,16.98,mobile,ID,0,0.0
3914,control,49.55,mobile,SG,0,0.0
3915,treatment,47.04,desktop,MY,0,0.0
3916,treatment,0.24,mobile,PH,0,0.0
3917,control,34.97,mobile,VN,0,0.0
3918,treatment,10.1,mobile,MY,0,0.0
3919,treatment,84.22,mobile,MY,0,0.0
3920,control,13.41,mobile,ID,0,0.0
3921,treatment,85.67,mobile,SG,1,34.2
3922,control,38.83,mobile,MY,1,17.92
3923,treatment,52.2,desktop,SG,0,0.0
3924,control,48.46,mobile,SG,0,0.0
3925,treatment,35.72,mobile,PH,0,0.0
3926,control,15.63,mobile,SG,0,0.0
3927,treatment,16.15,mobile,VN,0,0.0
3928,treatment,14.37,mobile,PH,0,0.0
3929,treatment,9.24,mobile,SG,0,0.0
3930,control,18.63,desktop,MY,0,0.0
3931,control,27.66,mobile,ID,0,0.0
3932,control,20.99,mobile,SG,0,0.0
3933,control,53.09,mobile,MY,0,0.0
3934,treatment,20.55,mobile,PH,0,0.0
3935,treatment,49.77,desktop,SG,1,5.11
3936,treatment,36.09,mobile,PH,0,0.0
3937,control,72.32,mobile,ID,1,7.36
3938,treatment,39.02,mobile,MY,0,0.0
3939,treatment,59.25,mobile,SG,0,0.0
3940,treatment,45.02,mobile,MY,0,0.0
3941,control,26.57,mobile,ID,0,0.0
3942,treatment,52.4,desktop,ID,0,0.0
3943,treatment,9.87,mobile,SG,0,0.0
3944,control,30.2,mobile,MY,0,0.0
3945,control,30.86,mobile,SG,0,0.0
3946,treatment,50.77,desktop,SG,0,0.0
3947,treatment,6.8,mobile,VN,0,0.0
3948,control,26.21,mobile,VN,1,12.76
3949,treatment,41.63,mobile,SG,0,0.0
3950,control,46.95,mobile,MY,0,0.0
3951,control,16.74,mobile,ID,0,0.0
3952,treatment,8.19,desktop,PH,0,0.0
3953,control,35.14,mobile,SG,1,11.98
3954,treatment,7.11,mobile,MY,0,0.0
3955,treatment,28.07,desktop,SG,0,0.0
3956,control,25.57,mobile,PH,0,0.0
3957,treatment,31.14,mobile,SG,0,0.0
3958,treatment,62.43,mobile,SG,0,0.0
3959,treatment,50.11,mobile,ID,0,0.0
3960,treatment,37.06,desktop,SG,0,0.0
3961,treatment,43.76,desktop,ID,0,0.0
3962,treatment,23.99,desktop,SG,0,0.0
3963,treatment,34.83,desktop,VN,0,0.0
3964,treatment,33.07,mobile,MY,0,0.0
3965,control,17.27,mobile,MY,0,0.0
3966,treatment,29.79,mobile,ID,0,0.0
3967,treatment,82.97,desktop,SG,0,0.0
3968,treatment,25.54,desktop,ID,0,0.0
3969,control,30.81,desktop,PH,0,0.0
3970,treatment,11.83,mobile,VN,0,0.0
3971,treatment,12.94,mobile,ID,0,0.0
3972,control,9.05,mobile,ID,0,0.0
3973,control,14.51,mobile,SG,0,0.0
3974,treatment,65.39,mobile,SG,0,0.0
3975,control,27.47,desktop,MY,0,0.0
3976,control,2.59,mobile,MY,1,48.17
3977,control,60.35,mobile,PH,0,0.0
3978,treatment,16.5,desktop,MY,0,0.0
3979,treatment,11.18,desktop,ID,0,0.0
3980,treatment,66.77,mobile,VN,0,0.0
3981,control,28.48,mobile,ID,0,0.0
3982,treatment,86.47,mobile,PH,0,0.0
3983,treatment,31.95,desktop,SG,0,0.0
3984,treatment,15.14,mobile,SG,0,0.0
3985,treatment,15.3,mobile,MY,0,0.0
3986,control,28.33,mobile,ID,0,0.0
3987,treatment,16.75,desktop,MY,0,0.0
3988,control,40.69,desktop,VN,0,0.0
3989,treatment,23.54,desktop,MY,0,0.0
3990,treatment,81.52,mobile,PH,0,0.0
3991,control,17.34,mobile,SG,0,0.0
3992,control,35.0,mobile,ID,0,0.0
3993,treatment,83.03,mobile,ID,1,55.95
3994,treatment,44.78,desktop,PH,0,0.0
3995,treatment,72.45,desktop,ID,0,0.0
3996,treatment,69.31,desktop,MY,0,0.0
3997,control,23.73,mobile,SG,0,0.0
3998,treatment,18.8,mobile,SG,0,0.0
3999,treatment,1.85,mobile,MY,0,0.0
4000,treatment,26.91,mobile,ID,0,0.0
4001,control,24.48,mobile,SG,0,0.0
4002,treatment,33.74,mobile,PH,0,0.0
4003,control,74.79,mobile,ID,1,47.87
4004,control,22.83,mobile,ID,0,0.0
4005,treatment,21.38,desktop,PH,0,0.0
4006,control,38.56,mobile,SG,0,0.0
4007,treatment,23.26,mobile,VN,0,0.0
4008,treatment,18.58,mobile,MY,1,7.42
4009,control,14.14,mobile,SG,0,0.0
4010,treatment,26.52,mobile,MY,1,41.74
4011,treatment,34.55,mobile,MY,0,0.0
4012,treatment,11.7,mobile,ID,0,0.0
4013,control,17.5,mobile,MY,0,0.0
4014,treatment,27.87,desktop,MY,0,0.0
4015,treatment,12.32,desktop,MY,0,0.0
4016,control,47.15,desktop,SG,0,0.0
4017,control,48.48,desktop,ID,1,22.75
4018,treatment,20.96,desktop,SG,1,24.09
4019,treatment,117.88,mobile,PH,0,0.0
4020,control,51.13,mobile,SG,0,0.0
4021,treatment,38.86,desktop,ID,0,0.0
4022,treatment,34.63,mobile,MY,0,0.0
4023,treatment,57.9,mobile,PH,0,0.0
4024,control,68.99,mobile,PH,0,0.0
4025,treatment,36.28,mobile,VN,0,0.0
4026,treatment,116.19,mobile,VN,0,0.0
4027,treatment,27.74,desktop,PH,0,0.0
4028,treatment,17.36,mobile,SG,0,0.0
4029,control,13.37,desktop,MY,0,0.0
4030,control,18.85,desktop,SG,0,0.0
4031,treatment,23.21,mobile,MY,0,0.0
4032,treatment,20.35,desktop,PH,1,17.52
4033,treatment,16.99,desktop,ID,0,0.0
4034,treatment,40.58,mobile,SG,0,0.0
4035,treatment,8.94,desktop,MY,0,0.0
4036,treatment,8.13,mobile,MY,0,0.0
4037,control,26.45,mobile,SG,0,0.0
4038,treatment,20.5,mobile,MY,0,0.0
4039,treatment,12.79,mobile,SG,0,0.0
4040,treatment,87.73,mobile,SG,0,0.0
4041,control,21.8,mobile,MY,0,0.0
4042,treatment,34.34,desktop,SG,0,0.0
4043,treatment,8.61,desktop,SG,0,0.0
4044,control,155.08,mobile,ID,1,16.46
4045,treatment,20.42,mobile,SG,1,43.84
4046,treatment,49.3,mobile,ID,0,0.0
4047,treatment,31.27,desktop,ID,0,0.0
4048,treatment,40.52,mobile,SG,0,0.0
4049,control,16.72,mobile,VN,0,0.0
4050,control,1.6,mobile,ID,0,0.0
4051,control,6.59,desktop,ID,0,0.0
4052,control,71.68,mobile,ID,0,0.0
4053,control,38.92,mobile,VN,0,0.0
4054,treatment,41.14,desktop,SG,0,0.0
4055,control,17.05,mobile,SG,0,0.0
4056,treatment,20.81,mobile,PH,0,0.0
4057,control,19.79,mobile,ID,0,0.0
4058,treatment,9.73,desktop,PH,0,0.0
4059,treatment,42.87,mobile,VN,0,0.0
4060,treatment,15.21,desktop,SG,0,0.0
4061,treatment,5.19,desktop,SG,0,0.0
4062,treatment,27.53,mobile,MY,0,0.0
4063,treatment,24.48,desktop,SG,0,0.0
4064,treatment,15.6,mobile,PH,0,0.0
4065,treatment,31.71,mobile,VN,0,0.0
4066,treatment,39.57,desktop,VN,0,0.0
4067,treatment,55.1,desktop,PH,0,0.0
4068,control,16.87,desktop,ID,0,0.0
4069,control,15.19,desktop,VN,1,13.03
4070,treatment,42.36,desktop,VN,1,19.04
4071,control,27.85,mobile,ID,0,0.0
4072,treatment,19.5,mobile,MY,0,0.0
4073,treatment,46.65,mobile,MY,0,0.0
4074,treatment,62.64,mobile,ID,0,0.0
4075,treatment,42.35,mobile,SG,0,0.0
4076,treatment,11.59,mobile,ID,0,0.0
4077,control,1.07,mobile,ID,0,0.0
4078,treatment,48.47,mobile,ID,0,0.0
4079,treatment,21.58,mobile,VN,0,0.0
4080,treatment,24.72,desktop,MY,1,8.79
4081,control,92.93,mobile,ID,1,12.65
4082,treatment,47.52,desktop,MY,0,0.0
4083,treatment,30.53,mobile,SG,0,0.0
4084,treatment,26.8,desktop,MY,0,0.0
4085,treatment,5.62,mobile,MY,0,0.0
4086,treatment,39.96,desktop,SG,0,0.0
4087,treatment,23.59,mobile,SG,0,0.0
4088,control,34.72,desktop,MY,0,0.0
4089,treatment,63.7,mobile,SG,0,0.0
4090,control,14.26,mobile,SG,0,0.0
4091,control,37.77,mobile,SG,0,0.0
4092,control,2.72,mobile,PH,0,0.0
4093,treatment,4.29,desktop,ID,0,0.0
4094,control,34.81,mobile,ID,0,0.0
4095,treatment,45.99,mobile,SG,0,0.0
4096,treatment,15.21,desktop,SG,0,0.0
4097,treatment,55.3,mobile,ID,0,0.0
4098,control,26.05,mobile,SG,1,29.42
4099,treatment,54.05,desktop,SG,0,0.0
4100,control,13.97,mobile,SG,1,31.37
4101,treatment,12.53,desktop,ID,0,0.0
4102,treatment,57.68,mobile,ID,0,0.0
4103,treatment,62.63,mobile,SG,0,0.0
4104,control,12.14,desktop,VN,0,0.0
4105,control,65.2,desktop,PH,0,0.0
4106,treatment,35.33,mobile,PH,0,0.0
4107,treatment,11.05,mobile,PH,0,0.0
4108,control,13.4,mobile,PH,1,24.69
4109,treatment,25.05,mobile,SG,1,10.81
4110,treatment,22.51,mobile,ID,0,0.0
4111,treatment,47.44,desktop,MY,0,0.0
4112,treatment,21.29,desktop,MY,0,0.0
4113,treatment,5.4,desktop,MY,0,0.0
4114,control,49.04,mobile,SG,0,0.0
4115,treatment,86.36,mobile,SG,1,6.13
4116,control,4.53,mobile,MY,0,0.0
4117,treatment,50.18,mobile,MY,0,0.0
4118,control,5.62,mobile,MY,0,0.0
4119,treatment,41.17,mobile,VN,0,0.0
4120,control,19.58,mobile,MY,0,0.0
4121,control,9.1,mobile,MY,0,0.0
4122,treatment,28.09,desktop,MY,0,0.0
4123,treatment,14.8,desktop,SG,0,0.0
4124,treatment,73.98,desktop,MY,0,0.0
4125,treatment,22.89,desktop,MY,0,0.0
4126,control,33.09,mobile,MY,1,7.77
4127,treatment,27.12,mobile,ID,0,0.0
4128,treatment,46.58,desktop,MY,0,0.0
4129,treatment,15.03,mobile,PH,0,0.0
4130,treatment,87.82,desktop,SG,0,0.0
4131,control,31.1,mobile,ID,0,0.0
4132,treatment,31.52,desktop,PH,0,0.0
4133,control,27.97,mobile,PH,0,0.0
4134,treatment,30.81,desktop,VN,0,0.0
4135,treatment,21.42,desktop,ID,0,0.0
4136,control,19.18,mobile,ID,0,0.0
4137,control,20.76,mobile,ID,0,0.0
4138,treatment,32.98,mobile,ID,0,0.0
4139,control,51.75,mobile,SG,1,20.18
4140,treatment,34.04,mobile,ID,1,15.07
4141,treatment,23.39,desktop,VN,0,0.0
4142,control,36.8,mobile,SG,0,0.0
4143,treatment,49.44,desktop,PH,0,0.0
4144,treatment,38.94,desktop,MY,0,0.0
4145,control,76.37,mobile,ID,1,43.11
4146,control,27.85,desktop,PH,1,6.39
4147,control,28.34,mobile,MY,0,0.0
4148,treatment,16.98,desktop,MY,0,0.0
4149,treatment,14.34,mobile,SG,0,0.0
4150,treatment,32.26,desktop,SG,0,0.0
4151,treatment,20.83,mobile,MY,0,0.0
4152,treatment,42.87,mobile,ID,0,0.0
4153,control,22.79,mobile,MY,0,0.0
4154,treatment,29.17,mobile,SG,0,0.0
4155,treatment,83.53,mobile,PH,0,0.0
4156,control,47.77,mobile,SG,0,0.0
4157,treatment,53.12,desktop,SG,0,0.0
4158,control,15.24,desktop,MY,1,25.66
4159,treatment,12.76,mobile,SG,0,0.0
4160,control,19.36,desktop,ID,0,0.0
4161,treatment,58.17,mobile,VN,0,0.0
4162,control,11.95,mobile,PH,1,7.6
4163,control,28.84,mobile,PH,0,0.0
4164,control,72.07,mobile,SG,0,0.0
4165,treatment,20.38,mobile,VN,1,30.71
4166,treatment,27.59,mobile,MY,0,0.0
4167,treatment,41.27,mobile,SG,0,0.0
4168,treatment,6.49,desktop,SG,0,0.0
4169,treatment,61.35,desktop,ID,0,0.0
4170,treatment,22.15,mobile,ID,0,0.0
4171,control,22.03,mobile,SG,0,0.0
4172,treatment,5.05,mobile,ID,0,0.0
4173,treatment,14.71,mobile,SG,0,0.0
4174,treatment,1.34,desktop,SG,0,0.0
4175,treatment,58.8,mobile,SG,1,56.15
4176,control,64.92,desktop,VN,0,0.0
4177,control,13.75,mobile,SG,1,12.66
4178,treatment,53.25,mobile,SG,1,66.26
4179,treatment,37.65,mobile,SG,0,0.0
4180,treatment,12.97,desktop,PH,0,0.0
4181,treatment,11.18,mobile,PH,0,0.0
4182,control,5.08,mobile,MY,0,0.0
4183,treatment,6.61,mobile,ID,0,0.0
4184,treatment,39.32,mobile,MY,0,0.0
4185,treatment,91.47,mobile,SG,0,0.0
4186,treatment,38.25,mobile,ID,0,0.0
4187,control,4.15,mobile,PH,0,0.0
4188,treatment,19.4,desktop,ID,0,0.0
4189,control,24.45,desktop,SG,0,0.0
4190,treatment,7.2,mobile,MY,0,0.0
4191,treatment,12.37,mobile,VN,1,12.19
4192,treatment,33.74,mobile,ID,0,0.0
4193,treatment,20.23,mobile,ID,0,0.0
4194,control,14.17,mobile,MY,0,0.0
4195,control,4.75,mobile,MY,0,0.0
4196,treatment,47.35,desktop,ID,0,0.0
4197,treatment,34.92,mobile,VN,0,0.0
4198,treatment,85.06,mobile,PH,0,0.0
4199,treatment,7.63,mobile,SG,0,0.0
4200,control,40.62,mobile,ID,0,0.0
4201,treatment,42.15,mobile,SG,0,0.0
4202,control,28.6,mobile,SG,0,0.0
4203,control,14.01,mobile,ID,0,0.0
4204,control,18.46,mobile,SG,0,0.0
4205,treatment,26.79,desktop,MY,0,0.0
4206,control,3.46,mobile,SG,0,0.0
4207,treatment,41.86,desktop,VN,0,0.0
4208,treatment,27.7,mobile,VN,0,0.0
4209,treatment,19.91,mobile,VN,0,0.0
4210,treatment,28.57,mobile,SG,0,0.0
4211,control,28.49,mobile,ID,0,0.0
4212,treatment,35.59,desktop,ID,0,0.0
4213,treatment,29.77,desktop,ID,0,0.0
4214,treatment,12.89,mobile,MY,0,0.0
4215,control,15.65,mobile,SG,1,1.7
4216,treatment,28.08,mobile,SG,0,0.0
4217,treatment,24.74,desktop,PH,1,42.18
4218,control,66.54,mobile,SG,0,0.0
4219,control,15.55,mobile,ID,0,0.0
4220,control,19.15,mobile,SG,0,0.0
4221,treatment,20.49,desktop,ID,0,0.0
4222,treatment,7.12,mobile,ID,0,0.0
4223,treatment,28.61,mobile,SG,0,0.0
4224,control,11.44,mobile,PH,0,0.0
4225,treatment,18.21,mobile,ID,0,0.0
4226,treatment,12.56,mobile,ID,0,0.0
4227,treatment,22.68,desktop,MY,0,0.0
4228,control,28.87,mobile,SG,0,0.0
4229,treatment,24.01,desktop,SG,0,0.0
4230,control,31.92,mobile,SG,0,0.0
4231,treatment,9.59,mobile,PH,0,0.0
4232,treatment,17.51,mobile,SG,0,0.0
4233,treatment,76.88,mobile,SG,0,0.0
4234,treatment,17.68,desktop,SG,0,0.0
4235,control,36.55,mobile,ID,0,0.0
4236,treatment,49.71,mobile,SG,0,0.0
4237,treatment,4.21,desktop,ID,0,0.0
4238,treatment,28.8,desktop,SG,0,0.0
4239,treatment,18.72,mobile,SG,0,0.0
4240,treatment,28.77,mobile,VN,0,0.0
4241,control,24.45,mobile,SG,0,0.0
4242,treatment,36.72,mobile,MY,0,0.0
4243,treatment,9.02,desktop,MY,0,0.0
4244,treatment,7.45,mobile,ID,0,0.0
4245,control,34.19,desktop,PH,0,0.0
4246,control,28.57,mobile,ID,1,27.32
4247,treatment,2.34,mobile,MY,0,0.0
4248,treatment,69.44,desktop,SG,0,0.0
4249,control,21.45,mobile,VN,0,0.0
4250,control,23.19,desktop,ID,0,0.0
4251,treatment,4.98,mobile,SG,0,0.0
4252,treatment,27.08,desktop,SG,0,0.0
4253,control,33.21,mobile,ID,0,0.0
4254,treatment,39.84,mobile,SG,0,0.0
4255,control,10.35,mobile,PH,0,0.0
4256,treatment,144.65,desktop,SG,0,0.0
4257,control,43.35,mobile,VN,0,0.0
4258,treatment,47.88,desktop,MY,0,0.0
4259,control,82.25,mobile,ID,0,0.0
4260,control,22.93,desktop,SG,0,0.0
4261,control,30.15,mobile,SG,0,0.0
4262,control,2.53,desktop,MY,0,0.0
4263,treatment,4.3,desktop,ID,0,0.0
4264,control,22.75,desktop,PH,0,0.0
4265,control,27.82,mobile,ID,1,13.02
4266,control,22.54,mobile,ID,0,0.0
4267,treatment,17.86,mobile,ID,0,0.0
4268,treatment,38.9,desktop,ID,0,0.0
4269,treatment,39.88,mobile,PH,0,0.0
4270,treatment,19.16,mobile,SG,0,0.0
4271,treatment,26.52,mobile,ID,0,0.0
4272,treatment,35.07,desktop,SG,0,0.0
4273,treatment,29.8,mobile,MY,0,0.0
4274,treatment,6.43,desktop,PH,0,0.0
4275,treatment,19.07,desktop,ID,0,0.0
4276,treatment,17.06,desktop,ID,0,0.0
4277,control,60.85,mobile,VN,0,0.0
4278,treatment,12.04,mobile,SG,1,34.17
4279,treatment,21.95,desktop,ID,0,0.0
4280,control,19.93,desktop,VN,1,28.94
4281,control,18.04,mobile,SG,0,0.0
4282,treatment,5.42,desktop,SG,0,0.0
4283,control,76.06,mobile,PH,0,0.0
4284,control,23.27,desktop,SG,0,0.0
4285,control,35.47,desktop,VN,0,0.0
4286,treatment,30.96,mobile,MY,0,0.0
4287,control,17.74,desktop,SG,1,46.16
4288,treatment,23.01,mobile,SG,0,0.0
4289,treatment,56.2,desktop,SG,1,6.52
4290,control,6.92,mobile,ID,0,0.0
4291,treatment,23.55,desktop,PH,0,0.0
4292,control,30.36,mobile,PH,0,0.0
4293,treatment,18.34,mobile,PH,0,0.0
4294,treatment,18.18,mobile,MY,0,0.0
4295,treatment,37.58,mobile,SG,0,0.0
4296,treatment,21.12,mobile,ID,0,0.0
4297,treatment,83.69,mobile,ID,0,0.0
4298,treatment,38.03,mobile,ID,0,0.0
4299,treatment,63.89,mobile,PH,0,0.0
4300,control,39.77,mobile,ID,0,0.0
4301,treatment,11.5,mobile,ID,0,0.0
4302,treatment,22.51,mobile,PH,0,0.0
4303,treatment,24.85,mobile,ID,0,0.0
4304,treatment,25.01,desktop,SG,0,0.0
4305,treatment,37.5,mobile,ID,0,0.0
4306,treatment,35.27,mobile,PH,0,0.0
4307,treatment,25.92,mobile,ID,0,0.0
4308,treatment,7.96,desktop,ID,0,0.0
4309,treatment,69.97,desktop,ID,0,0.0
4310,control,18.47,desktop,SG,0,0.0
4311,treatment,16.27,desktop,ID,0,0.0
4312,control,2.42,mobile,SG,1,9.58
4313,control,39.43,mobile,SG,1,21.09
4314,treatment,48.96,desktop,PH,1,16.6
4315,control,48.02,desktop,PH,0,0.0
4316,control,2.32,mobile,SG,0,0.0
4317,control,52.3,mobile,ID,0,0.0
4318,treatment,18.99,desktop,SG,0,0.0
4319,control,19.73,mobile,PH,0,0.0
4320,treatment,13.6,mobile,SG,0,0.0
4321,control,36.66,mobile,SG,0,0.0
4322,treatment,49.02,mobile,SG,0,0.0
4323,treatment,25.37,desktop,VN,0,0.0
4324,treatment,18.95,mobile,SG,0,0.0
4325,treatment,52.77,desktop,MY,0,0.0
4326,treatment,22.84,desktop,MY,0,0.0
4327,control,29.2,desktop,ID,1,6.14
4328,treatment,17.64,desktop,PH,0,0.0
4329,control,31.25,mobile,SG,1,21.52
4330,treatment,34.79,mobile,ID,0,0.0
4331,treatment,13.03,desktop,SG,0,0.0
4332,treatment,7.18,mobile,VN,0,0.0
4333,treatment,21.28,mobile,MY,0,0.0
4334,control,7.46,mobile,ID,0,0.0
4335,treatment,22.24,desktop,SG,0,0.0
4336,treatment,50.2,mobile,SG,0,0.0
4337,treatment,19.82,mobile,ID,0,0.0
4338,treatment,1.24,desktop,SG,1,21.68
4339,control,10.83,desktop,SG,0,0.0
4340,control,29.02,mobile,ID,0,0.0
4341,treatment,28.41,mobile,ID,1,39.99
4342,control,12.78,mobile,VN,0,0.0
4343,treatment,36.63,mobile,SG,0,0.0
4344,treatment,13.1,desktop,VN,0,0.0
4345,control,66.39,mobile,ID,0,0.0
4346,treatment,45.7,mobile,MY,0,0.0
4347,control,110.95,mobile,ID,0,0.0
4348,control,37.39,mobile,ID,0,0.0
4349,treatment,29.87,desktop,VN,0,0.0
4350,control,8.51,desktop,MY,0,0.0
4351,control,26.34,mobile,PH,0,0.0
4352,control,9.2,mobile,MY,0,0.0
4353,treatment,49.79,mobile,SG,0,0.0
4354,control,13.34,desktop,ID,1,19.82
4355,treatment,108.51,desktop,MY,0,0.0
4356,control,23.11,mobile,PH,0,0.0
4357,treatment,99.33,mobile,ID,0,0.0
4358,control,6.02,desktop,VN,0,0.0
4359,treatment,17.4,desktop,ID,0,0.0
4360,control,7.73,desktop,SG,1,26.97
4361,control,8.96,mobile,ID,0,0.0
4362,treatment,25.14,mobile,SG,1,6.95
4363,control,4.13,desktop,MY,0,0.0
4364,treatment,38.86,mobile,PH,0,0.0
4365,control,23.01,desktop,ID,0,0.0
4366,control,16.01,mobile,SG,0,0.0
4367,treatment,18.41,mobile,SG,0,0.0
4368,treatment,16.91,desktop,VN,0,0.0
4369,control,121.18,mobile,ID,0,0.0
4370,control,20.75,mobile,MY,0,0.0
4371,treatment,22.04,mobile,VN,0,0.0
4372,treatment,17.32,desktop,PH,0,0.0
4373,treatment,49.47,mobile,MY,1,37.16
4374,control,30.59,mobile,ID,0,0.0
4375,treatment,28.75,mobile,ID,0,0.0
4376,control,3.87,desktop,MY,0,0.0
4377,control,23.06,mobile,ID,0,0.0
4378,control,51.04,mobile,ID,0,0.0
4379,control,11.91,desktop,PH,0,0.0
4380,control,54.23,mobile,SG,0,0.0
4381,control,31.23,mobile,PH,0,0.0
4382,control,30.86,desktop,ID,0,0.0
4383,control,38.66,desktop,SG,1,13.22
4384,treatment,16.42,desktop,PH,0,0.0
4385,treatment,22.38,mobile,MY,0,0.0
4386,treatment,51.67,mobile,PH,0,0.0
4387,treatment,63.28,mobile,MY,0,0.0
4388,treatment,54.54,desktop,SG,0,0.0
4389,control,66.98,mobile,ID,0,0.0
4390,treatment,55.64,mobile,VN,0,0.0
4391,control,5.65,mobile,SG,0,0.0
4392,treatment,35.9,mobile,MY,1,15.87
4393,treatment,5.84,desktop,SG,0,0.0
4394,control,10.28,mobile,MY,1,6.4
4395,control,8.05,mobile,ID,0,0.0
4396,treatment,12.27,mobile,PH,0,0.0
4397,treatment,27.34,desktop,PH,0,0.0
4398,control,11.25,desktop,ID,0,0.0
4399,control,29.23,mobile,MY,0,0.0
4400,treatment,51.47,desktop,PH,1,16.38
4401,treatment,33.74,mobile,MY,0,0.0
4402,treatment,3.87,mobile,SG,0,0.0
4403,control,20.82,desktop,PH,0,0.0
4404,treatment,40.77,mobile,SG,0,0.0
4405,treatment,19.76,mobile,MY,0,0.0
4406,control,33.88,mobile,VN,0,0.0
4407,treatment,11.74,mobile,VN,0,0.0
4408,control,19.88,mobile,SG,0,0.0
4409,treatment,43.32,mobile,MY,1,51.5
4410,treatment,9.1,mobile,ID,0,0.0
4411,treatment,23.81,desktop,PH,0,0.0
4412,control,21.84,mobile,MY,0,0.0
4413,treatment,17.92,desktop,SG,0,0.0
4414,treatment,33.06,mobile,ID,0,0.0
4415,control,57.22,mobile,PH,0,0.0
4416,treatment,20.65,desktop,ID,0,0.0
4417,treatment,14.69,mobile,PH,0,0.0
4418,treatment,20.34,desktop,PH,0,0.0
4419,control,60.44,mobile,SG,0,0.0
4420,treatment,11.76,desktop,MY,0,0.0
4421,treatment,9.89,desktop,MY,0,0.0
4422,control,15.78,mobile,SG,0,0.0
4423,treatment,40.91,desktop,SG,0,0.0
4424,control,24.91,desktop,MY,0,0.0
4425,treatment,40.19,mobile,PH,0,0.0
4426,treatment,9.03,desktop,PH,0,0.0
4427,control,20.89,mobile,ID,1,12.29
4428,control,9.98,mobile,SG,0,0.0
4429,control,10.48,mobile,ID,0,0.0
4430,treatment,32.04,mobile,SG,0,0.0
4431,treatment,21.09,mobile,SG,0,0.0
4432,treatment,87.71,mobile,SG,0,0.0
4433,treatment,55.06,mobile,ID,1,34.3
4434,treatment,25.76,desktop,MY,1,29.0
4435,control,20.48,desktop,MY,0,0.0
4436,treatment,6.37,mobile,MY,1,22.28
4437,control,4.5,mobile,SG,0,0.0
4438,treatment,52.46,desktop,MY,0,0.0
4439,treatment,15.44,desktop,MY,0,0.0
4440,treatment,30.0,mobile,SG,0,0.0
4441,control,26.63,mobile,SG,0,0.0
4442,treatment,41.64,desktop,PH,0,0.0
4443,treatment,76.98,mobile,ID,0,0.0
4444,control,44.93,desktop,MY,1,27.23
4445,control,22.05,mobile,ID,0,0.0
4446,control,61.89,mobile,PH,0,0.0
4447,treatment,36.36,desktop,ID,0,0.0
4448,control,22.41,mobile,MY,0,0.0
4449,treatment,28.5,mobile,SG,0,0.0
4450,treatment,47.64,mobile,ID,1,41.16
4451,treatment,61.02,mobile,ID,0,0.0
4452,treatment,15.31,mobile,VN,0,0.0
4453,treatment,19.77,desktop,ID,0,0.0
4454,control,6.91,desktop,ID,0,0.0
4455,treatment,46.31,desktop,SG,0,0.0
4456,control,21.42,mobile,VN,0,0.0
4457,control,70.53,mobile,MY,1,22.31
4458,treatment,64.34,desktop,SG,0,0.0
4459,treatment,29.38,mobile,SG,0,0.0
4460,control,30.68,mobile,PH,0,0.0
4461,treatment,13.72,mobile,MY,0,0.0
4462,treatment,14.1,desktop,VN,0,0.0
4463,treatment,26.23,mobile,VN,0,0.0
4464,treatment,20.93,mobile,ID,0,0.0
4465,control,75.13,mobile,PH,0,0.0
4466,control,14.86,mobile,SG,0,0.0
4467,treatment,39.54,desktop,MY,0,0.0
4468,treatment,21.78,mobile,ID,0,0.0
4469,control,27.84,desktop,SG,0,0.0
4470,control,34.05,mobile,SG,0,0.0
4471,control,9.27,mobile,SG,0,0.0
4472,control,43.28,desktop,PH,1,3.51
4473,control,58.74,mobile,SG,0,0.0
4474,treatment,53.71,mobile,MY,0,0.0
4475,control,22.3,mobile,ID,1,12.42
4476,treatment,12.41,mobile,ID,0,0.0
4477,treatment,46.61,mobile,ID,0,0.0
4478,control,16.62,desktop,MY,0,0.0
4479,control,30.2,desktop,VN,0,0.0
4480,control,4.15,mobile,ID,0,0.0
4481,control,6.04,mobile,SG,0,0.0
4482,control,21.92,desktop,PH,0,0.0
4483,treatment,21.44,desktop,SG,1,42.99
4484,treatment,10.68,mobile,SG,0,0.0
4485,control,4.44,mobile,SG,0,0.0
4486,control,32.69,mobile,ID,0,0.0
4487,treatment,4.93,desktop,ID,0,0.0
4488,treatment,13.76,desktop,VN,0,0.0
4489,control,42.25,desktop,ID,0,0.0
4490,treatment,24.45,desktop,PH,0,0.0
4491,treatment,32.37,mobile,ID,1,59.13
4492,treatment,27.81,mobile,PH,1,33.82
4493,control,28.54,mobile,ID,0,0.0
4494,treatment,21.77,desktop,ID,0,0.0
4495,treatment,10.64,mobile,SG,0,0.0
4496,treatment,52.75,mobile,ID,0,0.0
4497,control,28.95,mobile,SG,0,0.0
4498,treatment,27.61,desktop,MY,0,0.0
4499,treatment,135.39,mobile,SG,0,0.0
4500,treatment,10.32,mobile,SG,0,0.0
4501,control,53.07,mobile,PH,0,0.0
4502,treatment,29.63,desktop,ID,0,0.0
4503,treatment,7.81,mobile,MY,0,0.0
4504,control,15.75,mobile,PH,0,0.0
4505,control,18.39,mobile,MY,0,0.0
4506,treatment,6.43,mobile,VN,0,0.0
4507,control,16.79,mobile,PH,0,0.0
4508,treatment,44.49,desktop,SG,1,47.52
4509,treatment,59.47,mobile,PH,0,0.0
4510,control,31.73,mobile,MY,0,0.0
4511,treatment,27.74,mobile,ID,1,14.27
4512,treatment,22.52,mobile,ID,0,0.0
4513,treatment,13.69,desktop,PH,0,0.0
4514,control,18.49,desktop,MY,0,0.0
4515,control,32.86,mobile,MY,1,8.92
4516,treatment,6.83,mobile,MY,0,0.0
4517,treatment,21.26,desktop,PH,0,0.0
4518,control,27.68,mobile,MY,0,0.0
4519,treatment,29.98,mobile,ID,0,0.0
4520,treatment,6.15,mobile,PH,0,0.0
4521,control,67.04,mobile,MY,0,0.0
4522,treatment,37.47,desktop,SG,0,0.0
4523,control,12.08,desktop,PH,0,0.0
4524,control,17.67,desktop,SG,0,0.0
4525,control,43.36,mobile,ID,0,0.0
4526,treatment,48.6,mobile,PH,0,0.0
4527,treatment,13.57,mobile,PH,0,0.0
4528,control,10.95,desktop,MY,0,0.0
4529,treatment,57.97,desktop,VN,0,0.0
4530,treatment,36.18,mobile,ID,0,0.0
4531,treatment,23.91,desktop,PH,0,0.0
4532,control,17.06,mobile,ID,0,0.0
4533,control,22.46,mobile,SG,0,0.0
4534,control,11.13,desktop,VN,0,0.0
4535,treatment,48.42,desktop,SG,1,41.59
4536,treatment,29.66,desktop,SG,1,35.1
4537,treatment,32.43,desktop,SG,0,0.0
4538,treatment,107.48,desktop,ID,0,0.0
4539,treatment,33.61,desktop,ID,0,0.0
4540,control,10.12,mobile,VN,0,0.0
4541,control,15.6,mobile,ID,0,0.0
4542,treatment,51.54,mobile,PH,0,0.0
4543,treatment,59.01,mobile,SG,0,0.0
4544,control,30.05,desktop,ID,0,0.0
4545,treatment,19.8,mobile,SG,1,13.74
4546,treatment,46.83,mobile,ID,1,29.09
4547,treatment,10.27,desktop,SG,0,0.0
4548,treatment,11.56,mobile,ID,0,0.0
4549,control,22.76,mobile,SG,1,5.58
4550,treatment,35.16,mobile,MY,0,0.0
4551,control,29.29,mobile,ID,0,0.0
4552,control,31.46,desktop,SG,0,0.0
4553,control,8.31,mobile,PH,0,0.0
4554,control,18.59,mobile,SG,0,0.0
4555,control,23.98,mobile,MY,0,0.0
4556,control,18.72,mobile,SG,0,0.0
4557,control,15.73,mobile,SG,0,0.0
4558,treatment,37.82,mobile,MY,0,0.0
4559,control,20.05,desktop,SG,0,0.0
4560,control,12.12,mobile,ID,0,0.0
4561,control,52.24,desktop,ID,0,0.0
4562,control,27.79,mobile,ID,1,1.53
4563,control,5.03,mobile,MY,0,0.0
4564,treatment,34.63,mobile,ID,1,8.82
4565,control,85.9,mobile,MY,0,0.0
4566,treatment,47.82,mobile,VN,0,0.0
4567,treatment,55.46,desktop,MY,0,0.0
4568,control,60.73,desktop,SG,0,0.0
4569,treatment,34.59,mobile,ID,0,0.0
4570,treatment,14.41,mobile,MY,0,0.0
4571,control,51.69,mobile,VN,1,20.42
4572,treatment,8.94,desktop,PH,0,0.0
4573,treatment,27.5,desktop,MY,0,0.0
4574,control,39.41,desktop,SG,0,0.0
4575,control,32.09,desktop,SG,0,0.0
4576,control,18.99,desktop,SG,1,41.61
4577,treatment,9.26,mobile,VN,0,0.0
4578,treatment,83.38,mobile,MY,0,0.0
4579,treatment,42.62,mobile,SG,0,0.0
4580,treatment,16.01,desktop,ID,0,0.0
4581,control,10.13,desktop,MY,0,0.0
4582,control,28.54,mobile,ID,0,0.0
4583,treatment,27.56,mobile,SG,0,0.0
4584,control,29.38,mobile,ID,0,0.0
4585,treatment,64.19,desktop,ID,1,13.87
4586,control,14.06,desktop,VN,0,0.0
4587,treatment,35.37,mobile,ID,0,0.0
4588,control,5.42,desktop,SG,0,0.0
4589,control,20.99,mobile,ID,0,0.0
4590,control,66.41,mobile,SG,0,0.0
4591,control,8.02,mobile,ID,0,0.0
4592,control,45.25,desktop,PH,0,0.0
4593,control,18.86,desktop,SG,0,0.0
4594,control,22.45,desktop,MY,0,0.0
4595,treatment,16.56,mobile,PH,0,0.0
4596,treatment,36.7,desktop,MY,0,0.0
4597,control,38.84,desktop,ID,0,0.0
4598,treatment,49.11,desktop,SG,0,0.0
4599,control,19.29,mobile,VN,0,0.0
4600,treatment,14.02,desktop,SG,1,7.59
4601,control,56.5,mobile,MY,0,0.0
4602,control,15.68,mobile,ID,0,0.0
4603,control,38.62,desktop,MY,0,0.0
4604,treatment,14.8,mobile,ID,0,0.0
4605,control,37.92,desktop,SG,0,0.0
4606,treatment,134.01,desktop,MY,0,0.0
4607,control,44.86,mobile,SG,1,24.36
4608,treatment,14.24,mobile,VN,0,0.0
4609,control,27.22,mobile,SG,0,0.0
4610,treatment,31.14,desktop,VN,1,26.98
4611,treatment,24.73,mobile,ID,0,0.0
4612,control,45.35,mobile,ID,0,0.0
4613,treatment,45.23,mobile,MY,1,6.68
4614,treatment,31.5,desktop,SG,1,27.27
4615,treatment,73.84,mobile,PH,0,0.0
4616,treatment,12.45,mobile,SG,0,0.0
4617,treatment,15.78,mobile,SG,0,0.0
4618,treatment,2.23,mobile,MY,0,0.0
4619,control,30.16,desktop,PH,0,0.0
4620,treatment,20.67,mobile,SG,0,0.0
4621,treatment,35.29,mobile,PH,0,0.0
4622,treatment,13.86,desktop,ID,0,0.0
4623,treatment,12.62,desktop,PH,1,6.32
4624,treatment,27.26,desktop,VN,0,0.0
4625,control,15.35,mobile,PH,0,0.0
4626,treatment,32.84,desktop,SG,0,0.0
4627,treatment,32.38,mobile,VN,0,0.0
4628,treatment,24.35,mobile,MY,0,0.0
4629,treatment,43.64,mobile,SG,0,0.0
4630,treatment,28.53,desktop,SG,0,0.0
4631,treatment,19.31,desktop,SG,0,0.0
4632,treatment,12.01,mobile,SG,0,0.0
4633,treatment,34.56,desktop,PH,0,0.0
4634,control,13.7,mobile,SG,0,0.0
4635,control,50.83,mobile,ID,0,0.0
4636,control,33.7,mobile,MY,0,0.0
4637,treatment,17.33,mobile,MY,0,0.0
4638,treatment,10.1,mobile,ID,0,0.0
4639,control,8.71,mobile,MY,0,0.0
4640,control,63.71,desktop,MY,0,0.0
4641,control,2.7,mobile,MY,0,0.0
4642,treatment,13.58,mobile,MY,0,0.0
4643,control,123.55,mobile,MY,0,0.0
4644,treatment,48.46,desktop,PH,0,0.0
4645,control,75.87,mobile,SG,0,0.0
4646,treatment,39.39,mobile,MY,0,0.0
4647,control,29.21,mobile,ID,0,0.0
4648,control,37.01,mobile,PH,0,0.0
4649,treatment,8.03,mobile,MY,0,0.0
4650,control,14.01,desktop,ID,0,0.0
4651,control,10.87,desktop,PH,0,0.0
4652,control,9.11,desktop,SG,0,0.0
4653,treatment,118.49,mobile,PH,0,0.0
4654,control,12.34,mobile,ID,0,0.0
4655,treatment,50.5,mobile,ID,0,0.0
4656,treatment,3.35,mobile,PH,0,0.0
4657,control,2.62,mobile,MY,0,0.0
4658,treatment,27.35,desktop,SG,0,0.0
4659,control,41.43,mobile,SG,1,20.29
4660,treatment,8.97,desktop,SG,0,0.0
4661,treatment,21.47,mobile,SG,1,22.6
4662,control,64.13,desktop,VN,0,0.0
4663,treatment,59.11,mobile,MY,0,0.0
4664,control,12.1,mobile,SG,0,0.0
4665,treatment,82.15,desktop,VN,0,0.0
4666,treatment,71.74,desktop,ID,0,0.0
4667,treatment,51.56,desktop,SG,1,91.03
4668,treatment,6.32,desktop,PH,0,0.0
4669,treatment,14.25,mobile,MY,1,7.75
4670,control,35.96,mobile,PH,0,0.0
4671,treatment,24.74,mobile,ID,0,0.0
4672,control,27.78,mobile,ID,0,0.0
4673,treatment,37.05,mobile,VN,0,0.0
4674,treatment,31.46,desktop,ID,0,0.0
4675,treatment,45.09,mobile,MY,0,0.0
4676,treatment,73.65,desktop,SG,0,0.0
4677,control,31.82,mobile,MY,0,0.0
4678,treatment,19.81,mobile,PH,0,0.0
4679,control,26.42,desktop,MY,0,0.0
4680,control,9.19,mobile,VN,1,7.34
4681,treatment,29.2,mobile,SG,0,0.0
4682,treatment,59.24,mobile,MY,0,0.0
4683,control,3.17,mobile,SG,0,0.0
4684,control,3.95,mobile,MY,0,0.0
4685,treatment,52.18,mobile,MY,0,0.0
4686,treatment,15.28,mobile,MY,0,0.0
4687,control,24.34,desktop,SG,0,0.0
4688,control,36.77,desktop,MY,0,0.0
4689,treatment,82.08,mobile,ID,0,0.0
4690,control,51.41,mobile,SG,0,0.0
4691,control,51.95,mobile,MY,0,0.0
4692,control,43.5,desktop,MY,0,0.0
4693,control,12.92,desktop,PH,0,0.0
4694,treatment,36.72,mobile,PH,0,0.0
4695,treatment,71.57,desktop,ID,0,0.0
4696,treatment,0.96,mobile,SG,0,0.0
4697,treatment,3.17,desktop,MY,0,0.0
4698,control,40.53,desktop,VN,0,0.0
4699,treatment,8.99,desktop,ID,0,0.0
4700,treatment,20.79,desktop,PH,1,15.28
4701,treatment,33.05,desktop,MY,0,0.0
4702,control,78.54,mobile,MY,0,0.0
4703,treatment,26.09,desktop,PH,0,0.0
4704,treatment,31.59,mobile,PH,0,0.0
4705,treatment,63.85,mobile,MY,0,0.0
4706,treatment,14.39,desktop,SG,0,0.0
4707,treatment,7.06,desktop,ID,0,0.0
4708,control,63.58,mobile,VN,0,0.0
4709,treatment,2.36,desktop,SG,1,4.06
4710,control,5.42,mobile,ID,0,0.0
4711,control,8.25,mobile,PH,0,0.0
4712,treatment,45.09,mobile,ID,0,0.0
4713,treatment,46.35,desktop,SG,0,0.0
4714,control,39.15,mobile,SG,1,15.16
4715,control,54.83,mobile,MY,0,0.0
4716,control,13.25,mobile,SG,0,0.0
4717,treatment,21.95,desktop,MY,0,0.0
4718,treatment,15.96,mobile,ID,0,0.0
4719,treatment,27.06,desktop,ID,0,0.0
4720,treatment,26.45,mobile,SG,0,0.0
4721,control,8.9,mobile,SG,0,0.0
4722,control,33.91,mobile,SG,0,0.0
4723,treatment,40.6,mobile,SG,0,0.0
4724,treatment,44.07,mobile,SG,0,0.0
4725,control,22.92,mobile,MY,0,0.0
4726,treatment,30.95,desktop,SG,1,22.7
4727,treatment,20.62,mobile,ID,0,0.0
4728,treatment,3.92,mobile,SG,0,0.0
4729,treatment,59.07,mobile,ID,0,0.0
4730,treatment,60.05,mobile,PH,0,0.0
4731,treatment,11.48,desktop,ID,0,0.0
4732,treatment,20.98,mobile,ID,0,0.0
4733,treatment,31.39,mobile,PH,0,0.0
4734,control,36.45,mobile,ID,0,0.0
4735,control,29.04,mobile,ID,0,0.0
4736,control,25.84,desktop,MY,0,0.0
4737,treatment,32.12,desktop,SG,0,0.0
4738,treatment,6.43,mobile,ID,0,0.0
4739,control,31.48,desktop,SG,0,0.0
4740,treatment,22.33,desktop,MY,0,0.0
4741,treatment,92.81,mobile,MY,0,0.0
4742,treatment,78.46,mobile,SG,0,0.0
4743,control,36.14,mobile,PH,0,0.0
4744,control,19.71,desktop,MY,0,0.0
4745,treatment,46.85,mobile,ID,0,0.0
4746,treatment,12.22,mobile,MY,0,0.0
4747,treatment,66.42,mobile,SG,1,37.15
4748,control,21.16,mobile,SG,0,0.0
4749,control,28.44,mobile,ID,0,0.0
4750,treatment,11.57,mobile,PH,0,0.0
4751,treatment,13.81,mobile,PH,1,15.37
4752,treatment,82.44,mobile,ID,0,0.0
4753,treatment,39.26,mobile,SG,0,0.0
4754,control,21.15,mobile,SG,0,0.0
4755,control,53.88,mobile,ID,0,0.0
4756,treatment,22.8,desktop,PH,0,0.0
4757,control,31.87,mobile,MY,0,0.0
4758,treatment,34.45,desktop,SG,0,0.0
4759,control,14.62,mobile,SG,0,0.0
4760,control,26.47,mobile,ID,0,0.0
4761,treatment,48.26,desktop,PH,1,36.86
4762,control,36.68,mobile,VN,0,0.0
4763,treatment,7.19,mobile,SG,0,0.0
4764,control,20.7,desktop,ID,0,0.0
4765,treatment,110.95,mobile,SG,0,0.0
4766,treatment,11.61,desktop,PH,0,0.0
4767,control,15.58,mobile,MY,0,0.0
4768,treatment,27.94,mobile,VN,0,0.0
4769,control,8.14,mobile,SG,0,0.0
4770,treatment,4.12,mobile,PH,0,0.0
4771,treatment,63.8,mobile,ID,0,0.0
4772,control,5.48,desktop,SG,0,0.0
4773,treatment,55.72,mobile,ID,1,41.72
4774,control,30.98,mobile,SG,0,0.0
4775,treatment,34.07,mobile,VN,1,36.11
4776,treatment,87.28,desktop,PH,0,0.0
4777,treatment,10.01,desktop,ID,0,0.0
4778,treatment,6.14,mobile,ID,0,0.0
4779,treatment,55.88,mobile,VN,0,0.0
4780,control,56.91,mobile,PH,1,12.18
4781,treatment,35.32,mobile,ID,0,0.0
4782,treatment,13.0,desktop,SG,0,0.0
4783,control,8.33,desktop,ID,0,0.0
4784,treatment,21.94,mobile,SG,0,0.0
4785,treatment,35.29,desktop,ID,1,28.65
4786,treatment,9.12,desktop,PH,0,0.0
4787,treatment,54.76,desktop,ID,0,0.0
4788,control,15.7,mobile,VN,0,0.0
4789,treatment,20.49,mobile,ID,0,0.0
4790,control,55.08,desktop,SG,0,0.0
4791,treatment,18.67,desktop,ID,0,0.0
4792,treatment,52.83,mobile,SG,0,0.0
4793,treatment,31.26,mobile,ID,0,0.0
4794,treatment,14.03,desktop,ID,0,0.0
4795,control,15.58,mobile,ID,0,0.0
4796,control,37.55,mobile,MY,0,0.0
4797,treatment,44.55,desktop,VN,1,19.15
4798,treatment,45.59,mobile,MY,0,0.0
4799,treatment,61.08,desktop,MY,0,0.0
4800,control,44.01,desktop,SG,0,0.0
4801,treatment,40.22,mobile,VN,0,0.0
4802,treatment,22.18,mobile,PH,0,0.0
4803,treatment,25.84,mobile,SG,0,0.0
4804,control,10.6,mobile,MY,0,0.0
4805,treatment,16.77,desktop,ID,0,0.0
4806,control,26.43,mobile,PH,0,0.0
4807,control,19.82,mobile,PH,0,0.0
4808,control,3.8,mobile,ID,0,0.0
4809,treatment,9.16,mobile,VN,0,0.0
4810,treatment,68.24,desktop,MY,0,0.0
4811,control,8.24,mobile,SG,0,0.0
4812,control,60.7,mobile,SG,0,0.0
4813,control,34.04,mobile,SG,1,2.72
4814,treatment,40.39,mobile,VN,0,0.0
4815,treatment,41.4,mobile,PH,0,0.0
4816,treatment,18.35,mobile,SG,0,0.0
4817,control,13.5,mobile,MY,0,0.0
4818,treatment,17.52,mobile,MY,0,0.0
4819,control,43.66,mobile,MY,0,0.0
4820,treatment,10.18,mobile,VN,0,0.0
4821,treatment,27.65,desktop,ID,0,0.0
4822,treatment,32.5,mobile,SG,1,6.72
4823,control,38.29,mobile,PH,0,0.0
4824,treatment,35.37,desktop,ID,0,0.0
4825,treatment,7.62,mobile,MY,0,0.0
4826,treatment,82.45,mobile,ID,0,0.0
4827,treatment,16.09,mobile,PH,0,0.0
4828,control,42.86,mobile,ID,0,0.0
4829,control,24.65,mobile,PH,0,0.0
4830,treatment,23.06,mobile,ID,0,0.0
4831,control,16.71,mobile,MY,1,5.95
4832,treatment,69.09,desktop,SG,0,0.0
4833,control,19.92,mobile,ID,0,0.0
4834,control,8.57,mobile,SG,0,0.0
4835,treatment,7.94,desktop,ID,0,0.0
4836,treatment,16.0,mobile,SG,0,0.0
4837,treatment,53.57,desktop,VN,0,0.0
4838,treatment,19.78,mobile,MY,0,0.0
4839,treatment,28.01,mobile,VN,0,0.0
4840,treatment,55.21,mobile,ID,0,0.0
4841,treatment,46.37,mobile,SG,0,0.0
4842,control,49.0,mobile,SG,0,0.0
4843,treatment,41.46,mobile,PH,0,0.0
4844,control,27.55,mobile,ID,0,0.0
4845,treatment,31.49,mobile,ID,0,0.0
4846,control,38.24,desktop,ID,0,0.0
4847,treatment,31.75,mobile,PH,0,0.0
4848,treatment,28.84,desktop,VN,0,0.0
4849,treatment,17.93,mobile,ID,1,5.88
4850,treatment,12.41,mobile,PH,0,0.0
4851,treatment,22.2,mobile,VN,1,12.11
4852,treatment,13.94,mobile,ID,0,0.0
4853,treatment,6.58,mobile,SG,1,45.92
4854,treatment,50.04,mobile,SG,0,0.0
4855,treatment,10.94,mobile,ID,0,0.0
4856,treatment,48.95,desktop,SG,0,0.0
4857,control,40.39,mobile,SG,0,0.0
4858,treatment,26.47,mobile,MY,0,0.0
4859,treatment,72.54,mobile,SG,0,0.0
4860,treatment,7.28,desktop,PH,0,0.0
4861,treatment,27.78,mobile,MY,1,11.19
4862,control,64.36,mobile,ID,0,0.0
4863,treatment,33.7,mobile,MY,0,0.0
4864,control,14.07,desktop,ID,0,0.0
4865,control,8.24,desktop,VN,0,0.0
4866,treatment,28.31,mobile,ID,1,4.82
4867,treatment,6.8,mobile,PH,0,0.0
4868,treatment,46.18,desktop,ID,0,0.0
4869,control,40.7,mobile,PH,0,0.0
4870,control,2.23,mobile,SG,0,0.0
4871,treatment,17.43,mobile,VN,0,0.0
4872,treatment,64.64,desktop,PH,0,0.0
4873,treatment,43.86,desktop,MY,0,0.0
4874,treatment,10.6,mobile,SG,0,0.0
4875,control,8.49,mobile,ID,0,0.0
4876,control,8.88,mobile,SG,0,0.0
4877,control,13.08,mobile,SG,0,0.0
4878,control,37.02,mobile,ID,0,0.0
4879,treatment,31.29,desktop,MY,0,0.0
4880,treatment,66.47,mobile,MY,0,0.0
4881,treatment,36.21,mobile,PH,0,0.0
4882,control,53.02,desktop,MY,1,20.97
4883,treatment,22.52,mobile,ID,0,0.0
4884,control,17.79,mobile,ID,0,0.0
4885,treatment,14.21,mobile,ID,0,0.0
4886,control,8.63,mobile,SG,0,0.0
4887,control,83.73,mobile,ID,0,0.0
4888,treatment,12.05,mobile,VN,0,0.0
4889,treatment,54.26,desktop,SG,0,0.0
4890,control,18.72,mobile,SG,0,0.0
4891,treatment,38.22,mobile,MY,0,0.0
4892,treatment,40.52,mobile,PH,0,0.0
4893,treatment,62.43,mobile,SG,1,12.03
4894,treatment,15.33,desktop,VN,0,0.0
4895,control,30.53,mobile,ID,0,0.0
4896,treatment,18.85,mobile,MY,0,0.0
4897,treatment,40.98,desktop,ID,0,0.0
4898,treatment,58.07,mobile,PH,0,0.0
4899,treatment,12.07,mobile,ID,0,0.0
4900,treatment,46.72,desktop,MY,0,0.0
4901,treatment,19.86,desktop,VN,0,0.0
4902,treatment,5.49,desktop,PH,0,0.0
4903,treatment,11.92,mobile,MY,0,0.0
4904,control,36.61,desktop,ID,0,0.0
4905,control,29.81,mobile,SG,0,0.0
4906,control,13.66,desktop,MY,1,29.13
4907,treatment,19.69,desktop,SG,0,0.0
4908,treatment,27.84,desktop,SG,0,0.0
4909,control,46.29,desktop,SG,1,10.32
4910,treatment,11.15,desktop,SG,0,0.0
4911,control,9.84,desktop,SG,0,0.0
4912,control,52.67,desktop,PH,0,0.0
4913,treatment,21.13,mobile,SG,0,0.0
4914,treatment,10.0,mobile,ID,0,0.0
4915,treatment,57.51,desktop,SG,0,0.0
4916,treatment,34.64,mobile,SG,0,0.0
4917,treatment,15.04,mobile,ID,0,0.0
4918,treatment,24.35,mobile,SG,0,0.0
4919,treatment,27.28,desktop,ID,1,22.69
4920,treatment,10.34,desktop,SG,0,0.0
4921,control,12.35,mobile,VN,0,0.0
4922,control,66.21,mobile,MY,0,0.0
4923,control,33.21,mobile,PH,0,0.0
4924,treatment,28.81,desktop,ID,0,0.0
4925,treatment,28.91,mobile,ID,0,0.0
4926,treatment,20.75,desktop,MY,0,0.0
4927,treatment,26.23,desktop,MY,0,0.0
4928,treatment,51.33,desktop,SG,1,18.37
4929,control,20.24,mobile,ID,0,0.0
4930,control,40.98,mobile,MY,0,0.0
4931,control,4.52,mobile,ID,1,14.29
4932,treatment,24.77,mobile,VN,0,0.0
4933,treatment,42.64,desktop,SG,0,0.0
4934,treatment,31.35,desktop,SG,1,29.91
4935,treatment,14.0,desktop,SG,0,0.0
4936,control,37.25,mobile,SG,0,0.0
4937,treatment,69.4,mobile,SG,0,0.0
4938,treatment,2.01,mobile,SG,0,0.0
4939,treatment,29.45,mobile,MY,1,33.51
4940,treatment,28.2,mobile,ID,0,0.0
4941,treatment,30.14,mobile,SG,0,0.0
4942,control,10.1,mobile,MY,0,0.0
4943,control,61.68,desktop,VN,1,31.39
4944,treatment,10.71,mobile,ID,0,0.0
4945,control,24.95,mobile,MY,0,0.0
4946,control,41.14,mobile,ID,0,0.0
4947,treatment,45.98,desktop,ID,0,0.0
4948,treatment,69.31,desktop,SG,1,35.46
4949,control,10.44,mobile,ID,0,0.0
4950,control,14.42,mobile,PH,0,0.0
4951,control,44.52,mobile,MY,0,0.0
4952,treatment,38.75,desktop,PH,0,0.0
4953,treatment,24.39,desktop,PH,0,0.0
4954,control,24.85,mobile,ID,0,0.0
4955,treatment,23.04,mobile,SG,0,0.0
4956,treatment,21.24,mobile,MY,0,0.0
4957,treatment,5.56,mobile,SG,0,0.0
4958,treatment,59.8,mobile,VN,0,0.0
4959,control,6.72,desktop,ID,0,0.0
4960,treatment,35.92,desktop,SG,0,0.0
4961,treatment,15.21,mobile,PH,0,0.0
4962,treatment,57.64,desktop,SG,0,0.0
4963,treatment,13.36,desktop,MY,0,0.0
4964,treatment,13.52,desktop,SG,1,29.12
4965,treatment,47.98,mobile,MY,0,0.0
4966,control,10.53,mobile,PH,0,0.0
4967,treatment,40.99,mobile,SG,1,54.7
4968,control,17.69,mobile,MY,0,0.0
4969,control,24.06,mobile,SG,0,0.0
4970,treatment,52.18,desktop,MY,0,0.0
4971,treatment,46.56,mobile,PH,0,0.0
4972,treatment,17.1,mobile,MY,0,0.0
4973,treatment,36.01,mobile,ID,0,0.0
4974,treatment,37.3,desktop,SG,0,0.0
4975,treatment,43.0,mobile,VN,0,0.0
4976,control,16.36,mobile,SG,0,0.0
4977,treatment,78.45,desktop,MY,1,8.86
4978,treatment,14.15,mobile,SG,0,0.0
4979,treatment,7.69,mobile,SG,0,0.0
4980,treatment,19.87,mobile,ID,0,0.0
4981,treatment,27.69,mobile,MY,0,0.0
4982,treatment,107.49,mobile,MY,0,0.0
4983,control,11.95,desktop,MY,0,0.0
4984,control,23.74,mobile,VN,0,0.0
4985,control,15.05,mobile,SG,0,0.0
4986,treatment,26.92,desktop,SG,0,0.0
4987,treatment,20.94,mobile,PH,0,0.0
4988,treatment,57.89,mobile,SG,0,0.0
4989,control,12.35,mobile,MY,0,0.0
4990,control,14.93,desktop,SG,0,0.0
4991,treatment,36.35,mobile,MY,0,0.0
4992,treatment,25.61,desktop,ID,0,0.0
4993,control,52.1,mobile,SG,0,0.0
4994,control,16.23,mobile,ID,1,52.11
4995,treatment,47.85,desktop,PH,0,0.0
4996,control,16.82,mobile,SG,0,0.0
4997,treatment,13.01,mobile,VN,0,0.0
4998,control,45.47,mobile,SG,0,0.0
4999,treatment,30.7,desktop,SG,0,0.0
5000,treatment,29.96,mobile,SG,0,0.0
5001,control,9.56,mobile,MY,0,0.0
5002,treatment,15.64,mobile,ID,0,0.0
5003,treatment,31.08,mobile,SG,0,0.0
5004,treatment,14.8,desktop,VN,0,0.0
5005,control,10.33,mobile,ID,0,0.0
5006,treatment,14.62,mobile,ID,0,0.0
5007,treatment,24.08,mobile,MY,0,0.0
5008,treatment,8.21,desktop,SG,0,0.0
5009,treatment,46.1,mobile,MY,0,0.0
5010,treatment,6.87,mobile,MY,0,0.0
5011,treatment,20.65,mobile,MY,0,0.0
5012,control,27.98,desktop,SG,1,25.7
5013,treatment,15.31,mobile,SG,1,13.71
5014,control,23.5,desktop,SG,0,0.0
5015,treatment,4.08,mobile,ID,0,0.0
5016,treatment,16.13,mobile,ID,0,0.0
5017,treatment,37.67,desktop,MY,0,0.0
5018,treatment,29.09,desktop,ID,0,0.0
5019,treatment,19.19,desktop,MY,0,0.0
5020,control,32.84,mobile,ID,0,0.0
5021,treatment,18.5,mobile,SG,0,0.0
5022,control,17.73,mobile,VN,0,0.0
5023,treatment,42.13,desktop,SG,0,0.0
5024,treatment,17.97,mobile,SG,1,24.3
5025,control,13.86,mobile,PH,0,0.0
5026,treatment,43.4,mobile,SG,0,0.0
5027,treatment,92.28,desktop,VN,0,0.0
5028,treatment,3.13,desktop,ID,0,0.0
5029,treatment,59.84,mobile,MY,0,0.0
5030,treatment,71.27,mobile,ID,0,0.0
5031,treatment,14.01,desktop,SG,0,0.0
5032,control,7.45,mobile,SG,0,0.0
5033,control,10.86,mobile,ID,0,0.0
5034,control,39.34,mobile,SG,0,0.0
5035,control,12.71,mobile,ID,0,0.0
5036,control,4.67,mobile,MY,0,0.0
5037,control,4.88,mobile,SG,0,0.0
5038,treatment,34.57,mobile,MY,0,0.0
5039,treatment,24.68,mobile,VN,0,0.0
5040,treatment,24.87,mobile,VN,0,0.0
5041,control,19.59,mobile,PH,0,0.0
5042,treatment,53.89,mobile,ID,0,0.0
5043,treatment,19.42,mobile,SG,1,29.27
5044,control,25.73,desktop,MY,0,0.0
5045,treatment,52.49,mobile,PH,1,4.52
5046,treatment,35.42,mobile,SG,0,0.0
5047,control,7.05,desktop,MY,0,0.0
5048,treatment,68.94,desktop,MY,0,0.0
5049,control,12.06,mobile,ID,0,0.0
5050,treatment,8.58,mobile,PH,0,0.0
5051,control,34.15,mobile,MY,0,0.0
5052,treatment,6.46,mobile,VN,0,0.0
5053,treatment,15.1,mobile,VN,0,0.0
5054,treatment,46.94,mobile,MY,0,0.0
5055,treatment,34.41,mobile,MY,0,0.0
5056,control,24.84,desktop,PH,0,0.0
5057,control,57.31,mobile,MY,0,0.0
5058,treatment,16.43,mobile,ID,0,0.0
5059,treatment,10.29,mobile,SG,0,0.0
5060,treatment,53.88,mobile,ID,0,0.0
5061,control,62.87,mobile,ID,0,0.0
5062,treatment,26.52,desktop,SG,0,0.0
5063,treatment,34.96,desktop,ID,1,54.51
5064,treatment,38.62,mobile,SG,0,0.0
5065,control,22.18,desktop,PH,0,0.0
5066,control,2.66,mobile,SG,1,20.72
5067,control,38.27,mobile,ID,0,0.0
5068,treatment,18.68,desktop,ID,0,0.0
5069,control,30.44,mobile,PH,0,0.0
5070,treatment,23.63,mobile,ID,0,0.0
5071,treatment,53.31,mobile,MY,0,0.0
5072,treatment,33.4,desktop,VN,0,0.0
5073,treatment,24.85,mobile,SG,0,0.0
5074,control,2.56,mobile,SG,0,0.0
5075,treatment,17.3,mobile,SG,0,0.0
5076,treatment,66.03,desktop,VN,1,45.31
5077,treatment,80.09,mobile,VN,0,0.0
5078,control,43.44,mobile,SG,0,0.0
5079,control,27.59,desktop,ID,0,0.0
5080,treatment,21.06,desktop,ID,0,0.0
5081,control,3.12,mobile,MY,0,0.0
5082,treatment,12.07,mobile,PH,0,0.0
5083,treatment,33.65,mobile,MY,0,0.0
5084,control,18.3,mobile,SG,0,0.0
5085,control,37.57,desktop,ID,0,0.0
5086,treatment,34.9,mobile,MY,0,0.0
5087,treatment,63.22,desktop,ID,0,0.0
5088,control,55.75,mobile,MY,1,27.18
5089,treatment,37.48,mobile,SG,0,0.0
5090,treatment,41.06,desktop,SG,0,0.0
5091,treatment,59.66,mobile,MY,0,0.0
5092,treatment,41.12,mobile,ID,0,0.0
5093,treatment,13.54,desktop,SG,1,20.26
5094,treatment,26.44,mobile,ID,0,0.0
5095,control,35.74,mobile,SG,0,0.0
5096,control,75.73,mobile,MY,0,0.0
5097,treatment,25.99,mobile,MY,0,0.0
5098,treatment,9.99,mobile,SG,0,0.0
5099,treatment,74.82,desktop,SG,0,0.0
5100,control,4.88,mobile,ID,0,0.0
5101,control,28.66,desktop,SG,0,0.0
5102,control,19.56,mobile,SG,0,0.0
5103,treatment,22.28,mobile,SG,1,40.58
5104,treatment,79.28,mobile,ID,0,0.0
5105,control,14.15,mobile,VN,0,0.0
5106,control,7.57,mobile,SG,0,0.0
5107,treatment,22.41,mobile,PH,0,0.0
5108,control,20.33,mobile,SG,0,0.0
5109,treatment,34.63,mobile,PH,0,0.0
5110,treatment,17.4,desktop,ID,0,0.0
5111,treatment,14.18,mobile,ID,0,0.0
5112,treatment,24.43,mobile,PH,1,51.77
5113,control,21.61,desktop,SG,0,0.0
5114,treatment,11.53,mobile,SG,0,0.0
5115,treatment,10.73,mobile,VN,0,0.0
5116,treatment,24.6,desktop,SG,0,0.0
5117,treatment,44.13,desktop,ID,0,0.0
5118,treatment,26.79,desktop,MY,0,0.0
5119,treatment,13.19,mobile,PH,0,0.0
5120,control,13.53,desktop,SG,0,0.0
5121,treatment,14.5,mobile,ID,0,0.0
5122,treatment,17.1,desktop,SG,0,0.0
5123,treatment,88.5,mobile,PH,0,0.0
5124,treatment,37.54,desktop,SG,0,0.0
5125,control,19.46,mobile,ID,0,0.0
5126,treatment,7.32,desktop,VN,0,0.0
5127,treatment,56.2,desktop,MY,0,0.0
5128,treatment,29.64,desktop,SG,1,13.56
5129,treatment,71.8,mobile,ID,0,0.0
5130,treatment,55.86,desktop,SG,0,0.0
5131,control,19.99,mobile,PH,0,0.0
5132,treatment,39.59,mobile,ID,0,0.0
5133,treatment,3.06,mobile,MY,0,0.0
5134,control,22.58,desktop,MY,0,0.0
5135,treatment,24.2,desktop,MY,0,0.0
5136,treatment,21.34,mobile,ID,0,0.0
5137,control,12.54,desktop,MY,1,48.05
5138,treatment,16.63,desktop,MY,0,0.0
5139,treatment,5.38,desktop,ID,1,49.1
5140,treatment,59.22,mobile,SG,0,0.0
5141,treatment,7.14,mobile,MY,0,0.0
5142,control,11.5,mobile,SG,0,0.0
5143,treatment,100.33,mobile,SG,0,0.0
5144,control,15.97,mobile,SG,0,0.0
5145,treatment,57.91,mobile,SG,0,0.0
5146,treatment,57.66,mobile,MY,0,0.0
5147,treatment,14.14,mobile,PH,1,44.53
5148,treatment,22.64,mobile,SG,0,0.0
5149,control,6.62,mobile,MY,0,0.0
5150,control,37.54,mobile,MY,0,0.0
5151,treatment,81.23,desktop,ID,0,0.0
5152,treatment,42.49,mobile,SG,0,0.0
5153,treatment,5.87,desktop,VN,0,0.0
5154,treatment,100.86,mobile,VN,0,0.0
5155,control,22.55,mobile,MY,0,0.0
5156,treatment,52.3,desktop,SG,1,49.5
5157,treatment,27.24,mobile,VN,0,0.0
5158,treatment,24.28,desktop,SG,0,0.0
5159,treatment,60.93,mobile,MY,0,0.0
5160,control,81.13,desktop,SG,0,0.0
5161,treatment,37.08,mobile,PH,0,0.0
5162,treatment,60.15,mobile,ID,0,0.0
5163,control,11.28,mobile,SG,0,0.0
5164,control,22.03,desktop,ID,0,0.0
5165,treatment,20.38,mobile,ID,0,0.0
5166,control,13.05,mobile,MY,0,0.0
5167,control,45.45,mobile,MY,0,0.0
5168,treatment,18.46,desktop,ID,0,0.0
5169,control,15.42,desktop,SG,1,16.38
5170,control,26.28,mobile,SG,0,0.0
5171,treatment,15.06,desktop,PH,0,0.0
5172,treatment,3.3,mobile,PH,0,0.0
5173,control,19.92,mobile,PH,0,0.0
5174,control,4.58,mobile,SG,0,0.0
5175,treatment,62.08,mobile,SG,0,0.0
5176,treatment,40.42,desktop,VN,0,0.0
5177,control,36.83,mobile,ID,0,0.0
5178,treatment,24.92,desktop,PH,0,0.0
5179,control,13.63,mobile,SG,1,14.52
5180,treatment,54.79,mobile,ID,0,0.0
5181,treatment,22.34,desktop,ID,0,0.0
5182,treatment,45.1,desktop,ID,0,0.0
5183,treatment,26.21,desktop,ID,0,0.0
5184,control,36.18,mobile,SG,0,0.0
5185,control,31.71,desktop,SG,0,0.0
5186,control,10.07,desktop,VN,0,0.0
5187,control,10.08,mobile,SG,1,15.33
5188,treatment,26.96,desktop,PH,0,0.0
5189,treatment,7.86,desktop,MY,1,15.83
5190,control,17.31,mobile,ID,0,0.0
5191,control,20.04,mobile,ID,0,0.0
5192,treatment,29.88,mobile,SG,0,0.0
5193,treatment,21.74,desktop,SG,0,0.0
5194,treatment,49.54,mobile,PH,1,6.49
5195,treatment,24.49,desktop,SG,0,0.0
5196,treatment,5.91,mobile,SG,0,0.0
5197,treatment,15.55,desktop,MY,1,41.74
5198,control,5.41,mobile,VN,0,0.0
5199,control,31.75,desktop,MY,0,0.0
5200,control,70.04,mobile,SG,1,6.22
5201,treatment,18.45,mobile,ID,0,0.0
5202,control,38.94,mobile,SG,0,0.0
5203,control,61.67,mobile,SG,0,0.0
5204,control,20.82,mobile,SG,0,0.0
5205,treatment,48.72,mobile,ID,0,0.0
5206,treatment,50.01,mobile,SG,0,0.0
5207,treatment,41.79,mobile,ID,0,0.0
5208,control,42.13,desktop,ID,0,0.0
5209,treatment,34.48,mobile,SG,1,8.01
5210,treatment,5.11,desktop,PH,0,0.0
5211,treatment,8.48,mobile,SG,0,0.0
5212,treatment,16.02,mobile,PH,0,0.0
5213,treatment,14.2,mobile,MY,0,0.0
5214,control,51.83,mobile,PH,0,0.0
5215,treatment,44.29,desktop,ID,1,48.82
5216,treatment,28.39,mobile,ID,0,0.0
5217,control,39.5,mobile,MY,1,7.13
5218,control,22.41,mobile,PH,0,0.0
5219,control,19.69,mobile,PH,0,0.0
5220,control,17.06,desktop,ID,0,0.0
5221,treatment,22.64,mobile,SG,0,0.0
5222,control,11.25,mobile,SG,0,0.0
5223,treatment,20.03,mobile,ID,0,0.0
5224,treatment,55.14,mobile,VN,0,0.0
5225,treatment,2.51,mobile,ID,0,0.0
5226,treatment,17.35,mobile,SG,0,0.0
5227,treatment,118.75,desktop,ID,1,13.84
5228,treatment,39.26,desktop,PH,0,0.0
5229,control,27.99,mobile,SG,1,18.57
5230,control,15.09,mobile,MY,0,0.0
5231,control,17.23,desktop,ID,0,0.0
5232,treatment,71.49,mobile,PH,0,0.0
5233,treatment,56.84,desktop,MY,0,0.0
5234,treatment,53.93,desktop,ID,0,0.0
5235,treatment,50.14,mobile,SG,0,0.0
5236,treatment,20.24,mobile,VN,1,30.19
5237,control,28.96,desktop,SG,0,0.0
5238,control,18.49,mobile,MY,0,0.0
5239,treatment,1.69,mobile,MY,0,0.0
5240,treatment,15.16,mobile,VN,0,0.0
5241,treatment,4.78,mobile,SG,0,0.0
5242,treatment,33.84,mobile,SG,0,0.0
5243,treatment,63.96,mobile,ID,1,16.98
5244,treatment,52.8,mobile,MY,0,0.0
5245,treatment,7.13,mobile,ID,0,0.0
5246,treatment,4.04,desktop,ID,1,38.15
5247,treatment,22.09,desktop,SG,0,0.0
5248,treatment,29.97,desktop,ID,0,0.0
5249,treatment,15.95,desktop,VN,0,0.0
5250,control,32.47,mobile,PH,0,0.0
5251,treatment,13.43,mobile,ID,1,21.59
5252,treatment,30.68,mobile,SG,0,0.0
5253,control,56.11,mobile,MY,0,0.0
5254,treatment,29.31,mobile,ID,1,23.65
5255,treatment,26.36,mobile,PH,0,0.0
5256,treatment,20.99,desktop,ID,0,0.0
5257,treatment,52.0,mobile,SG,0,0.0
5258,treatment,13.9,mobile,MY,0,0.0
5259,control,25.01,desktop,PH,0,0.0
5260,control,16.69,mobile,MY,0,0.0
5261,treatment,19.41,mobile,ID,0,0.0
5262,treatment,22.42,mobile,ID,0,0.0
5263,control,4.26,mobile,MY,0,0.0
5264,control,39.62,mobile,VN,0,0.0
5265,treatment,65.1,desktop,ID,1,5.68
5266,treatment,68.93,mobile,PH,0,0.0
5267,treatment,76.53,mobile,ID,0,0.0
5268,treatment,2.5,desktop,MY,0,0.0
5269,control,20.16,desktop,ID,0,0.0
5270,treatment,21.7,mobile,SG,0,0.0
5271,treatment,39.66,desktop,ID,0,0.0
5272,treatment,20.71,desktop,MY,0,0.0
5273,treatment,26.56,mobile,ID,0,0.0
5274,control,10.9,mobile,ID,0,0.0
5275,treatment,54.18,mobile,ID,0,0.0
5276,control,9.93,mobile,ID,0,0.0
5277,treatment,27.07,mobile,SG,0,0.0
5278,treatment,95.92,mobile,ID,1,50.87
5279,control,30.11,mobile,SG,0,0.0
5280,treatment,20.18,mobile,VN,0,0.0
5281,control,56.22,mobile,PH,0,0.0
5282,treatment,46.87,desktop,VN,0,0.0
5283,control,23.39,desktop,ID,0,0.0
5284,treatment,25.84,desktop,SG,1,10.05
5285,treatment,35.5,desktop,ID,0,0.0
5286,treatment,72.44,mobile,SG,0,0.0
5287,control,18.51,mobile,MY,0,0.0
5288,control,38.36,mobile,VN,0,0.0
5289,treatment,15.2,desktop,ID,0,0.0
5290,treatment,5.23,desktop,MY,0,0.0
5291,control,35.11,desktop,MY,0,0.0
5292,treatment,10.96,desktop,SG,0,0.0
5293,treatment,21.95,mobile,ID,0,0.0
5294,treatment,50.46,desktop,ID,0,0.0
5295,control,11.22,mobile,ID,0,0.0
5296,control,22.72,mobile,ID,1,9.59
5297,control,20.96,mobile,VN,0,0.0
5298,treatment,8.0,desktop,VN,1,28.61
5299,control,25.4,desktop,SG,1,13.35
5300,treatment,38.39,mobile,ID,0,0.0
5301,treatment,5.76,desktop,ID,0,0.0
5302,control,17.79,desktop,SG,0,0.0
5303,control,32.5,mobile,VN,0,0.0
5304,treatment,38.34,mobile,SG,0,0.0
5305,control,31.47,mobile,VN,0,0.0
5306,treatment,97.14,mobile,VN,0,0.0
5307,treatment,42.78,mobile,SG,0,0.0
5308,treatment,45.48,desktop,PH,0,0.0
5309,control,18.68,desktop,SG,0,0.0
5310,treatment,36.59,mobile,PH,0,0.0
5311,treatment,46.49,desktop,PH,0,0.0
5312,treatment,27.26,desktop,VN,0,0.0
5313,treatment,19.21,mobile,SG,0,0.0
5314,treatment,58.02,mobile,SG,0,0.0
5315,control,17.38,mobile,MY,1,12.2
5316,treatment,12.82,desktop,PH,0,0.0
5317,treatment,30.59,mobile,ID,0,0.0
5318,treatment,36.9,mobile,PH,0,0.0
5319,control,23.4,mobile,ID,0,0.0
5320,treatment,15.19,desktop,MY,0,0.0
5321,control,34.64,desktop,PH,0,0.0
5322,control,18.26,mobile,SG,0,0.0
5323,treatment,17.45,desktop,SG,0,0.0
5324,treatment,19.88,mobile,ID,1,32.18
5325,control,5.64,mobile,VN,0,0.0
5326,control,12.49,mobile,ID,0,0.0
5327,treatment,8.83,mobile,SG,0,0.0
5328,control,41.49,mobile,PH,0,0.0
5329,treatment,37.2,mobile,MY,0,0.0
5330,control,4.68,mobile,SG,0,0.0
5331,treatment,10.84,mobile,ID,0,0.0
5332,treatment,23.51,desktop,ID,0,0.0
5333,treatment,77.7,desktop,SG,0,0.0
5334,control,27.35,mobile,ID,0,0.0
5335,control,20.78,desktop,SG,1,18.76
5336,control,46.11,desktop,SG,0,0.0
5337,control,26.8,desktop,VN,0,0.0
5338,treatment,19.28,desktop,SG,0,0.0
5339,treatment,4.82,desktop,VN,0,0.0
5340,control,45.92,mobile,ID,0,0.0
5341,treatment,64.22,mobile,SG,0,0.0
5342,treatment,26.55,mobile,MY,0,0.0
5343,treatment,32.96,mobile,ID,0,0.0
5344,treatment,12.11,desktop,ID,0,0.0
5345,treatment,42.31,desktop,SG,0,0.0
5346,control,21.34,mobile,SG,0,0.0
5347,control,15.59,desktop,ID,0,0.0
5348,treatment,67.34,mobile,ID,0,0.0
5349,treatment,36.44,mobile,SG,0,0.0
5350,control,51.75,mobile,SG,0,0.0
5351,treatment,35.7,desktop,PH,0,0.0
5352,control,8.76,mobile,PH,0,0.0
5353,control,4.11,mobile,MY,0,0.0
5354,treatment,12.54,mobile,PH,0,0.0
5355,control,37.28,mobile,SG,1,16.21
5356,treatment,20.11,mobile,MY,0,0.0
5357,treatment,21.34,mobile,PH,0,0.0
5358,control,28.53,mobile,MY,0,0.0
5359,treatment,17.56,desktop,PH,0,0.0
5360,control,16.67,mobile,SG,0,0.0
5361,treatment,18.21,mobile,SG,0,0.0
5362,treatment,21.18,desktop,MY,0,0.0
5363,control,8.51,mobile,SG,0,0.0
5364,control,36.44,desktop,SG,0,0.0
5365,treatment,22.7,mobile,MY,0,0.0
5366,treatment,27.15,mobile,SG,0,0.0
5367,treatment,15.95,desktop,SG,0,0.0
5368,control,46.74,mobile,MY,0,0.0
5369,treatment,4.96,desktop,SG,0,0.0
5370,treatment,17.48,mobile,MY,0,0.0
5371,control,48.39,mobile,PH,0,0.0
5372,treatment,30.22,desktop,MY,0,0.0
5373,control,29.03,desktop,PH,0,0.0
5374,control,9.87,mobile,PH,0,0.0
5375,treatment,7.83,mobile,MY,1,12.44
5376,treatment,27.77,mobile,MY,0,0.0
5377,treatment,25.54,mobile,SG,0,0.0
5378,control,56.49,mobile,SG,0,0.0
5379,treatment,13.9,mobile,VN,0,0.0
5380,treatment,18.77,desktop,SG,0,0.0
5381,control,16.75,desktop,SG,0,0.0
5382,treatment,16.17,desktop,ID,0,0.0
5383,treatment,21.3,desktop,PH,0,0.0
5384,treatment,26.08,mobile,ID,0,0.0
5385,treatment,23.98,mobile,MY,0,0.0
5386,treatment,34.65,desktop,ID,0,0.0
5387,treatment,59.43,mobile,ID,1,30.02
5388,control,24.23,desktop,ID,0,0.0
5389,treatment,16.99,mobile,ID,0,0.0
5390,control,60.18,mobile,ID,0,0.0
5391,control,17.24,desktop,PH,0,0.0
5392,treatment,21.58,mobile,SG,0,0.0
5393,treatment,21.68,desktop,ID,1,31.44
5394,treatment,28.28,desktop,ID,0,0.0
5395,treatment,62.97,mobile,ID,0,0.0
5396,treatment,73.53,desktop,ID,1,44.27
5397,treatment,40.91,mobile,MY,0,0.0
5398,control,20.12,desktop,SG,0,0.0
5399,treatment,71.91,mobile,PH,0,0.0
5400,treatment,12.96,mobile,SG,0,0.0
5401,treatment,26.98,mobile,SG,0,0.0
5402,control,74.61,mobile,SG,0,0.0
5403,control,30.72,mobile,MY,0,0.0
5404,control,7.42,mobile,SG,0,0.0
5405,treatment,28.45,desktop,SG,0,0.0
5406,control,30.74,mobile,MY,0,0.0
5407,treatment,47.44,mobile,MY,0,0.0
5408,control,7.61,mobile,SG,0,0.0
5409,treatment,69.09,desktop,ID,0,0.0
5410,control,10.16,mobile,ID,0,0.0
5411,treatment,45.95,mobile,SG,0,0.0
5412,control,9.59,desktop,ID,0,0.0
5413,treatment,13.1,desktop,SG,0,0.0
5414,control,31.91,desktop,PH,0,0.0
5415,control,14.26,desktop,ID,0,0.0
5416,control,22.44,desktop,PH,0,0.0
5417,treatment,53.66,desktop,SG,0,0.0
5418,treatment,21.66,mobile,SG,0,0.0
5419,treatment,10.13,desktop,MY,0,0.0
5420,treatment,51.13,mobile,MY,0,0.0
5421,treatment,22.08,desktop,ID,0,0.0
5422,treatment,4.51,desktop,MY,0,0.0
5423,control,31.42,desktop,MY,0,0.0
5424,treatment,28.24,desktop,ID,0,0.0
5425,treatment,12.34,mobile,SG,0,0.0
5426,control,28.08,mobile,VN,1,7.5
5427,treatment,25.55,mobile,MY,0,0.0
5428,treatment,23.35,desktop,ID,0,0.0
5429,control,21.09,desktop,PH,0,0.0
5430,treatment,5.34,mobile,MY,1,28.59
5431,treatment,35.49,desktop,ID,0,0.0
5432,treatment,28.31,mobile,ID,0,0.0
5433,treatment,10.06,mobile,PH,0,0.0
5434,control,33.54,desktop,ID,0,0.0
5435,treatment,66.42,desktop,PH,0,0.0
5436,control,9.21,mobile,SG,0,0.0
5437,control,34.01,desktop,SG,0,0.0
5438,control,2.42,mobile,SG,0,0.0
5439,treatment,23.75,desktop,ID,0,0.0
5440,treatment,62.21,mobile,VN,0,0.0
5441,control,9.57,mobile,SG,0,0.0
5442,treatment,8.83,mobile,MY,0,0.0
5443,treatment,33.08,mobile,ID,0,0.0
5444,control,30.45,desktop,SG,0,0.0
5445,treatment,15.83,mobile,SG,0,0.0
5446,control,38.27,mobile,MY,0,0.0
5447,treatment,13.22,mobile,ID,0,0.0
5448,control,37.89,desktop,MY,0,0.0
5449,control,65.68,mobile,MY,0,0.0
5450,treatment,9.28,mobile,MY,0,0.0
5451,treatment,54.91,mobile,PH,0,0.0
5452,treatment,60.8,desktop,ID,0,0.0
5453,treatment,18.77,mobile,ID,0,0.0
5454,control,55.83,desktop,PH,1,17.6
5455,treatment,19.58,mobile,PH,0,0.0
5456,control,39.92,mobile,ID,1,21.77
5457,control,81.51,mobile,ID,0,0.0
5458,treatment,35.04,desktop,SG,0,0.0
5459,treatment,36.43,desktop,VN,0,0.0
5460,treatment,12.36,mobile,MY,0,0.0
5461,treatment,7.46,desktop,ID,0,0.0
5462,treatment,19.6,desktop,ID,0,0.0
5463,control,17.59,mobile,ID,0,0.0
5464,control,33.73,desktop,ID,0,0.0
5465,treatment,2.69,mobile,PH,0,0.0
5466,control,39.28,desktop,MY,0,0.0
5467,treatment,11.82,desktop,ID,1,27.94
5468,treatment,12.45,mobile,VN,1,8.44
5469,treatment,74.66,desktop,MY,0,0.0
5470,control,12.01,mobile,PH,1,52.41
5471,control,9.49,mobile,PH,0,0.0
5472,control,74.53,mobile,PH,0,0.0
5473,control,7.89,desktop,VN,0,0.0
5474,treatment,43.06,mobile,PH,0,0.0
5475,treatment,44.11,desktop,SG,0,0.0
5476,treatment,13.18,mobile,ID,0,0.0
5477,treatment,46.58,desktop,ID,0,0.0
5478,control,11.46,mobile,ID,0,0.0
5479,treatment,18.94,desktop,MY,0,0.0
5480,treatment,48.88,mobile,PH,0,0.0
5481,treatment,46.42,mobile,ID,1,50.96
5482,control,27.32,mobile,MY,0,0.0
5483,treatment,25.0,mobile,PH,1,56.52
5484,treatment,4.34,mobile,ID,0,0.0
5485,control,24.18,desktop,ID,0,0.0
5486,treatment,31.0,mobile,VN,0,0.0
5487,control,15.13,mobile,MY,0,0.0
5488,control,9.21,mobile,ID,0,0.0
5489,treatment,66.78,desktop,SG,0,0.0
5490,control,31.39,mobile,PH,0,0.0
5491,treatment,30.37,mobile,SG,0,0.0
5492,treatment,4.4,desktop,ID,0,0.0
5493,treatment,55.37,desktop,VN,0,0.0
5494,control,30.01,desktop,MY,0,0.0
5495,control,18.44,mobile,ID,0,0.0
5496,treatment,11.22,desktop,VN,0,0.0
5497,control,28.08,desktop,VN,0,0.0
5498,control,21.23,mobile,ID,1,1.63
5499,control,38.25,mobile,SG,0,0.0
5500,treatment,37.96,desktop,SG,0,0.0
5501,treatment,51.15,mobile,MY,0,0.0
5502,control,21.57,mobile,MY,0,0.0
5503,treatment,64.66,desktop,ID,0,0.0
5504,treatment,10.52,mobile,MY,0,0.0
5505,treatment,25.4,mobile,SG,0,0.0
5506,control,14.24,desktop,SG,0,0.0
5507,treatment,14.69,mobile,PH,0,0.0
5508,treatment,20.15,desktop,MY,0,0.0
5509,control,68.22,mobile,MY,0,0.0
5510,control,2.81,mobile,SG,0,0.0
5511,treatment,11.27,desktop,MY,0,0.0
5512,control,15.46,mobile,SG,0,0.0
5513,treatment,25.72,mobile,ID,0,0.0
5514,treatment,46.05,mobile,PH,0,0.0
5515,treatment,38.93,desktop,PH,0,0.0
5516,control,17.39,desktop,ID,0,0.0
5517,treatment,13.23,mobile,MY,0,0.0
5518,control,10.09,mobile,SG,0,0.0
5519,treatment,61.73,desktop,VN,0,0.0
5520,treatment,55.84,mobile,PH,0,0.0
5521,treatment,11.57,desktop,ID,0,0.0
5522,treatment,74.92,mobile,ID,0,0.0
5523,control,43.23,mobile,VN,0,0.0
5524,treatment,27.29,mobile,VN,0,0.0
5525,control,24.32,mobile,ID,0,0.0
5526,control,28.59,desktop,SG,0,0.0
5527,treatment,60.09,mobile,VN,1,45.21
5528,control,4.54,mobile,SG,0,0.0
5529,control,46.8,mobile,MY,1,9.26
5530,treatment,37.57,mobile,ID,0,0.0
5531,treatment,26.84,desktop,PH,0,0.0
5532,treatment,13.68,desktop,ID,0,0.0
5533,control,28.06,desktop,ID,0,0.0
5534,treatment,13.25,desktop,SG,0,0.0
5535,treatment,20.18,desktop,SG,0,0.0
5536,treatment,5.56,mobile,SG,0,0.0
5537,treatment,23.35,mobile,MY,0,0.0
5538,treatment,2.24,mobile,VN,0,0.0
5539,control,23.7,mobile,VN,0,0.0
5540,treatment,7.88,mobile,SG,0,0.0
5541,treatment,19.51,mobile,SG,1,29.57
5542,treatment,22.36,mobile,ID,0,0.0
5543,treatment,37.42,mobile,ID,0,0.0
5544,control,13.91,mobile,PH,0,0.0
5545,treatment,8.57,mobile,PH,0,0.0
5546,treatment,18.08,desktop,PH,0,0.0
5547,treatment,41.51,mobile,SG,0,0.0
5548,control,42.77,mobile,PH,0,0.0
5549,treatment,52.05,desktop,SG,1,45.06
5550,treatment,48.75,desktop,ID,1,43.5
5551,control,42.11,desktop,ID,0,0.0
5552,treatment,7.87,desktop,SG,0,0.0
5553,treatment,85.29,mobile,MY,0,0.0
5554,control,34.61,mobile,MY,0,0.0
5555,treatment,17.13,desktop,MY,0,0.0
5556,treatment,8.98,mobile,MY,0,0.0
5557,control,24.02,desktop,ID,0,0.0
5558,treatment,7.57,mobile,SG,0,0.0
5559,control,18.92,mobile,PH,0,0.0
5560,treatment,44.29,mobile,SG,0,0.0
5561,treatment,33.68,mobile,SG,1,35.05
5562,treatment,46.59,mobile,MY,0,0.0
5563,control,0.33,desktop,ID,1,50.69
5564,treatment,35.91,mobile,SG,0,0.0
5565,control,58.9,desktop,SG,0,0.0
5566,control,27.15,mobile,VN,0,0.0
5567,treatment,31.7,desktop,MY,0,0.0
5568,treatment,16.46,desktop,MY,0,0.0
5569,treatment,29.39,desktop,ID,1,21.64
5570,treatment,40.92,mobile,MY,0,0.0
5571,treatment,12.1,mobile,ID,0,0.0
5572,treatment,26.06,mobile,ID,0,0.0
5573,treatment,27.48,mobile,SG,0,0.0
5574,control,16.63,desktop,ID,0,0.0
5575,treatment,13.59,mobile,VN,0,0.0
5576,treatment,85.79,desktop,SG,0,0.0
5577,treatment,25.74,mobile,PH,0,0.0
5578,control,9.45,mobile,ID,0,0.0
5579,control,28.51,mobile,SG,0,0.0
5580,control,33.71,mobile,ID,0,0.0
5581,control,40.77,mobile,PH,0,0.0
5582,control,54.85,desktop,MY,0,0.0
5583,control,24.37,mobile,PH,0,0.0
5584,treatment,56.76,desktop,ID,0,0.0
5585,treatment,51.5,mobile,PH,0,0.0
5586,control,42.97,mobile,SG,0,0.0
5587,treatment,21.93,mobile,ID,0,0.0
5588,treatment,75.54,desktop,PH,0,0.0
5589,control,17.42,mobile,MY,0,0.0
5590,treatment,20.51,desktop,SG,0,0.0
5591,control,21.61,mobile,MY,0,0.0
5592,treatment,29.14,desktop,MY,0,0.0
5593,treatment,54.0,desktop,MY,0,0.0
5594,treatment,32.97,mobile,ID,1,30.43
5595,treatment,18.34,mobile,ID,0,0.0
5596,treatment,49.5,desktop,PH,0,0.0
5597,treatment,15.33,mobile,ID,1,6.07
5598,treatment,17.8,mobile,SG,0,0.0
5599,treatment,30.15,mobile,ID,0,0.0
5600,treatment,35.97,mobile,SG,0,0.0
5601,control,20.14,mobile,SG,0,0.0
5602,control,14.89,mobile,SG,0,0.0
5603,control,12.35,mobile,ID,0,0.0
5604,treatment,20.65,desktop,MY,0,0.0
5605,treatment,23.0,mobile,SG,0,0.0
5606,control,17.84,mobile,MY,0,0.0
5607,control,22.54,mobile,MY,0,0.0
5608,treatment,19.04,mobile,PH,0,0.0
5609,treatment,31.78,mobile,SG,0,0.0
5610,treatment,97.33,mobile,SG,0,0.0
5611,control,21.68,desktop,ID,0,0.0
5612,control,7.23,desktop,MY,0,0.0
5613,treatment,40.2,desktop,MY,0,0.0
5614,control,63.36,mobile,ID,0,0.0
5615,treatment,19.74,desktop,MY,0,0.0
5616,treatment,25.59,mobile,ID,0,0.0
5617,control,53.86,desktop,MY,0,0.0
5618,control,18.41,mobile,SG,0,0.0
5619,treatment,20.05,desktop,ID,0,0.0
5620,control,4.34,mobile,MY,0,0.0
5621,control,14.11,mobile,SG,0,0.0
5622,treatment,49.85,mobile,SG,1,49.4
5623,control,75.18,mobile,SG,0,0.0
5624,treatment,82.0,mobile,SG,0,0.0
5625,control,16.17,mobile,SG,0,0.0
5626,treatment,9.54,desktop,ID,0,0.0
5627,treatment,20.31,mobile,MY,0,0.0
5628,treatment,15.22,mobile,PH,0,0.0
5629,control,17.98,mobile,MY,0,0.0
5630,treatment,29.93,desktop,SG,0,0.0
5631,treatment,8.67,mobile,VN,0,0.0
5632,treatment,12.63,desktop,ID,0,0.0
5633,control,35.15,mobile,VN,1,42.52
5634,treatment,35.86,desktop,SG,0,0.0
5635,treatment,35.55,desktop,VN,0,0.0
5636,control,7.1,mobile,SG,0,0.0
5637,treatment,29.42,mobile,SG,1,27.65
5638,control,51.74,desktop,ID,1,18.2
5639,control,21.08,desktop,SG,0,0.0
5640,treatment,10.68,desktop,MY,0,0.0
5641,treatment,17.98,desktop,SG,0,0.0
5642,treatment,53.8,mobile,ID,0,0.0
5643,treatment,50.0,mobile,ID,0,0.0
5644,treatment,10.93,desktop,SG,0,0.0
5645,treatment,13.36,desktop,MY,0,0.0
5646,treatment,30.73,desktop,SG,0,0.0
5647,treatment,57.75,desktop,SG,0,0.0
5648,treatment,62.9,mobile,ID,0,0.0
5649,control,1.64,mobile,SG,0,0.0
5650,treatment,22.03,mobile,MY,0,0.0
5651,control,16.36,mobile,ID,0,0.0
5652,control,28.18,desktop,SG,0,0.0
5653,treatment,79.14,mobile,VN,0,0.0
5654,control,30.64,mobile,PH,0,0.0
5655,treatment,12.82,mobile,ID,0,0.0
5656,treatment,72.17,desktop,PH,0,0.0
5657,treatment,51.5,mobile,SG,0,0.0
5658,control,32.54,mobile,VN,0,0.0
5659,control,41.92,mobile,SG,0,0.0
5660,control,21.35,mobile,SG,0,0.0
5661,control,30.67,desktop,VN,0,0.0
5662,treatment,8.37,mobile,ID,0,0.0
5663,treatment,57.01,mobile,MY,0,0.0
5664,treatment,32.57,mobile,ID,0,0.0
5665,control,15.11,mobile,ID,0,0.0
5666,treatment,64.25,mobile,SG,0,0.0
5667,treatment,60.2,mobile,SG,1,23.23
5668,treatment,56.69,mobile,ID,0,0.0
5669,treatment,29.12,desktop,SG,0,0.0
5670,control,40.47,mobile,SG,0,0.0
5671,control,10.93,mobile,ID,0,0.0
5672,treatment,17.61,desktop,VN,0,0.0
5673,control,11.19,desktop,ID,1,9.99
5674,treatment,43.82,desktop,MY,0,0.0
5675,control,17.59,mobile,MY,0,0.0
5676,control,29.7,desktop,PH,0,0.0
5677,treatment,20.25,mobile,SG,1,22.75
5678,treatment,30.05,desktop,ID,0,0.0
5679,treatment,15.7,mobile,MY,0,0.0
5680,control,15.12,desktop,SG,0,0.0
5681,treatment,10.03,mobile,SG,0,0.0
5682,treatment,27.18,desktop,PH,0,0.0
5683,control,37.18,desktop,SG,0,0.0
5684,control,6.78,mobile,SG,0,0.0
5685,control,50.08,mobile,SG,0,0.0
5686,treatment,66.47,mobile,ID,0,0.0
5687,control,13.12,desktop,ID,0,0.0
5688,treatment,20.36,mobile,MY,0,0.0
5689,control,11.15,desktop,SG,0,0.0
5690,treatment,53.19,desktop,SG,0,0.0
5691,treatment,78.38,mobile,SG,0,0.0
5692,treatment,30.45,desktop,PH,0,0.0
5693,treatment,3.27,desktop,SG,0,0.0
5694,control,64.41,mobile,VN,0,0.0
5695,control,4.53,mobile,ID,0,0.0
5696,treatment,34.35,mobile,PH,0,0.0
5697,control,31.51,mobile,SG,1,30.82
5698,control,22.26,desktop,MY,0,0.0
5699,treatment,19.04,mobile,ID,0,0.0
5700,control,12.88,desktop,MY,0,0.0
5701,control,17.75,mobile,ID,0,0.0
5702,treatment,47.72,mobile,SG,0,0.0
5703,control,33.73,desktop,ID,0,0.0
5704,control,18.81,mobile,ID,0,0.0
5705,control,11.91,mobile,PH,0,0.0
5706,treatment,10.67,mobile,ID,0,0.0
5707,control,17.4,mobile,MY,0,0.0
5708,control,39.22,mobile,ID,0,0.0
5709,treatment,36.08,mobile,SG,0,0.0
5710,control,29.53,mobile,PH,0,0.0
5711,treatment,17.56,mobile,SG,0,0.0
5712,treatment,15.27,desktop,SG,0,0.0
5713,treatment,23.04,mobile,MY,0,0.0
5714,treatment,38.86,desktop,MY,0,0.0
5715,control,6.83,mobile,SG,0,0.0
5716,control,9.08,mobile,ID,0,0.0
5717,control,27.24,mobile,VN,0,0.0
5718,treatment,7.56,mobile,SG,0,0.0
5719,treatment,46.19,desktop,ID,0,0.0
5720,treatment,49.95,mobile,SG,0,0.0
5721,treatment,17.58,mobile,SG,0,0.0
5722,treatment,38.57,mobile,PH,0,0.0
5723,treatment,9.89,mobile,SG,0,0.0
5724,treatment,8.46,mobile,SG,0,0.0
5725,control,26.96,mobile,SG,0,0.0
5726,treatment,63.69,desktop,PH,0,0.0
5727,treatment,48.53,mobile,MY,0,0.0
5728,treatment,126.36,desktop,ID,0,0.0
5729,control,119.32,mobile,PH,1,17.94
5730,treatment,33.96,mobile,ID,0,0.0
5731,treatment,28.91,desktop,PH,0,0.0
5732,treatment,10.38,desktop,MY,0,0.0
5733,control,27.77,mobile,VN,0,0.0
5734,control,21.01,mobile,MY,0,0.0
5735,treatment,36.07,desktop,PH,0,0.0
5736,treatment,7.53,desktop,SG,0,0.0
5737,treatment,19.64,desktop,SG,0,0.0
5738,control,4.43,desktop,ID,0,0.0
5739,control,50.15,mobile,VN,0,0.0
5740,treatment,3.78,desktop,MY,0,0.0
5741,treatment,86.47,desktop,VN,0,0.0
5742,treatment,54.69,mobile,ID,0,0.0
5743,treatment,17.26,desktop,ID,0,0.0
5744,control,29.79,mobile,MY,0,0.0
5745,treatment,86.23,mobile,VN,0,0.0
5746,control,2.38,mobile,PH,0,0.0
5747,control,35.48,mobile,MY,0,0.0
5748,control,68.95,mobile,SG,0,0.0
5749,control,38.91,mobile,SG,1,45.19
5750,control,32.77,mobile,VN,0,0.0
5751,treatment,22.04,mobile,SG,0,0.0
5752,treatment,12.43,mobile,SG,0,0.0
5753,treatment,21.81,mobile,MY,0,0.0
5754,treatment,24.42,mobile,VN,0,0.0
5755,control,36.61,mobile,PH,1,41.78
5756,treatment,33.23,mobile,ID,0,0.0
5757,treatment,42.29,desktop,SG,0,0.0
5758,treatment,24.62,mobile,PH,0,0.0
5759,control,27.69,mobile,MY,0,0.0
5760,control,26.77,mobile,MY,0,0.0
5761,control,16.54,mobile,ID,0,0.0
5762,control,16.2,mobile,ID,0,0.0
5763,treatment,6.59,mobile,PH,0,0.0
5764,treatment,8.4,mobile,ID,0,0.0
5765,treatment,6.94,mobile,VN,0,0.0
5766,control,28.65,mobile,VN,1,18.83
5767,control,4.37,mobile,SG,1,31.29
5768,control,27.21,mobile,MY,0,0.0
5769,control,6.28,mobile,SG,0,0.0
5770,treatment,10.46,mobile,VN,0,0.0
5771,treatment,23.87,desktop,ID,0,0.0
5772,treatment,22.68,mobile,SG,0,0.0
5773,control,38.43,mobile,VN,1,29.36
5774,treatment,29.47,mobile,ID,0,0.0
5775,treatment,14.84,desktop,SG,0,0.0
5776,control,20.32,desktop,SG,0,0.0
5777,control,39.51,mobile,MY,1,13.8
5778,treatment,24.49,mobile,VN,0,0.0
5779,control,46.12,desktop,PH,1,73.41
5780,control,11.98,mobile,ID,0,0.0
5781,control,12.48,desktop,ID,0,0.0
5782,control,7.45,mobile,SG,0,0.0
5783,control,44.65,mobile,ID,0,0.0
5784,treatment,65.2,mobile,MY,0,0.0
5785,treatment,16.51,mobile,ID,0,0.0
5786,control,14.61,mobile,ID,0,0.0
5787,treatment,8.25,mobile,PH,0,0.0
5788,treatment,49.37,mobile,SG,1,32.25
5789,treatment,19.05,desktop,VN,0,0.0
5790,treatment,28.56,mobile,SG,0,0.0
5791,control,25.8,desktop,SG,0,0.0
5792,control,5.56,desktop,SG,0,0.0
5793,treatment,3.73,desktop,SG,0,0.0
5794,treatment,61.94,desktop,PH,0,0.0
5795,control,52.39,desktop,SG,0,0.0
5796,control,47.12,mobile,ID,0,0.0
5797,control,20.72,desktop,SG,0,0.0
5798,control,11.97,mobile,MY,0,0.0
5799,treatment,24.27,desktop,MY,0,0.0
5800,control,10.65,mobile,SG,0,0.0
5801,treatment,30.12,desktop,MY,0,0.0
5802,control,21.14,mobile,PH,0,0.0
5803,treatment,16.9,mobile,ID,0,0.0
5804,control,29.61,mobile,VN,0,0.0
5805,treatment,19.52,mobile,ID,0,0.0
5806,treatment,10.12,mobile,SG,0,0.0
5807,treatment,12.05,mobile,ID,0,0.0
5808,control,22.31,mobile,ID,0,0.0
5809,treatment,18.71,mobile,ID,0,0.0
5810,treatment,40.61,desktop,ID,0,0.0
5811,treatment,28.16,mobile,SG,0,0.0
5812,treatment,30.41,mobile,VN,0,0.0
5813,control,7.1,desktop,MY,0,0.0
5814,control,20.04,mobile,SG,0,0.0
5815,treatment,6.9,mobile,VN,0,0.0
5816,treatment,15.01,mobile,SG,0,0.0
5817,treatment,34.84,desktop,ID,0,0.0
5818,treatment,14.11,mobile,MY,0,0.0
5819,control,17.53,mobile,MY,0,0.0
5820,treatment,27.57,mobile,SG,0,0.0
5821,control,17.04,mobile,ID,0,0.0
5822,treatment,49.85,mobile,VN,0,0.0
5823,treatment,15.63,mobile,ID,0,0.0
5824,treatment,20.0,mobile,SG,0,0.0
5825,treatment,57.58,mobile,ID,0,0.0
5826,treatment,26.99,mobile,ID,0,0.0
5827,control,21.27,mobile,VN,0,0.0
5828,control,75.88,mobile,MY,0,0.0
5829,control,29.56,mobile,SG,1,35.08
5830,treatment,57.67,desktop,PH,0,0.0
5831,treatment,37.13,mobile,ID,1,41.43
5832,treatment,38.59,mobile,VN,0,0.0
5833,treatment,59.82,desktop,SG,0,0.0
5834,treatment,35.36,desktop,ID,0,0.0
5835,control,18.4,mobile,ID,1,39.03
5836,control,22.66,mobile,SG,0,0.0
5837,treatment,24.23,desktop,PH,0,0.0
5838,treatment,54.7,mobile,MY,0,0.0
5839,treatment,47.99,desktop,SG,0,0.0
5840,control,29.71,mobile,ID,0,0.0
5841,treatment,25.88,desktop,MY,0,0.0
5842,treatment,29.41,mobile,ID,0,0.0
5843,treatment,52.24,mobile,MY,0,0.0
5844,treatment,78.84,mobile,SG,0,0.0
5845,treatment,30.95,mobile,PH,0,0.0
5846,control,11.13,mobile,ID,0,0.0
5847,control,8.18,desktop,ID,0,0.0
5848,treatment,10.81,mobile,MY,0,0.0
5849,control,79.61,mobile,VN,0,0.0
5850,control,8.13,desktop,VN,0,0.0
5851,treatment,18.14,mobile,SG,0,0.0
5852,treatment,27.13,desktop,VN,1,6.34
5853,treatment,12.45,mobile,ID,0,0.0
5854,treatment,27.54,desktop,MY,1,34.46
5855,control,35.1,mobile,SG,0,0.0
5856,treatment,31.48,desktop,VN,0,0.0
5857,treatment,50.8,mobile,SG,0,0.0
5858,treatment,81.53,mobile,VN,0,0.0
5859,control,3.38,desktop,ID,0,0.0
5860,treatment,84.19,mobile,MY,0,0.0
5861,control,50.59,mobile,ID,0,0.0
5862,treatment,14.16,mobile,PH,0,0.0
5863,treatment,56.05,desktop,SG,1,79.5
5864,treatment,32.18,mobile,PH,0,0.0
5865,control,10.76,mobile,ID,0,0.0
5866,control,17.62,mobile,MY,0,0.0
5867,treatment,7.33,desktop,ID,0,0.0
5868,control,42.24,mobile,MY,0,0.0
5869,treatment,20.87,mobile,PH,0,0.0
5870,treatment,61.85,desktop,PH,0,0.0
5871,control,21.44,mobile,SG,0,0.0
5872,treatment,20.22,desktop,MY,0,0.0
5873,control,10.59,mobile,VN,0,0.0
5874,treatment,76.49,desktop,SG,0,0.0
5875,control,20.28,desktop,MY,0,0.0
5876,control,58.64,mobile,PH,0,0.0
5877,treatment,63.25,desktop,SG,1,12.07
5878,treatment,33.99,mobile,SG,0,0.0
5879,control,28.32,mobile,ID,0,0.0
5880,control,19.52,desktop,ID,0,0.0
5881,treatment,25.84,mobile,VN,0,0.0
5882,treatment,37.65,mobile,MY,0,0.0
5883,treatment,44.15,mobile,PH,0,0.0
5884,control,58.94,mobile,ID,0,0.0
5885,treatment,45.95,mobile,MY,0,0.0
5886,control,27.08,mobile,SG,1,32.45
5887,control,12.1,desktop,MY,0,0.0
5888,treatment,13.9,desktop,ID,1,25.17
5889,treatment,20.73,mobile,SG,0,0.0
5890,control,42.42,mobile,PH,0,0.0
5891,treatment,50.01,mobile,MY,0,0.0
5892,treatment,15.45,desktop,MY,0,0.0
5893,control,18.42,mobile,ID,0,0.0
5894,control,3.53,desktop,ID,0,0.0
5895,control,3.4,mobile,MY,0,0.0
5896,treatment,36.93,desktop,PH,0,0.0
5897,treatment,116.21,mobile,SG,0,0.0
5898,control,12.52,mobile,VN,0,0.0
5899,control,12.11,mobile,ID,0,0.0
5900,control,9.79,mobile,VN,0,0.0
5901,treatment,25.46,mobile,SG,0,0.0
5902,control,5.31,desktop,VN,0,0.0
5903,control,98.23,mobile,VN,0,0.0
5904,control,22.1,mobile,ID,0,0.0
5905,control,56.13,desktop,SG,0,0.0
5906,control,10.23,desktop,ID,1,9.91
5907,treatment,24.1,desktop,PH,0,0.0
5908,treatment,52.57,mobile,SG,1,18.0
5909,control,1.95,desktop,ID,0,0.0
5910,control,7.53,mobile,PH,1,42.99
5911,treatment,33.4,mobile,SG,0,0.0
5912,treatment,85.63,mobile,SG,0,0.0
5913,control,27.02,mobile,ID,1,54.35
5914,control,11.0,desktop,SG,0,0.0
5915,control,25.22,mobile,SG,0,0.0
5916,treatment,4.63,desktop,ID,1,16.49
5917,treatment,45.34,mobile,SG,0,0.0
5918,treatment,28.01,mobile,ID,0,0.0
5919,treatment,26.19,mobile,PH,0,0.0
5920,control,12.03,mobile,SG,0,0.0
5921,treatment,45.68,desktop,PH,0,0.0
5922,control,2.73,mobile,ID,0,0.0
5923,treatment,40.64,desktop,SG,0,0.0
5924,treatment,13.44,mobile,MY,0,0.0
5925,treatment,6.62,mobile,SG,0,0.0
5926,control,13.03,mobile,MY,0,0.0
5927,treatment,35.1,desktop,MY,0,0.0
5928,treatment,53.57,desktop,SG,0,0.0
5929,treatment,112.72,desktop,ID,0,0.0
5930,control,37.74,mobile,ID,1,21.62
5931,treatment,24.49,desktop,PH,0,0.0
5932,treatment,22.52,mobile,MY,0,0.0
5933,treatment,31.9,desktop,SG,0,0.0
5934,control,15.31,mobile,MY,0,0.0
5935,control,14.6,mobile,SG,0,0.0
5936,control,30.92,mobile,SG,0,0.0
5937,treatment,37.1,desktop,SG,0,0.0
5938,treatment,2.56,desktop,VN,0,0.0
5939,control,25.53,desktop,PH,0,0.0
5940,treatment,18.41,mobile,ID,0,0.0
5941,control,25.75,mobile,VN,0,0.0
5942,treatment,67.61,desktop,VN,0,0.0
5943,treatment,87.23,mobile,MY,0,0.0
5944,treatment,36.17,mobile,ID,0,0.0
5945,treatment,59.59,mobile,PH,0,0.0
5946,treatment,49.15,desktop,PH,0,0.0
5947,control,2.27,desktop,SG,0,0.0
5948,treatment,31.46,mobile,MY,0,0.0
5949,treatment,2.96,mobile,MY,0,0.0
5950,treatment,1.48,desktop,MY,0,0.0
5951,treatment,21.52,desktop,PH,0,0.0
5952,control,18.84,mobile,ID,0,0.0
5953,control,55.45,desktop,SG,0,0.0
5954,treatment,20.19,desktop,ID,0,0.0
5955,treatment,5.28,mobile,ID,0,0.0
5956,treatment,19.77,desktop,ID,0,0.0
5957,treatment,12.15,mobile,PH,0,0.0
5958,control,7.73,mobile,MY,0,0.0
5959,treatment,41.33,desktop,SG,0,0.0
5960,control,21.88,mobile,SG,0,0.0
5961,treatment,63.29,desktop,VN,0,0.0
5962,control,29.1,mobile,MY,0,0.0
5963,control,74.39,mobile,SG,0,0.0
5964,control,13.83,mobile,VN,0,0.0
5965,treatment,14.93,mobile,PH,0,0.0
5966,control,14.88,mobile,ID,0,0.0
5967,control,24.83,desktop,SG,0,0.0
5968,treatment,61.33,mobile,ID,0,0.0
5969,treatment,33.17,desktop,VN,0,0.0
5970,control,7.49,mobile,ID,0,0.0
5971,control,29.58,mobile,MY,0,0.0
5972,control,2.74,mobile,SG,0,0.0
5973,control,21.79,desktop,SG,0,0.0
5974,treatment,14.64,mobile,VN,0,0.0
5975,treatment,71.58,desktop,SG,1,24.88
5976,treatment,36.91,desktop,VN,0,0.0
5977,treatment,54.71,desktop,PH,1,23.96
5978,control,25.13,mobile,SG,0,0.0
5979,treatment,47.63,mobile,SG,0,0.0
5980,control,17.09,mobile,ID,0,0.0
5981,control,33.23,mobile,SG,0,0.0
5982,treatment,29.26,mobile,VN,0,0.0
5983,control,29.18,mobile,SG,0,0.0
5984,treatment,25.84,desktop,SG,0,0.0
5985,treatment,10.5,desktop,ID,1,48.19
5986,control,37.19,desktop,ID,0,0.0
5987,treatment,23.23,mobile,SG,0,0.0
5988,treatment,16.18,mobile,SG,0,0.0
5989,control,27.14,mobile,SG,1,11.74
5990,treatment,42.75,desktop,MY,0,0.0
5991,treatment,27.37,desktop,VN,0,0.0
5992,treatment,22.41,mobile,ID,0,0.0
5993,treatment,49.98,desktop,PH,1,28.95
5994,control,6.84,mobile,VN,0,0.0
5995,treatment,40.11,mobile,VN,0,0.0
5996,control,17.6,mobile,ID,1,7.06
5997,control,24.9,mobile,MY,0,0.0
5998,treatment,26.39,desktop,PH,0,0.0
5999,treatment,79.39,mobile,VN,0,0.0
6000,treatment,1.94,mobile,SG,0,0.0
6001,treatment,43.74,mobile,MY,0,0.0
6002,treatment,36.75,mobile,SG,0,0.0
6003,control,29.56,desktop,ID,0,0.0
6004,treatment,17.03,mobile,SG,0,0.0
6005,control,26.02,mobile,MY,0,0.0
6006,treatment,75.49,desktop,VN,0,0.0
6007,treatment,4.96,mobile,VN,0,0.0
6008,treatment,65.58,mobile,SG,0,0.0
6009,control,53.36,mobile,MY,0,0.0
6010,treatment,41.76,desktop,VN,0,0.0
6011,treatment,44.09,mobile,ID,0,0.0
6012,treatment,60.44,desktop,SG,0,0.0
6013,treatment,2.13,desktop,ID,0,0.0
6014,treatment,21.73,mobile,SG,0,0.0
6015,treatment,34.49,desktop,MY,0,0.0
6016,control,11.22,desktop,MY,0,0.0
6017,control,32.55,mobile,MY,1,19.01
6018,control,88.83,desktop,PH,0,0.0
6019,treatment,24.99,mobile,VN,1,68.83
6020,treatment,37.84,mobile,MY,0,0.0
6021,treatment,7.95,desktop,SG,0,0.0
6022,control,52.65,mobile,SG,0,0.0
6023,control,39.23,desktop,PH,0,0.0
6024,treatment,34.95,desktop,SG,0,0.0
6025,treatment,11.72,mobile,MY,0,0.0
6026,treatment,26.05,mobile,ID,0,0.0
6027,treatment,4.62,mobile,SG,0,0.0
6028,treatment,72.62,desktop,SG,0,0.0
6029,control,18.12,desktop,PH,0,0.0
6030,treatment,16.4,desktop,VN,0,0.0
6031,treatment,28.95,mobile,SG,0,0.0
6032,treatment,38.87,desktop,PH,0,0.0
6033,control,8.62,mobile,SG,0,0.0
6034,treatment,6.69,mobile,PH,0,0.0
6035,control,31.71,mobile,ID,0,0.0
6036,control,37.16,desktop,MY,0,0.0
6037,treatment,65.11,desktop,ID,0,0.0
6038,treatment,32.37,mobile,ID,0,0.0
6039,treatment,44.1,mobile,VN,0,0.0
6040,treatment,18.69,desktop,ID,0,0.0
6041,treatment,22.08,mobile,SG,0,0.0
6042,control,41.33,mobile,MY,1,10.84
6043,treatment,37.9,mobile,ID,0,0.0
6044,treatment,49.73,mobile,PH,0,0.0
6045,control,5.04,mobile,ID,1,19.22
6046,control,14.49,mobile,SG,0,0.0
6047,control,42.01,mobile,SG,1,19.98
6048,control,26.76,desktop,PH,0,0.0
6049,treatment,5.0,mobile,SG,0,0.0
6050,control,2.44,desktop,ID,0,0.0
6051,treatment,0.66,mobile,ID,0,0.0
6052,control,10.64,mobile,PH,0,0.0
6053,treatment,11.96,desktop,MY,0,0.0
6054,treatment,18.7,desktop,VN,0,0.0
6055,treatment,43.17,mobile,SG,0,0.0
6056,treatment,41.07,desktop,ID,0,0.0
6057,treatment,8.94,desktop,MY,0,0.0
6058,treatment,16.75,mobile,SG,0,0.0
6059,treatment,23.33,mobile,SG,0,0.0
6060,treatment,23.01,mobile,SG,0,0.0
6061,treatment,51.49,mobile,MY,0,0.0
6062,control,46.23,mobile,SG,1,23.68
6063,control,63.45,mobile,ID,0,0.0
6064,treatment,33.72,desktop,VN,0,0.0
6065,treatment,22.26,desktop,ID,0,0.0
6066,treatment,21.35,mobile,VN,0,0.0
6067,control,40.44,mobile,ID,0,0.0
6068,control,42.78,desktop,SG,0,0.0
6069,treatment,54.63,desktop,ID,0,0.0
6070,treatment,58.67,mobile,ID,0,0.0
6071,treatment,10.96,mobile,ID,0,0.0
6072,control,14.19,mobile,PH,0,0.0
6073,treatment,41.68,desktop,SG,0,0.0
6074,control,13.18,desktop,SG,1,9.95
6075,control,40.75,mobile,SG,0,0.0
6076,control,8.37,mobile,SG,0,0.0
6077,treatment,66.58,mobile,ID,0,0.0
6078,control,48.52,desktop,ID,0,0.0
6079,control,27.37,desktop,PH,0,0.0
6080,treatment,17.71,desktop,SG,0,0.0
6081,control,28.58,desktop,ID,0,0.0
6082,control,6.39,desktop,MY,0,0.0
6083,treatment,13.87,mobile,MY,0,0.0
6084,control,51.65,desktop,MY,0,0.0
6085,control,21.24,mobile,SG,0,0.0
6086,treatment,55.44,desktop,ID,0,0.0
6087,control,31.87,mobile,ID,1,15.17
6088,control,8.65,mobile,SG,0,0.0
6089,control,2.96,desktop,SG,0,0.0
6090,treatment,27.08,mobile,ID,0,0.0
6091,control,14.34,desktop,PH,0,0.0
6092,control,18.55,desktop,SG,0,0.0
6093,treatment,99.04,mobile,PH,1,28.82
6094,treatment,27.93,mobile,SG,0,0.0
6095,control,14.5,desktop,MY,0,0.0
6096,treatment,20.7,desktop,VN,0,0.0
6097,treatment,32.55,mobile,SG,0,0.0
6098,control,11.16,mobile,ID,0,0.0
6099,control,8.26,mobile,SG,0,0.0
6100,control,61.45,mobile,VN,0,0.0
6101,treatment,32.3,desktop,ID,0,0.0
6102,control,64.92,desktop,SG,1,26.24
6103,control,15.65,mobile,SG,0,0.0
6104,treatment,13.22,mobile,MY,0,0.0
6105,treatment,15.63,desktop,ID,0,0.0
6106,control,9.17,mobile,PH,1,30.26
6107,control,10.9,mobile,MY,0,0.0
6108,treatment,28.86,desktop,VN,0,0.0
6109,control,28.89,mobile,VN,1,33.26
6110,control,22.78,mobile,SG,1,28.5
6111,control,19.71,desktop,MY,0,0.0
6112,control,51.02,mobile,MY,0,0.0
6113,treatment,48.87,desktop,VN,0,0.0
6114,treatment,40.04,mobile,VN,0,0.0
6115,treatment,60.24,desktop,VN,0,0.0
6116,treatment,36.43,desktop,PH,0,0.0
6117,control,26.1,mobile,ID,0,0.0
6118,treatment,37.94,desktop,PH,0,0.0
6119,control,49.53,mobile,ID,0,0.0
6120,treatment,90.22,mobile,ID,0,0.0
6121,treatment,23.19,desktop,ID,0,0.0
6122,treatment,25.72,desktop,VN,0,0.0
6123,treatment,8.91,mobile,MY,0,0.0
6124,control,15.38,mobile,SG,0,0.0
6125,control,8.1,mobile,MY,0,0.0
6126,treatment,19.79,desktop,ID,0,0.0
6127,treatment,21.4,desktop,PH,0,0.0
6128,treatment,49.57,mobile,ID,1,20.82
6129,treatment,24.51,desktop,SG,0,0.0
6130,control,17.82,desktop,MY,0,0.0
6131,treatment,13.77,desktop,ID,0,0.0
6132,treatment,9.07,desktop,ID,0,0.0
6133,treatment,65.42,desktop,MY,0,0.0
6134,treatment,48.03,mobile,ID,0,0.0
6135,control,9.47,desktop,MY,0,0.0
6136,treatment,25.17,desktop,SG,0,0.0
6137,treatment,11.53,mobile,VN,0,0.0
6138,control,31.21,mobile,SG,0,0.0
6139,treatment,41.03,mobile,ID,0,0.0
6140,treatment,20.7,mobile,PH,0,0.0
6141,control,4.59,mobile,SG,0,0.0
6142,treatment,10.85,mobile,MY,1,10.18
6143,control,12.19,desktop,MY,0,0.0
6144,treatment,88.78,mobile,SG,0,0.0
6145,treatment,64.48,mobile,ID,0,0.0
6146,treatment,38.01,desktop,MY,0,0.0
6147,control,13.26,mobile,MY,1,13.32
6148,treatment,14.86,mobile,SG,1,11.7
6149,treatment,13.57,desktop,ID,0,0.0
6150,control,43.36,mobile,SG,0,0.0
6151,control,4.38,mobile,MY,0,0.0
6152,control,46.87,mobile,VN,0,0.0
6153,treatment,7.44,mobile,PH,0,0.0
6154,treatment,52.04,mobile,VN,0,0.0
6155,treatment,37.95,desktop,SG,0,0.0
6156,treatment,26.59,mobile,VN,0,0.0
6157,treatment,26.86,mobile,SG,0,0.0
6158,treatment,19.17,mobile,ID,0,0.0
6159,treatment,106.09,mobile,SG,0,0.0
6160,treatment,19.29,desktop,SG,0,0.0
6161,treatment,25.36,desktop,ID,0,0.0
6162,treatment,29.36,desktop,SG,0,0.0
6163,treatment,18.48,mobile,ID,0,0.0
6164,treatment,61.31,desktop,PH,0,0.0
6165,treatment,12.5,desktop,VN,0,0.0
6166,treatment,13.95,desktop,ID,0,0.0
6167,control,5.26,mobile,SG,0,0.0
6168,control,33.33,desktop,PH,0,0.0
6169,treatment,18.81,desktop,MY,0,0.0
6170,control,28.44,desktop,PH,0,0.0
6171,treatment,44.76,mobile,ID,1,28.55
6172,treatment,14.26,mobile,ID,0,0.0
6173,treatment,12.32,mobile,MY,0,0.0
6174,control,15.81,mobile,MY,0,0.0
6175,control,74.08,mobile,ID,0,0.0
6176,treatment,6.8,desktop,PH,0,0.0
6177,control,52.44,mobile,VN,0,0.0
6178,treatment,39.28,mobile,MY,0,0.0
6179,treatment,55.14,mobile,PH,0,0.0
6180,treatment,31.64,desktop,ID,0,0.0
6181,control,24.94,mobile,SG,0,0.0
6182,control,8.39,mobile,MY,0,0.0
6183,control,23.64,mobile,ID,1,62.21
6184,control,23.53,mobile,VN,0,0.0
6185,control,9.64,desktop,MY,0,0.0
6186,control,54.83,mobile,ID,0,0.0
6187,treatment,63.68,desktop,MY,0,0.0
6188,control,6.72,mobile,SG,0,0.0
6189,treatment,43.54,desktop,VN,0,0.0
6190,control,39.39,mobile,VN,0,0.0
6191,treatment,52.54,desktop,SG,0,0.0
6192,treatment,24.0,mobile,SG,0,0.0
6193,control,25.45,desktop,ID,0,0.0
6194,treatment,64.23,mobile,SG,0,0.0
6195,control,11.8,desktop,SG,0,0.0
6196,control,47.08,desktop,PH,1,21.44
6197,control,9.22,mobile,SG,0,0.0
6198,treatment,40.21,desktop,SG,0,0.0
6199,treatment,23.84,desktop,ID,0,0.0
6200,treatment,37.42,desktop,SG,0,0.0
6201,treatment,12.47,desktop,VN,0,0.0
6202,control,24.88,mobile,VN,0,0.0
6203,treatment,33.62,mobile,ID,0,0.0
6204,treatment,65.19,desktop,SG,0,0.0
6205,control,34.42,desktop,MY,0,0.0
6206,treatment,20.76,mobile,SG,0,0.0
6207,treatment,14.16,mobile,PH,0,0.0
6208,treatment,60.4,mobile,VN,0,0.0
6209,control,64.91,mobile,SG,1,8.5
6210,control,65.7,desktop,MY,0,0.0
6211,treatment,79.18,mobile,MY,1,7.34
6212,control,44.46,mobile,VN,0,0.0
6213,treatment,66.62,desktop,SG,0,0.0
6214,control,55.13,mobile,ID,0,0.0
6215,treatment,47.41,mobile,PH,1,17.17
6216,control,3.32,desktop,PH,0,0.0
6217,treatment,20.58,desktop,MY,0,0.0
6218,control,1.81,mobile,SG,0,0.0
6219,treatment,13.27,mobile,SG,0,0.0
6220,treatment,29.56,mobile,MY,0,0.0
6221,treatment,5.54,mobile,PH,0,0.0
6222,treatment,19.07,desktop,PH,0,0.0
6223,control,16.08,desktop,SG,0,0.0
6224,control,11.34,mobile,SG,0,0.0
6225,treatment,26.8,mobile,PH,0,0.0
6226,treatment,10.85,mobile,MY,0,0.0
6227,control,11.84,mobile,SG,0,0.0
6228,treatment,39.21,mobile,ID,0,0.0
6229,control,25.69,desktop,PH,0,0.0
6230,control,27.28,desktop,MY,0,0.0
6231,control,35.15,mobile,MY,0,0.0
6232,treatment,32.61,desktop,PH,1,37.43
6233,control,62.65,mobile,MY,0,0.0
6234,treatment,31.34,mobile,SG,0,0.0
6235,treatment,1.95,mobile,SG,0,0.0
6236,control,17.09,mobile,MY,0,0.0
6237,control,27.66,mobile,SG,0,0.0
6238,treatment,42.62,desktop,ID,0,0.0
6239,control,32.59,desktop,PH,1,30.64
6240,treatment,25.16,desktop,SG,0,0.0
6241,treatment,54.7,mobile,VN,0,0.0
6242,control,87.51,desktop,ID,0,0.0
6243,treatment,65.36,mobile,SG,0,0.0
6244,treatment,21.91,mobile,SG,0,0.0
6245,treatment,36.76,desktop,ID,0,0.0
6246,control,39.27,desktop,ID,0,0.0
6247,control,24.03,mobile,SG,0,0.0
6248,control,47.05,mobile,PH,1,19.99
6249,treatment,15.88,mobile,SG,0,0.0
6250,control,36.27,mobile,PH,0,0.0
6251,control,45.1,mobile,SG,1,3.21
6252,treatment,34.84,mobile,ID,0,0.0
6253,treatment,17.12,mobile,SG,1,32.87
6254,treatment,14.89,mobile,ID,0,0.0
6255,control,76.46,mobile,PH,0,0.0
6256,treatment,10.61,desktop,SG,0,0.0
6257,treatment,29.58,mobile,MY,0,0.0
6258,treatment,23.74,desktop,MY,0,0.0
6259,treatment,6.75,mobile,MY,0,0.0
6260,control,23.65,mobile,ID,0,0.0
6261,treatment,54.43,mobile,SG,0,0.0
6262,treatment,12.18,mobile,ID,0,0.0
6263,control,14.41,desktop,MY,0,0.0
6264,control,38.81,desktop,PH,0,0.0
6265,treatment,38.84,mobile,ID,0,0.0
6266,treatment,31.49,mobile,SG,0,0.0
6267,control,16.56,mobile,MY,0,0.0
6268,treatment,15.97,desktop,MY,0,0.0
6269,treatment,12.44,mobile,SG,0,0.0
6270,treatment,38.7,mobile,PH,1,14.21
6271,control,43.02,desktop,PH,0,0.0
6272,treatment,24.34,mobile,SG,0,0.0
6273,treatment,9.71,mobile,VN,0,0.0
6274,treatment,25.24,desktop,PH,1,52.95
6275,treatment,31.88,mobile,ID,0,0.0
6276,treatment,46.19,mobile,MY,0,0.0
6277,control,27.11,mobile,SG,1,64.28
6278,control,9.86,desktop,SG,0,0.0
6279,control,15.46,desktop,MY,1,47.61
6280,treatment,111.73,desktop,MY,0,0.0
6281,treatment,51.12,mobile,ID,0,0.0
6282,treatment,92.76,desktop,SG,0,0.0
6283,treatment,40.18,desktop,SG,1,12.79
6284,treatment,11.8,mobile,SG,0,0.0
6285,control,12.78,mobile,VN,0,0.0
6286,treatment,31.16,desktop,SG,0,0.0
6287,control,25.52,mobile,SG,0,0.0
6288,treatment,24.53,mobile,SG,0,0.0
6289,treatment,40.14,mobile,SG,0,0.0
6290,control,4.86,mobile,ID,0,0.0
6291,treatment,62.62,desktop,ID,0,0.0
6292,control,20.61,mobile,PH,0,0.0
6293,treatment,53.31,mobile,SG,1,39.86
6294,control,21.15,mobile,ID,0,0.0
6295,treatment,51.28,mobile,SG,0,0.0
6296,control,81.55,desktop,SG,1,25.19
6297,treatment,9.77,mobile,ID,0,0.0
6298,treatment,22.67,mobile,PH,0,0.0
6299,treatment,39.36,mobile,PH,0,0.0
6300,control,75.61,mobile,SG,0,0.0
6301,treatment,66.69,desktop,SG,0,0.0
6302,control,17.78,mobile,SG,0,0.0
6303,control,27.08,mobile,PH,0,0.0
6304,control,30.46,desktop,SG,0,0.0
6305,treatment,75.23,mobile,SG,0,0.0
6306,treatment,5.45,mobile,PH,1,16.07
6307,treatment,25.73,mobile,SG,0,0.0
6308,treatment,23.91,mobile,SG,0,0.0
6309,treatment,45.25,desktop,VN,0,0.0
6310,control,56.83,mobile,ID,0,0.0
6311,control,50.37,mobile,MY,0,0.0
6312,control,46.81,mobile,SG,0,0.0
6313,treatment,51.24,desktop,PH,0,0.0
6314,control,7.96,mobile,SG,0,0.0
6315,control,19.33,mobile,ID,0,0.0
6316,treatment,41.27,mobile,PH,1,32.03
6317,control,42.38,mobile,MY,0,0.0
6318,control,9.84,mobile,ID,0,0.0
6319,control,13.25,mobile,ID,0,0.0
6320,treatment,43.29,mobile,ID,0,0.0
6321,treatment,14.59,desktop,SG,0,0.0
6322,control,50.54,mobile,SG,0,0.0
6323,control,88.01,desktop,SG,0,0.0
6324,control,30.14,mobile,SG,0,0.0
6325,treatment,40.08,mobile,SG,0,0.0
6326,control,35.14,mobile,MY,0,0.0
6327,treatment,55.53,mobile,MY,0,0.0
6328,treatment,83.34,mobile,ID,0,0.0
6329,treatment,38.87,desktop,SG,0,0.0
6330,treatment,23.96,desktop,SG,0,0.0
6331,control,12.48,mobile,MY,0,0.0
6332,control,24.53,mobile,MY,0,0.0
6333,treatment,18.6,mobile,SG,0,0.0
6334,control,49.96,mobile,VN,0,0.0
6335,treatment,54.7,mobile,ID,0,0.0
6336,control,20.69,mobile,PH,0,0.0
6337,control,27.74,desktop,MY,0,0.0
6338,treatment,44.69,mobile,SG,0,0.0
6339,control,16.58,mobile,ID,0,0.0
6340,control,41.77,mobile,SG,0,0.0
6341,treatment,33.59,mobile,PH,0,0.0
6342,treatment,46.8,desktop,SG,0,0.0
6343,treatment,7.16,desktop,MY,0,0.0
6344,treatment,37.24,mobile,MY,0,0.0
6345,treatment,11.99,mobile,SG,0,0.0
6346,treatment,33.13,mobile,SG,0,0.0
6347,treatment,24.71,mobile,PH,0,0.0
6348,treatment,34.67,mobile,VN,0,0.0
6349,treatment,32.3,desktop,SG,1,10.28
6350,control,53.54,mobile,ID,0,0.0
6351,control,26.54,mobile,ID,0,0.0
6352,treatment,61.89,mobile,ID,0,0.0
6353,treatment,18.12,desktop,SG,0,0.0
6354,control,34.67,desktop,VN,0,0.0
6355,control,31.9,desktop,MY,0,0.0
6356,treatment,25.98,desktop,PH,1,6.69
6357,treatment,22.91,desktop,SG,0,0.0
6358,treatment,37.65,mobile,MY,0,0.0
6359,treatment,28.23,mobile,SG,0,0.0
6360,treatment,45.87,mobile,MY,0,0.0
6361,treatment,24.1,desktop,MY,0,0.0
6362,treatment,91.37,desktop,MY,0,0.0
6363,treatment,77.12,mobile,VN,0,0.0
6364,control,19.14,desktop,SG,0,0.0
6365,control,41.94,mobile,SG,0,0.0
6366,control,15.02,mobile,ID,0,0.0
6367,treatment,58.84,mobile,SG,0,0.0
6368,control,27.52,mobile,SG,0,0.0
6369,treatment,32.26,mobile,MY,0,0.0
6370,control,38.92,mobile,MY,1,25.71
6371,treatment,1.21,mobile,PH,0,0.0
6372,treatment,36.63,mobile,VN,1,7.51
6373,treatment,73.76,desktop,VN,0,0.0
6374,control,0.58,mobile,MY,1,20.78
6375,treatment,36.38,desktop,PH,0,0.0
6376,treatment,19.62,mobile,ID,0,0.0
6377,treatment,60.8,mobile,PH,0,0.0
6378,treatment,9.17,mobile,VN,0,0.0
6379,control,26.46,mobile,VN,0,0.0
6380,treatment,12.04,desktop,SG,0,0.0
6381,treatment,20.89,mobile,ID,0,0.0
6382,treatment,7.95,mobile,MY,0,0.0
6383,control,28.86,desktop,ID,0,0.0
6384,control,19.4,mobile,ID,0,0.0
6385,control,75.02,desktop,PH,0,0.0
6386,treatment,31.23,desktop,PH,1,32.91
6387,control,20.63,mobile,ID,0,0.0
6388,treatment,11.72,mobile,SG,0,0.0
6389,treatment,14.23,desktop,SG,0,0.0
6390,control,22.55,mobile,SG,0,0.0
6391,treatment,43.38,mobile,SG,1,17.13
6392,treatment,87.03,mobile,MY,0,0.0
6393,treatment,25.54,mobile,SG,0,0.0
6394,treatment,46.04,mobile,SG,1,19.39
6395,control,5.27,mobile,MY,0,0.0
6396,treatment,82.12,mobile,VN,0,0.0
6397,treatment,29.31,mobile,VN,0,0.0
6398,treatment,5.85,desktop,PH,0,0.0
6399,treatment,8.06,desktop,MY,0,0.0
6400,treatment,19.94,desktop,MY,0,0.0
6401,control,52.85,desktop,SG,0,0.0
6402,treatment,125.73,mobile,MY,0,0.0
6403,control,26.54,mobile,MY,0,0.0
6404,control,13.42,mobile,PH,0,0.0
6405,treatment,36.02,mobile,MY,0,0.0
6406,treatment,37.54,desktop,SG,0,0.0
6407,control,10.07,mobile,MY,1,24.35
6408,treatment,28.57,mobile,SG,0,0.0
6409,control,30.48,desktop,PH,0,0.0
6410,treatment,21.34,mobile,MY,0,0.0
6411,control,56.68,desktop,ID,0,0.0
6412,treatment,20.22,mobile,PH,0,0.0
6413,treatment,13.71,mobile,ID,0,0.0
6414,control,15.25,mobile,SG,0,0.0
6415,control,5.69,mobile,MY,0,0.0
6416,treatment,4.79,desktop,MY,0,0.0
6417,control,3.31,mobile,VN,0,0.0
6418,treatment,12.04,mobile,SG,0,0.0
6419,control,31.04,mobile,VN,0,0.0
6420,control,57.04,mobile,VN,0,0.0
6421,control,11.02,desktop,SG,0,0.0
6422,control,13.3,desktop,ID,0,0.0
6423,control,23.36,mobile,ID,0,0.0
6424,treatment,34.4,mobile,SG,0,0.0
6425,control,53.2,desktop,SG,0,0.0
6426,treatment,30.08,mobile,ID,0,0.0
6427,treatment,13.1,mobile,ID,0,0.0
6428,treatment,47.02,desktop,SG,0,0.0
6429,treatment,3.29,mobile,SG,0,0.0
6430,treatment,50.02,desktop,MY,0,0.0
6431,control,59.82,mobile,SG,0,0.0
6432,control,21.38,mobile,MY,0,0.0
6433,control,12.24,mobile,PH,0,0.0
6434,treatment,13.83,desktop,SG,0,0.0
6435,treatment,7.54,desktop,SG,0,0.0
6436,treatment,39.58,mobile,SG,0,0.0
6437,treatment,25.95,desktop,VN,0,0.0
6438,treatment,2.34,desktop,ID,0,0.0
6439,treatment,11.55,mobile,SG,0,0.0
6440,treatment,27.68,mobile,PH,0,0.0
6441,treatment,87.17,desktop,VN,0,0.0
6442,control,37.92,desktop,PH,1,8.6
6443,treatment,43.08,desktop,SG,0,0.0
6444,control,40.01,desktop,PH,0,0.0
6445,treatment,38.76,desktop,VN,0,0.0
6446,treatment,12.45,mobile,MY,0,0.0
6447,treatment,44.0,desktop,SG,0,0.0
6448,control,20.6,mobile,VN,0,0.0
6449,treatment,123.72,mobile,SG,0,0.0
6450,treatment,7.99,mobile,PH,0,0.0
6451,control,35.61,mobile,PH,0,0.0
6452,control,18.01,desktop,SG,0,0.0
6453,treatment,17.39,desktop,SG,0,0.0
6454,treatment,23.91,desktop,SG,1,21.33
6455,treatment,26.09,mobile,PH,0,0.0
6456,treatment,47.08,mobile,MY,0,0.0
6457,treatment,20.41,desktop,PH,0,0.0
6458,control,17.09,mobile,MY,0,0.0
6459,treatment,65.43,mobile,ID,0,0.0
6460,control,35.98,mobile,SG,0,0.0
6461,control,7.77,desktop,SG,1,21.0
6462,treatment,17.71,mobile,SG,0,0.0
6463,control,30.81,desktop,MY,0,0.0
6464,treatment,42.4,mobile,SG,0,0.0
6465,treatment,32.18,mobile,SG,0,0.0
6466,treatment,28.82,desktop,ID,0,0.0
6467,treatment,18.78,mobile,SG,0,0.0
6468,treatment,39.67,desktop,MY,1,32.92
6469,treatment,4.5,desktop,ID,0,0.0
6470,control,21.81,mobile,ID,0,0.0
6471,treatment,25.29,desktop,SG,0,0.0
6472,treatment,8.1,desktop,PH,1,23.97
6473,treatment,39.0,mobile,PH,0,0.0
6474,treatment,31.18,mobile,MY,0,0.0
6475,treatment,3.0,desktop,PH,0,0.0
6476,treatment,60.4,mobile,PH,0,0.0
6477,treatment,6.46,mobile,SG,0,0.0
6478,treatment,9.66,desktop,MY,0,0.0
6479,treatment,33.08,desktop,SG,0,0.0
6480,control,4.46,mobile,ID,0,0.0
6481,control,23.65,mobile,ID,0,0.0
6482,control,12.54,mobile,SG,0,0.0
6483,control,22.77,mobile,SG,0,0.0
6484,control,14.88,mobile,MY,1,31.47
6485,treatment,26.2,mobile,SG,0,0.0
6486,treatment,6.56,mobile,SG,1,54.59
6487,control,14.45,mobile,PH,0,0.0
6488,control,52.88,mobile,PH,0,0.0
6489,treatment,38.39,mobile,MY,0,0.0
6490,treatment,18.83,mobile,SG,0,0.0
6491,control,16.54,mobile,PH,0,0.0
6492,control,11.83,mobile,SG,0,0.0
6493,control,22.94,desktop,ID,0,0.0
6494,control,36.11,mobile,SG,0,0.0
6495,treatment,41.72,desktop,ID,0,0.0
6496,treatment,48.28,mobile,ID,0,0.0
6497,treatment,126.9,mobile,VN,1,9.46
6498,control,23.0,mobile,ID,0,0.0
6499,control,30.25,mobile,PH,0,0.0
6500,treatment,10.4,mobile,SG,0,0.0
6501,treatment,30.36,mobile,ID,0,0.0
6502,control,8.95,mobile,SG,0,0.0
6503,control,52.14,desktop,VN,0,0.0
6504,control,50.37,mobile,SG,0,0.0
6505,treatment,20.84,desktop,SG,0,0.0
6506,control,33.4,mobile,ID,1,27.85
6507,control,23.43,desktop,ID,0,0.0
6508,control,17.19,mobile,SG,0,0.0
6509,treatment,17.26,mobile,SG,0,0.0
6510,treatment,26.83,mobile,SG,0,0.0
6511,treatment,17.14,desktop,MY,1,16.9
6512,treatment,30.31,desktop,SG,0,0.0
6513,treatment,55.64,mobile,SG,0,0.0
6514,treatment,24.32,mobile,SG,0,0.0
6515,treatment,15.27,mobile,ID,0,0.0
6516,treatment,25.91,mobile,SG,0,0.0
6517,control,17.9,desktop,ID,0,0.0
6518,control,29.74,mobile,MY,0,0.0
6519,treatment,96.94,mobile,ID,0,0.0
6520,treatment,21.82,desktop,SG,0,0.0
6521,treatment,24.29,desktop,PH,0,0.0
6522,treatment,19.32,mobile,ID,0,0.0
6523,control,9.27,mobile,SG,0,0.0
6524,control,34.67,mobile,MY,0,0.0
6525,treatment,37.62,mobile,MY,0,0.0
6526,treatment,14.46,mobile,VN,0,0.0
6527,treatment,39.63,mobile,SG,0,0.0
6528,treatment,16.64,mobile,SG,0,0.0
6529,treatment,29.3,mobile,SG,0,0.0
6530,treatment,6.66,mobile,SG,0,0.0
6531,treatment,13.53,mobile,MY,0,0.0
6532,treatment,18.33,mobile,PH,0,0.0
6533,treatment,37.83,desktop,VN,0,0.0
6534,treatment,25.67,mobile,MY,0,0.0
6535,treatment,21.56,desktop,PH,1,13.42
6536,treatment,22.86,mobile,PH,0,0.0
6537,treatment,26.18,mobile,SG,1,15.14
6538,control,1.26,desktop,MY,0,0.0
6539,treatment,16.02,mobile,SG,0,0.0
6540,treatment,19.19,mobile,MY,0,0.0
6541,treatment,58.31,desktop,PH,0,0.0
6542,control,24.08,mobile,SG,0,0.0
6543,treatment,25.57,desktop,SG,0,0.0
6544,treatment,38.0,mobile,VN,0,0.0
6545,treatment,6.91,mobile,SG,1,20.36
6546,treatment,44.17,desktop,SG,0,0.0
6547,treatment,86.96,mobile,ID,0,0.0
6548,treatment,10.14,mobile,SG,0,0.0
6549,treatment,25.83,mobile,SG,0,0.0
6550,treatment,8.95,mobile,PH,0,0.0
6551,treatment,38.0,mobile,SG,0,0.0
6552,treatment,36.95,mobile,MY,0,0.0
6553,treatment,24.19,desktop,MY,1,73.14
6554,control,28.78,desktop,VN,0,0.0
6555,treatment,35.03,desktop,ID,0,0.0
6556,treatment,17.65,mobile,PH,1,24.62
6557,control,65.19,mobile,SG,0,0.0
6558,treatment,16.5,mobile,ID,0,0.0
6559,control,24.89,desktop,SG,0,0.0
6560,treatment,90.91,mobile,MY,0,0.0
6561,treatment,25.46,desktop,VN,0,0.0
6562,treatment,48.17,desktop,MY,0,0.0
6563,treatment,66.16,mobile,ID,0,0.0
6564,control,49.46,mobile,ID,0,0.0
6565,treatment,52.42,mobile,ID,1,20.64
6566,control,0.45,desktop,SG,0,0.0
6567,control,5.63,desktop,MY,0,0.0
6568,treatment,35.31,desktop,ID,0,0.0
6569,treatment,33.42,mobile,SG,0,0.0
6570,treatment,15.37,mobile,MY,0,0.0
6571,treatment,28.85,desktop,VN,0,0.0
6572,treatment,6.27,desktop,VN,1,9.47
6573,treatment,24.49,mobile,ID,1,32.33
6574,treatment,16.66,desktop,MY,0,0.0
6575,control,9.13,desktop,VN,0,0.0
6576,treatment,5.7,mobile,SG,0,0.0
6577,treatment,13.25,mobile,ID,0,0.0
6578,treatment,34.21,desktop,ID,0,0.0
6579,control,8.88,mobile,SG,0,0.0
6580,treatment,41.77,desktop,PH,0,0.0
6581,treatment,6.22,mobile,PH,0,0.0
6582,treatment,26.29,mobile,ID,0,0.0
6583,control,24.45,mobile,ID,0,0.0
6584,treatment,6.43,mobile,SG,0,0.0
6585,control,8.95,mobile,SG,0,0.0
6586,control,35.05,desktop,MY,0,0.0
6587,treatment,44.64,mobile,PH,0,0.0
6588,control,55.59,desktop,MY,0,0.0
6589,treatment,40.65,desktop,SG,0,0.0
6590,treatment,13.09,mobile,ID,0,0.0
6591,treatment,10.35,mobile,MY,0,0.0
6592,treatment,54.65,mobile,SG,0,0.0
6593,control,29.19,mobile,ID,0,0.0
6594,treatment,48.97,mobile,ID,0,0.0
6595,treatment,15.67,mobile,ID,0,0.0
6596,treatment,30.79,mobile,MY,0,0.0
6597,treatment,19.2,mobile,PH,1,11.43
6598,control,1.18,mobile,PH,0,0.0
6599,treatment,42.83,mobile,MY,0,0.0
6600,treatment,14.42,mobile,PH,0,0.0
6601,treatment,84.47,desktop,VN,0,0.0
6602,treatment,26.01,desktop,VN,0,0.0
6603,treatment,27.71,mobile,SG,0,0.0
6604,treatment,43.76,mobile,ID,0,0.0
6605,control,21.35,mobile,SG,0,0.0
6606,control,17.04,mobile,SG,0,0.0
6607,treatment,9.14,mobile,ID,0,0.0
6608,control,18.77,desktop,ID,0,0.0
6609,treatment,19.51,mobile,MY,0,0.0
6610,treatment,42.6,desktop,ID,0,0.0
6611,treatment,16.21,mobile,ID,0,0.0
6612,treatment,20.54,mobile,SG,0,0.0
6613,control,27.39,mobile,SG,0,0.0
6614,control,16.89,mobile,ID,0,0.0
6615,treatment,32.13,mobile,PH,1,58.33
6616,control,12.33,mobile,MY,0,0.0
6617,control,30.78,mobile,SG,0,0.0
6618,control,29.55,mobile,ID,0,0.0
6619,treatment,25.13,mobile,SG,0,0.0
6620,control,19.14,mobile,SG,0,0.0
6621,treatment,26.66,mobile,SG,0,0.0
6622,treatment,31.09,desktop,PH,0,0.0
6623,treatment,19.04,mobile,VN,0,0.0
6624,treatment,19.53,mobile,MY,0,0.0
6625,treatment,46.69,desktop,VN,0,0.0
6626,treatment,24.17,desktop,PH,0,0.0
6627,treatment,50.36,mobile,ID,0,0.0
6628,treatment,32.36,mobile,ID,1,16.65
6629,treatment,17.35,desktop,MY,0,0.0
6630,control,35.64,mobile,SG,1,11.51
6631,treatment,12.78,mobile,MY,0,0.0
6632,treatment,7.36,desktop,MY,0,0.0
6633,control,6.19,desktop,ID,0,0.0
6634,control,25.16,mobile,MY,0,0.0
6635,treatment,11.07,desktop,PH,0,0.0
6636,control,2.14,mobile,ID,0,0.0
6637,control,26.88,desktop,SG,0,0.0
6638,treatment,16.42,mobile,SG,0,0.0
6639,control,60.02,mobile,MY,0,0.0
6640,treatment,16.72,mobile,SG,0,0.0
6641,treatment,53.2,desktop,PH,0,0.0
6642,treatment,10.59,mobile,ID,0,0.0
6643,control,36.85,mobile,MY,0,0.0
6644,treatment,21.49,desktop,SG,0,0.0
6645,treatment,78.49,mobile,MY,0,0.0
6646,treatment,15.18,mobile,MY,0,0.0
6647,treatment,47.3,desktop,SG,0,0.0
6648,treatment,24.43,desktop,PH,0,0.0
6649,treatment,14.75,mobile,VN,0,0.0
6650,control,18.37,desktop,ID,0,0.0
6651,control,8.93,mobile,SG,0,0.0
6652,treatment,27.48,mobile,ID,0,0.0
6653,control,16.65,desktop,ID,0,0.0
6654,treatment,10.22,desktop,PH,0,0.0
6655,control,60.39,mobile,SG,0,0.0
6656,treatment,10.41,mobile,MY,0,0.0
6657,control,15.86,mobile,PH,0,0.0
6658,treatment,23.58,desktop,SG,0,0.0
6659,treatment,92.94,desktop,MY,0,0.0
6660,control,10.45,mobile,SG,0,0.0
6661,control,8.2,desktop,SG,0,0.0
6662,treatment,52.65,mobile,ID,1,26.29
6663,control,16.23,mobile,SG,0,0.0
6664,treatment,9.81,mobile,MY,0,0.0
6665,treatment,29.28,desktop,SG,0,0.0
6666,control,12.03,desktop,SG,0,0.0
6667,treatment,15.39,mobile,SG,0,0.0
6668,control,17.8,desktop,MY,0,0.0
6669,treatment,6.99,mobile,SG,0,0.0
6670,treatment,17.52,desktop,ID,0,0.0
6671,treatment,8.79,desktop,ID,0,0.0
6672,treatment,34.54,mobile,PH,0,0.0
6673,control,14.39,mobile,SG,1,30.19
6674,treatment,7.61,mobile,PH,0,0.0
6675,treatment,0.95,desktop,VN,0,0.0
6676,treatment,59.06,desktop,VN,0,0.0
6677,control,43.9,mobile,ID,0,0.0
6678,control,34.82,mobile,ID,0,0.0
6679,control,22.99,mobile,PH,0,0.0
6680,control,34.01,mobile,MY,0,0.0
6681,treatment,10.92,mobile,SG,0,0.0
6682,control,34.61,desktop,MY,0,0.0
6683,control,4.31,mobile,SG,0,0.0
6684,control,14.29,mobile,ID,0,0.0
6685,treatment,93.02,desktop,ID,0,0.0
6686,treatment,63.81,mobile,SG,0,0.0
6687,control,7.06,mobile,VN,1,14.59
6688,treatment,7.04,mobile,SG,0,0.0
6689,treatment,24.06,mobile,PH,0,0.0
6690,treatment,31.99,mobile,SG,1,21.35
6691,treatment,50.86,mobile,ID,0,0.0
6692,control,52.1,desktop,SG,0,0.0
6693,treatment,74.38,desktop,ID,0,0.0
6694,control,78.11,mobile,SG,0,0.0
6695,treatment,2.65,desktop,PH,0,0.0
6696,treatment,28.18,desktop,VN,0,0.0
6697,control,21.12,mobile,ID,0,0.0
6698,treatment,8.98,mobile,SG,0,0.0
6699,treatment,47.97,mobile,MY,0,0.0
6700,treatment,26.62,mobile,ID,0,0.0
6701,treatment,51.2,mobile,SG,1,9.96
6702,control,28.75,mobile,ID,0,0.0
6703,treatment,24.63,mobile,ID,0,0.0
6704,treatment,4.56,mobile,PH,0,0.0
6705,treatment,83.6,mobile,ID,0,0.0
6706,treatment,46.36,desktop,SG,0,0.0
6707,treatment,21.84,desktop,ID,0,0.0
6708,treatment,32.8,desktop,MY,0,0.0
6709,treatment,11.64,mobile,ID,0,0.0
6710,control,50.71,mobile,VN,0,0.0
6711,control,48.27,desktop,MY,1,39.06
6712,treatment,7.94,mobile,MY,0,0.0
6713,treatment,12.45,mobile,VN,0,0.0
6714,control,21.5,mobile,ID,0,0.0
6715,treatment,9.53,mobile,MY,0,0.0
6716,treatment,6.67,mobile,VN,0,0.0
6717,treatment,29.94,mobile,MY,0,0.0
6718,treatment,14.75,desktop,SG,0,0.0
6719,treatment,12.56,mobile,SG,0,0.0
6720,treatment,19.01,mobile,VN,0,0.0
6721,control,12.09,mobile,PH,1,19.04
6722,treatment,17.4,desktop,PH,0,0.0
6723,treatment,42.34,mobile,PH,0,0.0
6724,control,41.57,desktop,PH,0,0.0
6725,control,25.09,desktop,MY,0,0.0
6726,treatment,21.14,mobile,SG,0,0.0
6727,control,26.14,desktop,MY,0,0.0
6728,treatment,27.99,desktop,SG,0,0.0
6729,treatment,32.61,desktop,ID,1,3.69
6730,treatment,29.06,desktop,ID,0,0.0
6731,treatment,17.4,desktop,MY,0,0.0
6732,control,21.78,mobile,SG,0,0.0
6733,control,18.47,mobile,MY,0,0.0
6734,treatment,45.75,mobile,SG,0,0.0
6735,control,27.78,mobile,MY,0,0.0
6736,treatment,40.44,mobile,ID,0,0.0
6737,control,12.54,desktop,ID,0,0.0
6738,control,26.12,mobile,MY,1,6.63
6739,treatment,28.65,mobile,MY,0,0.0
6740,control,6.87,desktop,SG,0,0.0
6741,control,22.62,mobile,PH,0,0.0
6742,treatment,39.6,desktop,PH,0,0.0
6743,control,56.32,desktop,SG,0,0.0
6744,treatment,19.1,mobile,SG,0,0.0
6745,control,16.66,mobile,VN,0,0.0
6746,treatment,6.98,desktop,MY,0,0.0
6747,treatment,2.68,mobile,MY,0,0.0
6748,control,2.3,mobile,ID,0,0.0
6749,control,30.3,mobile,SG,0,0.0
6750,treatment,17.71,mobile,PH,0,0.0
6751,treatment,17.37,desktop,VN,0,0.0
6752,control,31.54,mobile,ID,0,0.0
6753,treatment,42.02,mobile,VN,0,0.0
6754,treatment,55.21,desktop,SG,0,0.0
6755,treatment,47.31,mobile,PH,0,0.0
6756,control,25.71,desktop,ID,0,0.0
6757,control,1.1,desktop,ID,0,0.0
6758,treatment,23.02,mobile,VN,1,53.2
6759,control,11.31,mobile,MY,0,0.0
6760,control,12.02,mobile,SG,0,0.0
6761,treatment,24.53,mobile,ID,1,21.84
6762,treatment,27.9,desktop,PH,1,57.53
6763,treatment,56.86,desktop,PH,0,0.0
6764,treatment,22.7,desktop,VN,0,0.0
6765,treatment,23.07,desktop,SG,0,0.0
6766,treatment,19.62,mobile,MY,0,0.0
6767,treatment,9.26,desktop,SG,0,0.0
6768,treatment,75.43,mobile,ID,0,0.0
6769,treatment,45.11,mobile,SG,0,0.0
6770,treatment,34.5,mobile,PH,0,0.0
6771,treatment,25.7,mobile,SG,1,28.82
6772,control,61.96,mobile,ID,0,0.0
6773,treatment,31.43,desktop,ID,1,53.51
6774,control,92.58,mobile,ID,0,0.0
6775,treatment,24.15,mobile,VN,0,0.0
6776,treatment,34.83,mobile,VN,0,0.0
6777,treatment,15.98,mobile,SG,0,0.0
6778,treatment,78.52,mobile,ID,0,0.0
6779,control,34.41,mobile,SG,0,0.0
6780,treatment,21.2,desktop,PH,0,0.0
6781,control,16.85,desktop,VN,1,19.12
6782,treatment,17.71,mobile,PH,0,0.0
6783,treatment,26.0,desktop,ID,0,0.0
6784,treatment,15.99,desktop,PH,0,0.0
6785,treatment,26.57,mobile,VN,0,0.0
6786,treatment,14.99,desktop,MY,0,0.0
6787,control,40.67,mobile,SG,0,0.0
6788,treatment,28.91,mobile,VN,0,0.0
6789,treatment,24.75,desktop,PH,1,30.68
6790,treatment,46.36,desktop,MY,0,0.0
6791,treatment,24.36,desktop,VN,0,0.0
6792,treatment,19.13,desktop,VN,0,0.0
6793,treatment,25.84,desktop,MY,0,0.0
6794,treatment,15.89,mobile,MY,0,0.0
6795,treatment,48.77,desktop,PH,1,13.15
6796,control,10.57,mobile,PH,0,0.0
6797,control,3.97,desktop,MY,0,0.0
6798,control,20.64,mobile,VN,0,0.0
6799,control,42.14,mobile,SG,0,0.0
6800,treatment,16.69,mobile,ID,0,0.0
6801,control,40.93,mobile,ID,0,0.0
6802,treatment,77.6,mobile,SG,0,0.0
6803,control,14.36,mobile,SG,0,0.0
6804,treatment,18.05,mobile,MY,0,0.0
6805,treatment,79.64,desktop,PH,0,0.0
6806,treatment,8.29,desktop,VN,0,0.0
6807,treatment,5.42,desktop,MY,0,0.0
6808,treatment,24.38,mobile,SG,1,11.86
6809,treatment,56.78,desktop,SG,0,0.0
6810,treatment,20.83,desktop,SG,0,0.0
6811,treatment,20.11,desktop,MY,1,54.97
6812,treatment,25.4,desktop,SG,0,0.0
6813,control,38.98,desktop,ID,0,0.0
6814,control,10.82,mobile,SG,0,0.0
6815,treatment,22.47,mobile,VN,0,0.0
6816,control,15.77,mobile,SG,1,6.24
6817,control,20.76,mobile,VN,0,0.0
6818,control,18.19,mobile,PH,0,0.0
6819,control,5.88,desktop,SG,0,0.0
6820,treatment,29.81,mobile,ID,0,0.0
6821,control,3.96,mobile,SG,0,0.0
6822,control,11.22,mobile,SG,0,0.0
6823,treatment,21.96,mobile,SG,0,0.0
6824,control,40.01,desktop,MY,1,8.54
6825,treatment,17.38,mobile,PH,0,0.0
6826,control,34.88,mobile,VN,1,82.62
6827,treatment,49.08,desktop,MY,0,0.0
6828,control,20.82,mobile,SG,0,0.0
6829,treatment,34.93,mobile,SG,0,0.0
6830,treatment,64.34,mobile,MY,0,0.0
6831,treatment,31.94,desktop,ID,0,0.0
6832,control,28.34,desktop,PH,0,0.0
6833,treatment,18.16,desktop,SG,0,0.0
6834,treatment,41.7,desktop,MY,0,0.0
6835,control,30.12,mobile,ID,0,0.0
6836,treatment,17.12,desktop,MY,0,0.0
6837,treatment,18.03,desktop,ID,0,0.0
6838,treatment,51.38,mobile,PH,0,0.0
6839,control,30.41,desktop,ID,1,43.91
6840,treatment,44.09,desktop,MY,0,0.0
6841,control,30.57,mobile,SG,0,0.0
6842,treatment,10.34,desktop,MY,1,8.02
6843,control,29.08,desktop,MY,0,0.0
6844,treatment,32.73,mobile,MY,0,0.0
6845,treatment,8.74,desktop,ID,0,0.0
6846,treatment,17.22,mobile,SG,0,0.0
6847,treatment,7.51,desktop,ID,0,0.0
6848,treatment,23.92,mobile,VN,0,0.0
6849,treatment,5.3,mobile,SG,0,0.0
6850,control,7.33,desktop,MY,0,0.0
6851,treatment,40.81,desktop,MY,0,0.0
6852,control,24.41,desktop,ID,0,0.0
6853,treatment,28.0,mobile,MY,0,0.0
6854,control,11.98,mobile,MY,0,0.0
6855,treatment,25.51,desktop,SG,0,0.0
6856,control,45.72,mobile,SG,0,0.0
6857,treatment,37.63,desktop,MY,0,0.0
6858,control,56.03,mobile,ID,0,0.0
6859,treatment,6.15,desktop,PH,0,0.0
6860,treatment,53.35,mobile,MY,0,0.0
6861,treatment,18.21,desktop,PH,0,0.0
6862,treatment,24.03,mobile,VN,0,0.0
6863,control,5.73,mobile,PH,0,0.0
6864,treatment,49.52,mobile,ID,0,0.0
6865,treatment,22.98,desktop,PH,0,0.0
6866,treatment,60.64,desktop,SG,0,0.0
6867,control,8.84,desktop,MY,0,0.0
6868,treatment,40.8,mobile,SG,0,0.0
6869,control,17.06,mobile,MY,0,0.0
6870,control,19.45,mobile,PH,0,0.0
6871,control,30.41,desktop,SG,0,0.0
6872,treatment,10.78,desktop,ID,0,0.0
6873,control,19.54,mobile,PH,0,0.0
6874,control,45.13,mobile,ID,0,0.0
6875,treatment,21.45,desktop,ID,0,0.0
6876,treatment,25.67,mobile,ID,0,0.0
6877,treatment,7.66,mobile,SG,0,0.0
6878,treatment,27.38,desktop,ID,0,0.0
6879,control,6.22,mobile,VN,0,0.0
6880,treatment,7.86,mobile,ID,0,0.0
6881,control,59.18,mobile,PH,0,0.0
6882,control,19.27,desktop,PH,0,0.0
6883,treatment,15.9,desktop,MY,0,0.0
6884,treatment,14.55,mobile,VN,0,0.0
6885,treatment,1.29,mobile,ID,0,0.0
6886,treatment,13.05,mobile,SG,0,0.0
6887,control,55.8,mobile,SG,0,0.0
6888,treatment,7.45,mobile,SG,0,0.0
6889,treatment,10.77,mobile,SG,0,0.0
6890,control,28.56,mobile,ID,0,0.0
6891,treatment,13.13,desktop,PH,0,0.0
6892,treatment,65.41,mobile,SG,0,0.0
6893,treatment,20.33,mobile,ID,0,0.0
6894,treatment,21.4,mobile,ID,1,32.34
6895,treatment,17.84,desktop,MY,0,0.0
6896,treatment,10.62,mobile,ID,0,0.0
6897,treatment,33.04,desktop,VN,1,51.17
6898,treatment,37.37,mobile,SG,0,0.0
6899,treatment,49.05,desktop,ID,0,0.0
6900,treatment,6.18,mobile,SG,0,0.0
6901,treatment,37.79,desktop,SG,1,45.85
6902,treatment,12.25,mobile,ID,0,0.0
6903,control,32.81,mobile,ID,1,42.83
6904,control,57.61,desktop,ID,0,0.0
6905,control,10.43,mobile,SG,0,0.0
6906,control,15.36,mobile,ID,0,0.0
6907,treatment,20.78,mobile,ID,0,0.0
6908,treatment,43.89,mobile,ID,0,0.0
6909,treatment,45.37,mobile,PH,0,0.0
6910,control,12.43,mobile,VN,0,0.0
6911,control,38.73,mobile,SG,0,0.0
6912,treatment,52.71,desktop,VN,0,0.0
6913,control,42.42,mobile,MY,0,0.0
6914,treatment,34.55,mobile,SG,1,27.31
6915,treatment,20.45,mobile,SG,0,0.0
6916,treatment,19.53,mobile,PH,0,0.0
6917,treatment,30.79,mobile,VN,0,0.0
6918,treatment,43.13,desktop,ID,0,0.0
6919,treatment,54.85,desktop,MY,0,0.0
6920,treatment,24.59,desktop,PH,0,0.0
6921,treatment,2.49,mobile,ID,0,0.0
6922,treatment,50.46,mobile,ID,0,0.0
6923,control,8.23,mobile,VN,0,0.0
6924,treatment,128.66,desktop,PH,1,21.9
6925,control,33.53,mobile,ID,0,0.0
6926,treatment,21.01,desktop,SG,0,0.0
6927,treatment,24.98,desktop,ID,0,0.0
6928,treatment,12.94,mobile,SG,0,0.0
6929,control,14.16,mobile,PH,0,0.0
6930,control,31.79,desktop,ID,0,0.0
6931,treatment,28.08,mobile,SG,0,0.0
6932,treatment,12.45,mobile,SG,0,0.0
6933,control,4.13,desktop,MY,0,0.0
6934,control,41.21,mobile,ID,0,0.0
6935,control,52.06,mobile,MY,0,0.0
6936,treatment,7.86,desktop,MY,0,0.0
6937,treatment,35.26,desktop,ID,0,0.0
6938,treatment,37.88,mobile,SG,0,0.0
6939,treatment,13.99,mobile,SG,0,0.0
6940,control,33.73,desktop,VN,0,0.0
6941,control,4.72,desktop,SG,0,0.0
6942,control,65.77,mobile,PH,0,0.0
6943,treatment,35.05,mobile,VN,0,0.0
6944,control,18.3,desktop,SG,1,11.04
6945,treatment,39.42,mobile,ID,0,0.0
6946,treatment,13.21,desktop,SG,0,0.0
6947,control,18.06,desktop,PH,0,0.0
6948,control,8.57,mobile,SG,0,0.0
6949,control,32.31,desktop,MY,1,65.45
6950,treatment,52.6,mobile,ID,0,0.0
6951,treatment,20.88,desktop,ID,0,0.0
6952,treatment,10.62,mobile,ID,0,0.0
6953,treatment,43.7,mobile,PH,0,0.0
6954,control,18.42,mobile,MY,0,0.0
6955,control,40.63,mobile,ID,0,0.0
6956,treatment,25.36,desktop,ID,0,0.0
6957,treatment,27.36,mobile,SG,0,0.0
6958,control,35.54,desktop,VN,0,0.0
6959,treatment,56.84,mobile,ID,0,0.0
6960,treatment,85.1,desktop,SG,0,0.0
6961,treatment,39.01,mobile,SG,0,0.0
6962,control,48.86,mobile,MY,0,0.0
6963,control,46.39,mobile,SG,0,0.0
6964,treatment,28.7,mobile,SG,0,0.0
6965,control,20.74,mobile,ID,0,0.0
6966,treatment,10.35,mobile,ID,0,0.0
6967,treatment,31.53,mobile,MY,0,0.0
6968,control,10.73,mobile,SG,1,8.29
6969,control,14.95,mobile,SG,0,0.0
6970,treatment,43.85,desktop,ID,0,0.0
6971,control,56.83,mobile,VN,0,0.0
6972,treatment,42.2,mobile,ID,1,21.34
6973,control,13.44,mobile,VN,0,0.0
6974,treatment,17.01,mobile,PH,0,0.0
6975,control,38.51,mobile,SG,0,0.0
6976,treatment,45.75,desktop,MY,0,0.0
6977,treatment,55.31,desktop,SG,0,0.0
6978,control,22.38,desktop,SG,0,0.0
6979,treatment,9.87,desktop,PH,0,0.0
6980,control,63.09,mobile,PH,0,0.0
6981,control,39.68,desktop,SG,0,0.0
6982,treatment,15.94,mobile,ID,1,24.37
6983,control,23.68,desktop,PH,0,0.0
6984,control,37.96,mobile,ID,0,0.0
6985,control,7.16,mobile,MY,1,33.81
6986,control,81.0,mobile,MY,0,0.0
6987,treatment,6.15,mobile,SG,0,0.0
6988,treatment,47.96,mobile,MY,0,0.0
6989,treatment,48.91,mobile,MY,1,10.98
6990,treatment,8.44,desktop,SG,0,0.0
6991,treatment,25.41,desktop,MY,0,0.0
6992,control,35.52,desktop,VN,0,0.0
6993,control,21.32,mobile,VN,0,0.0
6994,treatment,90.08,mobile,MY,0,0.0
6995,control,38.35,mobile,MY,0,0.0
6996,treatment,47.21,mobile,ID,0,0.0
6997,treatment,30.53,desktop,ID,0,0.0
6998,treatment,9.29,mobile,SG,0,0.0
6999,treatment,35.28,mobile,MY,0,0.0
7000,control,4.11,mobile,SG,0,0.0
7001,treatment,95.14,desktop,SG,1,60.51
7002,control,17.91,desktop,PH,0,0.0
7003,control,110.45,desktop,MY,0,0.0
7004,treatment,14.01,mobile,ID,0,0.0
7005,control,18.54,desktop,PH,0,0.0
7006,control,12.82,mobile,ID,0,0.0
7007,control,26.16,mobile,MY,0,0.0
7008,treatment,25.91,mobile,MY,0,0.0
7009,control,42.39,desktop,MY,0,0.0
7010,treatment,15.76,mobile,SG,0,0.0
7011,treatment,32.07,mobile,MY,0,0.0
7012,control,22.98,desktop,PH,0,0.0
7013,treatment,51.8,desktop,MY,1,11.6
7014,treatment,24.98,mobile,MY,0,0.0
7015,treatment,22.27,desktop,SG,0,0.0
7016,treatment,45.86,mobile,PH,0,0.0
7017,control,23.73,mobile,SG,0,0.0
7018,treatment,29.75,desktop,MY,0,0.0
7019,control,27.9,desktop,PH,0,0.0
7020,treatment,11.65,desktop,ID,0,0.0
7021,treatment,21.48,mobile,SG,1,34.19
7022,treatment,17.16,desktop,MY,0,0.0
7023,treatment,68.66,desktop,PH,0,0.0
7024,treatment,43.68,mobile,MY,0,0.0
7025,control,19.17,mobile,MY,0,0.0
7026,control,22.56,mobile,VN,0,0.0
7027,treatment,27.58,desktop,SG,0,0.0
7028,control,12.16,mobile,SG,1,43.83
7029,treatment,33.57,mobile,SG,0,0.0
7030,treatment,18.19,mobile,ID,0,0.0
7031,control,43.61,mobile,MY,1,15.45
7032,treatment,0.72,desktop,MY,0,0.0
7033,control,36.61,mobile,VN,0,0.0
7034,control,35.03,desktop,ID,1,6.25
7035,treatment,27.22,mobile,PH,0,0.0
7036,control,20.01,mobile,ID,0,0.0
7037,treatment,66.17,desktop,MY,0,0.0
7038,control,48.78,desktop,MY,0,0.0
7039,treatment,31.04,mobile,MY,0,0.0
7040,control,9.17,desktop,SG,0,0.0
7041,treatment,20.88,mobile,MY,0,0.0
7042,treatment,14.1,mobile,SG,0,0.0
7043,control,34.37,mobile,VN,1,11.66
7044,treatment,54.3,mobile,MY,1,62.56
7045,treatment,14.48,mobile,ID,0,0.0
7046,control,26.88,desktop,MY,0,0.0
7047,treatment,68.81,mobile,SG,0,0.0
7048,treatment,6.87,desktop,ID,0,0.0
7049,control,11.72,mobile,ID,0,0.0
7050,treatment,27.48,mobile,MY,0,0.0
7051,treatment,24.93,desktop,MY,0,0.0
7052,control,11.15,mobile,PH,0,0.0
7053,treatment,7.46,mobile,SG,0,0.0
7054,control,14.58,mobile,ID,0,0.0
7055,control,28.24,desktop,PH,0,0.0
7056,treatment,40.64,desktop,VN,0,0.0
7057,control,7.45,desktop,MY,1,28.33
7058,treatment,28.72,desktop,SG,0,0.0
7059,control,17.87,desktop,VN,0,0.0
7060,treatment,13.3,mobile,ID,0,0.0
7061,treatment,47.42,mobile,PH,0,0.0
7062,treatment,16.85,desktop,PH,0,0.0
7063,control,24.31,desktop,ID,0,0.0
7064,treatment,5.22,mobile,MY,0,0.0
7065,control,3.68,mobile,SG,0,0.0
7066,treatment,40.28,desktop,PH,0,0.0
7067,control,28.4,mobile,VN,0,0.0
7068,treatment,14.08,desktop,SG,0,0.0
7069,control,46.14,desktop,PH,0,0.0
7070,treatment,17.73,mobile,SG,0,0.0
7071,treatment,21.64,mobile,VN,0,0.0
7072,control,11.6,mobile,SG,0,0.0
7073,treatment,18.33,mobile,ID,0,0.0
7074,treatment,72.9,mobile,PH,0,0.0
7075,treatment,12.88,desktop,SG,0,0.0
7076,treatment,13.67,desktop,MY,0,0.0
7077,control,15.21,mobile,MY,0,0.0
7078,control,12.4,mobile,ID,0,0.0
7079,treatment,33.76,desktop,MY,0,0.0
7080,control,25.04,mobile,SG,0,0.0
7081,treatment,10.02,mobile,PH,0,0.0
7082,treatment,14.15,mobile,SG,0,0.0
7083,treatment,40.9,mobile,SG,0,0.0
7084,treatment,14.69,desktop,MY,0,0.0
7085,control,80.06,mobile,ID,0,0.0
7086,treatment,22.25,mobile,PH,0,0.0
7087,control,64.06,mobile,PH,0,0.0
7088,treatment,77.62,desktop,SG,0,0.0
7089,treatment,52.17,mobile,VN,0,0.0
7090,control,26.37,desktop,SG,0,0.0
7091,control,25.56,desktop,ID,0,0.0
7092,treatment,11.54,desktop,PH,0,0.0
7093,treatment,36.95,mobile,ID,1,41.59
7094,control,87.49,mobile,ID,0,0.0
7095,treatment,111.54,desktop,SG,0,0.0
7096,control,48.66,desktop,SG,0,0.0
7097,control,36.68,desktop,VN,0,0.0
7098,treatment,19.19,mobile,SG,0,0.0
7099,treatment,37.52,mobile,ID,0,0.0
7100,control,53.36,mobile,VN,1,10.26
7101,treatment,10.88,mobile,ID,0,0.0
7102,treatment,4.29,mobile,PH,1,3.7
7103,control,9.62,desktop,PH,0,0.0
7104,treatment,47.12,desktop,SG,0,0.0
7105,treatment,49.24,desktop,MY,0,0.0
7106,treatment,8.18,desktop,SG,0,0.0
7107,control,14.3,mobile,PH,0,0.0
7108,treatment,14.87,mobile,SG,0,0.0
7109,treatment,8.87,mobile,SG,1,27.73
7110,treatment,19.39,mobile,MY,0,0.0
7111,treatment,40.5,mobile,ID,0,0.0
7112,treatment,29.43,mobile,VN,0,0.0
7113,treatment,18.19,mobile,SG,0,0.0
7114,treatment,8.05,mobile,VN,0,0.0
7115,treatment,56.63,mobile,SG,0,0.0
7116,treatment,20.23,mobile,VN,0,0.0
7117,control,18.66,mobile,MY,0,0.0
7118,treatment,34.28,desktop,ID,0,0.0
7119,treatment,31.59,mobile,SG,0,0.0
7120,control,8.79,mobile,SG,0,0.0
7121,treatment,7.64,mobile,SG,0,0.0
7122,control,91.67,mobile,PH,0,0.0
7123,control,69.02,mobile,ID,0,0.0
7124,control,63.09,mobile,VN,0,0.0
7125,treatment,70.85,desktop,ID,1,26.29
7126,treatment,52.32,desktop,SG,0,0.0
7127,control,52.03,mobile,VN,0,0.0
7128,control,25.29,mobile,ID,0,0.0
7129,treatment,35.39,mobile,SG,0,0.0
7130,treatment,53.23,mobile,PH,1,16.97
7131,treatment,33.95,mobile,ID,0,0.0
7132,treatment,19.66,desktop,VN,0,0.0
7133,control,42.51,mobile,ID,1,54.6
7134,control,31.1,mobile,VN,0,0.0
7135,treatment,23.62,desktop,PH,0,0.0
7136,control,3.47,mobile,ID,0,0.0
7137,control,37.5,mobile,SG,0,0.0
7138,treatment,83.11,mobile,MY,1,29.18
7139,control,49.7,mobile,MY,0,0.0
7140,control,31.66,mobile,VN,0,0.0
7141,treatment,47.43,mobile,PH,0,0.0
7142,treatment,9.67,desktop,SG,0,0.0
7143,control,28.93,mobile,SG,0,0.0
7144,treatment,46.21,mobile,MY,0,0.0
7145,control,32.03,desktop,MY,0,0.0
7146,control,75.2,desktop,MY,0,0.0
7147,treatment,41.88,desktop,MY,1,24.01
7148,control,13.07,mobile,SG,0,0.0
7149,treatment,58.52,mobile,SG,1,11.94
7150,control,21.23,mobile,SG,0,0.0
7151,control,49.3,mobile,PH,0,0.0
7152,treatment,70.78,mobile,SG,0,0.0
7153,treatment,12.76,mobile,SG,0,0.0
7154,treatment,10.95,desktop,ID,0,0.0
7155,treatment,57.08,desktop,SG,0,0.0
7156,treatment,39.43,mobile,ID,0,0.0
7157,treatment,11.29,mobile,SG,0,0.0
7158,control,32.96,mobile,SG,0,0.0
7159,treatment,15.45,mobile,ID,0,0.0
7160,treatment,69.04,mobile,SG,0,0.0
7161,control,26.15,mobile,VN,0,0.0
7162,control,58.86,mobile,PH,0,0.0
7163,treatment,30.02,mobile,ID,0,0.0
7164,treatment,4.55,mobile,MY,0,0.0
7165,treatment,1.86,desktop,SG,0,0.0
7166,treatment,32.06,mobile,SG,0,0.0
7167,treatment,34.66,desktop,MY,0,0.0
7168,treatment,23.61,mobile,PH,0,0.0
7169,treatment,64.77,mobile,VN,0,0.0
7170,control,15.49,mobile,ID,0,0.0
7171,treatment,26.0,mobile,ID,0,0.0
7172,treatment,17.98,desktop,SG,0,0.0
7173,treatment,18.9,desktop,PH,0,0.0
7174,control,54.09,desktop,PH,0,0.0
7175,treatment,6.65,mobile,SG,0,0.0
7176,control,4.35,mobile,ID,0,0.0
7177,control,35.56,mobile,ID,0,0.0
7178,control,8.98,mobile,ID,0,0.0
7179,treatment,21.7,desktop,ID,0,0.0
7180,treatment,66.37,mobile,SG,1,29.19
7181,treatment,69.91,desktop,SG,0,0.0
7182,control,13.19,mobile,PH,0,0.0
7183,treatment,34.49,mobile,PH,0,0.0
7184,treatment,14.96,mobile,MY,1,9.26
7185,control,7.87,mobile,PH,0,0.0
7186,control,13.71,mobile,PH,0,0.0
7187,treatment,23.83,mobile,MY,0,0.0
7188,control,5.64,mobile,SG,0,0.0
7189,treatment,25.09,mobile,ID,0,0.0
7190,treatment,25.54,mobile,ID,0,0.0
7191,control,5.94,desktop,SG,0,0.0
7192,treatment,9.99,desktop,PH,0,0.0
7193,treatment,53.38,mobile,VN,0,0.0
7194,treatment,50.36,desktop,SG,0,0.0
7195,control,22.89,mobile,SG,1,1.68
7196,treatment,69.53,desktop,SG,0,0.0
7197,control,12.18,mobile,SG,0,0.0
7198,treatment,8.05,mobile,SG,0,0.0
7199,control,5.52,mobile,MY,0,0.0
7200,treatment,4.58,mobile,PH,0,0.0
7201,treatment,25.11,desktop,SG,0,0.0
7202,treatment,32.6,mobile,PH,0,0.0
7203,control,23.25,mobile,SG,0,0.0
7204,treatment,25.67,mobile,ID,0,0.0
7205,treatment,34.09,desktop,VN,0,0.0
7206,treatment,2.81,desktop,SG,0,0.0
7207,treatment,42.22,mobile,ID,0,0.0
7208,control,82.96,desktop,SG,1,20.82
7209,treatment,48.87,mobile,ID,0,0.0
7210,treatment,50.15,desktop,SG,0,0.0
7211,control,12.39,desktop,MY,0,0.0
7212,control,37.07,mobile,MY,0,0.0
7213,control,42.61,mobile,SG,0,0.0
7214,treatment,6.97,desktop,SG,0,0.0
7215,treatment,30.38,mobile,MY,0,0.0
7216,treatment,35.05,mobile,ID,0,0.0
7217,control,25.24,mobile,VN,0,0.0
7218,treatment,10.23,mobile,MY,0,0.0
7219,control,12.95,mobile,SG,0,0.0
7220,treatment,19.25,mobile,MY,0,0.0
7221,treatment,0.21,desktop,MY,0,0.0
7222,control,17.3,mobile,ID,0,0.0
7223,treatment,60.97,desktop,VN,0,0.0
7224,treatment,25.9,mobile,PH,0,0.0
7225,treatment,45.04,desktop,MY,0,0.0
7226,control,31.2,mobile,SG,0,0.0
7227,control,16.85,mobile,ID,0,0.0
7228,treatment,25.55,desktop,SG,0,0.0
7229,treatment,8.5,desktop,PH,0,0.0
7230,treatment,14.19,mobile,MY,0,0.0
7231,treatment,15.24,desktop,SG,0,0.0
7232,treatment,42.47,desktop,ID,0,0.0
7233,treatment,40.03,mobile,ID,0,0.0
7234,treatment,35.11,mobile,MY,0,0.0
7235,control,14.69,desktop,PH,1,24.51
7236,treatment,0.52,desktop,SG,1,23.69
7237,control,17.83,desktop,SG,0,0.0
7238,treatment,36.11,mobile,MY,0,0.0
7239,control,30.71,mobile,ID,0,0.0
7240,treatment,35.52,mobile,VN,0,0.0
7241,control,19.76,mobile,ID,0,0.0
7242,treatment,44.78,desktop,SG,0,0.0
7243,treatment,25.44,mobile,PH,0,0.0
7244,control,9.04,desktop,SG,0,0.0
7245,treatment,48.49,mobile,MY,0,0.0
7246,control,8.95,mobile,ID,0,0.0
7247,treatment,14.63,desktop,PH,0,0.0
7248,control,2.92,mobile,ID,0,0.0
7249,treatment,53.94,mobile,MY,0,0.0
7250,control,22.68,mobile,ID,0,0.0
7251,treatment,45.99,desktop,SG,0,0.0
7252,treatment,39.16,mobile,MY,0,0.0
7253,treatment,4.59,desktop,ID,0,0.0
7254,treatment,28.55,mobile,SG,0,0.0
7255,treatment,12.95,mobile,MY,1,38.99
7256,control,23.29,mobile,PH,0,0.0
7257,control,6.39,desktop,ID,0,0.0
7258,control,32.87,mobile,SG,1,5.35
7259,treatment,38.79,desktop,ID,1,15.02
7260,treatment,31.65,mobile,SG,1,9.41
7261,control,37.33,desktop,PH,0,0.0
7262,control,22.9,mobile,SG,0,0.0
7263,treatment,37.12,desktop,ID,0,0.0
7264,control,10.71,desktop,ID,0,0.0
7265,control,4.94,mobile,SG,0,0.0
7266,control,43.01,desktop,MY,1,92.2
7267,control,18.3,mobile,PH,0,0.0
7268,control,36.86,mobile,SG,1,7.17
7269,control,12.74,mobile,SG,0,0.0
7270,treatment,28.14,mobile,ID,0,0.0
7271,control,53.14,desktop,ID,0,0.0
7272,control,17.01,mobile,VN,0,0.0
7273,control,84.26,desktop,ID,0,0.0
7274,control,20.1,mobile,SG,0,0.0
7275,treatment,32.31,mobile,ID,0,0.0
7276,control,34.5,mobile,PH,1,24.43
7277,control,12.71,desktop,SG,0,0.0
7278,treatment,5.78,desktop,SG,0,0.0
7279,treatment,8.9,desktop,SG,0,0.0
7280,control,17.59,mobile,SG,0,0.0
7281,treatment,44.66,mobile,SG,0,0.0
7282,control,29.99,mobile,SG,1,19.53
7283,control,15.88,mobile,SG,0,0.0
7284,treatment,62.53,desktop,SG,0,0.0
7285,control,19.64,desktop,SG,0,0.0
7286,control,18.49,desktop,ID,0,0.0
7287,treatment,77.13,mobile,ID,0,0.0
7288,control,8.39,desktop,ID,1,11.16
7289,treatment,18.43,desktop,VN,1,56.77
7290,treatment,42.72,mobile,PH,0,0.0
7291,treatment,21.34,mobile,SG,0,0.0
7292,treatment,30.86,mobile,ID,0,0.0
7293,treatment,47.0,mobile,VN,0,0.0
7294,control,37.75,desktop,ID,1,19.53
7295,control,3.07,desktop,MY,1,25.59
7296,treatment,67.01,mobile,MY,0,0.0
7297,treatment,50.95,mobile,SG,0,0.0
7298,treatment,16.47,desktop,SG,0,0.0
7299,treatment,51.24,mobile,SG,1,69.9
7300,control,64.64,mobile,PH,0,0.0
7301,control,44.59,mobile,ID,0,0.0
7302,control,22.49,desktop,ID,1,8.8
7303,control,39.1,mobile,ID,0,0.0
7304,treatment,57.64,desktop,PH,0,0.0
7305,treatment,44.98,mobile,ID,0,0.0
7306,treatment,24.97,desktop,SG,0,0.0
7307,treatment,37.63,mobile,PH,0,0.0
7308,control,43.44,mobile,MY,0,0.0
7309,control,20.3,mobile,MY,0,0.0
7310,treatment,34.96,mobile,PH,0,0.0
7311,treatment,82.27,mobile,PH,0,0.0
7312,treatment,48.41,mobile,MY,0,0.0
7313,treatment,87.11,mobile,MY,1,8.71
7314,treatment,51.53,mobile,VN,0,0.0
7315,control,8.85,mobile,MY,0,0.0
7316,control,45.74,mobile,MY,1,17.55
7317,treatment,106.03,desktop,ID,0,0.0
7318,control,68.88,mobile,SG,0,0.0
7319,control,10.59,mobile,MY,0,0.0
7320,control,10.07,mobile,SG,0,0.0
7321,treatment,2.22,desktop,SG,0,0.0
7322,treatment,15.6,mobile,ID,0,0.0
7323,control,29.25,mobile,SG,0,0.0
7324,control,17.24,mobile,MY,0,0.0
7325,treatment,31.09,desktop,SG,0,0.0
7326,treatment,60.36,desktop,MY,1,13.2
7327,treatment,44.85,mobile,MY,0,0.0
7328,treatment,38.59,mobile,PH,0,0.0
7329,treatment,15.82,mobile,ID,0,0.0
7330,treatment,7.52,mobile,ID,0,0.0
7331,treatment,37.26,desktop,ID,1,8.0
7332,treatment,19.64,desktop,SG,0,0.0
7333,treatment,41.81,mobile,MY,0,0.0
7334,treatment,15.15,mobile,ID,0,0.0
7335,treatment,41.21,mobile,MY,0,0.0
7336,treatment,27.42,mobile,SG,0,0.0
7337,treatment,20.87,mobile,PH,0,0.0
7338,control,4.44,mobile,ID,0,0.0
7339,control,12.42,mobile,PH,0,0.0
7340,treatment,13.29,desktop,SG,0,0.0
7341,control,11.82,mobile,ID,0,0.0
7342,treatment,38.5,desktop,PH,0,0.0
7343,control,27.98,mobile,ID,0,0.0
7344,control,49.65,mobile,MY,0,0.0
7345,treatment,18.47,mobile,SG,0,0.0
7346,control,9.82,mobile,PH,0,0.0
7347,treatment,11.39,desktop,ID,0,0.0
7348,treatment,30.46,mobile,ID,1,10.79
7349,control,7.94,mobile,MY,0,0.0
7350,control,6.28,desktop,PH,0,0.0
7351,control,71.16,mobile,SG,0,0.0
7352,control,20.28,desktop,PH,0,0.0
7353,control,30.8,mobile,ID,1,30.27
7354,control,8.38,mobile,ID,0,0.0
7355,treatment,86.96,desktop,ID,0,0.0
7356,control,55.79,mobile,SG,0,0.0
7357,control,59.26,mobile,ID,0,0.0
7358,control,21.13,mobile,ID,0,0.0
7359,treatment,10.97,mobile,SG,0,0.0
7360,control,11.84,desktop,VN,0,0.0
7361,control,18.62,mobile,MY,0,0.0
7362,treatment,19.22,mobile,ID,0,0.0
7363,treatment,4.24,mobile,MY,1,25.66
7364,treatment,10.77,mobile,SG,0,0.0
7365,control,49.88,mobile,PH,0,0.0
7366,control,35.34,desktop,ID,0,0.0
7367,control,105.13,mobile,PH,0,0.0
7368,treatment,8.73,mobile,ID,0,0.0
7369,treatment,29.14,mobile,ID,1,21.16
7370,treatment,12.04,mobile,ID,0,0.0
7371,control,20.02,mobile,SG,0,0.0
7372,control,16.81,mobile,SG,0,0.0
7373,treatment,60.6,mobile,MY,0,0.0
7374,treatment,80.21,mobile,ID,0,0.0
7375,control,26.12,mobile,MY,0,0.0
7376,control,25.38,mobile,MY,0,0.0
7377,control,21.94,mobile,PH,0,0.0
7378,treatment,20.1,mobile,SG,0,0.0
7379,treatment,3.12,desktop,SG,0,0.0
7380,control,24.89,mobile,MY,0,0.0
7381,control,58.08,desktop,SG,0,0.0
7382,control,34.81,desktop,MY,1,49.6
7383,control,59.13,desktop,MY,0,0.0
7384,treatment,15.07,mobile,SG,0,0.0
7385,control,29.51,mobile,VN,0,0.0
7386,treatment,20.8,desktop,VN,0,0.0
7387,treatment,21.33,mobile,VN,0,0.0
7388,control,20.71,mobile,ID,0,0.0
7389,treatment,75.4,mobile,SG,0,0.0
7390,treatment,66.84,mobile,PH,0,0.0
7391,treatment,27.47,desktop,SG,0,0.0
7392,treatment,44.3,desktop,PH,0,0.0
7393,treatment,32.43,desktop,MY,0,0.0
7394,treatment,23.62,mobile,SG,0,0.0
7395,control,74.13,mobile,SG,0,0.0
7396,treatment,24.46,mobile,SG,0,0.0
7397,treatment,23.64,desktop,SG,0,0.0
7398,control,21.59,desktop,SG,0,0.0
7399,treatment,25.91,desktop,ID,0,0.0
7400,treatment,22.79,mobile,ID,0,0.0
7401,treatment,49.94,mobile,SG,0,0.0
7402,control,48.01,mobile,SG,0,0.0
7403,treatment,7.39,mobile,ID,0,0.0
7404,treatment,4.75,mobile,SG,0,0.0
7405,control,33.84,desktop,ID,0,0.0
7406,control,10.39,mobile,VN,0,0.0
7407,treatment,22.53,desktop,MY,0,0.0
7408,control,12.04,desktop,ID,0,0.0
7409,control,68.89,mobile,SG,0,0.0
7410,treatment,24.55,mobile,SG,0,0.0
7411,control,26.34,desktop,SG,0,0.0
7412,treatment,30.55,mobile,ID,0,0.0
7413,treatment,2.0,mobile,SG,0,0.0
7414,control,19.89,desktop,ID,1,31.77
7415,treatment,52.83,mobile,MY,0,0.0
7416,treatment,34.81,desktop,PH,0,0.0
7417,treatment,69.09,mobile,ID,0,0.0
7418,treatment,57.86,mobile,MY,0,0.0
7419,control,17.74,mobile,ID,0,0.0
7420,control,33.5,desktop,MY,0,0.0
7421,treatment,84.03,desktop,ID,1,7.61
7422,treatment,26.27,desktop,SG,0,0.0
7423,control,31.89,mobile,SG,1,19.91
7424,treatment,35.71,desktop,MY,0,0.0
7425,treatment,9.4,desktop,MY,0,0.0
7426,control,19.55,mobile,PH,0,0.0
7427,control,27.41,mobile,ID,0,0.0
7428,control,15.31,mobile,MY,0,0.0
7429,treatment,21.95,mobile,ID,0,0.0
7430,treatment,46.23,mobile,SG,0,0.0
7431,control,24.64,desktop,SG,0,0.0
7432,control,14.23,mobile,SG,0,0.0
7433,treatment,36.37,desktop,ID,0,0.0
7434,treatment,26.15,mobile,ID,0,0.0
7435,control,73.34,mobile,SG,1,19.98
7436,treatment,34.03,mobile,MY,0,0.0
7437,control,15.98,mobile,MY,0,0.0
7438,treatment,11.02,mobile,ID,0,0.0
7439,treatment,36.37,mobile,SG,0,0.0
7440,treatment,108.33,mobile,ID,0,0.0
7441,treatment,8.03,mobile,SG,0,0.0
7442,treatment,23.98,mobile,VN,0,0.0
7443,treatment,11.47,mobile,ID,0,0.0
7444,control,48.9,mobile,SG,0,0.0
7445,treatment,26.81,desktop,VN,1,5.01
7446,treatment,27.04,mobile,PH,0,0.0
7447,control,18.39,desktop,MY,1,31.23
7448,control,33.8,mobile,MY,0,0.0
7449,control,28.11,desktop,MY,0,0.0
7450,control,37.29,mobile,PH,0,0.0
7451,treatment,17.62,mobile,SG,0,0.0
7452,control,9.91,desktop,SG,0,0.0
7453,control,13.94,desktop,VN,0,0.0
7454,treatment,39.55,mobile,VN,0,0.0
7455,treatment,16.05,desktop,PH,0,0.0
7456,treatment,15.37,desktop,MY,0,0.0
7457,control,40.04,desktop,MY,0,0.0
7458,control,1.47,mobile,ID,0,0.0
7459,treatment,10.04,mobile,MY,0,0.0
7460,treatment,17.07,desktop,ID,0,0.0
7461,treatment,3.66,desktop,PH,0,0.0
7462,treatment,47.88,mobile,ID,0,0.0
7463,treatment,12.32,desktop,SG,0,0.0
7464,control,30.98,mobile,SG,0,0.0
7465,treatment,40.83,desktop,ID,0,0.0
7466,control,22.65,desktop,MY,0,0.0
7467,treatment,8.66,desktop,ID,0,0.0
7468,treatment,21.59,mobile,ID,0,0.0
7469,treatment,15.32,mobile,VN,0,0.0
7470,treatment,15.89,mobile,SG,0,0.0
7471,treatment,14.52,desktop,PH,1,52.73
7472,treatment,48.46,desktop,MY,0,0.0
7473,treatment,60.57,desktop,SG,0,0.0
7474,treatment,42.59,mobile,PH,1,22.09
7475,treatment,16.74,desktop,MY,1,10.06
7476,treatment,64.14,mobile,MY,0,0.0
7477,control,13.72,mobile,MY,0,0.0
7478,treatment,28.96,desktop,SG,0,0.0
7479,treatment,25.47,desktop,PH,1,15.91
7480,treatment,60.55,desktop,PH,0,0.0
7481,control,31.25,mobile,PH,1,6.46
7482,control,17.76,mobile,ID,0,0.0
7483,control,39.16,mobile,SG,0,0.0
7484,treatment,35.8,mobile,MY,0,0.0
7485,treatment,53.07,mobile,MY,0,0.0
7486,treatment,35.75,desktop,PH,0,0.0
7487,control,25.36,desktop,ID,0,0.0
7488,treatment,15.02,mobile,SG,0,0.0
7489,treatment,49.09,mobile,PH,0,0.0
7490,treatment,18.44,mobile,ID,0,0.0
7491,control,13.29,mobile,ID,0,0.0
7492,treatment,41.33,desktop,SG,0,0.0
7493,treatment,14.58,mobile,SG,0,0.0
7494,treatment,44.65,mobile,VN,0,0.0
7495,control,8.46,mobile,SG,0,0.0
7496,treatment,23.66,mobile,MY,0,0.0
7497,treatment,41.68,mobile,MY,0,0.0
7498,control,38.34,mobile,PH,0,0.0
7499,control,47.79,mobile,PH,0,0.0
7500,control,17.74,mobile,MY,0,0.0
7501,treatment,44.43,mobile,SG,0,0.0
7502,treatment,50.18,mobile,PH,0,0.0
7503,control,18.43,mobile,VN,0,0.0
7504,treatment,57.74,mobile,ID,0,0.0
7505,treatment,29.79,desktop,MY,1,33.55
7506,control,34.74,desktop,SG,0,0.0
7507,treatment,11.03,mobile,MY,0,0.0
7508,treatment,11.38,mobile,SG,0,0.0
7509,control,21.53,desktop,ID,0,0.0
7510,treatment,12.95,desktop,PH,0,0.0
7511,treatment,41.25,desktop,PH,0,0.0
7512,control,19.24,desktop,SG,1,16.44
7513,control,41.57,mobile,MY,0,0.0
7514,treatment,29.99,desktop,PH,1,11.92
7515,treatment,22.18,desktop,MY,0,0.0
7516,treatment,34.37,mobile,ID,0,0.0
7517,treatment,3.36,mobile,SG,0,0.0
7518,control,45.88,mobile,SG,0,0.0
7519,treatment,16.35,mobile,ID,0,0.0
7520,treatment,44.33,desktop,SG,1,19.9
7521,control,5.25,desktop,SG,0,0.0
7522,treatment,30.15,mobile,SG,0,0.0
7523,treatment,51.01,mobile,ID,1,27.33
7524,control,37.63,mobile,SG,0,0.0
7525,treatment,2.53,desktop,ID,0,0.0
7526,treatment,22.52,mobile,SG,0,0.0
7527,treatment,58.57,desktop,PH,0,0.0
7528,treatment,61.75,desktop,SG,1,9.27
7529,treatment,24.44,mobile,ID,0,0.0
7530,treatment,19.76,desktop,ID,0,0.0
7531,treatment,51.51,mobile,PH,0,0.0
7532,control,43.97,mobile,SG,0,0.0
7533,control,7.24,mobile,MY,0,0.0
7534,control,25.66,mobile,SG,0,0.0
7535,treatment,85.86,desktop,SG,0,0.0
7536,treatment,24.56,desktop,SG,0,0.0
7537,treatment,24.19,mobile,VN,1,8.95
7538,treatment,30.23,desktop,MY,0,0.0
7539,control,67.3,mobile,SG,0,0.0
7540,treatment,40.71,mobile,ID,1,11.97
7541,treatment,9.52,mobile,MY,0,0.0
7542,treatment,25.62,mobile,PH,0,0.0
7543,control,44.12,mobile,ID,0,0.0
7544,treatment,112.46,mobile,SG,0,0.0
7545,treatment,11.42,mobile,PH,0,0.0
7546,treatment,57.83,mobile,VN,0,0.0
7547,control,26.81,mobile,ID,0,0.0
7548,treatment,6.43,desktop,ID,0,0.0
7549,treatment,113.64,mobile,PH,0,0.0
7550,control,16.01,desktop,ID,0,0.0
7551,treatment,3.72,mobile,PH,1,66.24
7552,control,41.31,mobile,MY,1,8.71
7553,treatment,17.39,desktop,ID,0,0.0
7554,control,25.97,mobile,MY,0,0.0
7555,control,49.53,mobile,SG,0,0.0
7556,control,53.33,desktop,SG,1,12.18
7557,treatment,87.49,desktop,PH,0,0.0
7558,treatment,7.36,mobile,ID,0,0.0
7559,treatment,14.58,mobile,ID,0,0.0
7560,treatment,31.62,desktop,ID,0,0.0
7561,treatment,58.02,mobile,ID,0,0.0
7562,treatment,9.97,mobile,PH,1,10.39
7563,treatment,57.96,mobile,SG,0,0.0
7564,control,41.82,mobile,MY,1,7.37
7565,treatment,104.04,desktop,MY,0,0.0
7566,treatment,8.1,desktop,SG,0,0.0
7567,treatment,39.07,desktop,ID,0,0.0
7568,control,27.81,desktop,PH,0,0.0
7569,treatment,75.37,mobile,SG,0,0.0
7570,control,15.73,mobile,VN,0,0.0
7571,control,23.67,mobile,SG,0,0.0
7572,treatment,7.51,desktop,MY,0,0.0
7573,treatment,7.71,desktop,SG,0,0.0
7574,control,20.54,mobile,VN,0,0.0
7575,control,66.01,mobile,PH,0,0.0
7576,treatment,52.2,desktop,MY,0,0.0
7577,control,19.91,mobile,SG,0,0.0
7578,treatment,24.04,mobile,SG,0,0.0
7579,control,30.69,mobile,ID,0,0.0
7580,control,14.99,mobile,PH,0,0.0
7581,control,16.07,mobile,ID,0,0.0
7582,control,22.66,desktop,ID,0,0.0
7583,control,8.65,mobile,ID,0,0.0
7584,treatment,8.41,desktop,PH,1,22.67
7585,control,23.07,mobile,ID,0,0.0
7586,treatment,12.15,mobile,PH,0,0.0
7587,treatment,30.98,desktop,VN,0,0.0
7588,control,17.91,mobile,ID,0,0.0
7589,treatment,9.23,mobile,ID,0,0.0
7590,control,15.24,mobile,VN,0,0.0
7591,control,21.55,mobile,MY,0,0.0
7592,treatment,27.19,mobile,VN,0,0.0
7593,treatment,20.7,mobile,SG,0,0.0
7594,treatment,35.8,desktop,ID,0,0.0
7595,treatment,33.5,mobile,SG,0,0.0
7596,treatment,4.79,mobile,ID,0,0.0
7597,control,17.88,mobile,SG,0,0.0
7598,treatment,26.59,mobile,VN,0,0.0
7599,treatment,27.0,mobile,MY,0,0.0
7600,treatment,29.08,mobile,PH,1,31.98
7601,treatment,37.9,mobile,MY,0,0.0
7602,control,18.35,desktop,SG,0,0.0
7603,treatment,7.89,mobile,ID,0,0.0
7604,treatment,31.09,mobile,MY,0,0.0
7605,treatment,25.07,mobile,SG,0,0.0
7606,treatment,86.83,mobile,PH,0,0.0
7607,control,9.93,desktop,SG,0,0.0
7608,treatment,37.21,desktop,ID,0,0.0
7609,treatment,11.33,mobile,ID,0,0.0
7610,control,118.88,mobile,ID,1,75.1
7611,treatment,9.88,mobile,SG,0,0.0
7612,treatment,14.73,mobile,MY,0,0.0
7613,control,31.14,mobile,MY,0,0.0
7614,control,28.25,mobile,MY,0,0.0
7615,treatment,33.85,desktop,MY,0,0.0
7616,treatment,10.0,mobile,PH,0,0.0
7617,treatment,33.34,mobile,VN,0,0.0
7618,treatment,110.74,mobile,MY,1,5.07
7619,control,12.96,mobile,ID,0,0.0
7620,control,16.08,mobile,MY,0,0.0
7621,control,23.24,mobile,SG,0,0.0
7622,treatment,62.68,mobile,PH,0,0.0
7623,treatment,52.55,mobile,SG,0,0.0
7624,control,6.3,mobile,PH,0,0.0
7625,control,16.25,mobile,ID,0,0.0
7626,control,26.09,mobile,ID,0,0.0
7627,treatment,7.83,desktop,ID,0,0.0
7628,treatment,8.05,desktop,PH,0,0.0
7629,control,114.85,mobile,PH,1,3.29
7630,treatment,18.61,mobile,ID,0,0.0
7631,control,63.78,mobile,SG,0,0.0
7632,control,65.55,mobile,ID,0,0.0
7633,treatment,22.66,mobile,MY,0,0.0
7634,control,38.09,mobile,SG,0,0.0
7635,treatment,16.46,mobile,PH,0,0.0
7636,control,16.44,desktop,ID,0,0.0
7637,control,79.61,desktop,SG,0,0.0
7638,control,63.22,mobile,MY,0,0.0
7639,control,10.92,mobile,SG,1,28.23
7640,treatment,50.67,mobile,ID,1,30.47
7641,treatment,13.38,desktop,MY,0,0.0
7642,control,13.49,mobile,ID,0,0.0
7643,treatment,13.59,mobile,PH,0,0.0
7644,control,32.5,mobile,ID,0,0.0
7645,treatment,54.67,desktop,SG,0,0.0
7646,treatment,12.84,desktop,MY,0,0.0
7647,treatment,66.97,desktop,VN,0,0.0
7648,treatment,44.77,mobile,ID,0,0.0
7649,treatment,16.36,desktop,MY,0,0.0
7650,control,31.37,desktop,SG,1,61.64
7651,treatment,3.6,mobile,PH,0,0.0
7652,treatment,28.37,mobile,ID,0,0.0
7653,treatment,17.58,desktop,PH,0,0.0
7654,treatment,7.14,mobile,MY,0,0.0
7655,control,43.42,desktop,ID,0,0.0
7656,treatment,18.4,desktop,PH,0,0.0
7657,treatment,15.43,mobile,ID,0,0.0
7658,control,24.04,mobile,PH,0,0.0
7659,treatment,9.0,mobile,MY,0,0.0
7660,control,11.27,desktop,PH,0,0.0
7661,control,29.33,mobile,PH,0,0.0
7662,treatment,66.23,mobile,MY,0,0.0
7663,treatment,50.55,mobile,SG,0,0.0
7664,treatment,25.01,desktop,ID,0,0.0
7665,treatment,34.49,mobile,ID,0,0.0
7666,control,22.78,mobile,PH,0,0.0
7667,treatment,26.71,desktop,ID,0,0.0
7668,treatment,9.83,mobile,ID,0,0.0
7669,treatment,22.91,mobile,ID,0,0.0
7670,control,56.66,mobile,ID,1,26.42
7671,control,54.27,mobile,ID,0,0.0
7672,control,22.99,desktop,MY,0,0.0
7673,treatment,44.43,desktop,VN,0,0.0
7674,control,20.41,desktop,ID,0,0.0
7675,treatment,37.33,mobile,ID,1,28.56
7676,treatment,6.93,mobile,MY,0,0.0
7677,control,53.59,mobile,PH,0,0.0
7678,treatment,29.08,desktop,PH,0,0.0
7679,treatment,1.66,mobile,VN,0,0.0
7680,control,13.6,mobile,MY,0,0.0
7681,treatment,73.74,mobile,PH,0,0.0
7682,treatment,35.17,desktop,SG,0,0.0
7683,treatment,25.91,mobile,SG,0,0.0
7684,treatment,61.92,mobile,MY,0,0.0
7685,control,32.75,desktop,SG,0,0.0
7686,treatment,23.31,mobile,PH,0,0.0
7687,treatment,20.26,desktop,SG,0,0.0
7688,treatment,34.9,mobile,MY,0,0.0
7689,treatment,9.3,mobile,MY,0,0.0
7690,treatment,36.9,mobile,ID,0,0.0
7691,treatment,64.56,desktop,SG,0,0.0
7692,control,111.25,mobile,PH,0,0.0
7693,control,8.82,mobile,ID,0,0.0
7694,treatment,45.96,mobile,ID,0,0.0
7695,treatment,21.09,mobile,SG,0,0.0
7696,treatment,28.51,mobile,VN,0,0.0
7697,treatment,54.79,desktop,SG,1,38.89
7698,control,22.82,mobile,PH,0,0.0
7699,control,62.21,mobile,VN,0,0.0
7700,control,9.88,mobile,PH,0,0.0
7701,treatment,36.08,mobile,SG,0,0.0
7702,control,4.68,mobile,PH,0,0.0
7703,control,7.75,mobile,PH,0,0.0
7704,treatment,24.32,mobile,MY,1,11.8
7705,control,28.82,desktop,SG,0,0.0
7706,treatment,22.89,mobile,SG,0,0.0
7707,treatment,52.37,desktop,ID,0,0.0
7708,treatment,35.06,mobile,ID,0,0.0
7709,treatment,12.48,desktop,SG,0,0.0
7710,control,26.66,mobile,VN,0,0.0
7711,treatment,17.65,mobile,SG,0,0.0
7712,treatment,50.47,mobile,MY,0,0.0
7713,treatment,38.36,mobile,SG,0,0.0
7714,treatment,8.01,mobile,SG,0,0.0
7715,control,39.02,mobile,PH,0,0.0
7716,control,52.63,mobile,VN,0,0.0
7717,control,19.74,mobile,MY,0,0.0
7718,treatment,39.34,mobile,PH,0,0.0
7719,treatment,10.84,mobile,VN,0,0.0
7720,treatment,55.91,mobile,SG,0,0.0
7721,control,14.34,mobile,ID,0,0.0
7722,treatment,24.01,desktop,SG,0,0.0
7723,treatment,58.79,mobile,VN,0,0.0
7724,control,12.92,mobile,SG,0,0.0
7725,treatment,31.7,desktop,MY,0,0.0
7726,control,46.18,mobile,ID,1,9.01
7727,control,27.39,mobile,PH,0,0.0
7728,treatment,10.05,desktop,VN,0,0.0
7729,treatment,36.73,mobile,ID,0,0.0
7730,treatment,76.4,mobile,MY,0,0.0
7731,treatment,61.93,mobile,PH,0,0.0
7732,treatment,21.95,desktop,SG,0,0.0
7733,treatment,53.88,mobile,SG,0,0.0
7734,control,23.05,mobile,SG,0,0.0
7735,treatment,22.47,desktop,PH,0,0.0
7736,treatment,29.65,mobile,SG,0,0.0
7737,treatment,38.25,mobile,ID,0,0.0
7738,control,5.25,desktop,ID,0,0.0
7739,treatment,11.47,mobile,SG,0,0.0
7740,treatment,20.67,desktop,SG,1,19.95
7741,treatment,9.12,mobile,PH,1,8.3
7742,treatment,22.29,mobile,SG,0,0.0
7743,treatment,26.34,desktop,MY,0,0.0
7744,treatment,31.06,mobile,ID,0,0.0
7745,control,46.22,desktop,MY,0,0.0
7746,treatment,22.37,desktop,SG,0,0.0
7747,treatment,9.48,desktop,SG,0,0.0
7748,treatment,7.72,mobile,ID,0,0.0
7749,treatment,15.14,mobile,ID,0,0.0
7750,treatment,9.12,mobile,PH,0,0.0
7751,control,27.69,desktop,PH,0,0.0
7752,control,12.67,mobile,ID,0,0.0
7753,treatment,18.39,desktop,ID,0,0.0
7754,treatment,22.89,mobile,ID,0,0.0
7755,treatment,59.41,mobile,SG,0,0.0
7756,treatment,31.67,mobile,ID,0,0.0
7757,control,36.98,mobile,ID,0,0.0
7758,treatment,27.06,desktop,VN,0,0.0
7759,treatment,24.01,mobile,VN,0,0.0
7760,treatment,38.97,desktop,ID,1,19.11
7761,treatment,64.73,mobile,MY,0,0.0
7762,control,45.65,desktop,SG,0,0.0
7763,control,26.99,desktop,PH,0,0.0
7764,treatment,39.74,desktop,MY,0,0.0
7765,control,76.76,mobile,PH,0,0.0
7766,treatment,64.01,mobile,ID,0,0.0
7767,control,7.4,mobile,SG,0,0.0
7768,control,93.92,desktop,SG,0,0.0
7769,treatment,22.07,mobile,MY,0,0.0
7770,treatment,24.39,desktop,ID,0,0.0
7771,treatment,5.42,desktop,SG,0,0.0
7772,treatment,45.81,mobile,PH,0,0.0
7773,control,3.81,mobile,MY,0,0.0
7774,treatment,32.82,desktop,SG,0,0.0
7775,treatment,49.49,desktop,ID,0,0.0
7776,treatment,54.93,desktop,ID,1,7.7
7777,control,14.09,mobile,VN,0,0.0
7778,treatment,19.35,mobile,VN,0,0.0
7779,control,23.02,mobile,MY,0,0.0
7780,treatment,21.56,desktop,ID,0,0.0
7781,control,11.44,mobile,SG,0,0.0
7782,treatment,34.16,mobile,PH,1,4.72
7783,control,25.05,mobile,MY,0,0.0
7784,control,69.92,mobile,PH,0,0.0
7785,control,29.95,mobile,SG,0,0.0
7786,control,19.22,mobile,SG,0,0.0
7787,treatment,9.17,mobile,PH,1,7.54
7788,control,3.47,mobile,SG,0,0.0
7789,treatment,16.57,mobile,MY,0,0.0
7790,treatment,17.02,mobile,ID,0,0.0
7791,treatment,10.23,mobile,SG,0,0.0
7792,control,16.44,mobile,SG,0,0.0
7793,control,34.21,desktop,SG,0,0.0
7794,control,15.18,mobile,MY,0,0.0
7795,treatment,19.36,mobile,PH,0,0.0
7796,control,7.12,mobile,ID,0,0.0
7797,treatment,77.78,mobile,MY,0,0.0
7798,control,28.7,mobile,ID,0,0.0
7799,treatment,12.88,desktop,ID,0,0.0
7800,treatment,40.77,mobile,SG,0,0.0
7801,treatment,27.74,desktop,SG,0,0.0
7802,control,19.3,desktop,VN,0,0.0
7803,treatment,33.48,mobile,ID,0,0.0
7804,treatment,49.88,mobile,PH,1,29.52
7805,control,30.83,mobile,ID,0,0.0
7806,treatment,57.57,mobile,SG,0,0.0
7807,treatment,24.41,desktop,ID,1,18.5
7808,treatment,19.38,mobile,MY,0,0.0
7809,treatment,71.71,mobile,VN,0,0.0
7810,treatment,22.18,mobile,ID,0,0.0
7811,control,42.49,mobile,PH,0,0.0
7812,control,22.88,mobile,ID,0,0.0
7813,control,11.38,mobile,MY,0,0.0
7814,control,14.9,desktop,SG,0,0.0
7815,control,14.28,desktop,PH,0,0.0
7816,treatment,66.33,desktop,MY,0,0.0
7817,treatment,8.52,desktop,SG,0,0.0
7818,treatment,20.28,desktop,SG,0,0.0
7819,treatment,22.49,mobile,PH,0,0.0
7820,control,9.9,mobile,PH,0,0.0
7821,control,28.52,mobile,VN,0,0.0
7822,treatment,24.46,mobile,ID,0,0.0
7823,control,11.25,mobile,PH,0,0.0
7824,treatment,8.8,desktop,SG,0,0.0
7825,treatment,32.23,desktop,MY,0,0.0
7826,treatment,4.14,mobile,VN,0,0.0
7827,treatment,112.92,desktop,VN,0,0.0
7828,treatment,52.77,mobile,MY,0,0.0
7829,treatment,6.3,mobile,PH,0,0.0
7830,treatment,11.46,desktop,SG,0,0.0
7831,control,5.77,desktop,PH,0,0.0
7832,treatment,1.34,mobile,ID,0,0.0
7833,control,59.28,mobile,SG,0,0.0
7834,control,18.87,mobile,MY,0,0.0
7835,control,17.66,mobile,SG,0,0.0
7836,treatment,24.03,desktop,SG,0,0.0
7837,treatment,13.32,desktop,ID,0,0.0
7838,treatment,38.82,mobile,MY,0,0.0
7839,treatment,12.43,mobile,ID,0,0.0
7840,control,18.79,desktop,MY,0,0.0
7841,control,16.74,mobile,MY,0,0.0
7842,treatment,13.11,desktop,ID,0,0.0
7843,treatment,26.81,mobile,SG,0,0.0
7844,control,31.07,mobile,ID,1,41.11
7845,control,5.28,mobile,PH,0,0.0
7846,treatment,72.59,desktop,VN,0,0.0
7847,control,55.44,mobile,SG,0,0.0
7848,treatment,5.85,desktop,ID,0,0.0
7849,treatment,61.37,mobile,MY,0,0.0
7850,treatment,12.56,mobile,ID,0,0.0
7851,treatment,20.46,desktop,MY,0,0.0
7852,treatment,33.12,mobile,MY,0,0.0
7853,treatment,19.58,desktop,SG,0,0.0
7854,treatment,44.2,mobile,SG,1,13.9
7855,treatment,24.18,mobile,SG,0,0.0
7856,treatment,9.57,mobile,SG,0,0.0
7857,control,5.63,mobile,MY,1,16.49
7858,treatment,8.75,mobile,MY,0,0.0
7859,control,38.91,mobile,MY,0,0.0
7860,treatment,50.8,desktop,SG,0,0.0
7861,treatment,41.62,mobile,SG,0,0.0
7862,treatment,47.84,mobile,VN,0,0.0
7863,treatment,102.83,mobile,SG,0,0.0
7864,treatment,38.33,mobile,MY,0,0.0
7865,treatment,52.04,mobile,MY,0,0.0
7866,treatment,5.26,desktop,ID,0,0.0
7867,treatment,16.97,mobile,SG,0,0.0
7868,control,62.44,mobile,ID,0,0.0
7869,control,9.52,mobile,VN,0,0.0
7870,control,20.25,mobile,ID,0,0.0
7871,control,1.24,desktop,PH,0,0.0
7872,treatment,56.71,desktop,VN,0,0.0
7873,treatment,55.84,mobile,ID,0,0.0
7874,treatment,54.13,desktop,ID,0,0.0
7875,treatment,17.68,mobile,MY,0,0.0
7876,treatment,21.83,desktop,SG,0,0.0
7877,control,24.82,mobile,VN,0,0.0
7878,treatment,20.81,mobile,SG,0,0.0
7879,control,9.69,mobile,MY,0,0.0
7880,control,17.65,mobile,PH,0,0.0
7881,control,34.82,mobile,ID,0,0.0
7882,treatment,94.54,mobile,MY,1,35.49
7883,control,13.01,mobile,SG,0,0.0
7884,treatment,8.94,mobile,PH,0,0.0
7885,treatment,55.51,desktop,SG,0,0.0
7886,treatment,35.13,desktop,MY,0,0.0
7887,treatment,6.44,mobile,PH,0,0.0
7888,treatment,34.51,desktop,VN,0,0.0
7889,control,10.27,mobile,MY,0,0.0
7890,control,9.55,mobile,SG,0,0.0
7891,control,16.67,mobile,SG,0,0.0
7892,treatment,70.82,desktop,VN,0,0.0
7893,control,36.82,mobile,SG,0,0.0
7894,control,22.4,mobile,PH,1,64.28
7895,control,12.99,desktop,VN,0,0.0
7896,control,2.66,desktop,SG,0,0.0
7897,treatment,3.26,mobile,PH,0,0.0
7898,treatment,7.31,desktop,MY,0,0.0
7899,treatment,13.25,desktop,ID,0,0.0
7900,treatment,50.53,desktop,SG,1,10.28
7901,treatment,10.91,desktop,PH,1,20.47
7902,treatment,10.97,mobile,MY,0,0.0
7903,treatment,18.72,mobile,ID,0,0.0
7904,treatment,55.19,mobile,VN,0,0.0
7905,control,22.67,desktop,SG,0,0.0
7906,treatment,13.18,desktop,MY,0,0.0
7907,treatment,6.39,desktop,SG,0,0.0
7908,control,4.2,mobile,ID,0,0.0
7909,control,4.73,desktop,PH,0,0.0
7910,treatment,47.88,desktop,MY,0,0.0
7911,control,38.38,mobile,ID,0,0.0
7912,treatment,52.26,desktop,SG,0,0.0
7913,treatment,18.47,mobile,SG,0,0.0
7914,control,55.1,desktop,SG,0,0.0
7915,control,40.41,desktop,MY,0,0.0
7916,treatment,15.29,desktop,PH,0,0.0
7917,treatment,44.96,mobile,MY,0,0.0
7918,control,70.44,mobile,MY,0,0.0
7919,control,2.86,mobile,VN,0,0.0
7920,treatment,19.71,desktop,SG,0,0.0
7921,treatment,53.58,mobile,PH,1,12.52
7922,control,30.78,desktop,SG,0,0.0
7923,treatment,47.88,mobile,PH,0,0.0
7924,control,23.84,mobile,PH,0,0.0
7925,treatment,30.46,mobile,SG,0,0.0
7926,control,28.7,mobile,MY,0,0.0
7927,treatment,36.55,mobile,SG,0,0.0
7928,treatment,13.86,desktop,ID,0,0.0
7929,treatment,27.3,desktop,MY,0,0.0
7930,control,5.51,mobile,SG,0,0.0
7931,treatment,36.94,desktop,PH,1,18.96
7932,treatment,16.41,desktop,MY,0,0.0
7933,treatment,68.28,mobile,SG,0,0.0
7934,control,66.04,mobile,VN,0,0.0
7935,control,10.59,desktop,VN,0,0.0
7936,treatment,23.72,desktop,SG,0,0.0
7937,treatment,11.15,desktop,SG,1,30.54
7938,treatment,10.05,mobile,SG,1,16.54
7939,treatment,38.2,desktop,SG,0,0.0
7940,control,36.8,desktop,PH,0,0.0
7941,treatment,48.41,mobile,ID,0,0.0
7942,control,12.35,mobile,SG,0,0.0
7943,treatment,22.04,mobile,ID,0,0.0
7944,treatment,40.88,mobile,SG,0,0.0
7945,treatment,35.94,desktop,SG,1,66.14
7946,treatment,6.34,desktop,MY,0,0.0
7947,treatment,9.18,mobile,SG,0,0.0
7948,control,34.86,mobile,PH,0,0.0
7949,control,61.77,mobile,SG,0,0.0
7950,control,12.33,desktop,ID,0,0.0
7951,treatment,14.68,desktop,PH,0,0.0
7952,control,8.59,mobile,SG,0,0.0
7953,control,31.45,mobile,ID,0,0.0
7954,control,6.0,desktop,MY,0,0.0
7955,treatment,14.66,desktop,ID,1,43.03
7956,treatment,12.28,desktop,SG,0,0.0
7957,treatment,36.41,desktop,ID,1,30.11
7958,control,6.76,mobile,SG,0,0.0
7959,control,30.97,mobile,MY,0,0.0
7960,control,15.9,mobile,SG,0,0.0
7961,treatment,10.82,desktop,ID,0,0.0
7962,treatment,15.21,mobile,ID,0,0.0
7963,control,19.42,desktop,SG,0,0.0
7964,treatment,69.05,mobile,SG,0,0.0
7965,control,13.55,mobile,VN,0,0.0
7966,control,48.73,mobile,MY,0,0.0
7967,treatment,17.86,desktop,SG,0,0.0
7968,treatment,10.16,mobile,ID,0,0.0
7969,control,22.7,mobile,MY,0,0.0
7970,treatment,10.47,desktop,MY,1,29.51
7971,control,115.75,mobile,PH,0,0.0
7972,control,1.6,mobile,SG,0,0.0
7973,treatment,15.36,desktop,ID,0,0.0
7974,treatment,35.06,mobile,PH,1,20.1
7975,control,9.53,mobile,SG,0,0.0
7976,treatment,20.9,mobile,SG,0,0.0
7977,treatment,3.41,desktop,MY,0,0.0
7978,control,6.75,mobile,VN,1,17.88
7979,treatment,29.74,mobile,SG,0,0.0
7980,control,29.82,mobile,SG,0,0.0
7981,control,21.91,mobile,VN,0,0.0
7982,control,14.11,desktop,ID,0,0.0
7983,treatment,10.22,mobile,SG,0,0.0
7984,treatment,58.7,desktop,PH,0,0.0
7985,treatment,7.31,mobile,ID,0,0.0
7986,treatment,1.84,desktop,PH,0,0.0
7987,control,16.24,desktop,SG,0,0.0
7988,control,38.93,mobile,PH,0,0.0
7989,treatment,20.77,desktop,SG,0,0.0
7990,control,4.63,desktop,MY,0,0.0
7991,control,57.86,desktop,SG,1,19.08
7992,control,13.85,desktop,VN,0,0.0
7993,treatment,9.82,mobile,SG,0,0.0
7994,treatment,18.81,mobile,VN,0,0.0
7995,treatment,24.65,mobile,PH,0,0.0
7996,treatment,41.67,desktop,SG,0,0.0
7997,control,13.6,mobile,SG,0,0.0
7998,treatment,21.28,mobile,MY,0,0.0
7999,control,25.69,mobile,ID,0,0.0
8000,treatment,80.55,mobile,VN,0,0.0
8001,treatment,18.27,desktop,PH,1,16.83
8002,treatment,36.29,desktop,SG,0,0.0
8003,control,10.66,mobile,VN,1,23.05
8004,treatment,37.37,desktop,MY,0,0.0
8005,treatment,58.66,mobile,VN,0,0.0
8006,treatment,43.18,mobile,SG,0,0.0
8007,treatment,18.94,mobile,VN,0,0.0
8008,control,28.89,mobile,VN,0,0.0
8009,control,18.66,desktop,SG,0,0.0
8010,treatment,12.56,mobile,PH,0,0.0
8011,control,40.23,mobile,SG,0,0.0
8012,control,64.04,mobile,SG,0,0.0
8013,treatment,21.65,mobile,ID,0,0.0
8014,treatment,17.12,desktop,ID,0,0.0
8015,treatment,40.84,mobile,SG,0,0.0
8016,control,9.3,mobile,SG,0,0.0
8017,control,35.46,mobile,MY,0,0.0
8018,treatment,20.25,mobile,SG,0,0.0
8019,control,27.65,desktop,PH,0,0.0
8020,treatment,100.22,mobile,MY,0,0.0
8021,treatment,83.79,mobile,ID,0,0.0
8022,control,13.13,desktop,ID,0,0.0
8023,control,12.72,mobile,MY,0,0.0
8024,treatment,37.87,mobile,SG,0,0.0
8025,control,12.73,mobile,MY,0,0.0
8026,treatment,31.92,desktop,SG,0,0.0
8027,treatment,25.13,desktop,SG,0,0.0
8028,control,44.19,mobile,SG,0,0.0
8029,treatment,14.03,desktop,ID,0,0.0
8030,treatment,15.42,mobile,MY,0,0.0
8031,treatment,41.78,desktop,VN,0,0.0
8032,treatment,47.54,mobile,MY,0,0.0
8033,treatment,11.2,desktop,MY,0,0.0
8034,control,3.69,mobile,SG,0,0.0
8035,treatment,25.5,mobile,PH,0,0.0
8036,treatment,24.35,mobile,SG,0,0.0
8037,treatment,8.89,mobile,MY,0,0.0
8038,control,16.15,mobile,ID,0,0.0
8039,treatment,60.17,mobile,SG,0,0.0
8040,control,56.81,desktop,SG,0,0.0
8041,control,80.41,desktop,PH,0,0.0
8042,treatment,11.29,mobile,PH,0,0.0
8043,treatment,22.05,desktop,SG,0,0.0
8044,treatment,7.09,mobile,SG,0,0.0
8045,treatment,41.15,desktop,SG,0,0.0
8046,treatment,17.71,desktop,PH,0,0.0
8047,treatment,14.49,mobile,MY,0,0.0
8048,treatment,38.34,mobile,ID,0,0.0
8049,control,41.44,mobile,VN,1,13.22
8050,treatment,50.86,desktop,MY,0,0.0
8051,control,3.8,mobile,ID,0,0.0
8052,treatment,42.58,desktop,MY,1,49.19
8053,control,64.57,mobile,MY,0,0.0
8054,treatment,40.58,mobile,VN,0,0.0
8055,treatment,24.63,mobile,MY,0,0.0
8056,control,10.0,desktop,MY,1,43.85
8057,treatment,29.19,desktop,ID,0,0.0
8058,control,14.37,mobile,PH,0,0.0
8059,control,11.37,desktop,MY,0,0.0
8060,treatment,8.03,mobile,MY,0,0.0
8061,treatment,4.5,mobile,VN,0,0.0
8062,control,39.81,mobile,PH,0,0.0
8063,control,17.33,desktop,SG,0,0.0
8064,treatment,6.21,mobile,SG,0,0.0
8065,treatment,22.31,desktop,SG,0,0.0
8066,control,17.5,mobile,MY,0,0.0
8067,treatment,25.35,mobile,PH,0,0.0
8068,control,2.14,mobile,SG,1,3.14
8069,treatment,15.85,mobile,SG,0,0.0
8070,control,34.86,mobile,SG,0,0.0
8071,treatment,19.18,mobile,SG,0,0.0
8072,treatment,42.32,mobile,SG,0,0.0
8073,treatment,6.09,mobile,ID,0,0.0
8074,treatment,22.95,mobile,MY,0,0.0
8075,treatment,25.59,mobile,SG,0,0.0
8076,control,50.28,mobile,ID,0,0.0
8077,treatment,94.99,desktop,ID,0,0.0
8078,treatment,9.74,mobile,SG,0,0.0
8079,control,51.87,mobile,SG,0,0.0
8080,treatment,64.97,desktop,ID,0,0.0
8081,treatment,26.15,desktop,ID,0,0.0
8082,control,24.83,desktop,MY,0,0.0
8083,control,25.09,mobile,VN,0,0.0
8084,control,16.6,mobile,ID,0,0.0
8085,treatment,14.01,mobile,SG,0,0.0
8086,control,24.58,mobile,VN,0,0.0
8087,control,3.29,mobile,SG,0,0.0
8088,control,75.35,mobile,ID,0,0.0
8089,treatment,22.44,desktop,VN,0,0.0
8090,treatment,8.54,mobile,ID,0,0.0
8091,treatment,25.68,mobile,MY,0,0.0
8092,control,14.61,desktop,ID,0,0.0
8093,treatment,66.81,mobile,ID,0,0.0
8094,treatment,23.83,mobile,SG,1,21.08
8095,treatment,46.56,mobile,ID,0,0.0
8096,treatment,66.71,mobile,VN,0,0.0
8097,control,15.21,mobile,ID,0,0.0
8098,control,69.92,mobile,ID,0,0.0
8099,treatment,11.01,desktop,MY,0,0.0
8100,control,19.35,mobile,SG,0,0.0
8101,control,26.13,mobile,VN,0,0.0
8102,treatment,46.44,mobile,PH,0,0.0
8103,control,16.07,mobile,SG,0,0.0
8104,control,33.77,mobile,MY,0,0.0
8105,control,35.06,desktop,ID,0,0.0
8106,control,32.07,mobile,MY,0,0.0
8107,treatment,54.13,mobile,VN,0,0.0
8108,treatment,11.54,mobile,VN,0,0.0
8109,control,17.48,mobile,ID,0,0.0
8110,treatment,30.22,mobile,MY,0,0.0
8111,control,37.35,mobile,VN,0,0.0
8112,control,23.56,mobile,SG,0,0.0
8113,treatment,19.46,desktop,SG,0,0.0
8114,treatment,3.92,desktop,SG,0,0.0
8115,control,15.72,desktop,MY,0,0.0
8116,treatment,12.77,desktop,SG,0,0.0
8117,control,47.16,mobile,SG,0,0.0
8118,control,36.27,mobile,ID,0,0.0
8119,treatment,39.35,mobile,ID,1,23.06
8120,treatment,107.09,desktop,SG,0,0.0
8121,treatment,74.17,desktop,MY,0,0.0
8122,treatment,35.76,mobile,ID,0,0.0
8123,treatment,16.85,desktop,MY,0,0.0
8124,treatment,5.96,mobile,ID,0,0.0
8125,treatment,50.62,desktop,PH,0,0.0
8126,treatment,34.87,mobile,ID,0,0.0
8127,control,21.59,desktop,MY,0,0.0
8128,treatment,58.01,desktop,SG,0,0.0
8129,control,32.85,desktop,MY,0,0.0
8130,treatment,27.57,desktop,PH,0,0.0
8131,treatment,35.04,mobile,MY,0,0.0
8132,treatment,4.01,desktop,SG,0,0.0
8133,treatment,101.28,mobile,VN,0,0.0
8134,control,58.04,mobile,ID,0,0.0
8135,treatment,17.68,mobile,PH,0,0.0
8136,treatment,22.24,desktop,SG,0,0.0
8137,control,31.47,mobile,ID,0,0.0
8138,control,33.67,mobile,ID,1,57.69
8139,control,24.0,mobile,PH,1,14.19
8140,treatment,82.96,mobile,ID,1,13.2
8141,treatment,17.29,desktop,ID,0,0.0
8142,control,12.2,mobile,PH,0,0.0
8143,treatment,39.65,mobile,PH,0,0.0
8144,treatment,51.09,mobile,SG,1,36.9
8145,control,84.74,mobile,SG,0,0.0
8146,treatment,75.19,mobile,ID,0,0.0
8147,treatment,11.69,desktop,SG,0,0.0
8148,treatment,43.27,mobile,VN,0,0.0
8149,control,65.86,mobile,MY,0,0.0
8150,control,46.73,mobile,ID,0,0.0
8151,control,17.16,mobile,SG,0,0.0
8152,treatment,46.03,desktop,SG,0,0.0
8153,treatment,35.51,mobile,SG,0,0.0
8154,control,48.25,mobile,MY,0,0.0
8155,treatment,22.06,desktop,MY,0,0.0
8156,treatment,59.38,mobile,MY,1,61.39
8157,control,61.76,desktop,ID,0,0.0
8158,treatment,34.11,desktop,ID,0,0.0
8159,treatment,32.47,mobile,SG,0,0.0
8160,control,28.52,mobile,SG,0,0.0
8161,treatment,12.2,desktop,SG,0,0.0
8162,treatment,24.31,mobile,VN,0,0.0
8163,treatment,32.84,desktop,SG,0,0.0
8164,treatment,48.88,mobile,VN,0,0.0
8165,control,46.79,mobile,ID,0,0.0
8166,treatment,37.87,mobile,SG,1,47.57
8167,control,16.14,mobile,SG,0,0.0
8168,treatment,42.58,mobile,ID,0,0.0
8169,control,35.68,mobile,SG,0,0.0
8170,treatment,6.31,desktop,MY,0,0.0
8171,control,8.63,mobile,SG,0,0.0
8172,treatment,2.02,desktop,SG,0,0.0
8173,treatment,88.02,desktop,ID,0,0.0
8174,control,13.53,mobile,ID,0,0.0
8175,treatment,50.05,mobile,SG,0,0.0
8176,control,15.53,mobile,ID,0,0.0
8177,control,45.17,desktop,ID,0,0.0
8178,control,20.87,mobile,VN,1,11.51
8179,treatment,15.33,mobile,MY,0,0.0
8180,treatment,16.03,desktop,VN,1,12.22
8181,treatment,28.25,mobile,SG,0,0.0
8182,control,34.74,desktop,PH,1,13.1
8183,control,7.4,desktop,SG,0,0.0
8184,treatment,29.44,desktop,PH,0,0.0
8185,treatment,11.99,desktop,VN,0,0.0
8186,control,16.7,desktop,SG,0,0.0
8187,treatment,13.3,mobile,MY,0,0.0
8188,control,30.43,desktop,ID,0,0.0
8189,control,101.59,mobile,SG,0,0.0
8190,treatment,34.72,desktop,VN,0,0.0
8191,treatment,24.15,desktop,SG,0,0.0
8192,treatment,65.95,desktop,VN,1,14.98
8193,treatment,13.23,mobile,MY,0,0.0
8194,treatment,2.72,mobile,MY,0,0.0
8195,control,23.48,mobile,PH,0,0.0
8196,treatment,6.58,desktop,MY,0,0.0
8197,treatment,11.13,desktop,MY,0,0.0
8198,treatment,40.62,mobile,ID,0,0.0
8199,treatment,13.92,desktop,SG,0,0.0
8200,control,16.55,desktop,VN,0,0.0
8201,control,27.05,mobile,SG,0,0.0
8202,treatment,10.79,desktop,ID,0,0.0
8203,control,36.34,mobile,SG,0,0.0
8204,treatment,32.09,mobile,SG,0,0.0
8205,treatment,24.6,mobile,SG,0,0.0
8206,treatment,13.01,mobile,ID,0,0.0
8207,treatment,12.91,mobile,MY,0,0.0
8208,treatment,21.94,mobile,VN,0,0.0
8209,treatment,53.56,mobile,ID,0,0.0
8210,treatment,69.25,mobile,SG,0,0.0
8211,control,8.68,mobile,PH,0,0.0
8212,treatment,7.01,desktop,SG,0,0.0
8213,control,32.64,desktop,SG,0,0.0
8214,control,2.28,mobile,ID,0,0.0
8215,treatment,7.26,desktop,ID,0,0.0
8216,control,8.16,desktop,SG,0,0.0
8217,treatment,35.99,desktop,PH,0,0.0
8218,control,30.6,mobile,SG,0,0.0
8219,treatment,41.74,mobile,MY,0,0.0
8220,treatment,37.7,mobile,MY,0,0.0
8221,control,28.65,mobile,ID,0,0.0
8222,treatment,21.38,mobile,PH,0,0.0
8223,treatment,56.84,desktop,SG,1,46.93
8224,treatment,13.02,mobile,VN,1,52.28
8225,treatment,55.94,mobile,VN,1,15.79
8226,control,40.91,desktop,VN,0,0.0
8227,control,6.3,mobile,PH,0,0.0
8228,treatment,8.9,mobile,PH,0,0.0
8229,treatment,44.18,mobile,PH,0,0.0
8230,control,10.12,mobile,ID,0,0.0
8231,treatment,48.12,desktop,SG,0,0.0
8232,treatment,95.23,mobile,SG,0,0.0
8233,control,9.85,mobile,MY,0,0.0
8234,treatment,7.04,desktop,SG,0,0.0
8235,control,28.49,mobile,PH,0,0.0
8236,control,12.19,mobile,ID,0,0.0
8237,treatment,10.96,mobile,MY,0,0.0
8238,control,39.66,mobile,SG,0,0.0
8239,treatment,53.65,desktop,PH,0,0.0
8240,treatment,32.53,mobile,VN,0,0.0
8241,treatment,7.87,mobile,SG,1,8.7
8242,control,4.04,desktop,SG,0,0.0
8243,treatment,16.86,mobile,SG,0,0.0
8244,treatment,17.28,mobile,SG,0,0.0
8245,treatment,23.01,desktop,SG,0,0.0
8246,treatment,35.9,desktop,MY,0,0.0
8247,control,5.79,mobile,SG,0,0.0
8248,treatment,53.75,mobile,SG,0,0.0
8249,treatment,16.95,mobile,MY,0,0.0
8250,control,45.6,mobile,SG,0,0.0
8251,treatment,56.26,desktop,ID,0,0.0
8252,control,18.92,desktop,MY,0,0.0
8253,treatment,30.87,mobile,SG,0,0.0
8254,treatment,48.14,mobile,VN,0,0.0
8255,treatment,18.44,desktop,PH,0,0.0
8256,control,3.73,desktop,ID,0,0.0
8257,treatment,33.03,mobile,SG,0,0.0
8258,control,6.61,mobile,MY,0,0.0
8259,treatment,34.13,desktop,SG,0,0.0
8260,treatment,16.16,desktop,ID,0,0.0
8261,control,84.32,desktop,VN,0,0.0
8262,control,17.81,mobile,ID,0,0.0
8263,treatment,5.88,mobile,MY,0,0.0
8264,treatment,70.61,mobile,SG,0,0.0
8265,control,21.38,mobile,PH,0,0.0
8266,treatment,37.35,mobile,VN,0,0.0
8267,treatment,19.06,mobile,SG,0,0.0
8268,control,25.15,mobile,VN,0,0.0
8269,control,26.46,desktop,VN,0,0.0
8270,treatment,16.15,desktop,ID,0,0.0
8271,treatment,17.71,desktop,SG,0,0.0
8272,control,22.78,mobile,PH,0,0.0
8273,treatment,12.53,mobile,MY,0,0.0
8274,control,56.6,mobile,PH,1,17.43
8275,control,18.78,mobile,SG,0,0.0
8276,control,18.58,desktop,ID,0,0.0
8277,treatment,25.34,mobile,MY,0,0.0
8278,treatment,37.91,mobile,MY,0,0.0
8279,control,67.44,desktop,SG,1,14.64
8280,control,31.42,mobile,PH,0,0.0
8281,treatment,5.1,mobile,PH,0,0.0
8282,treatment,16.61,mobile,ID,0,0.0
8283,treatment,26.75,desktop,SG,0,0.0
8284,treatment,24.51,desktop,MY,0,0.0
8285,treatment,28.52,mobile,PH,0,0.0
8286,control,5.03,mobile,SG,0,0.0
8287,treatment,23.28,mobile,PH,0,0.0
8288,control,10.72,desktop,PH,0,0.0
8289,control,45.87,mobile,MY,0,0.0
8290,control,13.53,desktop,ID,1,31.76
8291,treatment,20.09,desktop,PH,0,0.0
8292,treatment,30.67,mobile,PH,0,0.0
8293,treatment,32.28,mobile,MY,0,0.0
8294,treatment,50.8,desktop,SG,0,0.0
8295,control,30.68,mobile,VN,0,0.0
8296,treatment,39.88,desktop,PH,0,0.0
8297,treatment,21.76,desktop,MY,0,0.0
8298,control,21.91,desktop,PH,0,0.0
8299,treatment,27.51,desktop,ID,0,0.0
8300,treatment,16.7,desktop,ID,0,0.0
8301,control,50.05,mobile,VN,0,0.0
8302,control,21.77,desktop,ID,1,27.04
8303,treatment,32.03,desktop,MY,0,0.0
8304,treatment,11.38,mobile,MY,0,0.0
8305,treatment,78.58,desktop,ID,0,0.0
8306,control,6.97,mobile,MY,0,0.0
8307,control,6.96,mobile,PH,0,0.0
8308,control,16.66,mobile,MY,0,0.0
8309,control,43.81,mobile,SG,0,0.0
8310,control,31.34,desktop,ID,0,0.0
8311,control,4.04,desktop,PH,0,0.0
8312,control,63.45,mobile,PH,0,0.0
8313,treatment,31.86,mobile,ID,0,0.0
8314,control,57.35,desktop,SG,0,0.0
8315,control,79.88,mobile,SG,0,0.0
8316,treatment,51.64,mobile,SG,0,0.0
8317,treatment,13.45,desktop,ID,0,0.0
8318,control,59.3,mobile,PH,0,0.0
8319,treatment,76.0,mobile,SG,0,0.0
8320,treatment,3.96,desktop,MY,0,0.0
8321,treatment,28.17,desktop,PH,0,0.0
8322,treatment,18.46,desktop,VN,0,0.0
8323,treatment,55.98,mobile,SG,1,16.85
8324,control,16.48,mobile,ID,0,0.0
8325,treatment,42.74,mobile,PH,0,0.0
8326,control,20.23,mobile,PH,0,0.0
8327,treatment,61.12,desktop,SG,0,0.0
8328,treatment,58.04,mobile,ID,0,0.0
8329,control,11.95,mobile,PH,0,0.0
8330,treatment,39.78,mobile,PH,0,0.0
8331,treatment,66.84,desktop,ID,0,0.0
8332,control,32.08,mobile,MY,0,0.0
8333,treatment,14.15,desktop,SG,0,0.0
8334,treatment,38.7,desktop,SG,0,0.0
8335,control,9.65,mobile,MY,0,0.0
8336,treatment,13.07,mobile,PH,0,0.0
8337,treatment,58.83,desktop,ID,0,0.0
8338,treatment,14.94,desktop,VN,1,53.92
8339,treatment,26.95,mobile,SG,1,11.09
8340,control,6.71,mobile,MY,0,0.0
8341,control,38.48,mobile,SG,0,0.0
8342,control,13.02,mobile,SG,0,0.0
8343,control,20.35,desktop,PH,0,0.0
8344,control,80.75,mobile,VN,0,0.0
8345,control,65.54,mobile,VN,0,0.0
8346,control,6.46,mobile,MY,0,0.0
8347,treatment,58.68,mobile,VN,1,17.36
8348,control,12.23,mobile,ID,0,0.0
8349,control,14.01,mobile,ID,0,0.0
8350,control,16.93,mobile,SG,0,0.0
8351,treatment,34.13,mobile,MY,0,0.0
8352,control,2.34,mobile,MY,0,0.0
8353,treatment,23.63,desktop,ID,0,0.0
8354,treatment,17.78,desktop,ID,1,45.03
8355,control,14.71,mobile,SG,0,0.0
8356,control,5.4,desktop,MY,1,11.14
8357,treatment,43.16,desktop,VN,0,0.0
8358,treatment,53.21,mobile,SG,0,0.0
8359,control,23.57,mobile,SG,0,0.0
8360,treatment,16.68,mobile,ID,0,0.0
8361,control,29.95,mobile,MY,0,0.0
8362,treatment,49.96,desktop,SG,0,0.0
8363,control,13.25,mobile,ID,0,0.0
8364,treatment,6.28,desktop,VN,0,0.0
8365,treatment,24.08,mobile,SG,0,0.0
8366,treatment,11.45,desktop,SG,0,0.0
8367,treatment,29.36,mobile,VN,0,0.0
8368,treatment,51.57,mobile,ID,0,0.0
8369,control,17.96,desktop,SG,1,69.11
8370,treatment,25.3,mobile,VN,0,0.0
8371,control,22.12,mobile,VN,0,0.0
8372,treatment,40.89,desktop,ID,0,0.0
8373,treatment,47.36,mobile,SG,0,0.0
8374,control,19.79,mobile,SG,0,0.0
8375,treatment,18.23,mobile,MY,1,56.5
8376,control,3.47,mobile,ID,0,0.0
8377,treatment,34.72,desktop,SG,1,31.22
8378,treatment,16.71,desktop,SG,0,0.0
8379,treatment,31.68,mobile,PH,0,0.0
8380,treatment,49.79,mobile,SG,1,25.77
8381,control,24.62,desktop,MY,0,0.0
8382,control,2.4,mobile,PH,0,0.0
8383,control,14.35,desktop,SG,0,0.0
8384,control,39.05,mobile,MY,1,4.89
8385,treatment,40.12,desktop,ID,0,0.0
8386,treatment,72.42,mobile,SG,0,0.0
8387,control,7.29,desktop,MY,0,0.0
8388,treatment,55.97,desktop,SG,0,0.0
8389,control,33.79,mobile,ID,1,13.21
8390,control,67.95,mobile,SG,0,0.0
8391,treatment,73.62,desktop,VN,0,0.0
8392,treatment,90.7,mobile,SG,0,0.0
8393,treatment,48.89,mobile,VN,0,0.0
8394,treatment,28.56,mobile,MY,0,0.0
8395,control,52.77,desktop,MY,0,0.0
8396,treatment,11.36,mobile,PH,0,0.0
8397,control,21.99,mobile,SG,1,27.04
8398,control,12.34,mobile,VN,0,0.0
8399,treatment,35.04,mobile,MY,1,40.31
8400,treatment,85.16,mobile,SG,0,0.0
8401,treatment,43.28,desktop,VN,0,0.0
8402,control,22.56,mobile,MY,0,0.0
8403,treatment,32.47,mobile,PH,0,0.0
8404,control,70.76,mobile,SG,0,0.0
8405,treatment,16.23,mobile,ID,0,0.0
8406,treatment,23.96,mobile,SG,0,0.0
8407,treatment,21.62,mobile,SG,0,0.0
8408,control,14.17,desktop,VN,0,0.0
8409,treatment,24.09,mobile,ID,0,0.0
8410,treatment,71.99,desktop,SG,0,0.0
8411,control,38.81,mobile,MY,0,0.0
8412,treatment,42.15,desktop,MY,0,0.0
8413,treatment,9.23,desktop,ID,0,0.0
8414,treatment,47.31,desktop,VN,1,20.84
8415,control,36.47,mobile,SG,0,0.0
8416,treatment,22.05,desktop,ID,0,0.0
8417,treatment,14.55,desktop,PH,0,0.0
8418,treatment,30.45,desktop,SG,0,0.0
8419,control,9.34,mobile,SG,0,0.0
8420,treatment,41.38,desktop,MY,1,15.7
8421,control,5.89,mobile,ID,0,0.0
8422,treatment,31.05,mobile,VN,1,8.73
8423,treatment,56.19,mobile,SG,0,0.0
8424,treatment,49.31,mobile,PH,0,0.0
8425,treatment,2.08,desktop,MY,0,0.0
8426,treatment,18.65,mobile,VN,0,0.0
8427,treatment,30.37,mobile,ID,0,0.0
8428,treatment,12.39,mobile,ID,0,0.0
8429,control,22.84,desktop,SG,0,0.0
8430,treatment,19.43,mobile,ID,0,0.0
8431,control,21.54,mobile,MY,0,0.0
8432,control,14.12,mobile,ID,0,0.0
8433,control,54.06,mobile,MY,0,0.0
8434,treatment,11.64,desktop,MY,1,18.03
8435,treatment,54.73,desktop,ID,0,0.0
8436,control,38.16,mobile,MY,0,0.0
8437,treatment,9.57,desktop,MY,0,0.0
8438,treatment,64.49,desktop,MY,0,0.0
8439,control,21.73,mobile,ID,0,0.0
8440,treatment,22.6,mobile,ID,0,0.0
8441,treatment,33.52,desktop,VN,1,25.6
8442,control,32.47,mobile,SG,0,0.0
8443,treatment,19.12,mobile,MY,0,0.0
8444,treatment,10.08,mobile,SG,0,0.0
8445,control,16.64,desktop,SG,0,0.0
8446,treatment,57.12,desktop,PH,0,0.0
8447,control,8.49,mobile,PH,0,0.0
8448,treatment,53.19,mobile,ID,1,59.64
8449,control,44.18,desktop,SG,0,0.0
8450,treatment,46.94,mobile,SG,0,0.0
8451,treatment,40.64,mobile,MY,0,0.0
8452,control,3.59,desktop,ID,0,0.0
8453,control,31.16,mobile,SG,0,0.0
8454,control,10.2,mobile,PH,1,29.77
8455,treatment,12.39,mobile,ID,0,0.0
8456,treatment,48.33,desktop,MY,0,0.0
8457,control,43.47,mobile,VN,0,0.0
8458,treatment,63.43,desktop,ID,0,0.0
8459,treatment,30.33,desktop,ID,0,0.0
8460,control,4.64,mobile,ID,0,0.0
8461,control,15.7,desktop,ID,0,0.0
8462,treatment,40.13,mobile,ID,0,0.0
8463,treatment,51.7,mobile,ID,0,0.0
8464,treatment,36.51,mobile,ID,0,0.0
8465,treatment,18.74,desktop,ID,1,24.17
8466,treatment,11.25,mobile,MY,0,0.0
8467,treatment,23.64,desktop,MY,0,0.0
8468,treatment,0.91,mobile,PH,0,0.0
8469,control,17.34,mobile,PH,1,6.06
8470,control,57.68,desktop,VN,0,0.0
8471,treatment,8.05,mobile,SG,0,0.0
8472,control,48.61,desktop,MY,0,0.0
8473,treatment,10.49,mobile,ID,1,24.35
8474,treatment,17.87,mobile,SG,0,0.0
8475,control,40.28,desktop,ID,0,0.0
8476,treatment,40.92,mobile,ID,0,0.0
8477,treatment,21.35,mobile,MY,0,0.0
8478,control,16.74,mobile,ID,0,0.0
8479,control,32.02,mobile,SG,0,0.0
8480,treatment,63.58,mobile,ID,0,0.0
8481,control,23.51,desktop,PH,0,0.0
8482,control,6.29,mobile,SG,0,0.0
8483,treatment,18.37,mobile,ID,0,0.0
8484,treatment,18.46,desktop,PH,0,0.0
8485,control,14.8,mobile,PH,0,0.0
8486,control,22.99,mobile,PH,0,0.0
8487,control,11.96,mobile,SG,0,0.0
8488,treatment,29.85,mobile,SG,1,10.38
8489,treatment,2.96,mobile,MY,0,0.0
8490,treatment,35.01,mobile,SG,0,0.0
8491,control,45.61,mobile,VN,0,0.0
8492,control,26.88,desktop,PH,0,0.0
8493,treatment,36.69,mobile,MY,0,0.0
8494,treatment,31.84,mobile,SG,0,0.0
8495,treatment,40.07,desktop,VN,1,60.59
8496,treatment,18.85,mobile,MY,1,19.52
8497,treatment,21.07,mobile,ID,0,0.0
8498,control,27.58,mobile,MY,0,0.0
8499,treatment,12.45,desktop,SG,0,0.0
8500,treatment,50.93,mobile,ID,0,0.0
8501,treatment,11.49,mobile,ID,0,0.0
8502,treatment,13.09,mobile,SG,0,0.0
8503,treatment,42.33,desktop,MY,0,0.0
8504,treatment,62.04,desktop,ID,0,0.0
8505,control,9.96,desktop,PH,0,0.0
8506,treatment,35.32,mobile,MY,0,0.0
8507,control,18.48,mobile,SG,0,0.0
8508,treatment,59.14,mobile,MY,0,0.0
8509,control,39.11,desktop,VN,0,0.0
8510,control,10.56,mobile,PH,0,0.0
8511,treatment,15.63,desktop,MY,0,0.0
8512,treatment,38.06,desktop,SG,0,0.0
8513,control,35.78,mobile,MY,0,0.0
8514,control,31.14,mobile,SG,0,0.0
8515,treatment,24.34,mobile,SG,0,0.0
8516,control,22.53,mobile,SG,0,0.0
8517,treatment,60.71,desktop,ID,0,0.0
8518,control,20.75,mobile,PH,0,0.0
8519,control,35.29,mobile,MY,0,0.0
8520,treatment,35.19,mobile,ID,0,0.0
8521,treatment,49.82,mobile,MY,0,0.0
8522,treatment,40.5,mobile,ID,0,0.0
8523,treatment,48.93,mobile,SG,1,22.8
8524,control,6.32,mobile,PH,0,0.0
8525,control,20.44,mobile,VN,0,0.0
8526,control,17.52,mobile,PH,0,0.0
8527,treatment,54.25,desktop,ID,0,0.0
8528,treatment,30.17,desktop,SG,0,0.0
8529,treatment,15.06,mobile,SG,0,0.0
8530,control,48.17,mobile,VN,1,8.47
8531,treatment,18.77,mobile,MY,0,0.0
8532,control,31.06,desktop,ID,0,0.0
8533,control,13.54,mobile,MY,0,0.0
8534,treatment,41.98,mobile,SG,0,0.0
8535,treatment,21.65,mobile,MY,0,0.0
8536,treatment,21.35,desktop,ID,0,0.0
8537,treatment,7.62,desktop,ID,0,0.0
8538,treatment,54.64,mobile,SG,0,0.0
8539,treatment,24.15,mobile,MY,0,0.0
8540,treatment,42.27,mobile,PH,1,17.93
8541,treatment,44.58,mobile,MY,0,0.0
8542,control,35.73,mobile,MY,0,0.0
8543,treatment,55.86,mobile,MY,0,0.0
8544,control,11.62,mobile,ID,0,0.0
8545,control,12.68,mobile,SG,0,0.0
8546,treatment,39.56,desktop,SG,0,0.0
8547,treatment,22.61,mobile,ID,0,0.0
8548,treatment,19.62,mobile,ID,0,0.0
8549,treatment,13.37,mobile,PH,0,0.0
8550,treatment,12.96,mobile,VN,0,0.0
8551,treatment,37.3,desktop,SG,0,0.0
8552,control,40.65,mobile,SG,0,0.0
8553,treatment,9.78,mobile,MY,0,0.0
8554,treatment,14.08,mobile,SG,0,0.0
8555,treatment,28.26,mobile,SG,0,0.0
8556,control,21.0,mobile,PH,1,37.55
8557,treatment,34.84,mobile,MY,0,0.0
8558,control,2.2,mobile,ID,0,0.0
8559,treatment,13.88,mobile,SG,0,0.0
8560,treatment,24.03,desktop,ID,0,0.0
8561,treatment,11.8,mobile,PH,0,0.0
8562,treatment,40.03,mobile,VN,0,0.0
8563,control,39.39,mobile,SG,0,0.0
8564,treatment,20.16,desktop,MY,0,0.0
8565,treatment,16.74,desktop,PH,0,0.0
8566,treatment,61.86,mobile,PH,0,0.0
8567,treatment,10.04,mobile,PH,0,0.0
8568,control,24.34,desktop,SG,0,0.0
8569,treatment,9.19,desktop,SG,0,0.0
8570,treatment,62.44,mobile,VN,0,0.0
8571,treatment,17.04,desktop,VN,0,0.0
8572,treatment,8.45,mobile,SG,1,37.86
8573,treatment,40.89,desktop,PH,0,0.0
8574,treatment,43.93,desktop,ID,0,0.0
8575,treatment,9.88,mobile,SG,0,0.0
8576,control,58.24,desktop,MY,0,0.0
8577,treatment,22.85,desktop,SG,0,0.0
8578,control,10.81,mobile,MY,0,0.0
8579,treatment,13.26,mobile,MY,0,0.0
8580,treatment,45.54,desktop,SG,0,0.0
8581,treatment,67.83,mobile,MY,0,0.0
8582,control,32.81,mobile,PH,0,0.0
8583,treatment,76.13,mobile,SG,0,0.0
8584,treatment,56.49,desktop,SG,0,0.0
8585,control,39.17,mobile,ID,0,0.0
8586,treatment,20.47,mobile,SG,0,0.0
8587,control,13.75,mobile,SG,0,0.0
8588,treatment,14.2,desktop,ID,0,0.0
8589,treatment,36.38,mobile,MY,0,0.0
8590,control,10.0,desktop,SG,0,0.0
8591,treatment,5.11,mobile,PH,0,0.0
8592,treatment,19.82,mobile,ID,0,0.0
8593,control,32.49,mobile,SG,0,0.0
8594,treatment,41.78,mobile,ID,0,0.0
8595,treatment,36.58,desktop,ID,0,0.0
8596,control,10.94,desktop,MY,0,0.0
8597,control,35.96,mobile,MY,0,0.0
8598,treatment,20.43,mobile,SG,0,0.0
8599,control,29.93,desktop,SG,1,46.16
8600,control,11.49,mobile,SG,0,0.0
8601,treatment,78.34,mobile,MY,0,0.0
8602,treatment,14.29,mobile,MY,0,0.0
8603,treatment,23.33,mobile,SG,0,0.0
8604,treatment,42.72,desktop,MY,1,8.35
8605,treatment,54.81,mobile,ID,0,0.0
8606,control,24.02,mobile,ID,0,0.0
8607,treatment,4.57,mobile,SG,0,0.0
8608,treatment,2.71,mobile,MY,0,0.0
8609,control,18.46,mobile,SG,1,4.09
8610,control,32.83,mobile,ID,1,12.31
8611,treatment,25.77,desktop,ID,0,0.0
8612,treatment,25.81,mobile,SG,0,0.0
8613,treatment,21.81,mobile,VN,1,19.69
8614,treatment,42.37,mobile,ID,0,0.0
8615,control,17.22,mobile,SG,0,0.0
8616,treatment,30.58,mobile,PH,0,0.0
8617,control,18.2,mobile,VN,0,0.0
8618,control,79.43,mobile,ID,0,0.0
8619,control,69.98,mobile,SG,0,0.0
8620,treatment,39.13,mobile,SG,0,0.0
8621,treatment,29.75,mobile,SG,0,0.0
8622,treatment,30.43,mobile,PH,0,0.0
8623,treatment,43.61,mobile,ID,0,0.0
8624,treatment,10.61,desktop,MY,0,0.0
8625,treatment,68.19,mobile,VN,0,0.0
8626,control,10.3,mobile,SG,1,34.0
8627,control,30.41,mobile,ID,0,0.0
8628,control,2.13,mobile,ID,0,0.0
8629,treatment,5.4,desktop,MY,0,0.0
8630,treatment,39.32,mobile,SG,1,16.97
8631,treatment,38.8,desktop,ID,0,0.0
8632,control,16.37,desktop,SG,0,0.0
8633,treatment,32.17,desktop,ID,0,0.0
8634,treatment,41.0,desktop,VN,0,0.0
8635,treatment,51.12,desktop,SG,0,0.0
8636,treatment,58.29,desktop,SG,0,0.0
8637,control,58.7,desktop,PH,1,16.57
8638,treatment,33.76,desktop,SG,0,0.0
8639,treatment,82.23,desktop,ID,0,0.0
8640,control,6.61,mobile,SG,0,0.0
8641,treatment,54.04,mobile,VN,1,38.92
8642,treatment,46.55,mobile,ID,0,0.0
8643,control,15.12,mobile,MY,1,2.15
8644,treatment,63.98,mobile,MY,0,0.0
8645,treatment,31.9,mobile,SG,0,0.0
8646,control,16.69,mobile,MY,0,0.0
8647,control,90.86,desktop,MY,0,0.0
8648,treatment,20.07,mobile,SG,0,0.0
8649,control,29.92,mobile,PH,0,0.0
8650,treatment,16.38,desktop,ID,1,31.18
8651,treatment,31.0,desktop,MY,0,0.0
8652,treatment,133.64,desktop,PH,0,0.0
8653,treatment,34.48,mobile,SG,0,0.0
8654,control,17.92,mobile,MY,1,8.5
8655,control,24.36,mobile,SG,1,11.66
8656,treatment,11.6,mobile,SG,0,0.0
8657,control,9.84,desktop,MY,0,0.0
8658,treatment,17.29,mobile,MY,0,0.0
8659,treatment,23.76,mobile,VN,0,0.0
8660,control,16.58,mobile,ID,0,0.0
8661,treatment,43.44,mobile,SG,1,31.3
8662,treatment,35.69,desktop,MY,0,0.0
8663,control,6.02,desktop,PH,0,0.0
8664,control,19.77,mobile,ID,0,0.0
8665,treatment,16.62,mobile,SG,0,0.0
8666,treatment,44.07,desktop,SG,0,0.0
8667,control,25.59,mobile,VN,0,0.0
8668,treatment,13.36,mobile,VN,1,10.1
8669,control,21.36,mobile,SG,0,0.0
8670,treatment,30.76,desktop,ID,0,0.0
8671,control,23.07,mobile,PH,0,0.0
8672,treatment,15.85,desktop,ID,0,0.0
8673,treatment,31.43,mobile,PH,0,0.0
8674,treatment,55.92,desktop,SG,0,0.0
8675,control,22.42,desktop,PH,0,0.0
8676,treatment,17.95,mobile,MY,0,0.0
8677,control,17.15,desktop,SG,0,0.0
8678,treatment,25.17,mobile,MY,0,0.0
8679,treatment,3.75,mobile,MY,0,0.0
8680,control,23.12,desktop,SG,1,7.33
8681,treatment,10.54,mobile,SG,0,0.0
8682,control,9.82,desktop,SG,0,0.0
8683,treatment,68.32,mobile,PH,0,0.0
8684,control,1.77,desktop,VN,0,0.0
8685,control,13.27,desktop,SG,0,0.0
8686,treatment,11.52,desktop,VN,0,0.0
8687,treatment,62.81,desktop,MY,0,0.0
8688,treatment,7.11,mobile,VN,0,0.0
8689,control,17.45,desktop,ID,0,0.0
8690,treatment,12.36,mobile,SG,0,0.0
8691,treatment,25.35,mobile,MY,0,0.0
8692,treatment,23.59,desktop,SG,0,0.0
8693,treatment,98.29,mobile,MY,0,0.0
8694,treatment,17.06,desktop,PH,0,0.0
8695,treatment,65.59,desktop,PH,0,0.0
8696,control,4.71,mobile,ID,0,0.0
8697,control,38.97,mobile,ID,0,0.0
8698,control,23.7,mobile,SG,0,0.0
8699,treatment,0.72,mobile,SG,0,0.0
8700,treatment,21.95,mobile,ID,0,0.0
8701,treatment,24.2,mobile,ID,0,0.0
8702,treatment,91.39,mobile,PH,1,30.19
8703,treatment,15.01,mobile,ID,0,0.0
8704,treatment,43.64,mobile,MY,0,0.0
8705,control,50.23,mobile,PH,0,0.0
8706,control,14.08,mobile,ID,0,0.0
8707,treatment,6.51,mobile,SG,0,0.0
8708,treatment,15.59,desktop,MY,0,0.0
8709,control,20.25,mobile,SG,0,0.0
8710,treatment,71.35,mobile,SG,0,0.0
8711,treatment,59.36,mobile,SG,0,0.0
8712,treatment,11.63,mobile,PH,0,0.0
8713,control,53.83,desktop,ID,0,0.0
8714,treatment,18.82,desktop,MY,0,0.0
8715,control,31.83,mobile,PH,0,0.0
8716,treatment,28.28,desktop,ID,0,0.0
8717,control,15.55,mobile,SG,0,0.0
8718,control,13.38,mobile,PH,0,0.0
8719,treatment,7.82,mobile,SG,0,0.0
8720,treatment,13.48,mobile,SG,0,0.0
8721,treatment,62.55,mobile,SG,0,0.0
8722,treatment,24.32,desktop,MY,1,30.51
8723,treatment,16.17,mobile,MY,0,0.0
8724,treatment,37.27,desktop,VN,0,0.0
8725,control,21.74,mobile,MY,0,0.0
8726,control,33.52,desktop,SG,0,0.0
8727,treatment,54.08,mobile,PH,0,0.0
8728,control,63.47,desktop,VN,0,0.0
8729,control,59.2,mobile,ID,0,0.0
8730,treatment,46.44,mobile,ID,0,0.0
8731,treatment,28.03,mobile,ID,0,0.0
8732,treatment,51.28,mobile,SG,0,0.0
8733,treatment,34.6,desktop,PH,0,0.0
8734,treatment,75.14,desktop,PH,0,0.0
8735,control,20.87,mobile,PH,0,0.0
8736,control,8.19,mobile,MY,0,0.0
8737,treatment,5.58,mobile,MY,0,0.0
8738,control,23.44,mobile,ID,0,0.0
8739,control,7.76,mobile,ID,0,0.0
8740,treatment,14.51,mobile,PH,0,0.0
8741,treatment,5.81,mobile,VN,0,0.0
8742,control,58.99,desktop,PH,1,15.2
8743,treatment,5.26,desktop,VN,0,0.0
8744,control,66.42,mobile,ID,0,0.0
8745,control,2.55,mobile,SG,0,0.0
8746,treatment,11.7,mobile,MY,0,0.0
8747,treatment,5.18,mobile,MY,0,0.0
8748,control,13.82,mobile,PH,0,0.0
8749,treatment,44.0,desktop,ID,1,18.17
8750,treatment,33.81,desktop,ID,0,0.0
8751,control,11.94,desktop,VN,0,0.0
8752,treatment,29.48,mobile,SG,0,0.0
8753,control,1.75,mobile,MY,0,0.0
8754,treatment,14.68,desktop,SG,0,0.0
8755,treatment,17.8,mobile,MY,0,0.0
8756,control,8.08,mobile,ID,0,0.0
8757,treatment,35.15,mobile,MY,0,0.0
8758,treatment,26.41,desktop,SG,0,0.0
8759,treatment,59.69,mobile,PH,0,0.0
8760,treatment,5.07,desktop,ID,0,0.0
8761,treatment,28.6,mobile,SG,0,0.0
8762,control,18.21,mobile,SG,0,0.0
8763,treatment,19.99,desktop,ID,1,51.68
8764,control,15.77,desktop,MY,0,0.0
8765,control,13.38,mobile,ID,0,0.0
8766,control,10.39,mobile,MY,0,0.0
8767,treatment,32.19,desktop,PH,0,0.0
8768,control,19.58,desktop,ID,0,0.0
8769,control,73.41,mobile,SG,0,0.0
8770,treatment,55.59,mobile,ID,0,0.0
8771,control,18.91,desktop,PH,0,0.0
8772,control,27.45,desktop,ID,0,0.0
8773,control,44.79,mobile,ID,1,19.03
8774,treatment,21.45,mobile,PH,0,0.0
8775,treatment,22.7,mobile,MY,0,0.0
8776,treatment,37.57,desktop,VN,0,0.0
8777,treatment,15.49,mobile,ID,0,0.0
8778,treatment,12.76,mobile,ID,0,0.0
8779,treatment,20.16,mobile,ID,0,0.0
8780,treatment,25.9,desktop,SG,0,0.0
8781,treatment,75.01,mobile,VN,0,0.0
8782,treatment,27.72,mobile,MY,0,0.0
8783,treatment,1.09,mobile,PH,0,0.0
8784,treatment,9.89,desktop,VN,0,0.0
8785,control,8.2,mobile,ID,0,0.0
8786,control,15.9,mobile,SG,0,0.0
8787,treatment,67.57,desktop,MY,0,0.0
8788,treatment,6.65,mobile,SG,0,0.0
8789,treatment,28.8,mobile,PH,0,0.0
8790,treatment,43.94,desktop,MY,0,0.0
8791,treatment,3.39,mobile,MY,0,0.0
8792,control,21.46,desktop,SG,0,0.0
8793,control,42.16,mobile,MY,0,0.0
8794,control,29.69,mobile,ID,0,0.0
8795,treatment,41.8,mobile,MY,0,0.0
8796,control,16.87,mobile,SG,0,0.0
8797,control,47.43,mobile,PH,0,0.0
8798,control,59.89,mobile,MY,0,0.0
8799,treatment,52.48,desktop,ID,0,0.0
8800,treatment,18.84,mobile,ID,0,0.0
8801,treatment,13.02,desktop,MY,0,0.0
8802,treatment,51.97,mobile,PH,0,0.0
8803,control,27.64,mobile,MY,0,0.0
8804,control,31.41,mobile,ID,0,0.0
8805,control,64.34,mobile,VN,0,0.0
8806,treatment,44.28,mobile,ID,1,23.48
8807,control,33.23,mobile,VN,0,0.0
8808,control,61.37,mobile,MY,0,0.0
8809,treatment,37.21,mobile,ID,0,0.0
8810,control,20.11,mobile,ID,0,0.0
8811,treatment,91.57,desktop,SG,1,13.79
8812,treatment,44.03,desktop,ID,0,0.0
8813,treatment,34.38,mobile,MY,0,0.0
8814,treatment,38.37,mobile,SG,0,0.0
8815,treatment,9.62,mobile,PH,0,0.0
8816,control,38.36,desktop,SG,0,0.0
8817,treatment,25.43,mobile,SG,1,17.34
8818,control,4.3,desktop,MY,0,0.0
8819,treatment,41.0,desktop,MY,0,0.0
8820,treatment,8.44,desktop,SG,0,0.0
8821,treatment,28.26,mobile,MY,1,45.53
8822,treatment,25.15,desktop,ID,0,0.0
8823,treatment,50.6,desktop,SG,0,0.0
8824,treatment,17.06,desktop,ID,0,0.0
8825,treatment,55.9,desktop,PH,0,0.0
8826,control,33.59,mobile,SG,1,18.38
8827,treatment,34.35,desktop,ID,0,0.0
8828,treatment,74.94,desktop,ID,0,0.0
8829,treatment,23.5,mobile,VN,1,40.23
8830,treatment,73.69,mobile,MY,1,44.09
8831,control,4.94,desktop,SG,0,0.0
8832,treatment,13.26,mobile,SG,0,0.0
8833,treatment,17.24,mobile,SG,0,0.0
8834,treatment,3.11,mobile,PH,0,0.0
8835,treatment,22.54,desktop,ID,0,0.0
8836,treatment,39.01,desktop,SG,0,0.0
8837,control,4.09,mobile,SG,0,0.0
8838,treatment,30.75,desktop,ID,0,0.0
8839,control,34.68,desktop,ID,0,0.0
8840,control,14.11,desktop,SG,0,0.0
8841,treatment,34.14,mobile,MY,1,29.02
8842,control,13.91,mobile,ID,0,0.0
8843,control,2.31,mobile,ID,0,0.0
8844,treatment,17.79,mobile,MY,0,0.0
8845,treatment,30.38,desktop,ID,0,0.0
8846,control,32.12,mobile,MY,0,0.0
8847,control,4.62,desktop,VN,0,0.0
8848,treatment,12.42,mobile,ID,0,0.0
8849,treatment,24.83,desktop,VN,0,0.0
8850,control,59.11,mobile,SG,1,53.44
8851,treatment,4.2,mobile,VN,0,0.0
8852,control,47.41,mobile,VN,0,0.0
8853,treatment,38.49,mobile,VN,0,0.0
8854,treatment,15.76,desktop,PH,0,0.0
8855,control,33.13,desktop,SG,0,0.0
8856,control,54.24,mobile,SG,0,0.0
8857,control,24.71,mobile,MY,1,60.36
8858,control,9.38,desktop,MY,0,0.0
8859,treatment,18.59,mobile,SG,0,0.0
8860,treatment,52.93,desktop,ID,0,0.0
8861,treatment,57.0,mobile,SG,0,0.0
8862,treatment,116.98,desktop,ID,0,0.0
8863,treatment,52.87,desktop,SG,0,0.0
8864,control,41.22,mobile,VN,0,0.0
8865,treatment,27.49,desktop,PH,0,0.0
8866,control,26.68,mobile,ID,1,14.16
8867,control,17.27,mobile,SG,0,0.0
8868,control,7.11,mobile,ID,0,0.0
8869,treatment,16.52,mobile,MY,0,0.0
8870,treatment,40.2,mobile,ID,0,0.0
8871,treatment,34.43,mobile,SG,0,0.0
8872,treatment,21.03,desktop,ID,0,0.0
8873,treatment,109.21,desktop,SG,1,14.67
8874,control,41.1,mobile,VN,0,0.0
8875,treatment,12.41,desktop,SG,0,0.0
8876,treatment,3.28,desktop,PH,0,0.0
8877,control,33.33,desktop,SG,1,14.01
8878,control,11.77,mobile,SG,1,17.83
8879,treatment,20.68,desktop,ID,0,0.0
8880,treatment,20.45,mobile,MY,0,0.0
8881,treatment,21.62,mobile,SG,0,0.0
8882,control,16.59,mobile,MY,0,0.0
8883,control,27.4,desktop,MY,0,0.0
8884,control,8.85,mobile,VN,0,0.0
8885,control,2.35,mobile,VN,0,0.0
8886,control,49.44,mobile,PH,0,0.0
8887,control,24.67,mobile,VN,0,0.0
8888,treatment,9.47,mobile,MY,1,26.55
8889,treatment,67.54,desktop,ID,0,0.0
8890,control,36.21,mobile,ID,0,0.0
8891,treatment,32.56,mobile,SG,0,0.0
8892,control,6.62,mobile,MY,0,0.0
8893,control,14.57,desktop,SG,0,0.0
8894,control,18.98,mobile,SG,1,6.87
8895,treatment,15.85,mobile,MY,0,0.0
8896,control,14.1,mobile,VN,0,0.0
8897,treatment,59.72,desktop,SG,0,0.0
8898,control,2.83,mobile,SG,0,0.0
8899,treatment,3.97,mobile,MY,0,0.0
8900,treatment,24.59,desktop,PH,0,0.0
8901,control,10.69,desktop,MY,0,0.0
8902,control,40.59,mobile,ID,0,0.0
8903,control,14.74,mobile,ID,0,0.0
8904,treatment,50.59,mobile,MY,0,0.0
8905,treatment,18.21,mobile,VN,0,0.0
8906,treatment,47.76,mobile,PH,0,0.0
8907,control,53.66,mobile,PH,0,0.0
8908,treatment,13.61,desktop,ID,0,0.0
8909,control,34.69,mobile,MY,0,0.0
8910,treatment,34.59,mobile,ID,0,0.0
8911,control,30.19,mobile,PH,0,0.0
8912,treatment,92.25,desktop,ID,0,0.0
8913,control,30.3,mobile,PH,0,0.0
8914,treatment,7.89,mobile,ID,0,0.0
8915,control,22.08,mobile,SG,0,0.0
8916,treatment,5.17,desktop,ID,0,0.0
8917,control,27.17,desktop,ID,0,0.0
8918,treatment,6.99,desktop,MY,0,0.0
8919,treatment,43.31,mobile,ID,0,0.0
8920,treatment,37.71,mobile,PH,0,0.0
8921,treatment,31.98,desktop,PH,0,0.0
8922,treatment,15.06,mobile,VN,0,0.0
8923,control,6.11,mobile,ID,0,0.0
8924,treatment,24.53,mobile,ID,0,0.0
8925,treatment,49.02,mobile,ID,0,0.0
8926,treatment,36.56,desktop,SG,0,0.0
8927,control,20.31,mobile,SG,0,0.0
8928,treatment,2.96,mobile,PH,0,0.0
8929,treatment,16.81,mobile,SG,0,0.0
8930,control,44.12,mobile,MY,0,0.0
8931,treatment,9.73,mobile,ID,0,0.0
8932,treatment,57.47,desktop,VN,0,0.0
8933,treatment,117.68,mobile,SG,0,0.0
8934,control,9.34,mobile,VN,0,0.0
8935,control,10.39,mobile,ID,0,0.0
8936,control,36.31,mobile,SG,1,10.33
8937,treatment,26.85,desktop,ID,0,0.0
8938,treatment,42.99,desktop,ID,0,0.0
8939,control,14.04,mobile,MY,0,0.0
8940,treatment,18.85,mobile,MY,0,0.0
8941,control,30.71,mobile,ID,0,0.0
8942,treatment,27.19,desktop,ID,0,0.0
8943,treatment,39.1,mobile,MY,1,30.1
8944,treatment,12.02,mobile,ID,0,0.0
8945,treatment,70.02,mobile,MY,1,8.37
8946,control,5.31,desktop,SG,0,0.0
8947,treatment,24.1,desktop,SG,0,0.0
8948,control,3.6,desktop,ID,0,0.0
8949,control,9.47,desktop,SG,0,0.0
8950,control,29.56,mobile,PH,0,0.0
8951,control,7.47,mobile,SG,0,0.0
8952,treatment,39.78,mobile,VN,0,0.0
8953,treatment,51.09,mobile,SG,0,0.0
8954,treatment,40.55,desktop,SG,0,0.0
8955,treatment,15.34,mobile,MY,0,0.0
8956,control,32.33,mobile,ID,0,0.0
8957,treatment,9.38,mobile,ID,0,0.0
8958,control,21.4,mobile,ID,0,0.0
8959,treatment,38.61,mobile,MY,0,0.0
8960,control,56.52,mobile,ID,0,0.0
8961,control,8.74,mobile,SG,0,0.0
8962,control,14.2,desktop,PH,0,0.0
8963,control,25.91,mobile,SG,0,0.0
8964,control,50.45,mobile,SG,0,0.0
8965,treatment,33.76,mobile,MY,0,0.0
8966,treatment,20.86,mobile,MY,0,0.0
8967,control,16.04,mobile,MY,0,0.0
8968,control,60.5,mobile,MY,0,0.0
8969,treatment,34.28,mobile,PH,0,0.0
8970,treatment,74.17,mobile,MY,0,0.0
8971,treatment,14.2,mobile,ID,0,0.0
8972,treatment,40.02,mobile,ID,0,0.0
8973,control,65.02,mobile,MY,0,0.0
8974,treatment,17.34,mobile,MY,0,0.0
8975,treatment,99.04,mobile,PH,1,10.27
8976,treatment,22.92,desktop,ID,0,0.0
8977,treatment,12.05,desktop,MY,0,0.0
8978,treatment,22.8,desktop,ID,0,0.0
8979,treatment,47.24,mobile,SG,0,0.0
8980,control,20.19,desktop,ID,0,0.0
8981,treatment,19.97,desktop,ID,0,0.0
8982,treatment,25.28,desktop,SG,0,0.0
8983,control,26.72,mobile,SG,0,0.0
8984,control,21.16,mobile,SG,0,0.0
8985,treatment,35.76,mobile,PH,0,0.0
8986,treatment,7.77,mobile,PH,0,0.0
8987,treatment,19.94,mobile,PH,0,0.0
8988,treatment,108.01,desktop,SG,0,0.0
8989,treatment,33.21,mobile,ID,1,18.12
8990,treatment,66.4,desktop,VN,0,0.0
8991,treatment,16.46,mobile,PH,0,0.0
8992,treatment,30.92,mobile,ID,0,0.0
8993,control,33.95,desktop,MY,1,21.4
8994,treatment,42.54,mobile,PH,0,0.0
8995,control,1.78,mobile,VN,0,0.0
8996,treatment,28.7,mobile,SG,0,0.0
8997,treatment,47.84,desktop,MY,0,0.0
8998,treatment,35.54,desktop,ID,0,0.0
8999,control,6.11,desktop,SG,0,0.0
9000,treatment,9.9,desktop,ID,0,0.0
9001,treatment,30.66,mobile,SG,0,0.0
9002,treatment,45.5,mobile,MY,0,0.0
9003,control,25.39,mobile,ID,0,0.0
9004,treatment,14.6,desktop,VN,1,7.97
9005,treatment,8.4,desktop,MY,0,0.0
9006,treatment,27.15,desktop,VN,0,0.0
9007,control,48.5,mobile,ID,0,0.0
9008,treatment,51.02,desktop,SG,1,31.33
9009,treatment,81.12,mobile,ID,0,0.0
9010,control,17.85,mobile,SG,0,0.0
9011,treatment,7.68,mobile,ID,0,0.0
9012,treatment,9.47,desktop,ID,0,0.0
9013,treatment,14.36,mobile,PH,0,0.0
9014,treatment,0.97,mobile,MY,0,0.0
9015,treatment,25.59,mobile,SG,0,0.0
9016,control,14.43,desktop,VN,0,0.0
9017,control,17.62,desktop,MY,0,0.0
9018,control,19.96,desktop,SG,0,0.0
9019,control,26.37,mobile,MY,0,0.0
9020,treatment,8.87,desktop,PH,0,0.0
9021,treatment,6.33,mobile,ID,0,0.0
9022,control,11.66,mobile,PH,0,0.0
9023,control,39.28,mobile,MY,0,0.0
9024,control,33.19,mobile,SG,0,0.0
9025,control,33.29,desktop,MY,0,0.0
9026,treatment,8.86,mobile,PH,0,0.0
9027,control,18.6,mobile,SG,0,0.0
9028,treatment,30.35,mobile,SG,0,0.0
9029,treatment,9.41,desktop,ID,0,0.0
9030,treatment,79.14,desktop,SG,0,0.0
9031,control,53.68,mobile,SG,0,0.0
9032,treatment,14.26,desktop,SG,0,0.0
9033,treatment,19.62,desktop,PH,0,0.0
9034,treatment,18.78,mobile,ID,0,0.0
9035,control,8.71,mobile,MY,0,0.0
9036,treatment,8.71,mobile,ID,0,0.0
9037,control,46.81,mobile,SG,0,0.0
9038,treatment,64.19,desktop,PH,1,5.31
9039,control,14.24,mobile,SG,0,0.0
9040,control,22.83,mobile,ID,0,0.0
9041,control,11.7,desktop,ID,0,0.0
9042,treatment,2.75,mobile,MY,0,0.0
9043,control,5.23,mobile,PH,0,0.0
9044,treatment,8.36,mobile,MY,0,0.0
9045,treatment,17.09,desktop,SG,0,0.0
9046,treatment,57.27,mobile,PH,0,0.0
9047,control,5.74,mobile,MY,0,0.0
9048,treatment,13.56,mobile,MY,0,0.0
9049,treatment,43.96,mobile,ID,0,0.0
9050,control,23.55,mobile,MY,0,0.0
9051,control,5.17,mobile,SG,0,0.0
9052,treatment,13.47,desktop,SG,0,0.0
9053,treatment,49.75,desktop,MY,0,0.0
9054,control,2.27,desktop,ID,0,0.0
9055,treatment,61.1,mobile,SG,0,0.0
9056,control,63.1,mobile,ID,0,0.0
9057,treatment,22.52,desktop,PH,0,0.0
9058,control,4.76,mobile,ID,0,0.0
9059,treatment,48.54,mobile,VN,0,0.0
9060,treatment,15.73,desktop,MY,0,0.0
9061,treatment,55.3,desktop,SG,0,0.0
9062,treatment,30.7,mobile,MY,1,53.28
9063,treatment,13.65,desktop,PH,0,0.0
9064,treatment,22.97,mobile,VN,0,0.0
9065,treatment,46.97,mobile,ID,0,0.0
9066,treatment,19.48,mobile,SG,0,0.0
9067,treatment,28.09,mobile,ID,0,0.0
9068,control,62.66,mobile,SG,0,0.0
9069,treatment,32.11,desktop,VN,0,0.0
9070,treatment,31.46,desktop,VN,0,0.0
9071,treatment,70.31,mobile,ID,0,0.0
9072,treatment,33.21,desktop,SG,0,0.0
9073,treatment,22.53,mobile,PH,0,0.0
9074,treatment,5.91,desktop,SG,0,0.0
9075,control,53.24,mobile,SG,0,0.0
9076,treatment,71.12,mobile,ID,0,0.0
9077,control,14.23,mobile,MY,0,0.0
9078,treatment,49.12,mobile,VN,0,0.0
9079,control,16.06,desktop,SG,0,0.0
9080,treatment,13.01,desktop,VN,0,0.0
9081,treatment,12.4,mobile,SG,0,0.0
9082,treatment,42.98,mobile,SG,0,0.0
9083,control,17.44,desktop,ID,0,0.0
9084,treatment,44.71,desktop,SG,0,0.0
9085,control,8.95,mobile,ID,0,0.0
9086,control,26.41,mobile,MY,0,0.0
9087,treatment,35.42,mobile,SG,0,0.0
9088,treatment,29.45,mobile,PH,0,0.0
9089,treatment,4.01,desktop,ID,0,0.0
9090,treatment,25.28,mobile,SG,0,0.0
9091,control,51.74,mobile,MY,0,0.0
9092,control,25.15,desktop,MY,1,0.27
9093,treatment,17.91,desktop,MY,0,0.0
9094,treatment,67.62,desktop,MY,0,0.0
9095,control,15.43,mobile,MY,0,0.0
9096,control,5.04,mobile,SG,0,0.0
9097,control,28.51,desktop,SG,1,64.42
9098,treatment,12.06,mobile,SG,0,0.0
9099,control,57.6,mobile,PH,0,0.0
9100,control,45.76,mobile,SG,0,0.0
9101,control,13.32,mobile,VN,0,0.0
9102,control,48.88,mobile,PH,0,0.0
9103,control,4.13,mobile,MY,0,0.0
9104,treatment,57.66,mobile,MY,1,24.57
9105,treatment,29.38,desktop,ID,0,0.0
9106,control,23.76,mobile,MY,0,0.0
9107,control,6.35,mobile,PH,0,0.0
9108,treatment,21.81,mobile,SG,0,0.0
9109,treatment,5.19,mobile,PH,0,0.0
9110,control,8.24,desktop,MY,1,27.75
9111,treatment,30.06,desktop,SG,0,0.0
9112,control,61.12,mobile,ID,0,0.0
9113,control,19.77,mobile,PH,0,0.0
9114,treatment,14.86,mobile,MY,0,0.0
9115,control,29.57,mobile,MY,0,0.0
9116,control,44.67,mobile,ID,0,0.0
9117,control,53.36,mobile,SG,0,0.0
9118,treatment,65.04,mobile,ID,0,0.0
9119,treatment,8.52,mobile,MY,0,0.0
9120,treatment,40.01,mobile,SG,0,0.0
9121,control,13.01,mobile,VN,0,0.0
9122,treatment,41.82,desktop,ID,0,0.0
9123,treatment,17.43,mobile,PH,0,0.0
9124,treatment,64.94,desktop,SG,0,0.0
9125,treatment,13.15,mobile,SG,0,0.0
9126,treatment,30.56,mobile,MY,0,0.0
9127,control,33.84,mobile,SG,0,0.0
9128,treatment,10.86,desktop,SG,0,0.0
9129,treatment,21.97,mobile,MY,0,0.0
9130,treatment,8.64,mobile,PH,0,0.0
9131,treatment,14.39,desktop,PH,0,0.0
9132,treatment,56.78,mobile,ID,1,32.39
9133,treatment,27.38,desktop,ID,0,0.0
9134,treatment,5.72,desktop,SG,0,0.0
9135,treatment,21.08,desktop,VN,0,0.0
9136,treatment,28.92,mobile,VN,0,0.0
9137,control,18.39,mobile,PH,0,0.0
9138,control,39.75,desktop,MY,0,0.0
9139,treatment,19.9,mobile,PH,0,0.0
9140,control,2.95,mobile,SG,0,0.0
9141,treatment,34.41,mobile,ID,0,0.0
9142,treatment,21.65,desktop,ID,0,0.0
9143,treatment,37.08,mobile,SG,0,0.0
9144,treatment,10.06,mobile,MY,0,0.0
9145,treatment,77.27,mobile,PH,0,0.0
9146,treatment,21.33,desktop,ID,0,0.0
9147,treatment,22.37,mobile,ID,0,0.0
9148,treatment,25.25,desktop,ID,1,18.97
9149,control,33.02,desktop,PH,0,0.0
9150,treatment,62.96,mobile,SG,0,0.0
9151,control,36.76,mobile,SG,0,0.0
9152,treatment,11.89,mobile,ID,0,0.0
9153,treatment,30.59,mobile,ID,0,0.0
9154,treatment,28.54,mobile,ID,0,0.0
9155,treatment,2.07,mobile,PH,0,0.0
9156,control,12.89,mobile,PH,0,0.0
9157,control,20.47,desktop,SG,0,0.0
9158,treatment,29.21,desktop,MY,1,12.16
9159,treatment,70.5,desktop,VN,0,0.0
9160,treatment,17.47,desktop,PH,0,0.0
9161,treatment,12.42,desktop,ID,0,0.0
9162,treatment,44.22,mobile,SG,0,0.0
9163,treatment,22.5,desktop,MY,0,0.0
9164,control,27.0,mobile,MY,0,0.0
9165,control,9.42,mobile,ID,0,0.0
9166,control,2.32,mobile,SG,0,0.0
9167,treatment,32.77,desktop,ID,0,0.0
9168,treatment,20.23,desktop,ID,0,0.0
9169,control,26.84,mobile,MY,0,0.0
9170,treatment,22.0,mobile,SG,0,0.0
9171,treatment,23.82,mobile,SG,0,0.0
9172,control,11.33,mobile,SG,0,0.0
9173,treatment,68.67,mobile,ID,0,0.0
9174,treatment,99.45,desktop,MY,1,11.77
9175,treatment,20.71,desktop,SG,0,0.0
9176,control,29.33,mobile,ID,0,0.0
9177,treatment,23.06,mobile,MY,0,0.0
9178,treatment,42.16,desktop,PH,0,0.0
9179,treatment,60.2,desktop,SG,1,20.89
9180,treatment,37.25,mobile,PH,0,0.0
9181,treatment,9.36,desktop,PH,0,0.0
9182,treatment,38.66,desktop,SG,0,0.0
9183,treatment,44.56,mobile,SG,0,0.0
9184,control,42.6,mobile,MY,0,0.0
9185,treatment,6.94,mobile,ID,0,0.0
9186,treatment,16.96,desktop,PH,0,0.0
9187,treatment,35.61,mobile,MY,0,0.0
9188,treatment,79.14,desktop,PH,0,0.0
9189,control,24.79,desktop,MY,0,0.0
9190,treatment,10.67,mobile,SG,0,0.0
9191,control,37.71,mobile,VN,0,0.0
9192,treatment,17.31,mobile,ID,0,0.0
9193,treatment,18.94,desktop,SG,0,0.0
9194,treatment,14.66,desktop,SG,0,0.0
9195,control,47.13,mobile,VN,0,0.0
9196,treatment,38.7,mobile,MY,0,0.0
9197,treatment,25.19,desktop,PH,1,16.22
9198,treatment,7.57,mobile,SG,1,32.43
9199,control,11.78,desktop,PH,0,0.0
9200,treatment,16.52,mobile,VN,0,0.0
9201,control,4.74,desktop,PH,0,0.0
9202,treatment,41.57,desktop,VN,0,0.0
9203,treatment,43.88,desktop,SG,0,0.0
9204,treatment,15.86,mobile,SG,0,0.0
9205,treatment,26.37,mobile,SG,0,0.0
9206,control,19.21,mobile,SG,0,0.0
9207,treatment,29.33,mobile,SG,1,25.13
9208,treatment,34.55,mobile,SG,0,0.0
9209,treatment,28.43,mobile,ID,0,0.0
9210,treatment,37.35,mobile,MY,0,0.0
9211,control,14.92,mobile,SG,0,0.0
9212,treatment,13.1,mobile,ID,0,0.0
9213,treatment,37.44,desktop,MY,0,0.0
9214,control,46.49,mobile,SG,0,0.0
9215,treatment,49.91,mobile,VN,0,0.0
9216,treatment,7.05,mobile,PH,0,0.0
9217,treatment,63.29,mobile,SG,1,47.15
9218,treatment,11.92,mobile,PH,1,17.09
9219,control,16.72,mobile,VN,0,0.0
9220,treatment,41.44,mobile,ID,0,0.0
9221,treatment,61.16,desktop,MY,1,21.87
9222,control,16.15,desktop,ID,0,0.0
9223,treatment,21.55,mobile,PH,0,0.0
9224,control,16.75,mobile,SG,0,0.0
9225,control,29.13,mobile,SG,0,0.0
9226,control,26.53,desktop,SG,0,0.0
9227,treatment,34.06,mobile,PH,0,0.0
9228,control,14.35,mobile,SG,0,0.0
9229,control,8.53,desktop,VN,0,0.0
9230,control,30.3,mobile,PH,0,0.0
9231,control,70.47,desktop,MY,0,0.0
9232,control,17.44,mobile,MY,0,0.0
9233,treatment,64.55,mobile,SG,0,0.0
9234,treatment,29.75,desktop,PH,1,27.02
9235,control,49.29,mobile,ID,0,0.0
9236,treatment,27.41,desktop,ID,0,0.0
9237,treatment,124.22,mobile,ID,0,0.0
9238,control,20.12,desktop,ID,0,0.0
9239,treatment,6.48,mobile,MY,0,0.0
9240,treatment,25.51,desktop,SG,0,0.0
9241,control,36.09,desktop,MY,0,0.0
9242,treatment,35.6,mobile,MY,0,0.0
9243,treatment,40.74,mobile,VN,0,0.0
9244,treatment,66.08,desktop,SG,0,0.0
9245,treatment,43.57,mobile,SG,0,0.0
9246,treatment,24.9,desktop,SG,1,33.23
9247,treatment,33.84,mobile,ID,0,0.0
9248,treatment,15.59,mobile,SG,0,0.0
9249,control,17.1,desktop,VN,0,0.0
9250,control,22.3,desktop,ID,0,0.0
9251,treatment,82.61,desktop,ID,0,0.0
9252,control,16.72,mobile,MY,0,0.0
9253,treatment,38.82,desktop,ID,0,0.0
9254,treatment,48.65,mobile,MY,0,0.0
9255,treatment,46.51,mobile,VN,0,0.0
9256,control,10.83,mobile,VN,0,0.0
9257,control,33.36,desktop,MY,1,34.88
9258,control,40.72,mobile,PH,0,0.0
9259,treatment,14.33,desktop,ID,0,0.0
9260,control,3.83,mobile,SG,0,0.0
9261,treatment,5.94,desktop,MY,0,0.0
9262,treatment,20.68,mobile,PH,0,0.0
9263,treatment,12.16,desktop,PH,0,0.0
9264,treatment,16.01,mobile,SG,0,0.0
9265,treatment,26.88,mobile,SG,0,0.0
9266,control,56.32,mobile,ID,0,0.0
9267,treatment,21.22,mobile,MY,0,0.0
9268,control,15.35,mobile,MY,0,0.0
9269,treatment,32.62,mobile,MY,0,0.0
9270,treatment,55.93,mobile,ID,0,0.0
9271,treatment,18.02,mobile,MY,0,0.0
9272,control,27.67,mobile,SG,0,0.0
9273,control,45.65,mobile,MY,0,0.0
9274,treatment,7.92,mobile,PH,1,18.82
9275,treatment,13.99,desktop,ID,1,14.55
9276,treatment,19.93,desktop,ID,0,0.0
9277,treatment,27.48,mobile,MY,0,0.0
9278,treatment,75.25,mobile,MY,0,0.0
9279,control,47.01,desktop,MY,0,0.0
9280,treatment,71.65,desktop,MY,0,0.0
9281,treatment,55.2,mobile,SG,0,0.0
9282,treatment,18.67,desktop,PH,0,0.0
9283,control,7.11,mobile,SG,0,0.0
9284,control,42.13,mobile,VN,0,0.0
9285,treatment,4.08,mobile,SG,0,0.0
9286,treatment,19.45,mobile,SG,0,0.0
9287,treatment,31.33,mobile,MY,0,0.0
9288,control,68.83,desktop,SG,0,0.0
9289,control,5.81,mobile,MY,0,0.0
9290,treatment,33.6,desktop,ID,0,0.0
9291,treatment,69.76,mobile,SG,0,0.0
9292,treatment,19.1,mobile,VN,0,0.0
9293,control,5.36,mobile,PH,0,0.0
9294,control,26.63,mobile,ID,1,31.35
9295,treatment,41.11,mobile,ID,0,0.0
9296,treatment,29.28,mobile,MY,0,0.0
9297,treatment,23.99,mobile,SG,0,0.0
9298,control,49.72,mobile,MY,0,0.0
9299,control,41.51,mobile,VN,1,37.69
9300,treatment,16.67,desktop,SG,0,0.0
9301,treatment,21.64,mobile,ID,0,0.0
9302,treatment,6.08,desktop,ID,0,0.0
9303,control,64.75,desktop,MY,0,0.0
9304,treatment,12.46,mobile,PH,1,7.32
9305,control,69.4,mobile,SG,0,0.0
9306,treatment,36.36,desktop,PH,0,0.0
9307,treatment,27.55,mobile,ID,0,0.0
9308,control,15.46,mobile,SG,0,0.0
9309,control,46.87,desktop,SG,0,0.0
9310,control,28.31,mobile,ID,1,2.68
9311,control,10.54,mobile,PH,0,0.0
9312,treatment,23.2,desktop,ID,0,0.0
9313,treatment,18.02,mobile,MY,0,0.0
9314,control,11.56,mobile,ID,0,0.0
9315,treatment,19.68,mobile,PH,0,0.0
9316,control,12.19,desktop,MY,0,0.0
9317,treatment,11.66,desktop,MY,1,4.56
9318,control,7.64,mobile,MY,0,0.0
9319,treatment,19.82,mobile,PH,0,0.0
9320,treatment,18.97,mobile,ID,0,0.0
9321,control,10.46,mobile,ID,0,0.0
9322,treatment,38.98,desktop,SG,0,0.0
9323,control,52.18,mobile,ID,0,0.0
9324,control,36.87,mobile,VN,0,0.0
9325,treatment,4.52,mobile,MY,0,0.0
9326,treatment,21.78,desktop,MY,0,0.0
9327,control,29.19,mobile,ID,0,0.0
9328,treatment,34.03,mobile,MY,0,0.0
9329,control,59.65,mobile,PH,0,0.0
9330,treatment,33.92,desktop,VN,0,0.0
9331,control,26.92,mobile,MY,0,0.0
9332,control,42.59,mobile,ID,0,0.0
9333,control,32.89,mobile,PH,1,75.78
9334,treatment,40.11,desktop,MY,0,0.0
9335,treatment,58.04,desktop,ID,0,0.0
9336,treatment,16.59,mobile,ID,0,0.0
9337,treatment,10.29,mobile,ID,1,35.13
9338,control,20.37,mobile,MY,0,0.0
9339,control,86.97,desktop,MY,0,0.0
9340,treatment,31.49,mobile,VN,0,0.0
9341,treatment,29.29,desktop,SG,0,0.0
9342,treatment,27.3,mobile,VN,0,0.0
9343,treatment,23.16,mobile,ID,1,30.01
9344,treatment,21.7,mobile,VN,0,0.0
9345,treatment,15.31,mobile,PH,0,0.0
9346,control,45.23,mobile,ID,0,0.0
9347,control,25.88,desktop,SG,0,0.0
9348,control,66.14,mobile,MY,1,9.16
9349,treatment,16.05,mobile,VN,0,0.0
9350,treatment,13.53,mobile,ID,0,0.0
9351,treatment,33.83,mobile,ID,0,0.0
9352,control,19.93,mobile,MY,0,0.0
9353,treatment,22.39,desktop,MY,0,0.0
9354,treatment,31.41,desktop,ID,0,0.0
9355,treatment,37.88,mobile,SG,0,0.0
9356,control,5.92,desktop,ID,0,0.0
9357,treatment,12.5,desktop,SG,1,15.14
9358,treatment,19.05,mobile,ID,0,0.0
9359,treatment,34.11,desktop,SG,0,0.0
9360,treatment,34.15,mobile,SG,0,0.0
9361,treatment,12.24,desktop,SG,0,0.0
9362,control,28.02,mobile,ID,0,0.0
9363,control,31.03,mobile,PH,0,0.0
9364,treatment,11.98,desktop,SG,0,0.0
9365,treatment,49.76,mobile,MY,0,0.0
9366,control,5.17,mobile,MY,0,0.0
9367,treatment,18.31,mobile,MY,0,0.0
9368,control,22.67,mobile,VN,0,0.0
9369,treatment,37.8,desktop,MY,1,48.8
9370,control,35.91,mobile,ID,0,0.0
9371,treatment,76.91,desktop,ID,1,22.11
9372,treatment,11.14,mobile,SG,0,0.0
9373,treatment,24.23,desktop,MY,0,0.0
9374,treatment,9.85,mobile,SG,0,0.0
9375,control,36.3,mobile,VN,0,0.0
9376,treatment,31.12,mobile,MY,0,0.0
9377,treatment,30.96,mobile,SG,0,0.0
9378,treatment,27.77,mobile,VN,0,0.0
9379,treatment,64.8,mobile,ID,0,0.0
9380,treatment,90.45,mobile,PH,0,0.0
9381,treatment,10.91,mobile,VN,0,0.0
9382,treatment,13.65,desktop,MY,0,0.0
9383,treatment,25.99,mobile,ID,0,0.0
9384,control,32.73,mobile,SG,0,0.0
9385,treatment,28.43,mobile,VN,0,0.0
9386,control,30.65,desktop,SG,0,0.0
9387,treatment,30.36,desktop,ID,0,0.0
9388,treatment,63.21,desktop,SG,0,0.0
9389,treatment,21.83,desktop,MY,0,0.0
9390,treatment,85.5,mobile,SG,0,0.0
9391,treatment,61.97,mobile,ID,0,0.0
9392,control,28.24,mobile,VN,0,0.0
9393,treatment,44.39,desktop,SG,0,0.0
9394,control,32.94,desktop,SG,0,0.0
9395,treatment,11.92,mobile,MY,0,0.0
9396,treatment,10.37,desktop,SG,0,0.0
9397,treatment,21.26,desktop,MY,0,0.0
9398,treatment,36.81,mobile,ID,0,0.0
9399,treatment,20.72,mobile,ID,0,0.0
9400,treatment,73.27,mobile,SG,1,42.31
9401,treatment,55.89,mobile,MY,1,10.66
9402,treatment,10.22,mobile,PH,0,0.0
9403,treatment,9.9,mobile,PH,0,0.0
9404,treatment,33.74,mobile,VN,0,0.0
9405,control,36.73,desktop,SG,0,0.0
9406,control,20.74,mobile,SG,0,0.0
9407,control,12.41,mobile,ID,0,0.0
9408,treatment,25.63,desktop,VN,0,0.0
9409,treatment,21.46,mobile,SG,0,0.0
9410,treatment,11.07,desktop,PH,0,0.0
9411,treatment,7.68,mobile,MY,0,0.0
9412,control,12.83,mobile,VN,0,0.0
9413,treatment,146.75,mobile,ID,0,0.0
9414,control,5.29,mobile,ID,0,0.0
9415,treatment,8.07,mobile,VN,0,0.0
9416,treatment,18.94,mobile,ID,0,0.0
9417,treatment,26.24,mobile,VN,0,0.0
9418,control,22.7,desktop,MY,0,0.0
9419,treatment,44.38,mobile,SG,0,0.0
9420,control,20.99,desktop,ID,1,19.15
9421,treatment,39.51,mobile,SG,0,0.0
9422,treatment,81.04,mobile,SG,0,0.0
9423,control,65.92,mobile,PH,0,0.0
9424,control,4.66,mobile,PH,0,0.0
9425,treatment,31.79,desktop,ID,0,0.0
9426,control,11.65,mobile,MY,0,0.0
9427,treatment,16.14,mobile,VN,0,0.0
9428,treatment,19.47,mobile,VN,0,0.0
9429,treatment,28.3,mobile,ID,0,0.0
9430,control,5.79,desktop,ID,0,0.0
9431,treatment,30.32,desktop,ID,0,0.0
9432,treatment,11.68,desktop,MY,0,0.0
9433,treatment,11.14,mobile,MY,0,0.0
9434,treatment,39.55,mobile,ID,0,0.0
9435,control,57.22,desktop,PH,0,0.0
9436,control,11.17,mobile,SG,0,0.0
9437,treatment,6.8,desktop,PH,0,0.0
9438,control,53.1,mobile,SG,0,0.0
9439,control,10.39,desktop,PH,0,0.0
9440,treatment,68.5,mobile,SG,1,17.43
9441,treatment,28.92,mobile,SG,0,0.0
9442,treatment,20.96,desktop,ID,0,0.0
9443,control,18.7,mobile,SG,0,0.0
9444,treatment,5.35,desktop,SG,0,0.0
9445,treatment,28.0,mobile,SG,1,35.3
9446,control,33.87,mobile,PH,0,0.0
9447,treatment,0.89,desktop,ID,0,0.0
9448,treatment,26.23,desktop,SG,0,0.0
9449,treatment,17.23,mobile,SG,1,20.74
9450,control,21.44,mobile,SG,0,0.0
9451,treatment,23.47,desktop,PH,0,0.0
9452,treatment,34.07,mobile,ID,0,0.0
9453,control,21.19,desktop,SG,1,3.84
9454,treatment,36.27,desktop,PH,0,0.0
9455,control,10.41,desktop,SG,0,0.0
9456,treatment,26.82,desktop,ID,0,0.0
9457,treatment,7.87,desktop,PH,0,0.0
9458,control,11.33,desktop,MY,0,0.0
9459,treatment,15.45,desktop,SG,0,0.0
9460,treatment,46.56,mobile,VN,0,0.0
9461,treatment,9.07,mobile,ID,0,0.0
9462,treatment,9.3,mobile,ID,0,0.0
9463,treatment,21.6,desktop,SG,0,0.0
9464,treatment,22.77,desktop,VN,0,0.0
9465,treatment,11.8,mobile,MY,0,0.0
9466,control,22.3,desktop,ID,0,0.0
9467,treatment,37.46,desktop,MY,0,0.0
9468,treatment,55.22,mobile,ID,0,0.0
9469,treatment,17.38,mobile,VN,1,7.07
9470,treatment,70.08,mobile,SG,0,0.0
9471,control,1.88,mobile,SG,0,0.0
9472,treatment,33.94,desktop,ID,1,27.81
9473,treatment,38.78,mobile,PH,0,0.0
9474,treatment,47.05,mobile,MY,0,0.0
9475,control,17.04,mobile,ID,0,0.0
9476,treatment,49.95,desktop,SG,0,0.0
9477,control,14.45,desktop,SG,0,0.0
9478,treatment,62.89,mobile,MY,0,0.0
9479,control,43.72,mobile,SG,0,0.0
9480,control,23.91,mobile,MY,0,0.0
9481,treatment,19.6,desktop,PH,0,0.0
9482,treatment,24.07,desktop,SG,1,11.37
9483,control,36.29,desktop,SG,0,0.0
9484,treatment,73.88,desktop,PH,0,0.0
9485,treatment,71.31,desktop,PH,0,0.0
9486,control,11.73,mobile,ID,0,0.0
9487,treatment,43.79,mobile,MY,0,0.0
9488,treatment,8.29,mobile,SG,0,0.0
9489,treatment,20.06,desktop,VN,0,0.0
9490,treatment,25.89,mobile,SG,0,0.0
9491,control,16.36,mobile,PH,0,0.0
9492,treatment,27.17,mobile,MY,0,0.0
9493,control,6.51,mobile,SG,0,0.0
9494,treatment,36.62,desktop,ID,0,0.0
9495,treatment,31.14,mobile,PH,0,0.0
9496,treatment,7.57,desktop,VN,0,0.0
9497,control,19.52,mobile,MY,1,39.64
9498,treatment,21.77,mobile,ID,0,0.0
9499,control,4.48,mobile,PH,0,0.0
9500,control,7.13,mobile,ID,0,0.0
9501,treatment,62.19,mobile,MY,0,0.0
9502,treatment,28.1,desktop,ID,0,0.0
9503,treatment,14.81,desktop,ID,0,0.0
9504,treatment,4.01,mobile,MY,0,0.0
9505,treatment,43.79,mobile,ID,0,0.0
9506,control,14.4,desktop,SG,0,0.0
9507,control,45.18,mobile,ID,0,0.0
9508,treatment,53.84,mobile,ID,0,0.0
9509,treatment,24.8,desktop,ID,0,0.0
9510,treatment,36.97,mobile,SG,0,0.0
9511,control,74.68,mobile,PH,1,9.66
9512,treatment,68.07,mobile,PH,0,0.0
9513,control,36.03,mobile,MY,0,0.0
9514,treatment,26.34,desktop,PH,0,0.0
9515,treatment,13.97,mobile,ID,0,0.0
9516,treatment,20.02,desktop,ID,0,0.0
9517,control,13.55,desktop,SG,0,0.0
9518,treatment,2.98,mobile,MY,0,0.0
9519,control,49.13,desktop,ID,1,48.89
9520,control,17.76,mobile,SG,0,0.0
9521,treatment,17.55,desktop,VN,0,0.0
9522,treatment,29.37,mobile,SG,1,50.27
9523,control,30.98,mobile,MY,1,25.41
9524,treatment,30.01,mobile,PH,0,0.0
9525,control,50.21,mobile,SG,0,0.0
9526,control,46.1,desktop,MY,0,0.0
9527,treatment,42.98,desktop,VN,0,0.0
9528,control,81.79,mobile,VN,0,0.0
9529,control,35.76,desktop,VN,0,0.0
9530,treatment,136.68,desktop,SG,0,0.0
9531,control,17.97,mobile,PH,0,0.0
9532,control,30.09,mobile,ID,0,0.0
9533,treatment,29.39,mobile,SG,1,64.95
9534,treatment,11.01,desktop,SG,0,0.0
9535,treatment,29.88,mobile,SG,0,0.0
9536,treatment,36.08,desktop,VN,0,0.0
9537,treatment,75.32,desktop,ID,0,0.0
9538,treatment,7.23,mobile,SG,0,0.0
9539,control,30.66,mobile,MY,0,0.0
9540,control,13.25,mobile,ID,0,0.0
9541,treatment,29.84,desktop,SG,0,0.0
9542,treatment,24.29,mobile,ID,0,0.0
9543,control,16.07,desktop,ID,0,0.0
9544,control,10.78,mobile,MY,0,0.0
9545,treatment,18.04,desktop,PH,0,0.0
9546,treatment,16.93,mobile,MY,1,21.34
9547,treatment,28.3,mobile,MY,0,0.0
9548,control,18.03,desktop,SG,0,0.0
9549,control,54.13,desktop,SG,0,0.0
9550,control,25.34,mobile,ID,0,0.0
9551,treatment,9.12,mobile,PH,0,0.0
9552,treatment,11.65,mobile,SG,0,0.0
9553,treatment,48.24,desktop,MY,0,0.0
9554,treatment,48.91,mobile,SG,0,0.0
9555,control,14.58,mobile,SG,0,0.0
9556,treatment,59.68,mobile,MY,0,0.0
9557,treatment,7.85,mobile,MY,0,0.0
9558,control,7.75,mobile,PH,0,0.0
9559,treatment,23.95,desktop,PH,0,0.0
9560,control,9.46,mobile,SG,0,0.0
9561,control,3.68,mobile,ID,0,0.0
9562,treatment,30.25,desktop,MY,0,0.0
9563,treatment,38.72,desktop,ID,0,0.0
9564,treatment,36.45,mobile,ID,0,0.0
9565,treatment,36.97,mobile,MY,0,0.0
9566,treatment,43.95,desktop,SG,1,28.23
9567,control,31.27,mobile,VN,0,0.0
9568,treatment,4.19,mobile,VN,0,0.0
9569,control,5.04,desktop,SG,0,0.0
9570,treatment,32.1,mobile,SG,0,0.0
9571,treatment,18.94,desktop,ID,0,0.0
9572,control,23.42,mobile,SG,0,0.0
9573,treatment,23.57,mobile,PH,0,0.0
9574,treatment,16.17,mobile,VN,0,0.0
9575,treatment,70.8,mobile,VN,0,0.0
9576,treatment,11.46,mobile,ID,0,0.0
9577,control,144.81,mobile,PH,0,0.0
9578,control,24.08,mobile,SG,0,0.0
9579,control,22.49,desktop,SG,0,0.0
9580,control,10.52,desktop,ID,0,0.0
9581,treatment,4.44,mobile,ID,0,0.0
9582,control,43.75,mobile,PH,0,0.0
9583,control,55.59,mobile,VN,0,0.0
9584,treatment,13.07,desktop,SG,0,0.0
9585,control,7.75,desktop,VN,0,0.0
9586,treatment,21.47,mobile,ID,0,0.0
9587,control,22.96,mobile,SG,0,0.0
9588,control,35.28,mobile,SG,1,21.1
9589,treatment,50.22,mobile,ID,0,0.0
9590,control,18.03,desktop,MY,0,0.0
9591,control,7.13,mobile,MY,0,0.0
9592,treatment,24.13,desktop,PH,0,0.0
9593,treatment,28.98,desktop,SG,0,0.0
9594,treatment,58.94,mobile,MY,0,0.0
9595,treatment,14.21,mobile,VN,0,0.0
9596,treatment,26.95,mobile,ID,0,0.0
9597,treatment,44.87,desktop,SG,0,0.0
9598,treatment,35.48,desktop,MY,0,0.0
9599,treatment,9.03,desktop,ID,1,45.23
9600,control,14.67,desktop,ID,0,0.0
9601,treatment,27.03,desktop,VN,0,0.0
9602,treatment,13.72,mobile,SG,0,0.0
9603,treatment,8.52,mobile,MY,0,0.0
9604,control,0.99,desktop,SG,0,0.0
9605,control,49.05,mobile,PH,0,0.0
9606,treatment,50.83,mobile,ID,0,0.0
9607,treatment,8.66,mobile,PH,0,0.0
9608,control,36.91,desktop,ID,0,0.0
9609,treatment,6.29,mobile,VN,0,0.0
9610,control,54.31,mobile,MY,0,0.0
9611,treatment,126.73,desktop,MY,0,0.0
9612,treatment,38.02,mobile,ID,1,34.38
9613,treatment,20.55,mobile,PH,1,23.9
9614,treatment,11.57,mobile,SG,0,0.0
9615,treatment,8.28,desktop,SG,0,0.0
9616,treatment,25.92,mobile,ID,0,0.0
9617,treatment,7.15,mobile,ID,0,0.0
9618,treatment,21.59,desktop,ID,0,0.0
9619,treatment,74.63,mobile,VN,0,0.0
9620,control,34.29,mobile,PH,0,0.0
9621,treatment,44.31,desktop,SG,0,0.0
9622,treatment,9.49,desktop,MY,0,0.0
9623,control,31.23,desktop,ID,0,0.0
9624,control,26.27,mobile,ID,0,0.0
9625,treatment,14.21,mobile,ID,0,0.0
9626,treatment,26.62,mobile,SG,0,0.0
9627,control,3.61,mobile,VN,0,0.0
9628,control,46.81,desktop,ID,0,0.0
9629,treatment,15.34,desktop,MY,0,0.0
9630,control,39.44,desktop,SG,0,0.0
9631,treatment,24.58,mobile,ID,0,0.0
9632,treatment,28.46,mobile,SG,0,0.0
9633,treatment,40.61,mobile,ID,0,0.0
9634,control,104.33,mobile,ID,0,0.0
9635,control,14.5,mobile,MY,0,0.0
9636,treatment,21.24,mobile,ID,0,0.0
9637,treatment,11.97,mobile,SG,1,4.56
9638,control,48.4,mobile,ID,0,0.0
9639,treatment,37.05,mobile,SG,0,0.0
9640,control,42.62,mobile,PH,0,0.0
9641,control,92.35,mobile,SG,0,0.0
9642,treatment,86.27,mobile,PH,1,12.73
9643,treatment,60.76,mobile,PH,0,0.0
9644,treatment,72.59,mobile,MY,0,0.0
9645,treatment,9.38,mobile,PH,0,0.0
9646,treatment,14.44,mobile,SG,0,0.0
9647,control,32.71,mobile,MY,0,0.0
9648,treatment,51.35,mobile,MY,0,0.0
9649,control,10.04,desktop,VN,0,0.0
9650,treatment,101.39,desktop,ID,0,0.0
9651,treatment,15.43,mobile,ID,0,0.0
9652,treatment,29.52,desktop,SG,1,18.41
9653,treatment,23.5,desktop,SG,0,0.0
9654,treatment,47.0,mobile,MY,0,0.0
9655,control,4.32,mobile,ID,0,0.0
9656,treatment,28.5,mobile,SG,0,0.0
9657,treatment,11.91,mobile,MY,0,0.0
9658,treatment,19.79,mobile,ID,1,14.22
9659,treatment,29.25,desktop,SG,0,0.0
9660,treatment,31.29,mobile,MY,0,0.0
9661,treatment,26.5,desktop,ID,0,0.0
9662,control,7.93,mobile,MY,0,0.0
9663,control,16.32,desktop,SG,0,0.0
9664,treatment,68.2,mobile,SG,0,0.0
9665,treatment,17.07,mobile,VN,0,0.0
9666,control,26.29,desktop,PH,0,0.0
9667,treatment,16.59,mobile,MY,0,0.0
9668,treatment,38.89,desktop,SG,0,0.0
9669,control,5.48,mobile,MY,0,0.0
9670,treatment,17.18,desktop,SG,1,21.26
9671,control,34.22,mobile,ID,0,0.0
9672,treatment,42.23,desktop,PH,0,0.0
9673,control,27.63,desktop,ID,0,0.0
9674,treatment,21.25,mobile,ID,0,0.0
9675,treatment,47.2,mobile,PH,0,0.0
9676,treatment,63.32,desktop,PH,0,0.0
9677,treatment,49.28,mobile,SG,0,0.0
9678,treatment,16.11,mobile,MY,0,0.0
9679,control,33.98,mobile,PH,0,0.0
9680,treatment,5.99,desktop,VN,0,0.0
9681,treatment,32.23,mobile,SG,0,0.0
9682,control,23.26,mobile,ID,0,0.0
9683,control,21.74,desktop,VN,0,0.0
9684,treatment,52.47,mobile,PH,0,0.0
9685,treatment,21.47,mobile,SG,0,0.0
9686,treatment,34.76,desktop,SG,0,0.0
9687,treatment,11.74,mobile,SG,0,0.0
9688,treatment,70.36,desktop,SG,0,0.0
9689,treatment,27.86,mobile,SG,1,62.66
9690,control,46.34,mobile,SG,0,0.0
9691,treatment,70.52,desktop,PH,0,0.0
9692,control,20.98,desktop,ID,0,0.0
9693,control,53.92,desktop,ID,0,0.0
9694,treatment,40.53,desktop,ID,0,0.0
9695,control,28.61,mobile,PH,0,0.0
9696,treatment,66.0,mobile,SG,0,0.0
9697,control,14.99,mobile,MY,0,0.0
9698,treatment,89.07,mobile,SG,0,0.0
9699,control,35.12,mobile,VN,0,0.0
9700,treatment,46.61,mobile,ID,0,0.0
9701,treatment,24.89,mobile,PH,0,0.0
9702,treatment,41.26,mobile,SG,0,0.0
9703,treatment,43.91,desktop,SG,1,12.47
9704,treatment,68.43,mobile,SG,0,0.0
9705,treatment,27.31,desktop,MY,0,0.0
9706,control,7.82,mobile,MY,0,0.0
9707,control,35.73,desktop,MY,1,24.93
9708,treatment,19.91,mobile,MY,0,0.0
9709,control,6.81,mobile,ID,0,0.0
9710,treatment,75.91,mobile,SG,0,0.0
9711,control,34.79,mobile,ID,0,0.0
9712,control,45.93,desktop,SG,0,0.0
9713,treatment,34.02,mobile,PH,0,0.0
9714,treatment,32.15,mobile,ID,0,0.0
9715,treatment,14.59,desktop,ID,0,0.0
9716,control,51.98,desktop,SG,0,0.0
9717,control,5.35,mobile,PH,0,0.0
9718,treatment,90.79,mobile,VN,0,0.0
9719,treatment,57.13,mobile,SG,0,0.0
9720,treatment,7.12,mobile,ID,0,0.0
9721,treatment,7.13,desktop,ID,0,0.0
9722,control,9.54,mobile,PH,0,0.0
9723,control,21.27,mobile,ID,0,0.0
9724,control,40.14,mobile,VN,0,0.0
9725,treatment,27.93,desktop,PH,0,0.0
9726,treatment,24.37,desktop,ID,0,0.0
9727,control,28.06,mobile,VN,0,0.0
9728,control,33.75,mobile,MY,0,0.0
9729,control,17.03,mobile,SG,0,0.0
9730,treatment,24.45,desktop,SG,0,0.0
9731,treatment,24.55,desktop,VN,0,0.0
9732,control,51.06,mobile,PH,1,10.11
9733,treatment,8.91,desktop,MY,0,0.0
9734,treatment,10.35,mobile,SG,1,50.0
9735,treatment,27.15,desktop,SG,0,0.0
9736,treatment,23.38,mobile,PH,0,0.0
9737,treatment,20.36,mobile,PH,0,0.0
9738,treatment,31.76,mobile,SG,0,0.0
9739,control,45.0,mobile,SG,0,0.0
9740,treatment,71.35,desktop,SG,0,0.0
9741,treatment,16.38,desktop,ID,0,0.0
9742,control,28.63,mobile,PH,0,0.0
9743,treatment,75.12,desktop,MY,0,0.0
9744,control,33.94,mobile,SG,0,0.0
9745,control,27.91,mobile,ID,0,0.0
9746,treatment,36.88,mobile,MY,0,0.0
9747,treatment,14.85,desktop,VN,0,0.0
9748,control,24.22,mobile,MY,0,0.0
9749,treatment,48.15,mobile,PH,1,38.63
9750,treatment,30.72,mobile,ID,0,0.0
9751,treatment,77.71,mobile,PH,0,0.0
9752,control,13.79,desktop,ID,0,0.0
9753,treatment,81.43,mobile,ID,0,0.0
9754,treatment,13.96,mobile,PH,0,0.0
9755,treatment,18.36,mobile,PH,0,0.0
9756,control,1.68,mobile,VN,1,12.64
9757,control,15.16,desktop,SG,0,0.0
9758,treatment,16.61,mobile,ID,0,0.0
9759,treatment,61.99,mobile,SG,0,0.0
9760,treatment,12.39,mobile,MY,0,0.0
9761,control,10.91,desktop,SG,0,0.0
9762,treatment,25.42,desktop,MY,0,0.0
9763,treatment,48.92,desktop,VN,1,51.44
9764,control,7.62,mobile,SG,0,0.0
9765,treatment,30.95,mobile,MY,0,0.0
9766,control,91.36,desktop,PH,0,0.0
9767,control,19.03,mobile,ID,0,0.0
9768,treatment,14.04,mobile,ID,0,0.0
9769,treatment,7.67,mobile,SG,0,0.0
9770,treatment,27.28,desktop,ID,1,22.01
9771,treatment,25.63,desktop,MY,0,0.0
9772,treatment,21.21,desktop,VN,1,24.8
9773,control,31.3,mobile,PH,0,0.0
9774,treatment,27.41,desktop,SG,1,11.82
9775,treatment,28.72,desktop,SG,0,0.0
9776,treatment,27.73,desktop,VN,1,6.49
9777,treatment,40.74,mobile,SG,0,0.0
9778,treatment,8.17,mobile,SG,0,0.0
9779,control,14.13,mobile,SG,0,0.0
9780,treatment,33.89,mobile,VN,0,0.0
9781,treatment,9.21,desktop,VN,0,0.0
9782,treatment,28.53,desktop,ID,0,0.0
9783,treatment,24.97,mobile,VN,0,0.0
9784,control,21.13,desktop,ID,0,0.0
9785,treatment,8.92,mobile,ID,0,0.0
9786,control,12.72,mobile,ID,0,0.0
9787,treatment,35.28,desktop,ID,0,0.0
9788,treatment,46.16,mobile,SG,0,0.0
9789,treatment,13.4,desktop,SG,0,0.0
9790,treatment,17.28,desktop,MY,0,0.0
9791,treatment,19.66,mobile,VN,0,0.0
9792,treatment,5.51,mobile,ID,0,0.0
9793,treatment,9.52,desktop,ID,0,0.0
9794,treatment,32.15,mobile,PH,0,0.0
9795,control,18.53,mobile,MY,0,0.0
9796,control,8.64,mobile,ID,0,0.0
9797,control,23.07,mobile,SG,0,0.0
9798,treatment,9.06,desktop,PH,0,0.0
9799,treatment,23.88,mobile,PH,1,7.37
9800,treatment,46.27,mobile,ID,0,0.0
9801,treatment,63.05,mobile,ID,0,0.0
9802,treatment,64.58,mobile,PH,0,0.0
9803,treatment,37.63,desktop,ID,0,0.0
9804,treatment,4.27,mobile,PH,1,18.04
9805,control,33.66,mobile,ID,1,16.69
9806,control,28.41,mobile,PH,0,0.0
9807,treatment,17.88,mobile,MY,0,0.0
9808,treatment,41.16,mobile,ID,1,12.97
9809,treatment,7.28,mobile,ID,0,0.0
9810,treatment,54.32,mobile,SG,0,0.0
9811,treatment,13.67,desktop,SG,0,0.0
9812,control,36.08,mobile,PH,0,0.0
9813,treatment,24.07,mobile,MY,1,24.42
9814,treatment,13.98,mobile,MY,0,0.0
9815,control,45.99,desktop,MY,0,0.0
9816,control,15.15,desktop,MY,0,0.0
9817,treatment,20.41,desktop,MY,0,0.0
9818,treatment,14.61,mobile,SG,0,0.0
9819,treatment,69.09,mobile,VN,0,0.0
9820,treatment,10.56,mobile,SG,0,0.0
9821,treatment,17.4,mobile,PH,0,0.0
9822,control,13.05,mobile,SG,0,0.0
9823,treatment,6.82,desktop,PH,0,0.0
9824,control,54.68,mobile,MY,0,0.0
9825,control,24.47,mobile,PH,0,0.0
9826,treatment,34.43,mobile,VN,0,0.0
9827,treatment,16.84,desktop,MY,0,0.0
9828,treatment,30.71,mobile,ID,0,0.0
9829,treatment,26.75,desktop,SG,0,0.0
9830,control,49.58,mobile,ID,0,0.0
9831,treatment,14.93,desktop,ID,0,0.0
9832,treatment,50.52,desktop,ID,0,0.0
9833,treatment,49.39,mobile,SG,0,0.0
9834,treatment,89.75,mobile,ID,1,36.32
9835,treatment,16.08,desktop,ID,0,0.0
9836,control,2.94,desktop,PH,0,0.0
9837,treatment,54.59,mobile,SG,0,0.0
9838,control,20.44,mobile,ID,0,0.0
9839,treatment,36.87,mobile,MY,0,0.0
9840,treatment,19.85,desktop,PH,0,0.0
9841,treatment,113.16,mobile,MY,0,0.0
9842,control,4.98,mobile,MY,0,0.0
9843,treatment,80.68,desktop,SG,0,0.0
9844,treatment,16.54,mobile,PH,0,0.0
9845,treatment,6.31,mobile,SG,0,0.0
9846,treatment,11.91,mobile,SG,0,0.0
9847,treatment,15.81,mobile,SG,0,0.0
9848,treatment,72.09,desktop,ID,1,14.21
9849,control,20.0,mobile,VN,0,0.0
9850,treatment,71.69,mobile,SG,0,0.0
9851,control,17.55,desktop,SG,0,0.0
9852,control,67.06,mobile,PH,0,0.0
9853,treatment,25.17,desktop,PH,0,0.0
9854,treatment,11.52,mobile,MY,0,0.0
9855,control,13.12,mobile,PH,0,0.0
9856,treatment,4.87,mobile,SG,0,0.0
9857,control,16.5,desktop,VN,0,0.0
9858,treatment,5.98,mobile,SG,0,0.0
9859,treatment,22.41,desktop,SG,0,0.0
9860,control,37.4,mobile,PH,0,0.0
9861,treatment,7.26,mobile,PH,0,0.0
9862,treatment,34.0,desktop,ID,0,0.0
9863,treatment,25.59,mobile,VN,0,0.0
9864,control,16.88,mobile,ID,0,0.0
9865,control,38.98,desktop,MY,0,0.0
9866,treatment,15.35,mobile,MY,0,0.0
9867,control,25.27,mobile,SG,0,0.0
9868,treatment,19.85,mobile,SG,0,0.0
9869,control,25.12,mobile,PH,0,0.0
9870,treatment,5.16,mobile,MY,0,0.0
9871,treatment,22.28,desktop,SG,0,0.0
9872,control,47.78,mobile,VN,0,0.0
9873,treatment,24.87,desktop,SG,0,0.0
9874,treatment,31.88,desktop,ID,1,45.54
9875,treatment,50.79,mobile,MY,0,0.0
9876,treatment,2.25,mobile,SG,0,0.0
9877,treatment,61.04,mobile,SG,0,0.0
9878,treatment,28.29,mobile,ID,0,0.0
9879,control,21.58,mobile,ID,0,0.0
9880,treatment,11.83,mobile,MY,0,0.0
9881,control,10.62,mobile,VN,0,0.0
9882,treatment,18.87,mobile,VN,0,0.0
9883,treatment,19.65,desktop,ID,0,0.0
9884,control,22.19,mobile,SG,0,0.0
9885,treatment,16.53,desktop,SG,0,0.0
9886,treatment,32.41,desktop,SG,1,45.09
9887,control,54.56,mobile,SG,0,0.0
9888,control,20.71,mobile,ID,0,0.0
9889,treatment,24.38,mobile,PH,0,0.0
9890,treatment,60.17,desktop,VN,0,0.0
9891,control,11.03,mobile,MY,0,0.0
9892,treatment,25.24,mobile,SG,1,6.74
9893,treatment,44.89,mobile,MY,0,0.0
9894,treatment,33.11,desktop,VN,0,0.0
9895,treatment,44.27,mobile,ID,0,0.0
9896,control,17.01,mobile,PH,0,0.0
9897,treatment,75.32,desktop,ID,0,0.0
9898,control,22.6,mobile,SG,0,0.0
9899,control,6.03,mobile,ID,0,0.0
9900,control,12.51,mobile,PH,0,0.0
9901,treatment,45.55,desktop,PH,0,0.0
9902,treatment,56.3,desktop,SG,0,0.0
9903,control,21.86,mobile,SG,0,0.0
9904,treatment,11.63,mobile,SG,0,0.0
9905,control,31.54,mobile,SG,0,0.0
9906,treatment,25.33,mobile,SG,0,0.0
9907,control,24.39,desktop,ID,0,0.0
9908,control,39.82,mobile,SG,0,0.0
9909,treatment,18.15,mobile,SG,0,0.0
9910,control,14.13,mobile,MY,1,19.65
9911,control,52.84,desktop,ID,0,0.0
9912,control,7.61,mobile,ID,0,0.0
9913,treatment,32.16,mobile,VN,1,20.02
9914,treatment,5.47,mobile,MY,0,0.0
9915,control,23.17,mobile,ID,0,0.0
9916,treatment,15.05,mobile,SG,0,0.0
9917,control,27.47,mobile,SG,1,7.57
9918,control,31.24,desktop,SG,0,0.0
9919,control,19.79,mobile,ID,1,29.89
9920,treatment,56.86,desktop,PH,0,0.0
9921,treatment,19.74,desktop,SG,0,0.0
9922,control,25.28,mobile,PH,0,0.0
9923,treatment,59.0,mobile,MY,0,0.0
9924,control,6.61,mobile,MY,0,0.0
9925,treatment,17.7,mobile,SG,0,0.0
9926,treatment,10.57,desktop,ID,0,0.0
9927,control,54.41,mobile,MY,0,0.0
9928,control,4.39,desktop,PH,0,0.0
9929,control,27.82,mobile,ID,0,0.0
9930,treatment,36.93,desktop,ID,1,23.12
9931,control,107.23,mobile,VN,1,68.12
9932,treatment,13.37,desktop,SG,0,0.0
9933,control,40.88,desktop,ID,0,0.0
9934,control,38.05,mobile,ID,0,0.0
9935,treatment,30.16,desktop,SG,1,7.65
9936,treatment,26.22,mobile,ID,1,27.33
9937,treatment,41.7,desktop,SG,0,0.0
9938,treatment,28.41,desktop,ID,0,0.0
9939,control,20.18,mobile,SG,0,0.0
9940,control,31.02,mobile,MY,0,0.0
9941,treatment,32.31,mobile,SG,0,0.0
9942,treatment,57.33,mobile,ID,0,0.0
9943,treatment,19.05,mobile,MY,0,0.0
9944,treatment,56.7,mobile,SG,1,23.68
9945,treatment,60.07,mobile,SG,1,19.52
9946,treatment,49.79,mobile,VN,0,0.0
9947,control,20.88,mobile,ID,0,0.0
9948,treatment,26.63,mobile,MY,0,0.0
9949,treatment,39.78,mobile,ID,0,0.0
9950,treatment,45.02,desktop,ID,0,0.0
9951,treatment,3.73,mobile,PH,0,0.0
9952,control,38.63,mobile,VN,0,0.0
9953,control,37.66,mobile,SG,0,0.0
9954,treatment,57.41,mobile,MY,0,0.0
9955,control,12.25,mobile,MY,0,0.0
9956,treatment,29.74,mobile,MY,0,0.0
9957,treatment,96.65,mobile,MY,0,0.0
9958,control,75.0,mobile,MY,0,0.0
9959,control,19.42,desktop,ID,0,0.0
9960,control,13.15,mobile,MY,0,0.0
9961,control,55.22,mobile,ID,0,0.0
9962,control,11.58,desktop,ID,0,0.0
9963,control,12.78,desktop,MY,0,0.0
9964,control,27.41,desktop,MY,0,0.0
9965,control,14.79,mobile,SG,0,0.0
9966,control,18.1,mobile,SG,0,0.0
9967,treatment,67.24,mobile,PH,1,60.48
9968,treatment,66.09,desktop,PH,0,0.0
9969,control,29.5,desktop,ID,1,12.33
9970,treatment,14.89,mobile,MY,0,0.0
9971,treatment,27.57,mobile,ID,1,24.67
9972,control,38.06,mobile,MY,0,0.0
9973,treatment,43.64,desktop,SG,0,0.0
9974,treatment,35.57,desktop,ID,0,0.0
9975,control,51.34,desktop,SG,0,0.0
9976,control,21.18,mobile,MY,0,0.0
9977,treatment,24.37,mobile,SG,0,0.0
9978,treatment,5.87,mobile,MY,0,0.0
9979,treatment,47.0,mobile,ID,0,0.0
9980,control,7.64,mobile,MY,0,0.0
9981,treatment,17.34,mobile,ID,0,0.0
9982,treatment,27.16,mobile,VN,0,0.0
9983,treatment,77.51,desktop,PH,0,0.0
9984,treatment,38.52,desktop,SG,0,0.0
9985,treatment,9.92,mobile,SG,0,0.0
9986,control,11.92,desktop,PH,0,0.0
9987,treatment,23.53,mobile,SG,0,0.0
9988,control,97.54,mobile,SG,0,0.0
9989,control,18.14,mobile,MY,0,0.0
9990,treatment,12.64,mobile,SG,0,0.0
9991,treatment,53.79,mobile,MY,0,0.0
9992,control,16.39,mobile,SG,0,0.0
9993,treatment,17.99,mobile,SG,0,0.0
9994,treatment,30.38,mobile,SG,0,0.0
9995,treatment,27.71,mobile,ID,0,0.0
9996,control,10.86,desktop,SG,0,0.0
9997,treatment,31.94,mobile,SG,0,0.0
9998,treatment,22.48,desktop,MY,0,0.0
9999,control,19.75,desktop,SG,0,0.0
10000,treatment,30.14,mobile,MY,1,30.08
10001,control,4.41,mobile,VN,0,0.0
10002,treatment,31.69,desktop,ID,0,0.0
10003,control,16.38,mobile,PH,1,10.58
10004,treatment,33.82,mobile,PH,0,0.0
10005,control,13.96,mobile,PH,0,0.0
10006,control,55.74,mobile,ID,0,0.0
10007,treatment,24.44,mobile,SG,0,0.0
10008,treatment,51.79,desktop,ID,0,0.0
10009,treatment,78.12,mobile,ID,0,0.0
10010,control,22.88,desktop,SG,0,0.0
10011,treatment,62.05,desktop,PH,0,0.0
10012,treatment,16.37,desktop,ID,1,41.98
10013,control,45.54,mobile,PH,0,0.0
10014,treatment,29.31,desktop,SG,0,0.0
10015,treatment,79.71,desktop,SG,0,0.0
10016,control,9.15,mobile,VN,0,0.0
10017,treatment,23.54,desktop,MY,0,0.0
10018,treatment,39.34,desktop,SG,1,18.33
10019,control,44.78,desktop,VN,0,0.0
10020,treatment,29.35,mobile,ID,0,0.0
10021,treatment,18.57,mobile,SG,0,0.0
10022,treatment,30.62,mobile,SG,0,0.0
10023,treatment,23.58,mobile,PH,1,19.53
10024,treatment,19.34,mobile,SG,0,0.0
10025,treatment,48.7,desktop,PH,0,0.0
10026,treatment,56.68,mobile,MY,0,0.0
10027,control,13.38,desktop,ID,0,0.0
10028,control,7.79,mobile,SG,0,0.0
10029,treatment,53.35,desktop,SG,1,63.22
10030,treatment,32.87,mobile,SG,0,0.0
10031,treatment,38.3,desktop,ID,0,0.0
10032,treatment,33.07,desktop,VN,0,0.0
10033,treatment,44.29,mobile,VN,0,0.0
10034,treatment,41.77,desktop,ID,0,0.0
10035,control,19.89,desktop,PH,1,6.65
10036,treatment,37.06,mobile,ID,1,42.76
10037,treatment,3.53,mobile,SG,1,28.81
10038,control,5.12,desktop,PH,0,0.0
10039,treatment,14.08,desktop,ID,0,0.0
10040,treatment,19.18,mobile,PH,0,0.0
10041,treatment,14.75,mobile,VN,1,31.91
10042,control,12.23,desktop,SG,0,0.0
10043,control,27.28,desktop,SG,0,0.0
10044,control,11.08,mobile,PH,0,0.0
10045,control,27.66,mobile,SG,1,14.1
10046,control,10.44,mobile,ID,0,0.0
10047,control,30.66,mobile,MY,0,0.0
10048,control,66.86,mobile,PH,1,44.88
10049,treatment,16.93,mobile,SG,0,0.0
10050,treatment,3.25,desktop,ID,0,0.0
10051,control,44.48,desktop,ID,1,22.87
10052,control,6.16,mobile,SG,0,0.0
10053,treatment,16.12,mobile,MY,0,0.0
10054,treatment,61.16,desktop,VN,0,0.0
10055,control,16.78,mobile,PH,0,0.0
10056,treatment,33.73,mobile,SG,0,0.0
10057,control,27.52,mobile,SG,0,0.0
10058,treatment,15.08,mobile,SG,0,0.0
10059,treatment,40.69,mobile,SG,0,0.0
10060,treatment,47.19,mobile,MY,0,0.0
10061,treatment,4.29,mobile,MY,0,0.0
10062,treatment,52.65,mobile,MY,1,50.54
10063,treatment,16.1,mobile,SG,0,0.0
10064,treatment,45.29,mobile,ID,0,0.0
10065,control,7.64,mobile,SG,0,0.0
10066,treatment,6.71,mobile,SG,1,4.48
10067,treatment,60.06,desktop,SG,0,0.0
10068,treatment,34.18,desktop,ID,0,0.0
10069,treatment,34.83,mobile,MY,0,0.0
10070,treatment,60.59,desktop,SG,0,0.0
10071,treatment,27.38,mobile,SG,0,0.0
10072,control,30.84,desktop,SG,0,0.0
10073,treatment,10.53,mobile,MY,0,0.0
10074,control,19.07,desktop,SG,0,0.0
10075,treatment,34.55,desktop,SG,1,17.04
10076,treatment,22.72,desktop,ID,0,0.0
10077,treatment,1.54,desktop,SG,0,0.0
10078,treatment,46.62,desktop,SG,0,0.0
10079,treatment,76.68,desktop,VN,0,0.0
10080,treatment,38.55,desktop,MY,1,20.22
10081,treatment,42.59,mobile,MY,0,0.0
10082,control,27.19,mobile,PH,0,0.0
10083,control,20.89,mobile,ID,0,0.0
10084,treatment,34.55,mobile,PH,0,0.0
10085,control,20.69,mobile,PH,0,0.0
10086,control,21.34,mobile,ID,0,0.0
10087,control,27.36,mobile,ID,0,0.0
10088,treatment,36.76,mobile,SG,0,0.0
10089,control,39.95,desktop,MY,1,23.21
10090,control,25.94,mobile,MY,0,0.0
10091,control,37.42,mobile,PH,0,0.0
10092,treatment,15.76,mobile,ID,0,0.0
10093,treatment,34.47,mobile,SG,0,0.0
10094,treatment,9.9,mobile,MY,0,0.0
10095,control,16.99,mobile,MY,1,28.47
10096,treatment,16.66,desktop,MY,0,0.0
10097,treatment,77.72,mobile,MY,0,0.0
10098,treatment,11.55,mobile,VN,0,0.0
10099,control,18.87,desktop,MY,0,0.0
10100,treatment,38.92,mobile,VN,0,0.0
10101,treatment,23.84,desktop,ID,0,0.0
10102,control,41.43,desktop,SG,0,0.0
10103,treatment,16.92,mobile,SG,0,0.0
10104,control,54.61,mobile,SG,0,0.0
10105,treatment,43.36,mobile,ID,0,0.0
10106,treatment,59.59,desktop,VN,0,0.0
10107,treatment,52.83,mobile,ID,0,0.0
10108,treatment,31.01,desktop,SG,0,0.0
10109,treatment,1.59,mobile,ID,0,0.0
10110,treatment,33.03,desktop,ID,0,0.0
10111,treatment,15.19,desktop,ID,0,0.0
10112,treatment,40.53,desktop,SG,0,0.0
10113,treatment,49.75,mobile,MY,1,54.19
10114,treatment,21.08,desktop,SG,0,0.0
10115,treatment,14.03,mobile,PH,0,0.0
10116,treatment,25.03,mobile,MY,0,0.0
10117,control,50.27,desktop,SG,0,0.0
10118,control,77.13,mobile,ID,0,0.0
10119,treatment,24.76,desktop,SG,1,29.47
10120,treatment,17.89,mobile,SG,0,0.0
10121,control,14.5,mobile,ID,1,24.77
10122,treatment,30.81,mobile,SG,0,0.0
10123,control,10.41,mobile,SG,0,0.0
10124,treatment,12.93,mobile,VN,1,40.07
10125,treatment,26.61,desktop,SG,0,0.0
10126,control,10.52,mobile,VN,0,0.0
10127,control,15.12,mobile,SG,0,0.0
10128,treatment,18.04,mobile,ID,0,0.0
10129,treatment,37.52,desktop,SG,0,0.0
10130,treatment,71.31,mobile,PH,1,24.48
10131,treatment,17.61,desktop,SG,1,29.13
10132,treatment,28.54,desktop,MY,1,13.97
10133,treatment,98.78,mobile,VN,0,0.0
10134,control,22.31,mobile,VN,0,0.0
10135,control,23.14,mobile,SG,1,21.73
10136,treatment,10.26,desktop,PH,0,0.0
10137,treatment,2.55,mobile,PH,0,0.0
10138,treatment,39.93,mobile,SG,0,0.0
10139,control,11.86,mobile,ID,0,0.0
10140,treatment,39.42,mobile,SG,0,0.0
10141,treatment,30.4,mobile,ID,0,0.0
10142,control,9.19,mobile,VN,0,0.0
10143,control,21.39,mobile,SG,1,21.0
10144,treatment,2.95,mobile,VN,1,48.08
10145,control,4.86,desktop,ID,0,0.0
10146,treatment,29.98,mobile,SG,0,0.0
10147,control,5.67,mobile,MY,0,0.0
10148,control,7.43,mobile,MY,0,0.0
10149,control,18.86,mobile,SG,0,0.0
10150,treatment,2.8,mobile,PH,0,0.0
10151,treatment,36.98,desktop,MY,0,0.0
10152,treatment,59.38,mobile,PH,0,0.0
10153,treatment,43.29,mobile,PH,0,0.0
10154,treatment,21.08,mobile,ID,0,0.0
10155,treatment,40.83,mobile,ID,0,0.0
10156,control,12.48,mobile,SG,0,0.0
10157,treatment,13.49,mobile,SG,0,0.0
10158,control,30.46,mobile,MY,0,0.0
10159,control,37.95,mobile,SG,0,0.0
10160,treatment,19.2,desktop,SG,0,0.0
10161,treatment,53.86,desktop,ID,1,21.94
10162,treatment,60.92,mobile,SG,0,0.0
10163,treatment,59.05,mobile,MY,0,0.0
10164,control,1.48,desktop,SG,0,0.0
10165,treatment,14.0,mobile,SG,0,0.0
10166,control,25.71,desktop,MY,0,0.0
10167,treatment,41.54,mobile,MY,0,0.0
10168,treatment,51.98,mobile,PH,0,0.0
10169,control,10.86,desktop,VN,0,0.0
10170,treatment,20.6,mobile,MY,0,0.0
10171,treatment,62.4,desktop,VN,0,0.0
10172,treatment,20.92,mobile,ID,0,0.0
10173,treatment,28.69,desktop,PH,0,0.0
10174,treatment,40.08,desktop,ID,0,0.0
10175,treatment,12.75,mobile,SG,0,0.0
10176,control,109.83,desktop,ID,0,0.0
10177,treatment,12.78,desktop,SG,0,0.0
10178,control,7.85,mobile,ID,0,0.0
10179,treatment,6.41,desktop,VN,1,23.71
10180,control,33.13,mobile,ID,0,0.0
10181,treatment,6.08,mobile,PH,1,21.2
10182,treatment,30.43,mobile,ID,0,0.0
10183,control,32.69,mobile,PH,0,0.0
10184,control,53.34,mobile,SG,0,0.0
10185,treatment,60.25,mobile,ID,1,53.23
10186,treatment,36.29,mobile,ID,1,27.98
10187,treatment,21.81,mobile,SG,0,0.0
10188,control,6.42,mobile,VN,0,0.0
10189,treatment,56.12,desktop,SG,0,0.0
10190,control,15.6,mobile,SG,0,0.0
10191,treatment,22.32,desktop,SG,1,23.23
10192,control,22.45,desktop,ID,0,0.0
10193,treatment,14.92,mobile,ID,0,0.0
10194,treatment,23.71,desktop,SG,0,0.0
10195,treatment,68.33,desktop,ID,0,0.0
10196,treatment,38.8,desktop,MY,0,0.0
10197,control,52.14,desktop,MY,1,10.04
10198,control,45.58,mobile,ID,0,0.0
10199,control,74.45,mobile,SG,0,0.0
10200,treatment,24.59,desktop,MY,1,80.62
10201,control,19.61,mobile,MY,0,0.0
10202,treatment,66.98,mobile,SG,0,0.0
10203,treatment,1.78,desktop,MY,0,0.0
10204,treatment,43.91,mobile,PH,1,23.07
10205,control,41.24,mobile,ID,0,0.0
10206,treatment,29.87,mobile,VN,0,0.0
10207,treatment,31.38,desktop,MY,0,0.0
10208,control,14.13,mobile,SG,0,0.0
10209,treatment,16.51,mobile,MY,0,0.0
10210,control,63.11,mobile,MY,1,27.95
10211,treatment,26.35,mobile,SG,0,0.0
10212,control,57.6,desktop,MY,1,8.42
10213,treatment,14.83,desktop,PH,0,0.0
10214,control,14.36,mobile,MY,0,0.0
10215,control,6.83,mobile,MY,0,0.0
10216,control,5.07,mobile,MY,0,0.0
10217,treatment,40.88,mobile,ID,0,0.0
10218,treatment,5.29,mobile,SG,0,0.0
10219,control,31.71,mobile,ID,0,0.0
10220,treatment,50.29,desktop,PH,0,0.0
10221,control,34.55,mobile,SG,1,31.31
10222,treatment,15.55,desktop,ID,0,0.0
10223,control,47.84,mobile,MY,0,0.0
10224,treatment,38.94,mobile,ID,0,0.0
10225,treatment,12.88,mobile,ID,0,0.0
10226,treatment,15.83,mobile,SG,1,31.46
10227,treatment,40.43,desktop,ID,0,0.0
10228,control,78.85,mobile,MY,1,20.63
10229,control,23.0,mobile,PH,0,0.0
10230,control,24.75,mobile,PH,0,0.0
10231,treatment,43.67,mobile,MY,0,0.0
10232,control,16.73,desktop,ID,0,0.0
10233,treatment,39.07,desktop,PH,0,0.0
10234,control,8.6,mobile,PH,0,0.0
10235,treatment,9.72,desktop,SG,0,0.0
10236,control,18.14,mobile,SG,0,0.0
10237,control,8.01,desktop,SG,0,0.0
10238,control,37.63,mobile,PH,0,0.0
10239,treatment,34.57,desktop,ID,0,0.0
10240,treatment,48.11,mobile,MY,0,0.0
10241,treatment,60.18,desktop,MY,0,0.0
10242,control,30.16,mobile,ID,0,0.0
10243,treatment,33.5,mobile,VN,0,0.0
10244,treatment,44.13,mobile,SG,0,0.0
10245,treatment,46.35,desktop,VN,0,0.0
10246,control,14.91,mobile,MY,0,0.0
10247,treatment,3.81,mobile,MY,0,0.0
10248,treatment,3.09,mobile,MY,0,0.0
10249,treatment,5.0,desktop,PH,0,0.0
10250,control,20.09,desktop,MY,0,0.0
10251,treatment,3.52,desktop,SG,0,0.0
10252,treatment,16.74,desktop,VN,0,0.0
10253,control,24.07,mobile,ID,0,0.0
10254,treatment,28.56,desktop,SG,0,0.0
10255,treatment,32.46,desktop,VN,1,69.18
10256,treatment,37.11,mobile,MY,0,0.0
10257,control,14.5,mobile,PH,0,0.0
10258,control,21.58,mobile,MY,1,15.62
10259,treatment,36.5,desktop,PH,0,0.0
10260,control,26.78,mobile,SG,0,0.0
10261,control,59.92,mobile,ID,1,18.16
10262,control,55.92,mobile,MY,1,8.67
10263,treatment,37.72,desktop,ID,0,0.0
10264,control,24.72,mobile,PH,0,0.0
10265,control,24.05,desktop,SG,0,0.0
10266,control,23.32,desktop,VN,0,0.0
10267,control,0.5,mobile,SG,0,0.0
10268,treatment,15.21,desktop,SG,0,0.0
10269,treatment,68.52,mobile,ID,0,0.0
10270,control,24.35,desktop,SG,0,0.0
10271,treatment,32.46,mobile,PH,0,0.0
10272,treatment,50.82,mobile,PH,1,23.55
10273,control,73.52,mobile,MY,0,0.0
10274,treatment,32.39,desktop,SG,0,0.0
10275,treatment,11.88,desktop,SG,0,0.0
10276,control,103.69,mobile,PH,0,0.0
10277,treatment,6.24,desktop,VN,0,0.0
10278,control,35.53,mobile,MY,0,0.0
10279,treatment,54.18,desktop,MY,0,0.0
10280,treatment,24.58,desktop,ID,0,0.0
10281,treatment,36.99,mobile,MY,0,0.0
10282,control,20.17,mobile,SG,0,0.0
10283,control,38.85,mobile,SG,0,0.0
10284,control,31.58,desktop,ID,0,0.0
10285,control,24.22,mobile,PH,0,0.0
10286,control,34.14,mobile,SG,0,0.0
10287,control,13.46,desktop,MY,0,0.0
10288,control,74.22,mobile,ID,0,0.0
10289,control,47.7,mobile,ID,0,0.0
10290,control,24.99,mobile,MY,0,0.0
10291,treatment,17.85,mobile,SG,1,18.5
10292,treatment,24.39,mobile,MY,0,0.0
10293,treatment,12.86,mobile,SG,0,0.0
10294,treatment,28.33,mobile,PH,0,0.0
10295,treatment,20.64,mobile,ID,0,0.0
10296,treatment,10.05,mobile,ID,0,0.0
10297,treatment,13.33,desktop,ID,0,0.0
10298,treatment,12.25,mobile,MY,0,0.0
10299,treatment,34.36,mobile,ID,0,0.0
10300,treatment,33.54,desktop,MY,1,9.52
10301,control,51.08,mobile,PH,0,0.0
10302,control,4.68,mobile,PH,0,0.0
10303,treatment,28.93,mobile,PH,0,0.0
10304,treatment,30.14,desktop,PH,1,20.68
10305,control,21.03,mobile,MY,0,0.0
10306,control,12.37,mobile,MY,0,0.0
10307,treatment,21.4,mobile,SG,0,0.0
10308,control,43.65,mobile,MY,1,3.75
10309,treatment,57.0,mobile,SG,0,0.0
10310,treatment,64.95,mobile,VN,0,0.0
10311,treatment,24.45,mobile,SG,0,0.0
10312,control,62.54,mobile,MY,0,0.0
10313,treatment,42.89,mobile,SG,0,0.0
10314,treatment,24.08,mobile,SG,1,54.9
10315,control,14.99,desktop,SG,0,0.0
10316,treatment,25.8,mobile,MY,0,0.0
10317,control,64.02,mobile,ID,0,0.0
10318,treatment,7.96,mobile,ID,0,0.0
10319,treatment,44.71,mobile,SG,0,0.0
10320,treatment,62.39,desktop,SG,0,0.0
10321,control,53.15,desktop,ID,0,0.0
10322,treatment,18.03,mobile,PH,0,0.0
10323,control,25.18,mobile,ID,0,0.0
10324,treatment,31.49,mobile,ID,0,0.0
10325,treatment,27.71,mobile,ID,0,0.0
10326,control,30.68,desktop,PH,0,0.0
10327,control,14.76,mobile,SG,0,0.0
10328,control,41.37,mobile,SG,0,0.0
10329,treatment,37.01,desktop,VN,0,0.0
10330,treatment,71.96,desktop,MY,0,0.0
10331,treatment,25.07,mobile,SG,0,0.0
10332,treatment,41.07,mobile,MY,1,16.72
10333,control,25.89,mobile,MY,0,0.0
10334,treatment,11.19,mobile,MY,0,0.0
10335,treatment,50.38,desktop,MY,0,0.0
10336,treatment,26.69,desktop,MY,0,0.0
10337,treatment,45.14,mobile,MY,0,0.0
10338,treatment,22.65,desktop,VN,0,0.0
10339,treatment,5.19,mobile,VN,0,0.0
10340,treatment,14.34,mobile,SG,0,0.0
10341,treatment,56.42,mobile,MY,0,0.0
10342,control,27.34,desktop,SG,0,0.0
10343,control,21.83,desktop,SG,0,0.0
10344,treatment,15.19,desktop,MY,1,12.57
10345,treatment,18.41,mobile,MY,0,0.0
10346,control,3.75,mobile,SG,0,0.0
10347,control,25.27,desktop,VN,0,0.0
10348,treatment,9.57,desktop,MY,1,22.13
10349,control,45.22,desktop,MY,0,0.0
10350,treatment,36.61,mobile,SG,0,0.0
10351,treatment,8.74,mobile,MY,0,0.0
10352,treatment,15.68,mobile,VN,0,0.0
10353,treatment,26.35,mobile,MY,0,0.0
10354,treatment,67.88,desktop,MY,0,0.0
10355,control,13.69,desktop,SG,0,0.0
10356,treatment,22.46,mobile,PH,0,0.0
10357,treatment,6.97,mobile,SG,0,0.0
10358,treatment,19.11,desktop,MY,0,0.0
10359,treatment,23.33,mobile,MY,0,0.0
10360,control,40.8,desktop,MY,0,0.0
10361,treatment,14.37,mobile,MY,1,23.14
10362,treatment,8.15,desktop,ID,1,7.42
10363,treatment,41.85,desktop,PH,0,0.0
10364,treatment,47.79,mobile,SG,0,0.0
10365,treatment,25.25,mobile,SG,0,0.0
10366,control,26.38,mobile,MY,0,0.0
10367,treatment,29.42,mobile,SG,0,0.0
10368,treatment,11.1,mobile,MY,0,0.0
10369,control,16.96,mobile,MY,0,0.0
10370,treatment,28.39,mobile,SG,0,0.0
10371,treatment,22.62,mobile,PH,0,0.0
10372,treatment,18.85,mobile,SG,0,0.0
10373,treatment,32.51,desktop,SG,0,0.0
10374,treatment,11.07,desktop,SG,0,0.0
10375,treatment,40.83,mobile,VN,0,0.0
10376,treatment,32.35,mobile,PH,0,0.0
10377,control,10.36,mobile,ID,0,0.0
10378,control,39.32,mobile,PH,0,0.0
10379,control,30.1,mobile,VN,0,0.0
10380,treatment,19.96,mobile,ID,0,0.0
10381,treatment,68.36,desktop,SG,0,0.0
10382,treatment,23.23,mobile,SG,0,0.0
10383,treatment,72.59,mobile,PH,0,0.0
10384,treatment,13.35,mobile,ID,0,0.0
10385,control,6.66,mobile,PH,0,0.0
10386,treatment,40.84,mobile,VN,0,0.0
10387,treatment,17.43,mobile,SG,1,13.88
10388,treatment,8.91,mobile,PH,0,0.0
10389,control,43.35,mobile,VN,0,0.0
10390,treatment,64.38,mobile,MY,0,0.0
10391,control,24.92,mobile,SG,0,0.0
10392,control,39.51,mobile,MY,0,0.0
10393,control,31.13,desktop,MY,0,0.0
10394,control,59.68,mobile,MY,0,0.0
10395,treatment,62.99,desktop,PH,0,0.0
10396,treatment,32.82,desktop,SG,0,0.0
10397,treatment,32.3,mobile,VN,0,0.0
10398,treatment,39.69,desktop,SG,0,0.0
10399,control,16.52,mobile,ID,0,0.0
10400,control,45.9,mobile,PH,1,9.19
10401,treatment,33.51,mobile,SG,0,0.0
10402,treatment,37.1,desktop,ID,0,0.0
10403,control,33.53,mobile,MY,1,14.74
10404,control,20.12,mobile,MY,0,0.0
10405,control,4.41,desktop,SG,0,0.0
10406,treatment,43.81,mobile,MY,0,0.0
10407,control,28.34,mobile,MY,0,0.0
10408,treatment,38.98,desktop,ID,0,0.0
10409,treatment,26.11,desktop,PH,0,0.0
10410,treatment,7.29,mobile,MY,0,0.0
10411,control,21.65,mobile,ID,0,0.0
10412,treatment,9.06,desktop,MY,1,32.28
10413,treatment,37.55,mobile,SG,0,0.0
10414,control,60.99,desktop,ID,1,10.8
10415,control,84.39,mobile,SG,0,0.0
10416,treatment,15.93,mobile,SG,0,0.0
10417,control,37.67,mobile,MY,0,0.0
10418,treatment,23.75,mobile,SG,0,0.0
10419,treatment,2.84,mobile,ID,0,0.0
10420,treatment,49.6,desktop,MY,0,0.0
10421,treatment,27.69,desktop,SG,0,0.0
10422,treatment,6.29,mobile,PH,0,0.0
10423,treatment,41.93,desktop,ID,0,0.0
10424,treatment,56.98,mobile,SG,0,0.0
10425,control,22.67,mobile,SG,1,4.29
10426,treatment,10.54,mobile,MY,0,0.0
10427,treatment,25.68,mobile,ID,0,0.0
10428,treatment,46.8,mobile,ID,0,0.0
10429,treatment,18.04,mobile,PH,0,0.0
10430,treatment,44.31,desktop,ID,0,0.0
10431,control,36.87,desktop,SG,0,0.0
10432,treatment,35.25,mobile,MY,0,0.0
10433,treatment,16.94,mobile,SG,0,0.0
10434,treatment,10.75,desktop,SG,0,0.0
10435,treatment,12.74,mobile,MY,0,0.0
10436,treatment,3.17,mobile,VN,0,0.0
10437,treatment,50.48,mobile,SG,0,0.0
10438,control,58.78,mobile,SG,0,0.0
10439,control,14.42,mobile,PH,0,0.0
10440,treatment,20.86,desktop,PH,0,0.0
10441,treatment,63.66,desktop,VN,0,0.0
10442,treatment,32.99,mobile,SG,0,0.0
10443,treatment,22.07,mobile,SG,0,0.0
10444,treatment,22.99,desktop,ID,0,0.0
10445,control,54.12,mobile,MY,0,0.0
10446,treatment,42.15,mobile,SG,0,0.0
10447,treatment,50.23,desktop,ID,0,0.0
10448,treatment,72.73,mobile,ID,0,0.0
10449,treatment,63.57,mobile,SG,0,0.0
10450,control,11.51,desktop,VN,0,0.0
10451,control,13.83,mobile,MY,0,0.0
10452,treatment,21.71,mobile,VN,0,0.0
10453,control,30.25,mobile,PH,0,0.0
10454,treatment,39.26,mobile,SG,0,0.0
10455,treatment,60.66,desktop,MY,0,0.0
10456,control,24.19,mobile,MY,0,0.0
10457,treatment,39.22,desktop,PH,1,6.41
10458,control,52.24,mobile,PH,0,0.0
10459,treatment,45.36,mobile,SG,0,0.0
10460,treatment,1.76,desktop,PH,1,21.35
10461,treatment,13.13,mobile,PH,0,0.0
10462,control,13.43,mobile,SG,0,0.0
10463,treatment,70.16,desktop,MY,1,30.46
10464,treatment,33.37,desktop,VN,1,18.41
10465,treatment,46.62,desktop,ID,0,0.0
10466,treatment,35.17,mobile,PH,0,0.0
10467,treatment,32.77,mobile,SG,0,0.0
10468,treatment,6.23,mobile,SG,0,0.0
10469,control,11.61,mobile,SG,0,0.0
10470,treatment,32.84,mobile,ID,1,43.93
10471,treatment,140.13,mobile,VN,0,0.0
10472,treatment,18.53,mobile,PH,0,0.0
10473,control,31.01,mobile,MY,0,0.0
10474,treatment,10.45,mobile,ID,1,9.41
10475,treatment,16.64,mobile,ID,0,0.0
10476,control,13.58,mobile,MY,0,0.0
10477,treatment,82.75,mobile,ID,1,17.39
10478,control,9.73,mobile,VN,0,0.0
10479,treatment,30.3,mobile,MY,0,0.0
10480,control,19.54,desktop,SG,0,0.0
10481,treatment,134.56,mobile,SG,0,0.0
10482,control,27.55,mobile,SG,0,0.0
10483,control,48.4,desktop,SG,1,8.02
10484,treatment,80.11,mobile,SG,0,0.0
10485,treatment,44.24,mobile,ID,0,0.0
10486,control,19.29,mobile,VN,0,0.0
10487,control,26.96,mobile,ID,0,0.0
10488,control,16.26,desktop,ID,0,0.0
10489,control,24.8,mobile,SG,1,20.18
10490,treatment,47.24,mobile,ID,0,0.0
10491,control,16.0,desktop,ID,0,0.0
10492,treatment,33.37,desktop,PH,1,49.67
10493,control,81.57,mobile,MY,0,0.0
10494,treatment,36.33,desktop,ID,0,0.0
10495,treatment,56.32,desktop,ID,0,0.0
10496,control,50.24,mobile,SG,0,0.0
10497,control,11.0,mobile,SG,0,0.0
10498,control,2.84,mobile,MY,0,0.0
10499,treatment,21.9,desktop,SG,0,0.0
10500,control,47.07,mobile,SG,0,0.0
10501,control,12.44,desktop,ID,0,0.0
10502,treatment,34.13,mobile,MY,0,0.0
10503,control,33.35,mobile,PH,0,0.0
10504,treatment,27.53,desktop,SG,0,0.0
10505,treatment,24.83,desktop,SG,0,0.0
10506,treatment,9.2,mobile,SG,0,0.0
10507,control,41.32,mobile,MY,0,0.0
10508,treatment,24.14,desktop,SG,0,0.0
10509,treatment,8.43,desktop,PH,0,0.0
10510,treatment,5.16,mobile,MY,0,0.0
10511,control,41.48,mobile,PH,0,0.0
10512,treatment,31.75,desktop,SG,0,0.0
10513,treatment,71.3,desktop,PH,0,0.0
10514,treatment,7.25,desktop,PH,0,0.0
10515,treatment,28.79,desktop,ID,0,0.0
10516,control,14.85,mobile,MY,0,0.0
10517,treatment,41.9,desktop,ID,0,0.0
10518,control,32.31,desktop,SG,0,0.0
10519,treatment,36.52,desktop,MY,1,47.02
10520,treatment,74.58,desktop,VN,0,0.0
10521,treatment,37.57,mobile,PH,0,0.0
10522,treatment,14.67,desktop,ID,0,0.0
10523,control,19.75,desktop,SG,0,0.0
10524,control,44.97,mobile,MY,0,0.0
10525,treatment,31.7,desktop,PH,0,0.0
10526,treatment,39.57,mobile,MY,0,0.0
10527,treatment,13.12,desktop,PH,0,0.0
10528,treatment,12.45,mobile,ID,0,0.0
10529,control,28.13,mobile,PH,0,0.0
10530,treatment,75.68,desktop,PH,0,0.0
10531,treatment,34.75,mobile,VN,0,0.0
10532,treatment,20.61,mobile,MY,1,52.22
10533,control,58.86,mobile,ID,0,0.0
10534,treatment,15.23,mobile,SG,0,0.0
10535,treatment,51.7,desktop,SG,0,0.0
10536,treatment,45.49,desktop,VN,0,0.0
10537,treatment,39.21,mobile,SG,0,0.0
10538,treatment,20.8,mobile,ID,0,0.0
10539,control,32.94,mobile,ID,0,0.0
10540,treatment,5.69,desktop,SG,1,19.64
10541,treatment,32.27,desktop,SG,0,0.0
10542,control,41.97,mobile,SG,0,0.0
10543,control,50.4,desktop,SG,0,0.0
10544,control,23.12,mobile,ID,0,0.0
10545,control,48.02,mobile,VN,0,0.0
10546,treatment,12.82,desktop,PH,0,0.0
10547,treatment,17.34,mobile,ID,0,0.0
10548,treatment,18.2,mobile,MY,0,0.0
10549,treatment,64.59,mobile,MY,0,0.0
10550,control,8.09,mobile,ID,0,0.0
10551,treatment,70.69,mobile,ID,0,0.0
10552,control,21.03,mobile,SG,0,0.0
10553,treatment,11.89,mobile,MY,0,0.0
10554,treatment,62.91,mobile,MY,0,0.0
10555,control,42.94,desktop,MY,0,0.0
10556,treatment,20.41,desktop,PH,0,0.0
10557,treatment,82.58,mobile,MY,0,0.0
10558,treatment,25.17,mobile,ID,0,0.0
10559,treatment,31.3,mobile,MY,0,0.0
10560,control,37.89,mobile,PH,0,0.0
10561,treatment,14.61,mobile,ID,0,0.0
10562,treatment,35.77,desktop,SG,0,0.0
10563,treatment,1.38,mobile,PH,0,0.0
10564,treatment,7.18,mobile,PH,0,0.0
10565,control,43.89,mobile,VN,0,0.0
10566,control,22.6,mobile,ID,0,0.0
10567,treatment,12.74,mobile,MY,0,0.0
10568,treatment,4.07,mobile,ID,0,0.0
10569,control,16.15,desktop,ID,0,0.0
10570,treatment,46.26,mobile,SG,0,0.0
10571,treatment,6.34,mobile,ID,1,12.01
10572,treatment,49.99,mobile,PH,1,7.56
10573,control,20.63,mobile,ID,0,0.0
10574,treatment,13.55,desktop,SG,0,0.0
10575,control,33.73,mobile,ID,1,36.37
10576,control,10.98,mobile,PH,0,0.0
10577,treatment,12.23,desktop,MY,0,0.0
10578,treatment,52.06,mobile,ID,0,0.0
10579,control,16.99,mobile,VN,0,0.0
10580,control,35.11,mobile,VN,0,0.0
10581,treatment,14.31,desktop,SG,0,0.0
10582,treatment,28.58,mobile,SG,0,0.0
10583,control,9.99,mobile,SG,1,9.92
10584,treatment,20.66,desktop,SG,0,0.0
10585,control,39.11,mobile,VN,0,0.0
10586,treatment,21.3,mobile,SG,0,0.0
10587,control,15.1,mobile,ID,0,0.0
10588,treatment,12.76,desktop,PH,0,0.0
10589,treatment,11.42,mobile,PH,0,0.0
10590,control,8.19,mobile,PH,0,0.0
10591,control,32.75,mobile,PH,0,0.0
10592,control,15.63,desktop,SG,0,0.0
10593,treatment,87.51,desktop,SG,0,0.0
10594,treatment,13.38,mobile,MY,0,0.0
10595,control,21.72,desktop,SG,0,0.0
10596,treatment,40.25,desktop,MY,0,0.0
10597,treatment,42.35,desktop,VN,0,0.0
10598,control,8.21,mobile,ID,1,36.05
10599,control,65.5,mobile,ID,0,0.0
10600,treatment,35.64,mobile,MY,0,0.0
10601,control,39.64,desktop,MY,0,0.0
10602,treatment,55.03,desktop,ID,1,16.34
10603,treatment,25.65,desktop,SG,0,0.0
10604,treatment,32.12,desktop,SG,0,0.0
10605,treatment,29.56,desktop,PH,0,0.0
10606,treatment,37.99,desktop,MY,1,12.41
10607,control,11.79,mobile,ID,0,0.0
10608,control,34.74,mobile,VN,0,0.0
10609,treatment,11.1,mobile,PH,0,0.0
10610,treatment,32.17,desktop,VN,0,0.0
10611,control,73.46,mobile,SG,0,0.0
10612,control,12.09,desktop,SG,0,0.0
10613,treatment,23.3,mobile,PH,0,0.0
10614,treatment,6.57,mobile,ID,0,0.0
10615,control,14.19,desktop,PH,0,0.0
10616,control,26.62,desktop,SG,0,0.0
10617,treatment,30.07,desktop,ID,0,0.0
10618,control,24.19,mobile,SG,0,0.0
10619,control,13.13,desktop,SG,1,11.28
10620,control,16.54,desktop,VN,0,0.0
10621,control,72.59,mobile,PH,0,0.0
10622,control,41.98,mobile,VN,0,0.0
10623,control,35.1,mobile,PH,0,0.0
10624,control,31.64,mobile,SG,0,0.0
10625,treatment,52.56,mobile,MY,0,0.0
10626,treatment,14.09,mobile,ID,1,32.67
10627,control,77.63,desktop,MY,0,0.0
10628,control,26.74,mobile,SG,0,0.0
10629,treatment,40.18,desktop,MY,0,0.0
10630,control,20.49,mobile,ID,0,0.0
10631,treatment,30.44,mobile,PH,0,0.0
10632,treatment,54.37,desktop,VN,0,0.0
10633,control,9.06,mobile,PH,1,16.55
10634,treatment,12.24,mobile,PH,1,48.94
10635,control,10.66,mobile,SG,0,0.0
10636,control,13.26,mobile,SG,0,0.0
10637,control,1.7,mobile,MY,0,0.0
10638,control,25.65,mobile,SG,0,0.0
10639,treatment,65.11,mobile,SG,0,0.0
10640,treatment,11.37,mobile,ID,0,0.0
10641,treatment,25.75,mobile,SG,0,0.0
10642,control,4.45,desktop,PH,0,0.0
10643,treatment,43.11,desktop,VN,0,0.0
10644,control,1.46,mobile,ID,0,0.0
10645,treatment,17.0,mobile,ID,0,0.0
10646,control,8.23,mobile,PH,0,0.0
10647,treatment,8.87,mobile,SG,0,0.0
10648,treatment,28.78,desktop,ID,0,0.0
10649,treatment,102.56,mobile,SG,0,0.0
10650,control,19.66,desktop,MY,0,0.0
10651,control,52.26,desktop,PH,0,0.0
10652,treatment,18.38,desktop,MY,0,0.0
10653,control,54.51,mobile,ID,0,0.0
10654,treatment,15.68,desktop,ID,0,0.0
10655,control,37.07,mobile,SG,0,0.0
10656,control,8.96,mobile,MY,0,0.0
10657,treatment,33.87,mobile,ID,0,0.0
10658,treatment,16.28,desktop,PH,0,0.0
10659,treatment,4.51,mobile,MY,0,0.0
10660,treatment,72.3,mobile,ID,0,0.0
10661,treatment,22.62,mobile,ID,0,0.0
10662,treatment,15.67,mobile,MY,0,0.0
10663,treatment,35.25,mobile,PH,0,0.0
10664,treatment,26.44,desktop,VN,0,0.0
10665,control,27.47,desktop,MY,0,0.0
10666,control,38.93,mobile,VN,0,0.0
10667,control,10.29,mobile,VN,0,0.0
10668,control,3.45,mobile,SG,0,0.0
10669,treatment,18.01,desktop,ID,0,0.0
10670,control,5.42,mobile,ID,0,0.0
10671,treatment,22.17,desktop,MY,0,0.0
10672,control,22.74,mobile,PH,0,0.0
10673,treatment,11.99,mobile,PH,0,0.0
10674,treatment,0.55,desktop,MY,0,0.0
10675,treatment,48.54,mobile,MY,1,34.6
10676,control,10.48,desktop,MY,0,0.0
10677,treatment,14.0,mobile,ID,0,0.0
10678,control,20.07,mobile,SG,0,0.0
10679,treatment,21.02,desktop,SG,0,0.0
10680,treatment,21.85,mobile,ID,0,0.0
10681,treatment,20.29,mobile,MY,0,0.0
10682,control,24.57,mobile,SG,1,30.15
10683,treatment,25.0,mobile,SG,0,0.0
10684,control,37.91,desktop,SG,0,0.0
10685,treatment,41.44,mobile,PH,0,0.0
10686,control,53.91,desktop,ID,1,15.0
10687,treatment,44.8,mobile,PH,0,0.0
10688,treatment,6.45,desktop,ID,0,0.0
10689,treatment,25.78,mobile,SG,0,0.0
10690,control,24.35,mobile,MY,0,0.0
10691,control,7.46,mobile,SG,0,0.0
10692,control,21.69,mobile,MY,0,0.0
10693,treatment,25.61,desktop,VN,0,0.0
10694,treatment,120.99,mobile,ID,0,0.0
10695,treatment,9.61,desktop,SG,0,0.0
10696,treatment,6.09,mobile,PH,0,0.0
10697,treatment,58.44,desktop,ID,1,35.94
10698,treatment,24.49,mobile,SG,0,0.0
10699,treatment,4.51,mobile,ID,0,0.0
10700,treatment,24.1,mobile,ID,1,14.97
10701,treatment,10.43,desktop,MY,0,0.0
10702,control,23.12,mobile,MY,0,0.0
10703,treatment,13.58,mobile,ID,0,0.0
10704,control,2.45,mobile,ID,0,0.0
10705,treatment,42.84,mobile,ID,0,0.0
10706,treatment,19.85,mobile,MY,0,0.0
10707,treatment,30.92,desktop,PH,0,0.0
10708,treatment,28.8,desktop,MY,0,0.0
10709,control,21.47,desktop,ID,0,0.0
10710,treatment,42.89,mobile,PH,0,0.0
10711,treatment,15.99,desktop,PH,0,0.0
10712,treatment,12.84,mobile,SG,0,0.0
10713,control,16.88,mobile,MY,0,0.0
10714,treatment,42.48,mobile,ID,0,0.0
10715,control,26.38,mobile,MY,0,0.0
10716,treatment,43.16,mobile,SG,0,0.0
10717,treatment,57.19,mobile,SG,1,10.72
10718,treatment,10.24,mobile,SG,0,0.0
10719,treatment,14.94,mobile,SG,0,0.0
10720,treatment,10.28,mobile,MY,0,0.0
10721,treatment,26.78,desktop,ID,0,0.0
10722,treatment,106.79,mobile,MY,0,0.0
10723,control,26.69,mobile,MY,0,0.0
10724,treatment,20.55,mobile,SG,0,0.0
10725,control,26.08,mobile,MY,0,0.0
10726,treatment,41.47,desktop,SG,0,0.0
10727,treatment,11.88,desktop,SG,0,0.0
10728,control,31.26,mobile,ID,0,0.0
10729,treatment,20.97,mobile,ID,0,0.0
10730,treatment,38.3,mobile,MY,0,0.0
10731,treatment,16.25,desktop,MY,0,0.0
10732,control,55.94,desktop,MY,0,0.0
10733,treatment,39.4,desktop,MY,0,0.0
10734,treatment,26.06,mobile,ID,0,0.0
10735,treatment,6.06,desktop,MY,0,0.0
10736,treatment,84.18,mobile,PH,1,52.21
10737,control,20.08,mobile,SG,0,0.0
10738,treatment,25.92,mobile,VN,0,0.0
10739,control,27.11,mobile,ID,0,0.0
10740,treatment,6.41,desktop,SG,0,0.0
10741,treatment,44.01,desktop,MY,1,49.57
10742,treatment,23.54,mobile,VN,0,0.0
10743,treatment,50.54,mobile,PH,0,0.0
10744,treatment,26.65,mobile,SG,0,0.0
10745,treatment,17.58,desktop,MY,0,0.0
10746,treatment,19.33,mobile,MY,0,0.0
10747,control,28.71,mobile,ID,0,0.0
10748,treatment,9.38,desktop,ID,0,0.0
10749,control,5.82,mobile,ID,0,0.0
10750,treatment,19.57,mobile,SG,0,0.0
10751,treatment,32.08,mobile,ID,0,0.0
10752,treatment,25.84,desktop,ID,1,59.91
10753,treatment,54.44,mobile,VN,1,63.61
10754,treatment,46.76,desktop,SG,0,0.0
10755,control,55.98,desktop,VN,0,0.0
10756,control,27.32,mobile,SG,0,0.0
10757,treatment,30.49,desktop,MY,1,28.49
10758,treatment,39.01,desktop,SG,0,0.0
10759,treatment,34.79,desktop,SG,0,0.0
10760,treatment,26.5,desktop,ID,1,15.75
10761,treatment,48.36,desktop,MY,1,13.15
10762,treatment,44.21,mobile,SG,0,0.0
10763,control,14.04,mobile,ID,0,0.0
10764,control,49.22,mobile,SG,0,0.0
10765,control,15.83,mobile,PH,0,0.0
10766,control,20.41,mobile,SG,0,0.0
10767,control,50.62,mobile,VN,0,0.0
10768,treatment,24.81,mobile,MY,0,0.0
10769,treatment,25.5,mobile,VN,0,0.0
10770,treatment,49.28,mobile,SG,0,0.0
10771,treatment,13.91,desktop,ID,0,0.0
10772,control,15.27,mobile,SG,1,6.34
10773,control,12.96,desktop,MY,0,0.0
10774,control,29.48,mobile,SG,0,0.0
10775,treatment,17.46,desktop,MY,0,0.0
10776,control,11.92,desktop,MY,0,0.0
10777,control,31.28,mobile,SG,0,0.0
10778,treatment,33.02,mobile,SG,0,0.0
10779,treatment,29.35,desktop,SG,1,18.58
10780,treatment,61.31,mobile,ID,0,0.0
10781,treatment,53.23,mobile,ID,1,48.11
10782,control,67.04,mobile,ID,0,0.0
10783,control,28.1,desktop,PH,0,0.0
10784,control,31.3,mobile,MY,0,0.0
10785,control,4.29,mobile,MY,0,0.0
10786,control,25.98,mobile,MY,0,0.0
10787,treatment,75.69,mobile,SG,0,0.0
10788,treatment,11.53,desktop,ID,0,0.0
10789,control,53.85,mobile,ID,0,0.0
10790,control,26.22,mobile,VN,0,0.0
10791,treatment,95.83,mobile,SG,0,0.0
10792,treatment,37.08,desktop,PH,0,0.0
10793,control,11.89,mobile,MY,0,0.0
10794,treatment,63.07,desktop,VN,0,0.0
10795,control,27.9,desktop,ID,0,0.0
10796,control,48.08,desktop,PH,0,0.0
10797,control,11.98,mobile,ID,0,0.0
10798,treatment,16.2,desktop,VN,0,0.0
10799,control,7.7,mobile,VN,0,0.0
10800,treatment,14.66,mobile,MY,1,11.12
10801,control,45.32,mobile,SG,0,0.0
10802,treatment,43.65,mobile,PH,0,0.0
10803,treatment,18.14,mobile,SG,0,0.0
10804,control,29.93,mobile,PH,0,0.0
10805,treatment,12.15,desktop,SG,0,0.0
10806,control,44.38,mobile,MY,1,26.55
10807,control,9.22,desktop,VN,0,0.0
10808,treatment,13.77,desktop,VN,0,0.0
10809,treatment,11.08,mobile,ID,0,0.0
10810,control,64.13,mobile,VN,0,0.0
10811,control,9.07,mobile,VN,0,0.0
10812,treatment,38.56,mobile,VN,0,0.0
10813,treatment,24.0,mobile,MY,0,0.0
10814,treatment,30.93,mobile,ID,0,0.0
10815,control,5.64,desktop,ID,0,0.0
10816,treatment,19.93,desktop,SG,1,16.9
10817,treatment,29.4,mobile,MY,1,22.09
10818,treatment,48.81,mobile,SG,0,0.0
10819,treatment,15.67,desktop,MY,0,0.0
10820,treatment,19.38,mobile,VN,0,0.0
10821,treatment,91.97,mobile,PH,0,0.0
10822,control,14.78,mobile,VN,0,0.0
10823,control,24.08,mobile,ID,0,0.0
10824,treatment,22.45,mobile,ID,0,0.0
10825,treatment,28.07,desktop,ID,0,0.0
10826,treatment,32.71,desktop,VN,0,0.0
10827,treatment,32.23,mobile,SG,0,0.0
10828,control,21.41,desktop,VN,1,10.95
10829,treatment,23.88,desktop,MY,0,0.0
10830,control,20.35,desktop,PH,0,0.0
10831,control,11.85,mobile,PH,0,0.0
10832,control,15.54,mobile,VN,0,0.0
10833,treatment,42.98,mobile,MY,0,0.0
10834,treatment,27.67,desktop,PH,0,0.0
10835,treatment,7.16,mobile,VN,0,0.0
10836,treatment,22.25,desktop,MY,0,0.0
10837,treatment,60.16,mobile,MY,0,0.0
10838,control,27.51,desktop,SG,0,0.0
10839,treatment,79.07,desktop,ID,0,0.0
10840,treatment,48.74,mobile,MY,1,35.45
10841,control,23.15,mobile,SG,0,0.0
10842,control,14.25,mobile,SG,0,0.0
10843,treatment,12.62,mobile,ID,0,0.0
10844,control,33.41,desktop,VN,0,0.0
10845,treatment,3.73,mobile,PH,0,0.0
10846,treatment,39.19,mobile,ID,0,0.0
10847,treatment,44.78,mobile,ID,0,0.0
10848,control,35.15,mobile,SG,1,70.34
10849,treatment,21.23,desktop,ID,0,0.0
10850,control,10.81,mobile,ID,0,0.0
10851,control,10.11,mobile,SG,0,0.0
10852,control,7.13,desktop,SG,0,0.0
10853,control,15.95,mobile,ID,1,21.94
10854,control,42.7,mobile,ID,0,0.0
10855,control,31.69,desktop,VN,0,0.0
10856,control,32.25,mobile,SG,0,0.0
10857,treatment,2.54,mobile,VN,1,41.77
10858,treatment,48.46,desktop,PH,0,0.0
10859,treatment,45.29,mobile,MY,0,0.0
10860,treatment,27.17,desktop,MY,0,0.0
10861,treatment,48.2,mobile,VN,0,0.0
10862,treatment,83.35,desktop,MY,0,0.0
10863,control,15.45,desktop,PH,0,0.0
10864,control,43.82,mobile,PH,1,24.59
10865,control,19.06,mobile,MY,0,0.0
10866,control,14.13,mobile,PH,0,0.0
10867,control,31.39,mobile,PH,0,0.0
10868,treatment,45.41,mobile,ID,0,0.0
10869,treatment,54.31,mobile,PH,0,0.0
10870,treatment,22.67,mobile,SG,0,0.0
10871,treatment,52.82,mobile,MY,0,0.0
10872,treatment,8.27,mobile,SG,0,0.0
10873,control,5.46,mobile,ID,0,0.0
10874,control,30.84,mobile,PH,0,0.0
10875,control,24.46,mobile,SG,0,0.0
10876,control,50.41,mobile,SG,0,0.0
10877,treatment,22.43,mobile,SG,0,0.0
10878,treatment,63.09,mobile,MY,0,0.0
10879,treatment,57.98,mobile,ID,0,0.0
10880,control,24.14,mobile,MY,0,0.0
10881,treatment,24.57,mobile,ID,0,0.0
10882,control,17.59,mobile,SG,0,0.0
10883,treatment,6.39,mobile,SG,0,0.0
10884,treatment,9.81,mobile,MY,0,0.0
10885,treatment,13.29,mobile,VN,0,0.0
10886,treatment,26.3,mobile,ID,0,0.0
10887,control,8.56,mobile,PH,0,0.0
10888,control,25.32,desktop,SG,0,0.0
10889,treatment,67.7,mobile,ID,0,0.0
10890,treatment,34.29,desktop,MY,0,0.0
10891,treatment,25.13,mobile,MY,1,31.01
10892,treatment,42.51,mobile,PH,0,0.0
10893,control,24.48,mobile,SG,1,12.18
10894,control,30.43,mobile,SG,0,0.0
10895,control,52.2,mobile,MY,0,0.0
10896,control,11.33,desktop,MY,0,0.0
10897,treatment,21.42,desktop,PH,0,0.0
10898,control,42.58,desktop,SG,0,0.0
10899,treatment,13.19,mobile,ID,0,0.0
10900,treatment,23.9,mobile,ID,0,0.0
10901,control,15.42,desktop,ID,0,0.0
10902,treatment,35.67,mobile,SG,0,0.0
10903,control,22.0,desktop,MY,0,0.0
10904,treatment,9.47,mobile,ID,0,0.0
10905,control,14.97,desktop,ID,0,0.0
10906,control,35.31,mobile,PH,0,0.0
10907,treatment,31.88,mobile,VN,0,0.0
10908,treatment,5.82,desktop,SG,0,0.0
10909,treatment,49.37,mobile,PH,0,0.0
10910,treatment,57.94,mobile,SG,0,0.0
10911,treatment,27.2,desktop,ID,0,0.0
10912,treatment,8.98,mobile,ID,0,0.0
10913,treatment,16.24,desktop,PH,0,0.0
10914,treatment,54.4,desktop,ID,0,0.0
10915,control,14.93,mobile,ID,0,0.0
10916,treatment,27.7,desktop,SG,0,0.0
10917,control,50.27,desktop,SG,0,0.0
10918,treatment,35.67,desktop,SG,0,0.0
10919,treatment,28.92,desktop,ID,0,0.0
10920,control,23.55,mobile,ID,0,0.0
10921,control,31.39,mobile,MY,0,0.0
10922,treatment,23.09,desktop,PH,0,0.0
10923,treatment,1.2,desktop,SG,1,17.82
10924,treatment,86.83,mobile,ID,0,0.0
10925,treatment,14.99,desktop,SG,0,0.0
10926,treatment,7.66,mobile,ID,1,7.31
10927,treatment,29.22,desktop,SG,0,0.0
10928,treatment,23.28,mobile,PH,1,17.8
10929,control,15.51,mobile,PH,0,0.0
10930,treatment,11.92,desktop,ID,0,0.0
10931,treatment,13.99,desktop,SG,0,0.0
10932,control,18.4,mobile,ID,0,0.0
10933,treatment,31.08,desktop,PH,0,0.0
10934,treatment,3.72,mobile,PH,0,0.0
10935,treatment,76.03,mobile,SG,0,0.0
10936,control,31.22,mobile,MY,0,0.0
10937,treatment,26.87,mobile,SG,1,44.35
10938,treatment,36.51,mobile,ID,0,0.0
10939,control,78.88,desktop,MY,0,0.0
10940,treatment,63.64,mobile,SG,0,0.0
10941,control,41.89,desktop,SG,0,0.0
10942,treatment,88.7,mobile,PH,0,0.0
10943,treatment,5.2,mobile,VN,0,0.0
10944,treatment,13.88,desktop,SG,1,25.34
10945,control,15.46,mobile,MY,0,0.0
10946,control,41.32,desktop,SG,1,16.16
10947,treatment,39.35,mobile,MY,1,9.76
10948,treatment,18.32,mobile,ID,0,0.0
10949,control,54.06,mobile,SG,0,0.0
10950,treatment,27.96,mobile,ID,0,0.0
10951,treatment,11.38,desktop,PH,0,0.0
10952,treatment,24.95,desktop,PH,0,0.0
10953,control,7.46,mobile,SG,0,0.0
10954,control,53.75,mobile,ID,0,0.0
10955,treatment,38.56,mobile,ID,0,0.0
10956,control,15.48,mobile,VN,0,0.0
10957,control,31.7,mobile,SG,0,0.0
10958,treatment,34.44,desktop,SG,1,50.44
10959,control,28.95,mobile,ID,0,0.0
10960,treatment,53.16,mobile,ID,0,0.0
10961,treatment,58.23,desktop,VN,0,0.0
10962,treatment,7.69,mobile,MY,0,0.0
10963,treatment,20.93,desktop,PH,0,0.0
10964,control,40.11,mobile,ID,0,0.0
10965,control,8.44,desktop,MY,0,0.0
10966,treatment,40.73,mobile,PH,1,14.67
10967,treatment,1.31,desktop,ID,0,0.0
10968,treatment,22.47,mobile,MY,0,0.0
10969,treatment,28.97,desktop,VN,0,0.0
10970,treatment,66.66,mobile,ID,0,0.0
10971,control,32.4,desktop,PH,0,0.0
10972,treatment,55.51,mobile,ID,0,0.0
10973,treatment,33.0,mobile,VN,1,36.93
10974,treatment,11.01,mobile,MY,0,0.0
10975,control,51.11,mobile,MY,0,0.0
10976,control,41.97,desktop,ID,1,35.63
10977,control,21.76,desktop,SG,0,0.0
10978,treatment,14.95,desktop,SG,0,0.0
10979,treatment,15.54,mobile,MY,1,28.21
10980,control,54.77,mobile,ID,0,0.0
10981,treatment,72.49,mobile,VN,0,0.0
10982,treatment,69.19,mobile,SG,0,0.0
10983,treatment,42.48,mobile,SG,0,0.0
10984,treatment,25.27,desktop,SG,1,23.36
10985,treatment,79.64,desktop,ID,0,0.0
10986,treatment,30.98,mobile,ID,0,0.0
10987,treatment,21.36,desktop,SG,0,0.0
10988,treatment,8.32,mobile,PH,1,36.3
10989,control,9.57,desktop,SG,0,0.0
10990,treatment,45.5,mobile,VN,0,0.0
10991,control,20.26,mobile,PH,1,3.84
10992,treatment,5.49,desktop,VN,0,0.0
10993,treatment,65.13,desktop,MY,0,0.0
10994,treatment,23.89,desktop,PH,0,0.0
10995,treatment,9.47,mobile,ID,0,0.0
10996,treatment,40.69,mobile,ID,0,0.0
10997,treatment,8.42,desktop,SG,0,0.0
10998,treatment,12.08,desktop,ID,0,0.0
10999,treatment,10.45,mobile,SG,0,0.0
11000,control,13.19,mobile,MY,0,0.0
11001,control,9.49,desktop,ID,0,0.0
11002,treatment,9.62,desktop,MY,0,0.0
11003,treatment,39.75,desktop,SG,1,26.93
11004,control,25.26,desktop,SG,0,0.0
11005,control,19.03,mobile,MY,0,0.0
11006,treatment,8.55,desktop,ID,0,0.0
11007,treatment,40.7,mobile,ID,0,0.0
11008,control,68.9,mobile,SG,0,0.0
11009,control,28.82,mobile,MY,0,0.0
11010,control,24.31,mobile,SG,0,0.0
11011,treatment,15.73,desktop,SG,0,0.0
11012,control,40.43,mobile,SG,0,0.0
11013,control,39.52,mobile,PH,0,0.0
11014,control,35.02,mobile,SG,0,0.0
11015,control,46.9,desktop,PH,0,0.0
11016,control,17.12,mobile,SG,0,0.0
11017,treatment,14.19,mobile,ID,0,0.0
11018,treatment,58.09,mobile,PH,0,0.0
11019,treatment,40.29,desktop,VN,0,0.0
11020,treatment,42.25,desktop,SG,0,0.0
11021,control,10.5,mobile,SG,0,0.0
11022,treatment,48.89,desktop,SG,1,66.7
11023,treatment,56.52,desktop,MY,0,0.0
11024,control,25.84,mobile,ID,0,0.0
11025,treatment,15.04,desktop,ID,0,0.0
11026,treatment,33.02,mobile,SG,0,0.0
11027,treatment,13.53,mobile,PH,0,0.0
11028,control,14.89,mobile,MY,0,0.0
11029,control,48.27,mobile,PH,0,0.0
11030,treatment,19.87,mobile,ID,0,0.0
11031,control,4.34,desktop,MY,1,26.4
11032,treatment,27.86,desktop,MY,0,0.0
11033,control,29.35,mobile,PH,0,0.0
11034,treatment,16.14,mobile,ID,0,0.0
11035,control,11.4,desktop,PH,0,0.0
11036,treatment,20.7,mobile,SG,0,0.0
11037,control,13.18,mobile,ID,0,0.0
11038,treatment,38.53,desktop,SG,0,0.0
11039,treatment,68.9,mobile,SG,0,0.0
11040,treatment,23.79,desktop,MY,0,0.0
11041,treatment,48.16,mobile,ID,0,0.0
11042,control,19.96,mobile,PH,0,0.0
11043,control,58.48,mobile,MY,0,0.0
11044,treatment,22.78,mobile,ID,0,0.0
11045,control,14.07,mobile,VN,0,0.0
11046,treatment,6.53,mobile,VN,0,0.0
11047,treatment,29.45,mobile,ID,0,0.0
11048,control,43.18,desktop,SG,0,0.0
11049,treatment,61.04,mobile,VN,0,0.0
11050,treatment,49.34,desktop,SG,1,39.6
11051,treatment,30.36,desktop,VN,0,0.0
11052,treatment,71.56,desktop,MY,0,0.0
11053,control,15.06,mobile,SG,0,0.0
11054,treatment,43.55,mobile,PH,0,0.0
11055,control,20.6,mobile,SG,0,0.0
11056,treatment,20.38,desktop,SG,0,0.0
11057,control,55.13,mobile,PH,0,0.0
11058,treatment,63.33,mobile,VN,0,0.0
11059,control,14.04,mobile,PH,0,0.0
11060,control,66.21,mobile,PH,0,0.0
11061,control,62.01,mobile,SG,0,0.0
11062,control,17.05,desktop,SG,0,0.0
11063,treatment,30.37,desktop,ID,0,0.0
11064,control,7.57,mobile,VN,1,15.28
11065,treatment,2.0,mobile,PH,0,0.0
11066,treatment,34.02,desktop,VN,0,0.0
11067,treatment,24.17,mobile,ID,0,0.0
11068,control,19.2,mobile,ID,0,0.0
11069,treatment,35.0,desktop,MY,0,0.0
11070,treatment,13.47,desktop,SG,0,0.0
11071,treatment,31.85,mobile,ID,1,15.79
11072,treatment,59.82,desktop,ID,0,0.0
11073,treatment,83.24,mobile,VN,0,0.0
11074,control,23.29,mobile,VN,0,0.0
11075,treatment,12.55,mobile,ID,0,0.0
11076,treatment,20.4,mobile,VN,0,0.0
11077,treatment,28.92,mobile,VN,0,0.0
11078,control,34.33,mobile,ID,0,0.0
11079,control,8.2,desktop,MY,0,0.0
11080,control,63.33,mobile,SG,0,0.0
11081,treatment,70.0,desktop,ID,0,0.0
11082,control,31.23,mobile,SG,0,0.0
11083,treatment,19.21,mobile,MY,0,0.0
11084,treatment,27.14,desktop,MY,0,0.0
11085,control,66.7,mobile,MY,0,0.0
11086,treatment,47.03,mobile,VN,0,0.0
11087,control,39.6,mobile,VN,0,0.0
11088,treatment,5.83,mobile,ID,0,0.0
11089,control,15.34,desktop,ID,0,0.0
11090,treatment,19.53,mobile,SG,0,0.0
11091,treatment,7.3,mobile,MY,0,0.0
11092,treatment,21.24,desktop,SG,0,0.0
11093,control,40.96,mobile,VN,1,44.4
11094,control,35.0,desktop,ID,0,0.0
11095,control,16.75,mobile,ID,0,0.0
11096,control,24.21,desktop,ID,0,0.0
11097,treatment,11.0,desktop,SG,0,0.0
11098,treatment,40.06,desktop,SG,0,0.0
11099,control,4.08,mobile,MY,0,0.0
11100,treatment,6.65,desktop,SG,0,0.0
11101,treatment,3.33,desktop,ID,0,0.0
11102,control,11.05,mobile,PH,0,0.0
11103,treatment,53.18,desktop,ID,0,0.0
11104,control,26.75,mobile,PH,0,0.0
11105,control,24.34,mobile,PH,0,0.0
11106,treatment,33.72,mobile,ID,1,26.22
11107,control,16.48,mobile,SG,0,0.0
11108,treatment,11.66,desktop,ID,0,0.0
11109,treatment,50.63,mobile,MY,1,51.88
11110,control,7.52,desktop,VN,0,0.0
11111,control,13.44,mobile,SG,0,0.0
11112,treatment,63.44,mobile,ID,0,0.0
11113,treatment,46.37,mobile,VN,0,0.0
11114,treatment,29.48,desktop,ID,0,0.0
11115,treatment,4.54,mobile,SG,1,26.26
11116,treatment,52.38,mobile,PH,0,0.0
11117,control,24.46,mobile,ID,0,0.0
11118,treatment,31.72,mobile,VN,0,0.0
11119,control,17.62,mobile,ID,0,0.0
11120,treatment,35.79,mobile,ID,0,0.0
11121,treatment,12.68,mobile,SG,0,0.0
11122,treatment,41.92,mobile,MY,1,22.7
11123,treatment,110.0,mobile,SG,0,0.0
11124,treatment,21.3,mobile,SG,1,26.03
11125,treatment,5.08,mobile,VN,0,0.0
11126,control,19.12,mobile,ID,0,0.0
11127,treatment,14.16,desktop,MY,0,0.0
11128,control,40.17,desktop,SG,0,0.0
11129,treatment,23.47,desktop,SG,0,0.0
11130,treatment,35.61,desktop,MY,1,8.92
11131,control,21.62,desktop,MY,0,0.0
11132,control,16.73,desktop,VN,0,0.0
11133,control,26.68,desktop,ID,1,1.45
11134,treatment,43.59,desktop,PH,0,0.0
11135,control,3.84,mobile,MY,0,0.0
11136,treatment,64.06,desktop,SG,1,15.86
11137,control,13.65,mobile,ID,1,13.81
11138,control,3.86,mobile,MY,0,0.0
11139,treatment,66.89,desktop,SG,0,0.0
11140,control,95.08,desktop,SG,0,0.0
11141,control,55.29,desktop,SG,0,0.0
11142,treatment,31.87,desktop,ID,0,0.0
11143,control,43.57,mobile,PH,0,0.0
11144,control,26.37,desktop,SG,0,0.0
11145,control,23.19,mobile,SG,0,0.0
11146,control,12.32,mobile,MY,0,0.0
11147,control,41.87,mobile,MY,0,0.0
11148,treatment,24.96,mobile,MY,0,0.0
11149,treatment,10.76,mobile,ID,0,0.0
11150,control,12.59,desktop,ID,0,0.0
11151,control,34.77,mobile,ID,0,0.0
11152,control,10.52,mobile,MY,0,0.0
11153,treatment,75.15,mobile,VN,0,0.0
11154,control,95.07,desktop,ID,0,0.0
11155,control,35.31,desktop,VN,0,0.0
11156,treatment,100.73,mobile,SG,0,0.0
11157,treatment,35.17,mobile,ID,0,0.0
11158,treatment,14.34,desktop,SG,0,0.0
11159,treatment,1.76,desktop,ID,0,0.0
11160,control,10.5,mobile,ID,0,0.0
11161,treatment,63.6,mobile,MY,0,0.0
11162,control,10.35,mobile,SG,0,0.0
11163,treatment,21.29,mobile,ID,0,0.0
11164,treatment,44.32,desktop,ID,0,0.0
11165,control,21.26,desktop,PH,0,0.0
11166,control,31.58,mobile,ID,0,0.0
11167,treatment,46.32,mobile,MY,0,0.0
11168,control,25.72,mobile,ID,0,0.0
11169,treatment,31.29,mobile,ID,0,0.0
11170,treatment,19.56,desktop,ID,0,0.0
11171,control,8.03,mobile,MY,0,0.0
11172,treatment,35.78,mobile,VN,0,0.0
11173,treatment,32.63,mobile,MY,0,0.0
11174,treatment,16.64,mobile,MY,1,49.67
11175,treatment,26.26,mobile,MY,0,0.0
11176,treatment,20.1,mobile,SG,0,0.0
11177,treatment,42.4,mobile,ID,0,0.0
11178,treatment,90.46,mobile,SG,0,0.0
11179,treatment,47.66,mobile,ID,0,0.0
11180,treatment,25.59,desktop,ID,0,0.0
11181,treatment,122.88,mobile,MY,1,16.36
11182,treatment,9.91,mobile,SG,0,0.0
11183,treatment,28.24,desktop,ID,0,0.0
11184,treatment,8.58,desktop,SG,0,0.0
11185,control,20.67,mobile,PH,0,0.0
11186,treatment,56.49,mobile,MY,0,0.0
11187,treatment,55.09,mobile,ID,0,0.0
11188,treatment,28.71,mobile,MY,0,0.0
11189,treatment,12.08,mobile,SG,0,0.0
11190,treatment,36.7,mobile,ID,1,40.91
11191,treatment,9.91,mobile,VN,0,0.0
11192,treatment,23.71,desktop,MY,0,0.0
11193,treatment,16.45,mobile,SG,0,0.0
11194,control,59.11,desktop,MY,0,0.0
11195,control,52.23,mobile,VN,0,0.0
11196,treatment,21.64,desktop,ID,0,0.0
11197,control,10.89,mobile,SG,0,0.0
11198,treatment,7.19,desktop,MY,0,0.0
11199,control,2.33,mobile,PH,0,0.0
11200,treatment,26.59,mobile,ID,0,0.0
11201,treatment,90.45,mobile,SG,0,0.0
11202,control,25.94,mobile,MY,0,0.0
11203,treatment,17.61,mobile,PH,0,0.0
11204,control,26.4,mobile,SG,0,0.0
11205,treatment,36.85,desktop,PH,0,0.0
11206,treatment,14.35,desktop,ID,0,0.0
11207,control,10.04,mobile,ID,0,0.0
11208,treatment,0.66,mobile,SG,0,0.0
11209,treatment,26.54,mobile,SG,0,0.0
11210,treatment,18.31,mobile,MY,0,0.0
11211,treatment,14.67,desktop,SG,0,0.0
11212,treatment,30.0,mobile,ID,0,0.0
11213,treatment,17.66,mobile,ID,0,0.0
11214,treatment,33.0,desktop,SG,0,0.0
11215,control,50.9,mobile,MY,0,0.0
11216,treatment,33.56,desktop,MY,0,0.0
11217,control,29.9,mobile,VN,0,0.0
11218,treatment,59.26,desktop,PH,0,0.0
11219,treatment,32.25,desktop,SG,0,0.0
11220,control,17.65,mobile,PH,0,0.0
11221,control,37.32,mobile,SG,0,0.0
11222,treatment,12.1,mobile,ID,0,0.0
11223,control,10.05,mobile,ID,0,0.0
11224,treatment,5.45,mobile,SG,0,0.0
11225,treatment,27.52,desktop,MY,0,0.0
11226,treatment,9.89,desktop,MY,0,0.0
11227,control,19.23,mobile,SG,1,12.12
11228,control,20.79,desktop,SG,0,0.0
11229,treatment,17.51,desktop,ID,0,0.0
11230,treatment,42.15,desktop,PH,0,0.0
11231,control,42.24,mobile,ID,0,0.0
11232,control,15.76,desktop,PH,0,0.0
11233,treatment,53.41,mobile,MY,0,0.0
11234,treatment,3.74,mobile,MY,0,0.0
11235,treatment,49.69,mobile,MY,0,0.0
11236,control,22.53,mobile,MY,0,0.0
11237,treatment,41.66,mobile,PH,0,0.0
11238,treatment,66.18,desktop,MY,0,0.0
11239,control,47.93,mobile,SG,0,0.0
11240,treatment,1.82,mobile,MY,0,0.0
11241,control,40.9,desktop,ID,0,0.0
11242,treatment,3.62,desktop,SG,0,0.0
11243,treatment,28.11,mobile,SG,0,0.0
11244,treatment,29.65,desktop,VN,0,0.0
11245,treatment,49.34,mobile,PH,0,0.0
11246,control,7.71,mobile,SG,0,0.0
11247,control,27.03,mobile,SG,0,0.0
11248,control,27.79,mobile,MY,0,0.0
11249,treatment,24.02,desktop,ID,0,0.0
11250,control,2.89,desktop,SG,0,0.0
11251,treatment,8.38,desktop,PH,0,0.0
11252,treatment,14.68,mobile,PH,0,0.0
11253,treatment,48.96,mobile,SG,0,0.0
11254,treatment,13.67,mobile,SG,0,0.0
11255,treatment,14.74,mobile,ID,0,0.0
11256,treatment,2.46,mobile,SG,0,0.0
11257,treatment,39.49,desktop,MY,0,0.0
11258,treatment,26.22,mobile,MY,0,0.0
11259,treatment,17.94,desktop,SG,1,9.7
11260,treatment,26.54,desktop,ID,0,0.0
11261,control,6.78,mobile,ID,0,0.0
11262,control,52.68,mobile,ID,1,21.7
11263,control,20.38,mobile,MY,0,0.0
11264,treatment,72.0,desktop,ID,0,0.0
11265,control,49.96,mobile,SG,0,0.0
11266,treatment,45.98,mobile,SG,0,0.0
11267,control,1.64,mobile,MY,0,0.0
11268,control,22.61,mobile,ID,0,0.0
11269,control,31.29,mobile,MY,0,0.0
11270,treatment,34.19,mobile,MY,0,0.0
11271,control,12.35,desktop,MY,0,0.0
11272,treatment,26.27,desktop,MY,0,0.0
11273,control,9.53,desktop,SG,0,0.0
11274,control,15.2,mobile,VN,0,0.0
11275,treatment,43.36,desktop,MY,1,25.11
11276,treatment,3.28,desktop,MY,1,27.93
11277,treatment,39.14,desktop,MY,0,0.0
11278,control,32.07,desktop,ID,0,0.0
11279,control,13.86,mobile,ID,0,0.0
11280,treatment,150.81,desktop,SG,0,0.0
11281,treatment,6.57,mobile,SG,1,31.88
11282,treatment,33.75,mobile,SG,0,0.0
11283,control,18.95,mobile,SG,0,0.0
11284,treatment,71.35,desktop,MY,0,0.0
11285,control,17.94,mobile,ID,0,0.0
11286,treatment,16.29,mobile,MY,0,0.0
11287,treatment,44.39,desktop,MY,0,0.0
11288,control,20.89,desktop,VN,0,0.0
11289,treatment,12.18,desktop,SG,0,0.0
11290,treatment,78.5,desktop,VN,0,0.0
11291,control,64.34,mobile,SG,0,0.0
11292,treatment,30.51,mobile,PH,0,0.0
11293,treatment,33.03,mobile,ID,0,0.0
11294,treatment,37.46,mobile,ID,0,0.0
11295,treatment,17.29,mobile,SG,0,0.0
11296,control,34.5,desktop,PH,0,0.0
11297,control,23.83,mobile,ID,0,0.0
11298,treatment,23.35,mobile,ID,0,0.0
11299,treatment,26.04,mobile,PH,0,0.0
11300,treatment,20.86,mobile,ID,0,0.0
11301,treatment,52.85,mobile,SG,0,0.0
11302,control,39.68,desktop,SG,0,0.0
11303,control,43.1,mobile,MY,0,0.0
11304,treatment,18.69,mobile,SG,0,0.0
11305,treatment,10.51,desktop,SG,0,0.0
11306,treatment,85.48,mobile,ID,0,0.0
11307,treatment,21.75,desktop,ID,0,0.0
11308,treatment,20.83,mobile,ID,1,8.08
11309,treatment,32.16,desktop,PH,0,0.0
11310,treatment,48.07,mobile,SG,1,23.42
11311,treatment,18.31,desktop,SG,0,0.0
11312,treatment,35.69,mobile,SG,0,0.0
11313,control,17.86,desktop,ID,0,0.0
11314,treatment,14.03,mobile,PH,0,0.0
11315,control,44.61,mobile,ID,1,29.4
11316,treatment,68.53,mobile,SG,0,0.0
11317,control,6.7,mobile,PH,0,0.0
11318,control,5.2,desktop,PH,0,0.0
11319,treatment,20.5,desktop,SG,0,0.0
11320,treatment,25.05,mobile,MY,0,0.0
11321,treatment,23.99,desktop,SG,1,28.68
11322,control,3.58,mobile,ID,0,0.0
11323,control,50.09,desktop,VN,0,0.0
11324,treatment,9.69,mobile,ID,1,16.49
11325,treatment,25.92,mobile,VN,1,34.29
11326,treatment,15.07,mobile,VN,0,0.0
11327,control,31.21,mobile,ID,0,0.0
11328,treatment,23.85,mobile,MY,1,30.36
11329,treatment,30.93,desktop,VN,0,0.0
11330,control,32.28,desktop,SG,0,0.0
11331,control,19.29,mobile,SG,0,0.0
11332,treatment,10.4,desktop,SG,0,0.0
11333,treatment,5.44,desktop,MY,0,0.0
11334,treatment,7.34,mobile,PH,1,23.41
11335,control,20.5,desktop,PH,0,0.0
11336,treatment,34.76,mobile,SG,0,0.0
11337,control,28.29,mobile,SG,0,0.0
11338,control,31.85,mobile,ID,1,37.06
11339,control,19.29,mobile,MY,0,0.0
11340,control,13.19,mobile,SG,0,0.0
11341,treatment,59.68,mobile,SG,0,0.0
11342,treatment,73.45,desktop,VN,0,0.0
11343,treatment,38.56,desktop,SG,0,0.0
11344,control,21.25,mobile,SG,1,8.12
11345,treatment,73.86,desktop,MY,0,0.0
11346,control,23.95,desktop,VN,0,0.0
11347,treatment,53.05,desktop,MY,1,34.62
11348,control,3.21,mobile,SG,0,0.0
11349,treatment,3.79,desktop,PH,0,0.0
11350,treatment,48.24,mobile,MY,0,0.0
11351,control,13.66,desktop,SG,0,0.0
11352,control,41.06,mobile,SG,0,0.0
11353,control,16.37,mobile,ID,0,0.0
11354,control,4.82,desktop,ID,0,0.0
11355,control,28.49,mobile,ID,0,0.0
11356,treatment,23.97,desktop,SG,0,0.0
11357,treatment,16.3,desktop,VN,0,0.0
11358,treatment,14.79,desktop,MY,0,0.0
11359,treatment,33.8,desktop,ID,0,0.0
11360,treatment,25.0,mobile,PH,0,0.0
11361,control,15.04,desktop,MY,0,0.0
11362,treatment,38.75,desktop,SG,0,0.0
11363,treatment,16.46,mobile,MY,1,21.78
11364,treatment,22.16,desktop,SG,1,19.45
11365,control,12.42,mobile,ID,0,0.0
11366,treatment,24.61,mobile,SG,0,0.0
11367,control,123.11,mobile,ID,1,30.18
11368,treatment,39.4,desktop,SG,1,42.9
11369,treatment,125.59,desktop,SG,0,0.0
11370,treatment,18.29,mobile,VN,0,0.0
11371,treatment,54.89,mobile,MY,0,0.0
11372,treatment,9.98,mobile,PH,0,0.0
11373,control,39.3,mobile,MY,0,0.0
11374,control,19.91,desktop,ID,0,0.0
11375,treatment,27.5,desktop,PH,0,0.0
11376,treatment,27.01,mobile,MY,0,0.0
11377,treatment,34.79,mobile,ID,0,0.0
11378,control,9.33,mobile,MY,0,0.0
11379,treatment,41.68,mobile,SG,0,0.0
11380,treatment,9.32,desktop,ID,0,0.0
11381,treatment,31.45,mobile,PH,0,0.0
11382,control,10.9,mobile,ID,0,0.0
11383,control,35.46,mobile,ID,0,0.0
11384,treatment,23.27,mobile,PH,0,0.0
11385,treatment,18.65,mobile,MY,0,0.0
11386,control,47.8,mobile,VN,0,0.0
11387,control,56.52,mobile,ID,0,0.0
11388,treatment,34.31,desktop,ID,0,0.0
11389,treatment,16.11,desktop,ID,1,7.83
11390,control,28.65,mobile,ID,0,0.0
11391,treatment,10.41,desktop,SG,0,0.0
11392,treatment,15.91,mobile,MY,0,0.0
11393,treatment,22.74,desktop,ID,0,0.0
11394,treatment,20.59,desktop,SG,0,0.0
11395,treatment,8.59,mobile,MY,0,0.0
11396,treatment,53.36,mobile,ID,1,30.45
11397,treatment,28.71,mobile,PH,0,0.0
11398,treatment,38.53,mobile,SG,0,0.0
11399,control,14.1,mobile,MY,0,0.0
11400,treatment,33.13,mobile,SG,1,37.77
11401,treatment,2.66,mobile,SG,0,0.0
11402,treatment,28.02,mobile,ID,0,0.0
11403,treatment,14.83,mobile,VN,0,0.0
11404,control,3.55,desktop,MY,0,0.0
11405,control,26.17,mobile,MY,0,0.0
11406,control,22.09,desktop,MY,0,0.0
11407,control,10.71,desktop,MY,0,0.0
11408,treatment,5.05,mobile,VN,0,0.0
11409,treatment,53.64,desktop,MY,0,0.0
11410,control,15.77,mobile,SG,0,0.0
11411,control,6.88,desktop,PH,0,0.0
11412,treatment,7.08,mobile,MY,0,0.0
11413,treatment,14.86,desktop,MY,0,0.0
11414,control,24.18,mobile,ID,0,0.0
11415,control,41.37,mobile,ID,1,12.83
11416,control,23.02,desktop,PH,0,0.0
11417,treatment,19.17,mobile,MY,0,0.0
11418,treatment,40.24,mobile,PH,0,0.0
11419,control,5.15,mobile,SG,0,0.0
11420,treatment,30.98,mobile,SG,0,0.0
11421,treatment,23.36,mobile,MY,0,0.0
11422,control,22.81,mobile,SG,0,0.0
11423,treatment,29.52,mobile,SG,0,0.0
11424,treatment,22.5,desktop,SG,1,73.34
11425,treatment,40.4,mobile,ID,0,0.0
11426,treatment,45.64,mobile,SG,0,0.0
11427,treatment,51.38,desktop,SG,0,0.0
11428,treatment,24.88,mobile,MY,0,0.0
11429,treatment,7.85,desktop,PH,0,0.0
11430,treatment,9.13,mobile,ID,1,13.3
11431,treatment,61.2,desktop,SG,0,0.0
11432,control,4.02,mobile,MY,1,14.33
11433,treatment,16.42,desktop,SG,0,0.0
11434,control,22.95,mobile,SG,0,0.0
11435,control,38.4,mobile,SG,0,0.0
11436,treatment,14.5,mobile,ID,1,43.31
11437,control,8.37,desktop,ID,0,0.0
11438,control,4.19,desktop,SG,0,0.0
11439,treatment,79.16,mobile,SG,0,0.0
11440,treatment,13.39,mobile,PH,0,0.0
11441,control,9.4,mobile,SG,0,0.0
11442,treatment,47.87,mobile,SG,0,0.0
11443,treatment,22.85,desktop,MY,1,10.4
11444,treatment,29.32,desktop,PH,0,0.0
11445,treatment,18.95,mobile,PH,0,0.0
11446,treatment,25.59,desktop,ID,0,0.0
11447,treatment,64.47,mobile,ID,0,0.0
11448,treatment,4.86,mobile,SG,0,0.0
11449,treatment,33.6,desktop,ID,0,0.0
11450,control,18.95,mobile,VN,0,0.0
11451,treatment,48.95,mobile,MY,0,0.0
11452,treatment,23.53,desktop,SG,0,0.0
11453,control,62.79,desktop,SG,0,0.0
11454,treatment,15.96,desktop,MY,1,61.48
11455,control,23.32,mobile,SG,0,0.0
11456,treatment,98.06,desktop,PH,0,0.0
11457,treatment,17.49,mobile,ID,0,0.0
11458,treatment,9.87,desktop,ID,0,0.0
11459,treatment,12.35,mobile,ID,0,0.0
11460,treatment,30.63,mobile,SG,0,0.0
11461,treatment,9.96,desktop,PH,0,0.0
11462,control,20.52,mobile,MY,0,0.0
11463,treatment,23.41,mobile,MY,0,0.0
11464,control,25.31,mobile,SG,0,0.0
11465,control,54.91,mobile,ID,0,0.0
11466,treatment,22.48,mobile,MY,1,16.26
11467,treatment,0.83,desktop,PH,0,0.0
11468,control,23.87,desktop,ID,0,0.0
11469,treatment,20.12,mobile,ID,0,0.0
11470,control,38.36,mobile,MY,0,0.0
11471,treatment,15.01,mobile,PH,0,0.0
11472,control,36.65,desktop,PH,0,0.0
11473,control,20.34,mobile,PH,0,0.0
11474,control,31.71,desktop,ID,0,0.0
11475,treatment,3.17,mobile,SG,0,0.0
11476,control,19.26,mobile,ID,0,0.0
11477,treatment,16.12,desktop,MY,0,0.0
11478,treatment,20.29,mobile,MY,0,0.0
11479,treatment,11.28,desktop,ID,0,0.0
11480,control,21.35,mobile,ID,1,43.56
11481,control,38.38,mobile,ID,0,0.0
11482,control,34.25,desktop,PH,0,0.0
11483,control,20.53,mobile,MY,0,0.0
11484,treatment,130.98,desktop,SG,0,0.0
11485,treatment,1.36,mobile,ID,0,0.0
11486,control,34.19,mobile,MY,0,0.0
11487,control,14.53,mobile,ID,0,0.0
11488,control,74.73,desktop,PH,0,0.0
11489,control,12.62,mobile,MY,0,0.0
11490,treatment,14.19,mobile,ID,0,0.0
11491,treatment,21.93,mobile,SG,0,0.0
11492,treatment,27.42,desktop,SG,0,0.0
11493,treatment,63.75,mobile,SG,0,0.0
11494,control,4.81,desktop,MY,0,0.0
11495,treatment,10.7,desktop,VN,0,0.0
11496,control,27.85,mobile,VN,0,0.0
11497,treatment,25.91,mobile,SG,0,0.0
11498,control,7.18,mobile,MY,1,41.12
11499,control,30.61,mobile,SG,0,0.0
11500,treatment,28.42,desktop,SG,0,0.0
11501,treatment,36.93,mobile,PH,0,0.0
11502,control,7.06,desktop,MY,0,0.0
11503,control,42.36,desktop,ID,0,0.0
11504,treatment,40.2,mobile,SG,0,0.0
11505,treatment,36.92,mobile,ID,0,0.0
11506,treatment,18.83,mobile,ID,0,0.0
11507,treatment,56.75,mobile,ID,0,0.0
11508,treatment,8.31,desktop,ID,1,11.97
11509,control,59.6,mobile,SG,0,0.0
11510,treatment,80.88,mobile,PH,1,26.22
11511,control,30.09,mobile,ID,0,0.0
11512,control,14.78,mobile,MY,0,0.0
11513,control,23.19,desktop,MY,0,0.0
11514,treatment,33.31,mobile,MY,0,0.0
11515,control,36.32,mobile,PH,0,0.0
11516,control,26.53,desktop,SG,1,23.84
11517,control,11.36,mobile,ID,0,0.0
11518,treatment,71.52,mobile,MY,0,0.0
11519,treatment,58.76,mobile,PH,1,14.81
11520,control,36.58,mobile,MY,1,32.07
11521,treatment,20.38,desktop,PH,0,0.0
11522,control,48.49,desktop,ID,0,0.0
11523,treatment,10.77,desktop,ID,0,0.0
11524,control,18.11,desktop,ID,0,0.0
11525,treatment,21.59,mobile,SG,0,0.0
11526,treatment,3.85,mobile,ID,0,0.0
11527,treatment,17.11,desktop,PH,0,0.0
11528,control,15.67,mobile,SG,0,0.0
11529,control,75.54,desktop,ID,0,0.0
11530,treatment,60.84,desktop,PH,0,0.0
11531,control,35.12,mobile,ID,0,0.0
11532,treatment,42.45,mobile,VN,0,0.0
11533,treatment,18.25,mobile,SG,0,0.0
11534,treatment,49.42,mobile,MY,0,0.0
11535,treatment,15.08,mobile,PH,0,0.0
11536,control,30.02,mobile,MY,0,0.0
11537,treatment,27.63,mobile,VN,0,0.0
11538,treatment,19.07,mobile,ID,0,0.0
11539,treatment,22.12,mobile,MY,0,0.0
11540,control,35.35,mobile,SG,0,0.0
11541,treatment,32.59,mobile,ID,0,0.0
11542,control,81.36,mobile,PH,0,0.0
11543,treatment,27.24,desktop,SG,0,0.0
11544,treatment,54.55,mobile,PH,0,0.0
11545,treatment,43.42,mobile,ID,0,0.0
11546,treatment,45.8,mobile,PH,0,0.0
11547,treatment,28.82,desktop,ID,0,0.0
11548,treatment,88.23,mobile,PH,0,0.0
11549,control,2.6,desktop,MY,0,0.0
11550,treatment,49.5,desktop,SG,0,0.0
11551,control,9.31,mobile,SG,0,0.0
11552,treatment,60.83,mobile,ID,0,0.0
11553,treatment,34.03,desktop,VN,0,0.0
11554,control,20.16,mobile,MY,1,11.06
11555,control,13.39,desktop,ID,0,0.0
11556,control,38.76,desktop,VN,0,0.0
11557,treatment,45.99,desktop,PH,0,0.0
11558,treatment,55.14,mobile,ID,0,0.0
11559,control,21.86,mobile,MY,0,0.0
11560,control,36.15,desktop,SG,0,0.0
11561,treatment,18.38,mobile,ID,0,0.0
11562,treatment,90.62,mobile,SG,0,0.0
11563,treatment,14.95,mobile,MY,0,0.0
11564,treatment,8.57,mobile,ID,0,0.0
11565,treatment,17.6,mobile,ID,0,0.0
11566,treatment,17.07,desktop,ID,0,0.0
11567,control,23.67,mobile,ID,1,36.67
11568,treatment,122.24,mobile,MY,0,0.0
11569,control,26.27,mobile,VN,0,0.0
11570,control,16.23,mobile,SG,1,17.3
11571,treatment,12.05,mobile,SG,0,0.0
11572,treatment,16.73,mobile,ID,1,31.71
11573,treatment,14.6,desktop,SG,0,0.0
11574,control,33.16,mobile,SG,0,0.0
11575,control,2.03,desktop,MY,0,0.0
11576,treatment,44.13,desktop,MY,0,0.0
11577,control,9.2,mobile,ID,0,0.0
11578,control,37.5,desktop,MY,0,0.0
11579,treatment,17.35,mobile,MY,0,0.0
11580,treatment,17.8,desktop,MY,0,0.0
11581,treatment,47.07,mobile,SG,1,18.22
11582,treatment,34.03,desktop,ID,0,0.0
11583,control,11.84,mobile,VN,1,12.95
11584,treatment,32.1,desktop,VN,0,0.0
11585,treatment,67.41,desktop,SG,0,0.0
11586,control,17.69,mobile,SG,0,0.0
11587,control,28.87,mobile,ID,1,8.93
11588,control,46.53,desktop,PH,0,0.0
11589,treatment,65.44,mobile,SG,0,0.0
11590,treatment,6.5,desktop,PH,0,0.0
11591,control,25.31,mobile,MY,0,0.0
11592,treatment,8.34,desktop,MY,0,0.0
11593,treatment,23.95,mobile,ID,0,0.0
11594,treatment,5.21,mobile,SG,0,0.0
11595,treatment,23.18,mobile,MY,0,0.0
11596,treatment,73.57,mobile,SG,0,0.0
11597,control,13.89,mobile,MY,0,0.0
11598,treatment,59.68,desktop,PH,1,8.68
11599,treatment,52.21,mobile,SG,0,0.0
11600,control,42.1,mobile,ID,0,0.0
11601,treatment,24.99,mobile,MY,0,0.0
11602,control,2.54,mobile,SG,0,0.0
11603,treatment,43.56,mobile,MY,0,0.0
11604,treatment,16.37,desktop,MY,1,9.52
11605,treatment,41.95,desktop,MY,0,0.0
11606,treatment,17.66,desktop,SG,0,0.0
11607,control,27.92,desktop,VN,0,0.0
11608,control,19.78,mobile,ID,0,0.0
11609,treatment,40.45,desktop,MY,0,0.0
11610,treatment,12.93,desktop,ID,0,0.0
11611,control,25.97,mobile,SG,0,0.0
11612,treatment,22.24,mobile,PH,0,0.0
11613,treatment,38.59,mobile,ID,0,0.0
11614,control,43.41,mobile,MY,0,0.0
11615,treatment,75.01,desktop,SG,0,0.0
11616,control,11.09,mobile,VN,0,0.0
11617,treatment,66.29,mobile,PH,0,0.0
11618,control,58.63,desktop,SG,0,0.0
11619,treatment,41.09,mobile,PH,0,0.0
11620,treatment,27.44,mobile,SG,1,8.46
11621,treatment,47.64,mobile,SG,0,0.0
11622,treatment,12.09,desktop,ID,0,0.0
11623,control,16.16,mobile,SG,1,5.83
11624,control,40.19,mobile,MY,0,0.0
11625,control,36.8,mobile,SG,0,0.0
11626,treatment,23.03,mobile,PH,1,42.32
11627,treatment,17.65,mobile,SG,0,0.0
11628,treatment,1.2,desktop,SG,0,0.0
11629,treatment,11.77,mobile,MY,0,0.0
11630,treatment,9.94,mobile,ID,1,48.59
11631,control,18.9,desktop,ID,0,0.0
11632,treatment,11.96,mobile,ID,0,0.0
11633,control,27.5,desktop,SG,0,0.0
11634,treatment,11.55,mobile,VN,0,0.0
11635,treatment,25.52,mobile,MY,0,0.0
11636,treatment,3.77,desktop,VN,0,0.0
11637,treatment,20.67,mobile,SG,0,0.0
11638,control,3.64,desktop,ID,0,0.0
11639,control,14.32,desktop,SG,0,0.0
11640,control,2.27,mobile,PH,0,0.0
11641,control,61.21,mobile,VN,0,0.0
11642,control,26.54,mobile,PH,1,29.06
11643,treatment,62.93,desktop,SG,0,0.0
11644,control,6.21,mobile,VN,0,0.0
11645,control,14.34,mobile,SG,0,0.0
11646,control,44.35,mobile,SG,0,0.0
11647,treatment,10.27,desktop,ID,0,0.0
11648,treatment,51.64,desktop,VN,0,0.0
11649,control,42.56,mobile,VN,1,3.39
11650,treatment,16.82,desktop,ID,0,0.0
11651,treatment,11.95,desktop,MY,0,0.0
11652,treatment,6.52,mobile,SG,0,0.0
11653,treatment,31.06,mobile,MY,0,0.0
11654,treatment,45.12,mobile,SG,0,0.0
11655,control,24.33,mobile,SG,0,0.0
11656,control,10.43,desktop,ID,0,0.0
11657,treatment,22.35,desktop,SG,0,0.0
11658,control,40.2,desktop,MY,0,0.0
11659,treatment,13.77,desktop,MY,0,0.0
11660,treatment,59.13,desktop,ID,0,0.0
11661,treatment,31.74,mobile,SG,0,0.0
11662,treatment,4.06,mobile,ID,0,0.0
11663,control,24.28,desktop,SG,0,0.0
11664,treatment,40.67,mobile,PH,0,0.0
11665,control,10.38,mobile,MY,0,0.0
11666,treatment,6.45,mobile,SG,0,0.0
11667,control,11.33,desktop,ID,0,0.0
11668,control,2.98,mobile,ID,1,40.93
11669,control,4.19,mobile,MY,0,0.0
11670,treatment,38.97,desktop,SG,0,0.0
11671,control,11.29,desktop,MY,0,0.0
11672,control,26.88,mobile,PH,0,0.0
11673,treatment,60.61,mobile,ID,0,0.0
11674,treatment,87.14,desktop,MY,0,0.0
11675,treatment,5.08,mobile,MY,0,0.0
11676,treatment,29.22,desktop,MY,0,0.0
11677,treatment,8.5,mobile,ID,0,0.0
11678,control,16.07,mobile,PH,0,0.0
11679,control,52.71,mobile,ID,0,0.0
11680,control,3.51,mobile,ID,0,0.0
11681,treatment,76.46,mobile,PH,0,0.0
11682,control,57.47,mobile,PH,0,0.0
11683,treatment,12.76,desktop,ID,0,0.0
11684,treatment,81.85,desktop,MY,0,0.0
11685,control,36.23,mobile,MY,0,0.0
11686,treatment,28.73,desktop,SG,0,0.0
11687,treatment,35.32,desktop,MY,0,0.0
11688,treatment,5.51,mobile,PH,0,0.0
11689,control,33.68,mobile,ID,0,0.0
11690,control,65.16,desktop,MY,0,0.0
11691,treatment,59.41,mobile,PH,1,40.21
11692,treatment,51.98,mobile,PH,0,0.0
11693,control,13.99,mobile,ID,0,0.0
11694,control,29.87,mobile,ID,0,0.0
11695,treatment,48.35,mobile,ID,0,0.0
11696,control,42.98,mobile,MY,1,44.77
11697,control,47.61,mobile,PH,0,0.0
11698,treatment,12.32,mobile,SG,0,0.0
11699,treatment,18.82,mobile,ID,0,0.0
11700,control,4.37,mobile,SG,0,0.0
11701,treatment,8.86,mobile,ID,0,0.0
11702,control,13.39,mobile,MY,1,15.48
11703,treatment,11.17,mobile,SG,0,0.0
11704,treatment,66.37,desktop,MY,0,0.0
11705,control,42.88,mobile,ID,1,15.93
11706,treatment,17.69,desktop,ID,0,0.0
11707,treatment,18.28,mobile,PH,0,0.0
11708,treatment,19.34,desktop,SG,0,0.0
11709,control,37.0,desktop,SG,0,0.0
11710,treatment,37.03,mobile,PH,0,0.0
11711,control,15.63,mobile,ID,0,0.0
11712,treatment,13.47,mobile,SG,1,14.58
11713,control,23.0,desktop,SG,0,0.0
11714,control,2.86,mobile,MY,0,0.0
11715,treatment,26.38,desktop,ID,0,0.0
11716,treatment,29.82,mobile,PH,0,0.0
11717,treatment,13.32,mobile,SG,0,0.0
11718,control,6.23,mobile,VN,0,0.0
11719,treatment,25.26,mobile,SG,0,0.0
11720,treatment,87.69,mobile,MY,0,0.0
11721,control,27.79,mobile,ID,0,0.0
11722,treatment,30.98,mobile,SG,0,0.0
11723,control,11.12,mobile,MY,0,0.0
11724,control,15.27,mobile,ID,0,0.0
11725,control,18.11,desktop,SG,0,0.0
11726,treatment,8.81,mobile,PH,0,0.0
11727,treatment,111.31,mobile,VN,0,0.0
11728,treatment,20.52,desktop,SG,1,19.09
11729,control,21.1,desktop,MY,0,0.0
11730,treatment,68.64,desktop,SG,0,0.0
11731,control,23.14,mobile,MY,0,0.0
11732,treatment,46.07,mobile,ID,0,0.0
11733,treatment,26.18,desktop,SG,0,0.0
11734,treatment,32.4,mobile,VN,0,0.0
11735,treatment,7.9,mobile,SG,0,0.0
11736,treatment,25.23,mobile,ID,0,0.0
11737,control,39.28,mobile,ID,0,0.0
11738,control,31.71,mobile,VN,0,0.0
11739,treatment,11.57,desktop,MY,0,0.0
11740,treatment,37.98,desktop,VN,0,0.0
11741,control,5.48,desktop,VN,0,0.0
11742,treatment,9.9,desktop,SG,0,0.0
11743,treatment,59.09,desktop,ID,1,30.75
11744,control,5.41,mobile,ID,0,0.0
11745,control,53.1,mobile,ID,0,0.0
11746,treatment,17.33,desktop,ID,0,0.0
11747,control,31.38,mobile,ID,0,0.0
11748,treatment,52.45,mobile,SG,0,0.0
11749,treatment,129.26,desktop,PH,0,0.0
11750,control,28.02,mobile,ID,0,0.0
11751,treatment,19.62,desktop,MY,0,0.0
11752,treatment,8.23,mobile,MY,0,0.0
11753,treatment,15.19,desktop,SG,0,0.0
11754,treatment,49.55,desktop,PH,1,50.41
11755,control,31.09,mobile,ID,0,0.0
11756,treatment,24.68,desktop,PH,0,0.0
11757,control,61.51,mobile,SG,0,0.0
11758,control,24.3,mobile,SG,0,0.0
11759,control,31.32,mobile,VN,0,0.0
11760,control,30.03,mobile,SG,0,0.0
11761,control,21.01,desktop,ID,1,29.74
11762,treatment,22.62,mobile,SG,0,0.0
11763,control,58.19,mobile,PH,1,15.13
11764,control,48.06,mobile,PH,0,0.0
11765,treatment,45.76,mobile,VN,0,0.0
11766,control,20.81,mobile,SG,0,0.0
11767,treatment,14.88,desktop,SG,0,0.0
11768,control,27.92,mobile,VN,0,0.0
11769,treatment,89.3,mobile,SG,0,0.0
11770,treatment,30.72,desktop,VN,0,0.0
11771,treatment,12.86,desktop,SG,0,0.0
11772,treatment,33.33,desktop,PH,0,0.0
11773,treatment,73.01,mobile,MY,0,0.0
11774,control,6.07,mobile,VN,0,0.0
11775,treatment,54.33,mobile,SG,0,0.0
11776,treatment,41.59,mobile,SG,0,0.0
11777,treatment,12.8,mobile,VN,0,0.0
11778,treatment,39.76,desktop,SG,0,0.0
11779,treatment,6.5,mobile,VN,0,0.0
11780,control,51.95,mobile,MY,0,0.0
11781,control,34.07,mobile,SG,0,0.0
11782,treatment,2.48,desktop,ID,0,0.0
11783,control,12.03,mobile,ID,0,0.0
11784,treatment,8.15,mobile,SG,0,0.0
11785,treatment,30.31,mobile,VN,0,0.0
11786,control,8.19,desktop,VN,0,0.0
11787,control,49.88,mobile,PH,0,0.0
11788,treatment,61.78,mobile,ID,0,0.0
11789,control,55.25,mobile,MY,0,0.0
11790,treatment,12.98,mobile,VN,0,0.0
11791,treatment,44.4,desktop,ID,1,8.71
11792,treatment,3.47,desktop,SG,0,0.0
11793,treatment,32.1,desktop,SG,0,0.0
11794,control,24.36,mobile,PH,0,0.0
11795,treatment,55.48,desktop,ID,1,26.08
11796,treatment,29.39,desktop,MY,0,0.0
11797,treatment,30.9,desktop,ID,0,0.0
11798,control,23.26,mobile,MY,0,0.0
11799,treatment,8.97,desktop,VN,1,10.89
11800,control,21.48,mobile,ID,0,0.0
11801,treatment,4.6,desktop,ID,0,0.0
11802,treatment,20.73,mobile,ID,0,0.0
11803,treatment,34.11,mobile,SG,0,0.0
11804,treatment,39.24,desktop,SG,1,29.62
11805,control,48.29,mobile,SG,1,43.34
11806,treatment,22.22,mobile,ID,0,0.0
11807,treatment,24.1,desktop,ID,0,0.0
11808,treatment,29.97,desktop,SG,0,0.0
11809,treatment,28.71,mobile,PH,0,0.0
11810,control,39.08,mobile,ID,0,0.0
11811,treatment,11.13,mobile,SG,0,0.0
11812,treatment,38.36,mobile,SG,0,0.0
11813,treatment,39.16,desktop,ID,1,10.95
11814,treatment,36.84,mobile,ID,0,0.0
11815,control,13.46,mobile,SG,0,0.0
11816,control,13.96,mobile,SG,1,7.06
11817,control,21.88,mobile,SG,0,0.0
11818,control,26.58,desktop,PH,0,0.0
11819,control,42.29,mobile,MY,0,0.0
11820,control,28.55,desktop,MY,0,0.0
11821,treatment,27.29,desktop,PH,0,0.0
11822,control,79.28,mobile,ID,0,0.0
11823,control,23.8,desktop,PH,0,0.0
11824,treatment,29.36,mobile,SG,0,0.0
11825,control,32.66,desktop,SG,0,0.0
11826,treatment,30.06,desktop,VN,0,0.0
11827,control,24.61,mobile,ID,0,0.0
11828,treatment,25.85,desktop,ID,1,10.28
11829,control,33.54,mobile,MY,1,20.83
11830,treatment,35.95,mobile,PH,0,0.0
11831,treatment,12.22,mobile,SG,1,85.59
11832,treatment,9.62,mobile,SG,0,0.0
11833,treatment,19.54,desktop,MY,1,44.06
11834,treatment,34.44,mobile,MY,0,0.0
11835,control,61.43,desktop,ID,0,0.0
11836,control,18.36,mobile,VN,0,0.0
11837,treatment,14.69,mobile,VN,0,0.0
11838,control,52.55,mobile,SG,0,0.0
11839,treatment,36.51,desktop,ID,1,17.44
11840,control,2.06,mobile,SG,1,50.98
11841,treatment,15.74,mobile,VN,0,0.0
11842,treatment,22.05,mobile,ID,0,0.0
11843,treatment,13.17,mobile,VN,0,0.0
11844,treatment,40.24,mobile,MY,0,0.0
11845,treatment,24.06,mobile,VN,0,0.0
11846,control,37.5,desktop,PH,0,0.0
11847,treatment,19.52,desktop,ID,1,19.02
11848,treatment,42.31,desktop,SG,0,0.0
11849,control,18.97,mobile,SG,0,0.0
11850,treatment,32.21,mobile,SG,0,0.0
11851,control,74.53,mobile,SG,0,0.0
11852,treatment,7.85,mobile,PH,0,0.0
11853,treatment,14.01,mobile,SG,0,0.0
11854,treatment,54.08,desktop,VN,1,21.77
11855,treatment,4.5,mobile,MY,0,0.0
11856,treatment,35.78,desktop,MY,0,0.0
11857,treatment,6.5,mobile,ID,0,0.0
11858,treatment,15.1,desktop,SG,1,27.63
11859,control,7.87,mobile,SG,0,0.0
11860,control,2.93,mobile,SG,0,0.0
11861,control,53.42,mobile,VN,0,0.0
11862,treatment,15.77,mobile,VN,0,0.0
11863,treatment,29.94,desktop,PH,1,32.9
11864,treatment,32.93,desktop,MY,0,0.0
11865,treatment,28.37,desktop,ID,0,0.0
11866,treatment,55.61,desktop,SG,0,0.0
11867,control,47.66,mobile,ID,0,0.0
11868,control,3.32,mobile,MY,0,0.0
11869,treatment,28.69,desktop,MY,0,0.0
11870,control,10.16,mobile,SG,1,13.3
11871,treatment,9.54,mobile,PH,0,0.0
11872,treatment,23.94,mobile,PH,0,0.0
11873,treatment,32.1,mobile,SG,0,0.0
11874,treatment,24.94,desktop,ID,0,0.0
11875,treatment,69.11,mobile,ID,0,0.0
11876,control,45.45,mobile,ID,0,0.0
11877,control,75.38,mobile,PH,0,0.0
11878,treatment,14.65,mobile,MY,0,0.0
11879,control,31.89,mobile,MY,0,0.0
11880,treatment,31.39,mobile,ID,0,0.0
11881,treatment,34.56,mobile,ID,0,0.0
11882,treatment,34.56,desktop,SG,1,36.05
11883,treatment,2.55,desktop,VN,0,0.0
11884,treatment,24.22,desktop,ID,0,0.0
11885,treatment,15.11,desktop,SG,0,0.0
11886,treatment,13.28,mobile,VN,0,0.0
11887,treatment,41.05,mobile,PH,0,0.0
11888,control,7.31,desktop,SG,1,18.4
11889,treatment,9.62,mobile,SG,0,0.0
11890,treatment,38.22,mobile,MY,0,0.0
11891,control,24.24,mobile,MY,0,0.0
11892,treatment,15.12,desktop,PH,0,0.0
11893,treatment,15.16,desktop,PH,0,0.0
11894,treatment,20.98,mobile,SG,0,0.0
11895,treatment,34.06,desktop,PH,0,0.0
11896,control,78.46,mobile,PH,0,0.0
11897,treatment,8.83,mobile,SG,0,0.0
11898,treatment,10.02,mobile,MY,0,0.0
11899,control,7.79,mobile,MY,0,0.0
11900,control,30.97,desktop,SG,0,0.0
11901,control,6.83,mobile,PH,0,0.0
11902,control,3.41,mobile,PH,0,0.0
11903,treatment,21.78,desktop,SG,0,0.0
11904,treatment,66.5,mobile,VN,0,0.0
11905,control,34.4,mobile,MY,0,0.0
11906,treatment,29.11,desktop,PH,0,0.0
11907,treatment,17.99,mobile,PH,0,0.0
11908,treatment,27.38,desktop,PH,0,0.0
11909,treatment,20.55,desktop,MY,0,0.0
11910,control,23.36,mobile,PH,0,0.0
11911,control,40.68,mobile,SG,0,0.0
11912,treatment,18.5,desktop,ID,0,0.0
11913,treatment,10.79,mobile,SG,0,0.0
11914,treatment,44.42,desktop,SG,0,0.0
11915,treatment,32.13,mobile,SG,0,0.0
11916,control,101.71,mobile,MY,1,23.53
11917,control,38.17,mobile,SG,0,0.0
11918,control,46.14,desktop,MY,0,0.0
11919,control,19.97,mobile,MY,0,0.0
11920,treatment,6.63,mobile,PH,0,0.0
11921,treatment,35.62,desktop,PH,0,0.0
11922,treatment,4.35,desktop,ID,0,0.0
11923,treatment,5.16,mobile,MY,1,27.27
11924,treatment,15.44,mobile,SG,0,0.0
11925,treatment,71.6,mobile,VN,0,0.0
11926,treatment,14.7,mobile,MY,0,0.0
11927,treatment,26.6,mobile,SG,0,0.0
11928,control,12.3,mobile,ID,0,0.0
11929,treatment,17.53,desktop,SG,0,0.0
11930,control,9.11,mobile,ID,0,0.0
11931,treatment,9.81,mobile,SG,0,0.0
11932,treatment,17.15,desktop,PH,0,0.0
11933,control,44.07,mobile,MY,0,0.0
11934,treatment,9.88,mobile,MY,1,77.96
11935,control,13.59,mobile,MY,1,11.05
11936,treatment,60.93,desktop,PH,1,43.76
11937,control,13.51,desktop,ID,0,0.0
11938,treatment,17.08,desktop,ID,0,0.0
11939,control,37.84,mobile,VN,0,0.0
11940,control,13.53,desktop,ID,0,0.0
11941,control,22.04,desktop,SG,0,0.0
11942,control,30.47,mobile,ID,0,0.0
11943,treatment,32.29,desktop,ID,0,0.0
11944,control,56.49,mobile,MY,0,0.0
11945,treatment,40.88,mobile,ID,1,17.1
11946,treatment,18.5,desktop,SG,0,0.0
11947,treatment,16.12,desktop,PH,0,0.0
11948,treatment,10.84,mobile,PH,0,0.0
11949,treatment,25.64,mobile,MY,0,0.0
11950,treatment,23.47,mobile,ID,0,0.0
11951,treatment,27.85,mobile,SG,1,26.47
11952,treatment,8.62,mobile,SG,0,0.0
11953,treatment,47.95,desktop,ID,1,35.33
11954,treatment,53.15,mobile,VN,0,0.0
11955,treatment,6.08,mobile,SG,0,0.0
11956,treatment,24.07,desktop,SG,0,0.0
11957,control,11.78,mobile,ID,0,0.0
11958,control,71.34,mobile,PH,0,0.0
11959,treatment,29.95,mobile,SG,0,0.0
11960,treatment,46.63,desktop,SG,0,0.0
11961,treatment,14.37,desktop,VN,0,0.0
11962,control,5.75,desktop,SG,0,0.0
11963,control,45.55,mobile,SG,0,0.0
11964,treatment,36.21,mobile,SG,0,0.0
11965,treatment,10.19,mobile,ID,0,0.0
11966,treatment,12.0,mobile,MY,0,0.0
11967,control,9.23,mobile,ID,0,0.0
11968,treatment,3.15,mobile,ID,1,40.25
11969,control,13.41,mobile,SG,0,0.0
11970,control,73.96,mobile,VN,0,0.0
11971,treatment,51.88,desktop,MY,0,0.0
11972,treatment,29.45,mobile,SG,0,0.0
11973,treatment,59.74,desktop,SG,0,0.0
11974,control,21.71,mobile,SG,0,0.0
11975,treatment,25.18,mobile,SG,0,0.0
11976,treatment,41.25,mobile,SG,0,0.0
11977,treatment,22.25,desktop,MY,0,0.0
11978,treatment,17.88,desktop,PH,0,0.0
11979,treatment,10.4,mobile,MY,0,0.0
11980,control,31.21,mobile,SG,0,0.0
11981,control,19.61,mobile,MY,0,0.0
11982,control,21.96,mobile,MY,0,0.0
11983,control,31.04,desktop,ID,1,8.82
11984,control,41.13,mobile,ID,0,0.0
11985,control,25.43,desktop,ID,0,0.0
11986,treatment,132.08,desktop,PH,0,0.0
11987,treatment,21.42,mobile,PH,0,0.0
11988,control,25.27,mobile,ID,0,0.0
11989,treatment,16.9,desktop,PH,0,0.0
11990,treatment,20.29,desktop,SG,0,0.0
11991,treatment,70.96,mobile,VN,0,0.0
11992,control,18.61,mobile,MY,1,18.85
11993,treatment,40.22,desktop,VN,0,0.0
11994,treatment,15.16,mobile,SG,0,0.0
11995,treatment,32.44,desktop,PH,1,26.77
11996,control,21.24,mobile,VN,0,0.0
11997,control,15.7,mobile,ID,0,0.0
11998,control,24.05,mobile,PH,0,0.0
11999,treatment,73.79,mobile,ID,0,0.0
12000,control,38.08,desktop,SG,0,0.0
