user_id,variant,pre_signup_value,device,country,converted,revenue,experiment_notes
1,treatment,18.5,mobile,VN,0,0.0,
2,treatment,33.95,,MY,1,21.93,
3,control,40.41,mobile,PH,0,0.0,
4,treatment,38.34,desktop,MY,0,0.0,
5,treatment,39.33,mobile,SG,0,0.0,
6,treatment,12.89,desktop,ID,0,0.0,
7,control,32.22,mobile,ID,0,0.0,
8,treatment,87.22,mobile,VN,0,0.0,
9,control,8.39,desktop,PH,0,0.0,
10,treatment,,mobile,ID,0,0.0,
11,treatment,13.4,desktop,PH,0,0.0,
12,control,26.93,mobile,MY,0,0.0,
13,treatment,18.42,mobile,VN,0,0.0,
14,treatment,3.78,mobile,PH,0,0.0,
15,control,38.84,mobile,SG,1,18.83,
16,treatment,31.77,,SG,0,0.0,
17,treatment,21.96,mobile,MY,0,0.0,
18,control,8.11,mobile,SG,0,0.0,
19,control,7.99,desktop,SG,0,0.0,
20,control,25.9,mobile,MY,0,0.0,
21,control,6.02,,MY,0,0.0,
22,control,23.51,mobile,ID,0,0.0,
23,treatment,21.53,desktop,SG,1,25.02,
24,control,62.59,mobile,SG,1,13.37,
25,treatment,30.37,desktop,MY,0,0.0,
26,control,37.39,desktop,SG,0,0.0,
27,control,22.49,desktop,MY,0,0.0,
28,control,55.96,,PH,0,0.0,
29,treatment,17.01,mobile,VN,0,0.0,
30,control,32.87,mobile,SG,0,0.0,
31,control,37.18,mobile,ID,0,0.0,
32,treatment,17.24,desktop,SG,0,0.0,
33,control,48.16,mobile,SG,1,33.75,
34,control,3.68,desktop,PH,0,0.0,
35,treatment,49.84,mobile,SG,0,0.0,
36,treatment,14.53,desktop,SG,0,0.0,
37,control,63.15,mobile,MY,0,0.0,
38,control,22.61,desktop,VN,0,0.0,
39,treatment,44.21,desktop,VN,0,0.0,
40,control,47.2,mobile,PH,0,0.0,
41,treatment,54.17,desktop,ID,0,0.0,
42,control,2.02,mobile,SG,0,0.0,
43,treatment,0.68,mobile,SG,0,0.0,
44,treatment,50.16,mobile,ID,0,0.0,
45,control,123.37,mobile,VN,0,0.0,
46,treatment,10.38,mobile,ID,1,62.83,
47,control,40.59,mobile,MY,0,0.0,
48,control,13.82,desktop,ID,0,0.0,
49,control,21.54,,PH,0,0.0,
50,treatment,38.4,,ID,0,0.0,
51,control,16.15,desktop,VN,0,0.0,
52,treatment,,desktop,SG,0,0.0,
53,treatment,5.15,mobile,MY,0,0.0,
54,control,,,ID,0,0.0,
55,treatment,64.53,desktop,VN,0,0.0,
56,control,36.91,mobile,VN,0,0.0,
57,control,10.39,mobile,SG,0,0.0,
58,control,23.66,mobile,PH,0,0.0,
59,treatment,23.28,desktop,PH,0,0.0,
60,treatment,38.89,mobile,PH,1,8.64,
61,control,35.56,mobile,ID,0,0.0,
62,treatment,10.17,mobile,ID,0,0.0,
63,treatment,67.96,mobile,PH,0,0.0,
64,treatment,5.81,desktop,ID,0,0.0,
65,control,4.99,desktop,SG,0,0.0,
66,control,7.68,desktop,ID,0,0.0,
67,control,13.16,desktop,SG,0,0.0,
68,control,47.41,mobile,ID,0,0.0,
69,control,36.99,mobile,SG,0,0.0,
70,treatment,20.94,mobile,MY,0,0.0,
71,treatment,13.1,desktop,MY,0,0.0,
72,treatment,47.07,mobile,ID,1,10.33,
73,control,24.28,mobile,MY,1,26.49,
74,control,49.45,,ID,1,50.68,
75,treatment,2.37,mobile,MY,0,0.0,
76,control,58.24,mobile,MY,0,0.0,
77,control,,mobile,PH,0,0.0,
78,control,30.76,desktop,MY,1,26.61,
79,treatment,45.14,mobile,SG,1,33.13,
80,treatment,24.83,desktop,ID,1,12.55,
81,control,56.82,desktop,SG,1,8.8,
82,treatment,34.68,mobile,ID,0,0.0,
83,treatment,,mobile,VN,1,17.02,
84,treatment,36.98,desktop,PH,0,0.0,
85,control,23.27,desktop,ID,0,0.0,
86,treatment,7.96,mobile,PH,0,0.0,
87,control,69.78,desktop,ID,0,0.0,
88,treatment,24.23,mobile,MY,1,11.44,
89,control,27.29,desktop,VN,0,0.0,
90,control,8.67,mobile,SG,0,0.0,
91,treatment,62.22,mobile,SG,0,0.0,
92,treatment,29.72,desktop,MY,0,0.0,
93,control,,mobile,ID,1,37.41,
94,treatment,61.02,mobile,ID,0,0.0,
95,treatment,34.25,desktop,PH,0,0.0,
96,control,20.68,mobile,MY,0,0.0,
97,treatment,18.3,mobile,ID,0,0.0,
98,control,17.19,mobile,MY,0,0.0,
99,treatment,23.16,,ID,0,0.0,
100,control,21.23,desktop,ID,0,0.0,
101,control,12.16,mobile,ID,0,0.0,
102,treatment,44.0,,PH,0,0.0,
103,treatment,7.59,desktop,SG,0,0.0,
104,control,30.42,desktop,ID,0,0.0,
105,control,14.68,mobile,SG,0,0.0,
106,treatment,,desktop,ID,0,0.0,
107,control,57.93,mobile,SG,1,23.61,
108,treatment,62.13,,VN,0,0.0,
109,control,29.5,desktop,VN,0,0.0,
110,treatment,,mobile,VN,0,0.0,
111,control,12.85,mobile,ID,1,45.62,
112,treatment,16.86,mobile,MY,0,0.0,
113,treatment,34.78,desktop,MY,0,0.0,
114,treatment,18.66,mobile,SG,0,0.0,
115,treatment,24.39,mobile,SG,0,0.0,
116,control,,mobile,ID,1,6.85,
117,control,19.54,mobile,MY,1,10.59,
118,control,,desktop,ID,0,0.0,
119,control,10.76,desktop,SG,0,0.0,
120,treatment,11.98,mobile,PH,0,0.0,
121,control,,desktop,SG,0,0.0,
122,treatment,31.71,mobile,ID,0,0.0,
123,treatment,62.04,mobile,PH,1,46.75,
124,treatment,15.2,mobile,MY,1,12.13,
125,treatment,75.46,desktop,SG,0,0.0,
126,treatment,45.7,mobile,MY,0,0.0,
127,control,8.41,mobile,PH,0,0.0,
128,treatment,40.88,mobile,SG,0,0.0,
129,treatment,47.31,mobile,SG,0,0.0,
130,treatment,26.03,desktop,MY,0,0.0,
131,treatment,40.77,desktop,MY,0,0.0,
132,treatment,11.67,mobile,ID,0,0.0,
133,control,13.05,desktop,ID,0,0.0,
134,control,38.34,desktop,ID,1,83.42,
135,control,11.78,mobile,MY,0,0.0,
136,treatment,56.39,mobile,SG,0,0.0,
137,control,34.09,desktop,SG,0,0.0,
138,control,39.31,mobile,SG,0,0.0,
139,control,14.07,desktop,PH,0,0.0,
140,treatment,26.98,desktop,MY,0,0.0,
141,control,10.45,mobile,MY,0,0.0,
142,control,6.03,desktop,SG,0,0.0,
143,control,38.33,mobile,SG,0,0.0,
144,treatment,8.66,,ID,0,0.0,
145,control,43.03,mobile,ID,0,0.0,
146,control,24.88,mobile,ID,0,0.0,
147,treatment,23.52,,MY,0,0.0,
148,control,24.22,mobile,MY,0,0.0,
149,control,52.51,mobile,SG,0,0.0,
150,treatment,21.53,desktop,SG,0,0.0,
151,control,47.74,desktop,SG,0,0.0,
152,control,50.13,desktop,VN,0,0.0,
153,control,13.57,mobile,VN,0,0.0,
154,treatment,,desktop,SG,0,0.0,
155,control,51.34,mobile,PH,0,0.0,
156,control,76.99,mobile,SG,0,0.0,
157,treatment,7.43,desktop,VN,0,0.0,
158,treatment,59.15,mobile,MY,0,0.0,
159,control,8.29,mobile,MY,0,0.0,
160,control,,mobile,SG,0,0.0,
161,control,5.14,desktop,SG,0,0.0,
162,treatment,27.48,desktop,ID,1,10.28,
163,control,54.06,mobile,SG,0,0.0,
164,control,27.64,desktop,ID,1,10.61,
165,control,132.61,,SG,1,13.88,
166,control,61.83,mobile,VN,0,0.0,
167,control,3.44,mobile,ID,0,0.0,
168,treatment,67.19,mobile,SG,0,0.0,
169,treatment,14.74,mobile,PH,0,0.0,
170,control,29.37,mobile,PH,1,25.97,
171,treatment,15.36,mobile,SG,0,0.0,
172,treatment,31.59,desktop,ID,1,68.42,
173,treatment,27.06,mobile,SG,0,0.0,
174,treatment,23.5,desktop,PH,0,0.0,
175,treatment,21.85,mobile,SG,0,0.0,
176,control,47.32,desktop,MY,0,0.0,
177,control,52.37,mobile,ID,0,0.0,
178,control,,desktop,SG,0,0.0,
179,treatment,8.25,desktop,PH,0,0.0,
180,treatment,28.62,mobile,VN,0,0.0,
181,treatment,104.94,mobile,MY,0,0.0,
182,control,44.58,mobile,SG,1,35.34,
183,treatment,39.41,desktop,MY,0,0.0,
184,control,64.97,,SG,1,49.29,
185,treatment,10.66,desktop,PH,1,17.39,
186,treatment,23.39,,ID,1,29.89,
187,control,5.84,desktop,VN,0,0.0,
188,treatment,41.58,mobile,PH,0,0.0,
189,control,25.1,mobile,SG,1,28.04,
190,control,11.48,desktop,MY,1,21.79,
191,treatment,5.07,mobile,SG,0,0.0,
192,control,27.99,desktop,SG,0,0.0,
193,control,,desktop,ID,0,0.0,
194,control,26.12,mobile,ID,0,0.0,
195,control,25.43,desktop,SG,1,85.16,
196,treatment,81.83,mobile,SG,0,0.0,
197,treatment,57.64,mobile,SG,0,0.0,
198,treatment,10.23,mobile,ID,0,0.0,
199,control,19.42,desktop,MY,0,0.0,
200,treatment,10.99,desktop,MY,0,0.0,
201,control,43.86,desktop,SG,0,0.0,
202,control,84.06,,MY,1,6.36,
203,treatment,27.36,desktop,SG,0,0.0,
204,control,66.66,desktop,ID,0,0.0,
205,control,5.37,mobile,SG,0,0.0,
206,control,33.72,mobile,SG,0,0.0,
207,treatment,15.42,mobile,ID,0,0.0,
208,control,34.8,mobile,MY,0,0.0,
209,treatment,17.65,mobile,SG,0,0.0,
210,treatment,37.15,mobile,SG,0,0.0,
211,treatment,,desktop,SG,0,0.0,
212,treatment,38.37,mobile,SG,0,0.0,
213,treatment,35.22,mobile,SG,0,0.0,
214,control,16.04,mobile,ID,0,0.0,
215,control,24.17,mobile,MY,0,0.0,
216,control,24.75,mobile,SG,0,0.0,
217,control,27.24,mobile,PH,0,0.0,
218,control,51.64,desktop,MY,0,0.0,
219,treatment,18.66,mobile,ID,0,0.0,
220,control,38.68,mobile,MY,1,30.01,
221,control,14.88,desktop,MY,0,0.0,
222,control,32.62,mobile,SG,0,0.0,
223,control,30.14,desktop,MY,0,0.0,
224,treatment,7.78,mobile,SG,0,0.0,
225,treatment,8.08,mobile,SG,1,11.14,
226,control,17.3,desktop,ID,0,0.0,
227,control,,desktop,MY,0,0.0,
228,control,17.65,desktop,SG,0,0.0,
229,control,19.21,mobile,ID,0,0.0,
230,treatment,35.62,desktop,VN,0,0.0,
231,control,20.34,mobile,VN,0,0.0,
232,treatment,58.94,mobile,MY,0,0.0,
233,control,9.92,desktop,ID,0,0.0,
234,treatment,9.55,,SG,0,0.0,
235,control,55.78,mobile,ID,0,0.0,
236,treatment,,mobile,ID,0,0.0,
237,treatment,32.47,mobile,SG,0,0.0,
238,control,15.37,desktop,SG,0,0.0,
239,control,6.29,,SG,0,0.0,
240,control,9.77,mobile,MY,0,0.0,
241,treatment,42.43,desktop,ID,0,0.0,
242,treatment,40.17,desktop,PH,0,0.0,
243,treatment,20.34,desktop,PH,0,0.0,
244,control,64.15,desktop,VN,0,0.0,
245,control,92.34,mobile,MY,0,0.0,
246,control,17.2,mobile,MY,0,0.0,
247,treatment,17.04,desktop,SG,1,37.39,
248,treatment,58.01,mobile,MY,0,0.0,
249,treatment,32.16,desktop,SG,0,0.0,
250,control,39.73,mobile,PH,1,14.55,
251,treatment,44.86,mobile,SG,0,0.0,
252,treatment,26.38,mobile,ID,1,43.74,
253,control,17.5,desktop,MY,0,0.0,
254,control,15.37,mobile,MY,0,0.0,
255,treatment,28.09,mobile,SG,0,0.0,
256,treatment,64.2,mobile,SG,0,0.0,
257,control,5.35,,SG,0,0.0,
258,treatment,,mobile,ID,1,13.93,
259,control,54.49,desktop,MY,0,0.0,
260,control,39.34,mobile,SG,0,0.0,
261,control,19.27,mobile,PH,0,0.0,
262,treatment,12.83,desktop,ID,0,0.0,
263,control,17.17,mobile,MY,0,0.0,
264,treatment,44.99,desktop,MY,0,0.0,
265,control,,mobile,VN,0,0.0,
266,treatment,34.97,mobile,PH,0,0.0,
267,treatment,65.73,mobile,PH,0,0.0,
268,treatment,17.95,mobile,VN,0,0.0,
269,treatment,5.46,mobile,ID,0,0.0,
270,control,7.0,desktop,ID,0,0.0,
271,treatment,,desktop,SG,0,0.0,
272,control,37.12,mobile,SG,0,0.0,
273,control,12.53,mobile,SG,0,0.0,
274,treatment,112.49,mobile,ID,0,0.0,
275,treatment,67.08,desktop,PH,0,0.0,
276,treatment,24.81,desktop,MY,0,0.0,
277,treatment,27.06,mobile,SG,0,0.0,
278,treatment,13.81,mobile,PH,1,26.9,
279,treatment,51.88,desktop,SG,0,0.0,
280,treatment,32.81,mobile,ID,0,0.0,
281,control,9.58,mobile,MY,0,0.0,
282,control,42.6,mobile,VN,0,0.0,
283,treatment,7.89,mobile,ID,0,0.0,
284,control,5.49,desktop,MY,1,13.34,
285,control,6.58,desktop,MY,0,0.0,
286,control,,mobile,VN,0,0.0,
287,control,46.55,mobile,VN,0,0.0,
288,treatment,27.24,mobile,ID,0,0.0,
289,control,19.59,mobile,SG,0,0.0,
290,control,44.66,desktop,SG,0,0.0,
291,treatment,29.62,mobile,ID,0,0.0,
292,control,40.33,desktop,SG,0,0.0,
293,control,15.11,mobile,MY,0,0.0,
294,treatment,13.56,desktop,ID,0,0.0,
295,control,34.78,mobile,SG,0,0.0,
296,treatment,20.94,mobile,SG,1,43.41,
297,control,19.43,mobile,SG,1,35.13,
298,treatment,,desktop,SG,0,0.0,
299,treatment,15.68,desktop,SG,0,0.0,
300,treatment,85.45,mobile,SG,0,0.0,
301,control,70.26,mobile,ID,0,0.0,
302,treatment,28.65,mobile,MY,0,0.0,
303,control,,desktop,PH,0,0.0,
304,control,27.21,desktop,MY,0,0.0,
305,treatment,,desktop,MY,0,0.0,
306,control,,desktop,SG,0,0.0,
307,treatment,24.5,desktop,VN,0,0.0,
308,treatment,6.89,desktop,VN,0,0.0,
309,control,67.41,desktop,VN,0,0.0,
310,treatment,20.01,mobile,SG,1,22.64,
311,treatment,38.81,mobile,PH,1,10.84,
312,treatment,45.53,mobile,MY,1,30.02,
313,control,,mobile,SG,0,0.0,
314,control,3.27,mobile,SG,0,0.0,
315,control,20.78,desktop,PH,0,0.0,
316,treatment,3.54,desktop,SG,0,0.0,
317,treatment,15.35,desktop,SG,1,47.01,
318,treatment,61.39,mobile,ID,0,0.0,
319,control,19.68,mobile,SG,0,0.0,
320,treatment,19.41,desktop,VN,0,0.0,
321,control,38.07,desktop,MY,0,0.0,
322,control,44.52,desktop,ID,0,0.0,
323,treatment,,mobile,SG,0,0.0,
324,treatment,3.35,,SG,0,0.0,
325,treatment,4.52,desktop,PH,0,0.0,
326,control,29.9,desktop,SG,0,0.0,
327,treatment,23.48,mobile,ID,1,24.71,
328,control,5.17,desktop,SG,1,30.59,
329,control,21.84,mobile,MY,0,0.0,
330,treatment,3.8,desktop,MY,0,0.0,
331,control,16.17,mobile,ID,1,21.42,
332,treatment,32.88,desktop,ID,0,0.0,
333,treatment,48.08,mobile,VN,0,0.0,
334,control,14.67,mobile,SG,0,0.0,
335,treatment,24.32,mobile,VN,0,0.0,
336,control,18.59,mobile,SG,0,0.0,
337,treatment,22.2,mobile,SG,0,0.0,
338,control,,mobile,ID,0,0.0,
339,treatment,11.43,desktop,VN,0,0.0,
340,treatment,17.78,mobile,MY,0,0.0,
341,treatment,44.99,mobile,SG,0,0.0,
342,control,14.44,desktop,MY,0,0.0,
343,control,32.77,desktop,PH,0,0.0,
344,treatment,34.45,desktop,MY,1,29.74,
345,treatment,19.63,desktop,PH,0,0.0,
346,control,49.94,mobile,VN,0,0.0,
347,treatment,15.6,mobile,ID,1,4.39,
348,treatment,46.36,mobile,SG,0,0.0,
349,control,9.72,desktop,SG,0,0.0,
350,control,,mobile,SG,0,0.0,
351,control,12.04,mobile,ID,0,0.0,
352,control,9.74,mobile,ID,0,0.0,
353,treatment,102.49,mobile,PH,1,7.6,
354,treatment,21.13,mobile,PH,0,0.0,
355,treatment,38.1,desktop,ID,0,0.0,
356,treatment,,desktop,SG,0,0.0,
357,control,29.67,desktop,VN,0,0.0,
358,treatment,35.13,mobile,MY,0,0.0,
359,treatment,40.31,desktop,SG,0,0.0,
360,treatment,33.81,mobile,ID,0,0.0,
361,control,71.29,desktop,ID,0,0.0,
362,control,11.89,mobile,SG,0,0.0,
363,treatment,41.4,desktop,PH,1,36.86,
364,control,18.93,,SG,1,18.02,
365,control,21.82,mobile,ID,1,40.53,
366,treatment,,mobile,PH,0,0.0,
367,treatment,49.8,mobile,PH,0,0.0,
368,control,29.34,mobile,ID,0,0.0,
369,control,2.49,mobile,PH,0,0.0,
370,control,31.64,mobile,SG,0,0.0,
371,treatment,24.17,mobile,PH,0,0.0,
372,treatment,18.98,mobile,SG,1,27.63,
373,treatment,20.47,mobile,MY,0,0.0,
374,control,16.63,desktop,ID,0,0.0,
375,control,23.76,mobile,SG,0,0.0,
376,control,20.49,mobile,ID,1,41.35,
377,treatment,28.68,mobile,ID,0,0.0,
378,control,17.15,,MY,0,0.0,
379,treatment,30.49,mobile,PH,0,0.0,
380,treatment,41.94,mobile,ID,0,0.0,
381,control,22.13,desktop,MY,0,0.0,
382,control,6.99,mobile,ID,0,0.0,
383,control,32.24,desktop,VN,0,0.0,
384,control,,mobile,ID,0,0.0,
385,treatment,25.37,mobile,ID,0,0.0,
386,treatment,,mobile,MY,0,0.0,
387,treatment,17.8,desktop,MY,0,0.0,
388,treatment,57.91,desktop,VN,0,0.0,
389,treatment,40.1,desktop,VN,0,0.0,
390,treatment,19.13,mobile,SG,0,0.0,
391,treatment,19.53,desktop,SG,0,0.0,
392,treatment,12.31,mobile,MY,1,63.49,
393,treatment,8.57,mobile,MY,0,0.0,
394,control,23.08,mobile,SG,0,0.0,
395,control,,mobile,ID,0,0.0,
396,control,27.29,mobile,PH,0,0.0,
397,control,15.01,mobile,SG,0,0.0,
398,control,31.85,,SG,0,0.0,
399,treatment,23.34,desktop,PH,0,0.0,
400,treatment,14.31,desktop,PH,0,0.0,
401,control,21.98,desktop,SG,0,0.0,
402,control,32.44,desktop,VN,0,0.0,
403,control,12.11,mobile,ID,0,0.0,
404,control,8.2,mobile,VN,0,0.0,
405,treatment,8.86,mobile,PH,0,0.0,
406,control,9.48,mobile,ID,0,0.0,
407,control,15.27,desktop,ID,0,0.0,
408,treatment,22.39,mobile,ID,0,0.0,
409,treatment,40.91,desktop,SG,0,0.0,
410,treatment,90.66,desktop,MY,0,0.0,
411,treatment,29.2,desktop,VN,0,0.0,
412,treatment,,mobile,SG,0,0.0,
413,control,61.49,desktop,VN,0,0.0,
414,control,77.05,desktop,ID,0,0.0,
415,control,24.16,desktop,MY,0,0.0,
416,treatment,31.38,mobile,SG,0,0.0,
417,treatment,39.7,desktop,PH,0,0.0,
418,treatment,24.23,mobile,SG,0,0.0,
419,treatment,3.72,mobile,VN,1,5.63,
420,control,93.11,mobile,MY,0,0.0,
421,treatment,9.41,mobile,SG,0,0.0,
422,treatment,,mobile,PH,0,0.0,
423,control,28.04,mobile,VN,1,25.97,
424,control,35.49,desktop,PH,0,0.0,
425,treatment,23.12,desktop,ID,0,0.0,
426,control,17.83,mobile,MY,0,0.0,
427,treatment,13.29,desktop,SG,0,0.0,
428,treatment,5.71,mobile,ID,0,0.0,
429,control,38.21,mobile,ID,0,0.0,
430,control,27.22,mobile,ID,0,0.0,
431,control,20.77,desktop,PH,0,0.0,
432,treatment,27.12,desktop,VN,0,0.0,
433,control,72.94,desktop,SG,1,39.26,
434,treatment,8.52,mobile,SG,0,0.0,
435,control,44.05,mobile,MY,0,0.0,
436,control,29.61,desktop,ID,0,0.0,
437,treatment,,mobile,MY,0,0.0,
438,treatment,,desktop,SG,0,0.0,
439,treatment,8.49,mobile,ID,0,0.0,
440,control,29.7,mobile,MY,1,24.95,
441,treatment,18.03,mobile,ID,0,0.0,
442,control,20.62,mobile,MY,0,0.0,
443,treatment,18.5,mobile,MY,0,0.0,
444,treatment,39.12,mobile,SG,0,0.0,
445,treatment,9.7,desktop,ID,0,0.0,
446,control,36.9,mobile,MY,0,0.0,
447,treatment,15.06,mobile,MY,0,0.0,
448,control,10.72,mobile,SG,0,0.0,
449,treatment,14.49,desktop,PH,0,0.0,
450,control,,mobile,ID,0,0.0,
451,control,,mobile,MY,0,0.0,
452,control,22.67,mobile,MY,0,0.0,
453,treatment,32.07,desktop,SG,1,17.95,
454,control,12.31,desktop,ID,0,0.0,
455,control,,mobile,MY,0,0.0,
456,control,24.45,desktop,ID,0,0.0,
457,treatment,53.14,mobile,MY,1,26.49,
458,treatment,29.37,desktop,SG,0,0.0,
459,control,,mobile,ID,0,0.0,
460,treatment,10.45,,SG,1,26.21,
461,treatment,8.79,mobile,ID,0,0.0,
462,treatment,13.36,mobile,SG,0,0.0,
463,treatment,41.3,mobile,PH,0,0.0,
464,control,26.34,mobile,SG,0,0.0,
465,control,31.58,mobile,SG,0,0.0,
466,control,44.66,desktop,SG,0,0.0,
467,control,1.31,mobile,PH,0,0.0,
468,control,51.46,mobile,ID,0,0.0,
469,control,16.02,mobile,MY,0,0.0,
470,treatment,31.3,mobile,PH,0,0.0,
471,treatment,43.99,mobile,ID,1,54.62,
472,treatment,13.88,mobile,VN,0,0.0,
473,treatment,17.55,mobile,MY,0,0.0,
474,control,35.98,mobile,MY,0,0.0,
475,treatment,,desktop,ID,1,18.29,
476,control,24.03,mobile,PH,1,74.12,
477,treatment,5.5,,ID,1,6.51,
478,control,58.39,mobile,MY,0,0.0,
479,treatment,18.73,desktop,SG,1,41.78,
480,control,0.89,mobile,ID,0,0.0,
481,treatment,53.41,desktop,SG,1,6.51,
482,control,12.11,mobile,PH,1,14.67,
483,control,27.75,mobile,PH,0,0.0,
484,treatment,17.11,desktop,MY,1,23.03,
485,treatment,17.97,mobile,MY,0,0.0,
486,treatment,65.1,mobile,PH,0,0.0,
487,control,9.88,mobile,ID,0,0.0,
488,control,16.95,mobile,SG,0,0.0,
489,treatment,36.58,desktop,SG,0,0.0,
490,control,27.18,mobile,ID,0,0.0,
491,control,10.53,mobile,SG,1,25.41,
492,control,25.73,mobile,MY,0,0.0,
493,treatment,33.43,desktop,MY,0,0.0,
494,control,,mobile,MY,1,38.86,
495,control,88.26,desktop,ID,0,0.0,
496,treatment,,,MY,0,0.0,
497,treatment,26.28,mobile,MY,0,0.0,
498,control,38.78,desktop,ID,0,0.0,
499,treatment,16.09,mobile,SG,0,0.0,
500,control,5.16,desktop,MY,0,0.0,
501,control,27.81,mobile,MY,0,0.0,
502,control,49.0,mobile,SG,1,25.33,
503,treatment,53.07,mobile,MY,0,0.0,
504,treatment,23.58,desktop,SG,0,0.0,
505,control,20.29,desktop,PH,1,17.91,
506,treatment,36.22,mobile,VN,1,49.55,
507,treatment,4.35,mobile,SG,0,0.0,
508,treatment,24.37,mobile,MY,0,0.0,
509,treatment,,mobile,ID,0,0.0,
510,control,15.32,mobile,SG,1,9.76,
511,control,17.98,desktop,SG,0,0.0,
512,treatment,50.33,mobile,MY,0,0.0,
513,control,35.42,mobile,SG,0,0.0,
514,treatment,16.67,mobile,PH,0,0.0,
515,control,28.74,desktop,PH,0,0.0,
516,treatment,15.46,desktop,SG,1,30.72,
517,treatment,33.33,mobile,SG,1,20.67,
518,treatment,4.61,desktop,SG,0,0.0,
519,control,14.04,desktop,SG,0,0.0,
520,treatment,36.33,mobile,SG,1,15.49,
521,treatment,,desktop,VN,0,0.0,
522,control,14.28,desktop,SG,0,0.0,
523,control,27.68,mobile,ID,0,0.0,
524,control,19.95,mobile,SG,1,14.57,
525,control,28.22,,ID,0,0.0,
526,treatment,3.85,desktop,ID,0,0.0,
527,control,30.83,desktop,MY,0,0.0,
528,control,6.84,,MY,0,0.0,
529,control,12.17,desktop,ID,0,0.0,
530,treatment,47.86,mobile,SG,0,0.0,
531,treatment,39.71,,ID,1,49.9,
532,control,1.16,desktop,ID,0,0.0,
533,treatment,99.01,mobile,PH,0,0.0,
534,control,,mobile,SG,0,0.0,
535,control,77.13,desktop,VN,0,0.0,
536,treatment,8.91,mobile,ID,0,0.0,
537,control,17.46,desktop,PH,0,0.0,
538,treatment,38.95,mobile,ID,0,0.0,
539,control,86.33,mobile,SG,0,0.0,
540,control,60.96,desktop,PH,0,0.0,
541,control,23.52,mobile,SG,1,13.62,
542,control,41.89,mobile,ID,0,0.0,
543,treatment,56.22,mobile,MY,0,0.0,
544,control,24.97,mobile,MY,0,0.0,
545,treatment,,mobile,ID,0,0.0,
546,treatment,20.08,mobile,PH,0,0.0,
547,treatment,34.53,mobile,PH,0,0.0,
548,treatment,37.55,desktop,SG,0,0.0,
549,treatment,32.25,desktop,SG,0,0.0,
550,treatment,17.39,mobile,ID,0,0.0,
551,control,,desktop,SG,1,5.65,
552,control,21.03,mobile,SG,0,0.0,
553,control,13.81,mobile,ID,1,10.58,
554,treatment,15.93,mobile,SG,1,25.83,
555,treatment,26.78,desktop,MY,0,0.0,
556,control,13.75,desktop,SG,0,0.0,
557,treatment,20.82,mobile,MY,0,0.0,
558,control,44.51,mobile,PH,0,0.0,
559,treatment,18.81,mobile,PH,0,0.0,
560,control,19.3,mobile,PH,0,0.0,
561,treatment,22.4,desktop,ID,0,0.0,
562,treatment,28.2,desktop,VN,0,0.0,
563,control,7.35,mobile,SG,0,0.0,
564,control,78.08,mobile,MY,0,0.0,
565,control,34.77,mobile,SG,0,0.0,
566,control,52.11,desktop,PH,0,0.0,
567,treatment,65.77,desktop,ID,0,0.0,
568,control,25.04,desktop,SG,0,0.0,
569,treatment,9.86,desktop,PH,0,0.0,
570,control,17.98,mobile,ID,0,0.0,
571,treatment,,desktop,ID,0,0.0,
572,control,77.67,desktop,SG,0,0.0,
573,control,21.82,mobile,MY,1,9.9,
574,treatment,23.12,mobile,SG,0,0.0,
575,treatment,12.05,desktop,ID,0,0.0,
576,treatment,72.09,mobile,SG,1,28.52,
577,treatment,,mobile,SG,0,0.0,
578,treatment,36.2,mobile,SG,0,0.0,
579,treatment,14.25,mobile,ID,0,0.0,
580,control,47.08,mobile,VN,0,0.0,
581,control,75.61,,SG,0,0.0,
582,treatment,17.22,desktop,VN,0,0.0,
583,treatment,27.22,,PH,0,0.0,
584,control,12.33,mobile,PH,0,0.0,
585,control,66.13,desktop,MY,0,0.0,
586,treatment,12.31,mobile,ID,0,0.0,
587,treatment,19.8,,MY,0,0.0,
588,treatment,42.95,mobile,SG,0,0.0,
589,treatment,14.79,desktop,ID,0,0.0,
590,treatment,21.19,mobile,SG,0,0.0,
591,control,25.74,desktop,MY,0,0.0,
592,control,17.83,mobile,SG,0,0.0,
593,control,25.61,desktop,SG,0,0.0,
594,control,,mobile,ID,0,0.0,
595,treatment,,desktop,SG,0,0.0,
596,treatment,63.31,mobile,ID,0,0.0,
597,control,22.73,mobile,ID,1,32.46,
598,control,60.33,mobile,ID,0,0.0,
599,control,93.35,mobile,ID,0,0.0,
600,treatment,,mobile,SG,1,17.27,
601,control,22.15,,MY,0,0.0,
602,treatment,22.42,desktop,MY,1,55.95,
603,control,39.49,mobile,MY,0,0.0,
604,control,16.63,mobile,SG,0,0.0,
605,control,13.81,desktop,ID,0,0.0,
606,treatment,,mobile,SG,1,48.28,
607,treatment,3.41,mobile,ID,0,0.0,
608,treatment,47.6,mobile,ID,0,0.0,
609,control,18.84,mobile,MY,0,0.0,
610,treatment,27.34,mobile,SG,0,0.0,
611,treatment,13.91,desktop,SG,0,0.0,
612,control,11.99,mobile,MY,0,0.0,
613,treatment,,mobile,PH,1,22.56,
614,treatment,24.95,desktop,VN,0,0.0,
615,control,16.53,desktop,PH,0,0.0,
616,treatment,7.01,mobile,PH,0,0.0,
617,control,12.22,desktop,SG,0,0.0,
618,control,58.7,mobile,ID,0,0.0,
619,treatment,21.8,desktop,SG,0,0.0,
620,treatment,21.48,mobile,SG,0,0.0,
621,treatment,37.78,desktop,VN,0,0.0,
622,control,16.06,mobile,MY,0,0.0,
623,treatment,26.53,mobile,SG,0,0.0,
624,treatment,24.71,desktop,SG,1,56.26,
625,treatment,18.99,mobile,PH,0,0.0,
626,treatment,19.02,mobile,VN,0,0.0,
627,control,11.3,mobile,MY,0,0.0,
628,treatment,65.06,desktop,VN,0,0.0,
629,treatment,,desktop,ID,0,0.0,
630,control,56.94,mobile,SG,0,0.0,
631,control,39.19,mobile,SG,0,0.0,
632,treatment,84.84,mobile,PH,0,0.0,
633,treatment,40.2,mobile,SG,1,22.57,
634,control,,desktop,SG,0,0.0,
635,control,30.31,,MY,1,4.62,
636,treatment,17.04,mobile,MY,0,0.0,
637,control,10.1,mobile,SG,0,0.0,
638,treatment,43.98,desktop,SG,1,13.32,
639,treatment,60.86,desktop,ID,0,0.0,
640,control,64.89,mobile,PH,1,39.27,
641,treatment,28.12,mobile,ID,0,0.0,
642,treatment,31.37,desktop,MY,0,0.0,
643,treatment,42.3,desktop,MY,0,0.0,
644,treatment,12.75,desktop,SG,0,0.0,
645,control,,desktop,PH,0,0.0,
646,treatment,64.61,mobile,PH,0,0.0,
647,control,24.42,mobile,ID,1,4.7,
648,treatment,50.39,mobile,ID,0,0.0,
649,control,31.52,desktop,VN,0,0.0,
650,control,35.23,mobile,MY,1,43.52,
651,treatment,47.63,desktop,SG,0,0.0,
652,treatment,11.81,mobile,MY,0,0.0,
653,treatment,,mobile,SG,0,0.0,
654,treatment,,mobile,VN,0,0.0,
655,treatment,4.13,mobile,SG,0,0.0,
656,treatment,3.57,mobile,ID,0,0.0,
657,treatment,3.15,desktop,SG,0,0.0,
658,treatment,32.67,mobile,ID,0,0.0,
659,control,8.93,mobile,SG,0,0.0,
660,treatment,13.53,desktop,SG,0,0.0,
661,control,3.05,mobile,PH,0,0.0,
662,treatment,9.27,mobile,MY,0,0.0,
663,control,15.94,mobile,ID,0,0.0,
664,control,19.43,desktop,SG,0,0.0,
665,control,28.95,mobile,VN,0,0.0,
666,treatment,,mobile,MY,0,0.0,
667,treatment,32.84,desktop,PH,0,0.0,
668,treatment,2.81,mobile,PH,0,0.0,
669,treatment,44.73,desktop,PH,0,0.0,
670,treatment,84.43,desktop,PH,0,0.0,
671,control,82.57,mobile,SG,0,0.0,
672,control,19.84,desktop,ID,0,0.0,
673,control,0.89,mobile,SG,0,0.0,
674,control,21.34,desktop,SG,0,0.0,
675,treatment,14.95,mobile,MY,0,0.0,
676,control,9.25,,ID,0,0.0,
677,treatment,58.78,desktop,VN,1,22.77,
678,control,74.51,mobile,PH,0,0.0,
679,control,5.6,mobile,SG,1,18.32,
680,treatment,44.75,mobile,SG,0,0.0,
681,control,55.93,mobile,SG,0,0.0,
682,control,,mobile,ID,0,0.0,
683,treatment,3.15,mobile,PH,0,0.0,
684,treatment,11.74,mobile,VN,0,0.0,
685,control,37.35,mobile,MY,0,0.0,
686,treatment,41.77,desktop,VN,0,0.0,
687,control,29.48,desktop,SG,0,0.0,
688,treatment,49.64,mobile,PH,0,0.0,
689,control,39.43,mobile,ID,0,0.0,
690,treatment,59.04,mobile,SG,1,15.32,
691,treatment,11.04,desktop,PH,0,0.0,
692,control,27.62,mobile,PH,0,0.0,
693,treatment,66.4,mobile,PH,0,0.0,
694,treatment,30.26,mobile,MY,0,0.0,
695,treatment,,,MY,0,0.0,
696,control,6.49,mobile,SG,1,19.18,
697,control,87.07,mobile,MY,0,0.0,
698,treatment,29.28,mobile,VN,1,23.15,
699,treatment,31.54,mobile,SG,0,0.0,
700,treatment,6.11,mobile,SG,0,0.0,
701,control,24.81,mobile,PH,0,0.0,
702,treatment,47.51,mobile,MY,0,0.0,
703,control,14.27,desktop,ID,0,0.0,
704,control,10.52,desktop,PH,0,0.0,
705,control,2.0,mobile,MY,0,0.0,
706,treatment,,mobile,ID,0,0.0,
707,control,7.52,,ID,0,0.0,
708,control,4.78,mobile,ID,0,0.0,
709,treatment,44.53,mobile,MY,1,19.36,
710,treatment,2.81,mobile,PH,0,0.0,
711,treatment,25.49,,ID,0,0.0,
712,treatment,8.7,desktop,ID,0,0.0,
713,treatment,10.19,mobile,MY,0,0.0,
714,treatment,23.68,mobile,MY,1,21.2,
715,treatment,40.33,desktop,SG,0,0.0,
716,control,15.09,desktop,ID,1,13.74,
717,control,39.14,desktop,ID,0,0.0,
718,control,20.38,desktop,MY,0,0.0,
719,control,18.48,desktop,SG,0,0.0,
720,control,15.82,mobile,PH,1,14.74,
721,treatment,78.51,mobile,ID,0,0.0,
722,control,,mobile,MY,0,0.0,
723,treatment,,desktop,MY,0,0.0,
724,treatment,35.61,desktop,SG,0,0.0,
725,treatment,60.31,mobile,ID,0,0.0,
726,treatment,58.72,desktop,SG,0,0.0,
727,treatment,26.95,mobile,ID,0,0.0,
728,treatment,38.86,mobile,MY,0,0.0,
729,treatment,21.54,desktop,SG,0,0.0,
730,treatment,10.86,mobile,VN,0,0.0,
731,treatment,34.48,desktop,SG,0,0.0,
732,treatment,32.57,mobile,VN,0,0.0,
733,treatment,,mobile,SG,0,0.0,
734,control,23.32,mobile,MY,0,0.0,
735,control,13.07,mobile,ID,0,0.0,
736,control,6.54,mobile,SG,0,0.0,
737,control,15.05,mobile,SG,0,0.0,
738,control,88.7,desktop,SG,1,19.68,
739,treatment,57.87,desktop,ID,0,0.0,
740,control,9.89,mobile,ID,0,0.0,
741,treatment,66.98,desktop,SG,0,0.0,
742,treatment,11.16,mobile,SG,0,0.0,
743,treatment,,mobile,ID,1,10.79,
744,treatment,29.15,mobile,VN,0,0.0,
745,control,9.0,mobile,ID,0,0.0,
746,control,28.63,mobile,SG,0,0.0,
747,control,41.96,mobile,MY,0,0.0,
748,control,11.96,desktop,SG,0,0.0,
749,treatment,22.41,mobile,SG,1,24.72,
750,control,7.66,mobile,ID,0,0.0,
751,control,28.51,mobile,ID,0,0.0,
752,treatment,45.53,,SG,0,0.0,
753,control,23.3,mobile,SG,0,0.0,
754,control,21.42,mobile,SG,0,0.0,
755,treatment,10.97,desktop,SG,1,23.66,
756,treatment,33.53,desktop,ID,0,0.0,
757,treatment,88.45,mobile,VN,0,0.0,
758,control,38.18,mobile,SG,0,0.0,
759,treatment,,mobile,SG,0,0.0,
760,control,43.15,mobile,ID,0,0.0,
761,treatment,29.9,mobile,ID,0,0.0,
762,treatment,30.88,mobile,SG,0,0.0,
763,control,10.96,desktop,PH,0,0.0,
764,control,35.25,desktop,SG,0,0.0,
765,control,,mobile,MY,0,0.0,
766,treatment,134.21,mobile,SG,1,25.9,
767,control,16.86,mobile,ID,0,0.0,
768,control,9.5,desktop,SG,0,0.0,
769,treatment,35.67,mobile,SG,0,0.0,
770,control,3.83,desktop,MY,0,0.0,
771,control,26.83,desktop,MY,0,0.0,
772,control,20.64,desktop,MY,0,0.0,
773,treatment,35.67,desktop,PH,0,0.0,
774,control,50.51,desktop,PH,0,0.0,
775,treatment,17.48,mobile,MY,0,0.0,
776,control,34.38,desktop,SG,0,0.0,
777,control,13.78,desktop,ID,0,0.0,
778,treatment,14.28,mobile,SG,0,0.0,
779,treatment,43.48,mobile,MY,0,0.0,
780,treatment,10.25,mobile,ID,0,0.0,
781,treatment,6.93,mobile,ID,0,0.0,
782,treatment,32.88,mobile,SG,0,0.0,
783,control,33.74,,ID,0,0.0,
784,treatment,48.55,mobile,SG,0,0.0,
785,control,14.13,desktop,ID,0,0.0,
786,control,15.06,,SG,0,0.0,
787,control,20.9,mobile,ID,0,0.0,
788,control,42.3,mobile,ID,0,0.0,
789,control,18.84,mobile,VN,0,0.0,
790,treatment,16.06,desktop,MY,0,0.0,
791,control,32.42,mobile,MY,1,21.6,
792,control,35.27,mobile,PH,0,0.0,
793,control,35.56,mobile,ID,0,0.0,
794,treatment,30.82,desktop,PH,0,0.0,
795,control,,mobile,SG,0,0.0,
796,treatment,37.92,desktop,MY,0,0.0,
797,control,14.22,mobile,ID,0,0.0,
798,treatment,14.47,mobile,ID,0,0.0,
799,treatment,,desktop,MY,1,20.33,
800,control,50.25,mobile,SG,0,0.0,
801,control,11.4,mobile,SG,0,0.0,
802,treatment,18.25,mobile,PH,0,0.0,
803,control,5.54,desktop,ID,0,0.0,
804,treatment,19.53,mobile,ID,1,5.73,
805,control,18.42,mobile,PH,0,0.0,
806,control,42.12,desktop,MY,0,0.0,
807,treatment,37.72,mobile,ID,0,0.0,
808,treatment,12.51,desktop,ID,0,0.0,
809,treatment,29.0,mobile,MY,0,0.0,
810,treatment,13.18,desktop,PH,1,27.43,
811,treatment,12.53,mobile,PH,0,0.0,
812,control,30.48,mobile,ID,0,0.0,
813,treatment,19.27,desktop,PH,0,0.0,
814,control,9.8,mobile,ID,0,0.0,
815,treatment,12.97,mobile,SG,0,0.0,
816,control,12.78,,ID,0,0.0,
817,treatment,54.15,mobile,ID,0,0.0,
818,treatment,,mobile,MY,0,0.0,
819,control,11.57,mobile,ID,1,37.85,
820,control,,desktop,MY,0,0.0,
821,treatment,22.28,mobile,SG,0,0.0,
822,treatment,84.43,mobile,MY,0,0.0,
823,control,25.91,,MY,0,0.0,
824,treatment,8.99,desktop,SG,0,0.0,
825,control,27.15,desktop,PH,0,0.0,
826,treatment,11.57,,ID,0,0.0,
827,treatment,50.41,desktop,ID,0,0.0,
828,treatment,,mobile,SG,0,0.0,
829,control,14.45,mobile,SG,0,0.0,
830,control,7.19,desktop,ID,0,0.0,
831,control,15.26,mobile,SG,0,0.0,
832,treatment,23.06,desktop,MY,0,0.0,
833,treatment,8.01,mobile,VN,0,0.0,
834,control,94.98,mobile,PH,0,0.0,
835,treatment,33.08,,VN,0,0.0,
836,control,11.1,mobile,MY,0,0.0,
837,control,20.57,desktop,SG,0,0.0,
838,control,26.66,mobile,ID,0,0.0,
839,control,,desktop,MY,0,0.0,
840,treatment,21.58,,SG,0,0.0,
841,treatment,5.59,desktop,PH,0,0.0,
842,control,77.96,mobile,ID,0,0.0,
843,treatment,6.65,mobile,SG,0,0.0,
844,treatment,23.64,mobile,MY,0,0.0,
845,treatment,33.62,mobile,VN,0,0.0,
846,control,28.39,desktop,ID,0,0.0,
847,treatment,48.54,mobile,ID,0,0.0,
848,treatment,38.76,desktop,ID,0,0.0,
849,control,,desktop,SG,0,0.0,
850,control,,mobile,SG,0,0.0,
851,control,4.63,,MY,0,0.0,
852,control,,desktop,MY,0,0.0,
853,treatment,13.04,mobile,ID,0,0.0,
854,control,18.17,desktop,ID,1,36.69,
855,control,10.74,desktop,SG,0,0.0,
856,treatment,80.62,mobile,VN,1,51.64,
857,treatment,46.47,,SG,0,0.0,
858,control,,mobile,SG,1,8.39,
859,treatment,34.96,mobile,ID,0,0.0,
860,treatment,27.25,mobile,SG,0,0.0,
861,treatment,14.58,desktop,ID,0,0.0,
862,treatment,,desktop,ID,1,24.78,
863,treatment,22.88,desktop,MY,0,0.0,
864,control,5.51,mobile,MY,0,0.0,
865,treatment,48.01,mobile,SG,0,0.0,
866,treatment,8.17,mobile,ID,0,0.0,
867,treatment,24.73,mobile,ID,0,0.0,
868,treatment,,mobile,ID,0,0.0,
869,control,26.78,mobile,SG,0,0.0,
870,treatment,14.44,desktop,MY,0,0.0,
871,control,31.58,mobile,ID,0,0.0,
872,treatment,22.97,mobile,ID,0,0.0,
873,control,70.68,desktop,SG,0,0.0,
874,control,6.65,desktop,PH,0,0.0,
875,control,52.5,desktop,ID,0,0.0,
876,treatment,39.2,mobile,ID,0,0.0,
877,treatment,,mobile,SG,0,0.0,
878,treatment,26.28,mobile,MY,0,0.0,
879,control,39.97,mobile,VN,0,0.0,
880,control,4.7,desktop,MY,0,0.0,
881,control,23.34,mobile,ID,0,0.0,
882,treatment,36.06,desktop,SG,0,0.0,
883,treatment,67.09,,SG,0,0.0,
884,treatment,10.89,mobile,ID,0,0.0,
885,control,45.58,mobile,ID,0,0.0,
886,treatment,25.46,mobile,ID,0,0.0,
887,treatment,21.0,mobile,MY,0,0.0,
888,treatment,17.03,desktop,SG,0,0.0,
889,treatment,34.07,mobile,VN,0,0.0,
890,treatment,24.62,,VN,0,0.0,
891,treatment,44.28,mobile,MY,0,0.0,
892,treatment,38.29,mobile,VN,0,0.0,
893,control,7.09,desktop,ID,0,0.0,
894,treatment,28.11,mobile,SG,0,0.0,
895,treatment,10.29,mobile,MY,0,0.0,
896,treatment,18.07,mobile,MY,1,44.27,
897,treatment,52.74,mobile,ID,0,0.0,
898,treatment,10.54,mobile,PH,0,0.0,
899,treatment,,mobile,SG,0,0.0,
900,control,47.91,mobile,VN,0,0.0,
901,treatment,34.64,mobile,ID,0,0.0,
902,treatment,35.38,desktop,PH,0,0.0,
903,treatment,,mobile,SG,0,0.0,
904,control,62.54,mobile,VN,0,0.0,
905,control,32.13,mobile,MY,0,0.0,
906,control,69.2,mobile,ID,0,0.0,
907,treatment,21.71,desktop,MY,0,0.0,
908,control,17.85,mobile,MY,0,0.0,
909,treatment,9.35,desktop,ID,0,0.0,
910,treatment,64.68,mobile,VN,0,0.0,
911,control,51.06,desktop,ID,1,24.29,
912,treatment,13.8,mobile,SG,0,0.0,
913,treatment,18.62,mobile,ID,0,0.0,
914,treatment,14.05,desktop,MY,0,0.0,
915,control,6.59,mobile,VN,0,0.0,
916,control,32.07,mobile,SG,0,0.0,
917,treatment,46.87,mobile,SG,1,32.85,
918,control,13.24,mobile,ID,0,0.0,
919,treatment,5.01,mobile,MY,0,0.0,
920,treatment,16.34,mobile,MY,0,0.0,
921,control,41.53,,PH,0,0.0,
922,control,36.66,mobile,SG,0,0.0,
923,treatment,13.54,desktop,VN,0,0.0,
924,control,9.14,mobile,MY,0,0.0,
925,treatment,22.04,mobile,MY,0,0.0,
926,treatment,26.26,mobile,MY,0,0.0,
927,control,49.33,mobile,ID,0,0.0,
928,treatment,23.3,desktop,SG,0,0.0,
929,treatment,27.38,desktop,MY,0,0.0,
930,treatment,59.1,mobile,MY,0,0.0,
931,control,23.25,desktop,VN,0,0.0,
932,treatment,,mobile,ID,0,0.0,
933,treatment,10.88,desktop,SG,0,0.0,
934,treatment,32.36,mobile,MY,0,0.0,
935,control,35.8,desktop,SG,0,0.0,
936,treatment,10.6,mobile,SG,0,0.0,
937,control,22.19,mobile,MY,0,0.0,
938,treatment,38.04,mobile,SG,1,15.56,
939,treatment,20.06,mobile,MY,0,0.0,
940,treatment,38.97,desktop,ID,1,27.39,
941,control,15.3,mobile,MY,0,0.0,
942,control,39.04,,SG,0,0.0,
943,treatment,,mobile,MY,0,0.0,
944,control,36.06,mobile,MY,0,0.0,
945,control,18.35,desktop,SG,0,0.0,
946,control,6.98,mobile,MY,0,0.0,
947,control,32.4,mobile,ID,0,0.0,
948,control,86.42,mobile,SG,0,0.0,
949,control,39.83,desktop,PH,0,0.0,
950,treatment,19.73,desktop,SG,0,0.0,
951,treatment,42.26,mobile,ID,0,0.0,
952,treatment,16.41,mobile,ID,0,0.0,
953,control,10.13,mobile,MY,0,0.0,
954,treatment,13.13,mobile,ID,0,0.0,
955,control,,mobile,MY,0,0.0,
956,treatment,75.9,mobile,ID,0,0.0,
957,treatment,29.57,mobile,MY,0,0.0,
958,control,6.97,mobile,SG,0,0.0,
959,control,42.88,desktop,PH,0,0.0,
960,treatment,21.58,desktop,ID,1,29.15,
961,control,61.22,desktop,SG,0,0.0,
962,control,10.5,desktop,VN,0,0.0,
963,treatment,12.13,mobile,MY,0,0.0,
964,treatment,31.45,mobile,ID,0,0.0,
965,control,,mobile,SG,0,0.0,
966,control,39.36,desktop,PH,0,0.0,
967,control,25.77,,PH,1,36.93,
968,treatment,28.14,mobile,ID,0,0.0,
969,control,,mobile,ID,0,0.0,
970,treatment,34.6,mobile,PH,0,0.0,
971,treatment,35.44,mobile,MY,0,0.0,
972,treatment,33.48,desktop,ID,0,0.0,
973,control,69.62,desktop,SG,0,0.0,
974,control,14.16,mobile,VN,0,0.0,
975,treatment,8.35,mobile,SG,0,0.0,
976,treatment,,mobile,MY,0,0.0,
977,control,9.15,desktop,SG,0,0.0,
978,control,25.11,desktop,ID,0,0.0,
979,control,,mobile,ID,1,35.02,
980,control,78.75,desktop,PH,0,0.0,
981,control,13.46,mobile,PH,0,0.0,
982,treatment,17.45,mobile,MY,1,8.96,
983,treatment,,desktop,MY,0,0.0,
984,control,30.27,mobile,SG,0,0.0,
985,control,34.18,desktop,ID,0,0.0,
986,treatment,28.72,desktop,SG,0,0.0,
987,control,11.23,desktop,MY,0,0.0,
988,treatment,17.49,desktop,SG,1,22.76,
989,control,18.2,mobile,PH,0,0.0,
990,control,68.33,mobile,VN,0,0.0,
991,treatment,33.41,,SG,0,0.0,
992,control,18.29,mobile,SG,0,0.0,
993,treatment,16.33,mobile,MY,0,0.0,
994,control,,desktop,SG,0,0.0,
995,control,71.09,mobile,PH,1,10.14,
996,control,6.97,mobile,SG,0,0.0,
997,control,18.59,mobile,VN,0,0.0,
998,control,26.95,desktop,SG,0,0.0,
999,control,51.81,mobile,MY,0,0.0,
1000,control,33.65,mobile,ID,0,0.0,
999999,treatment,junk,junk,junk,junk,junk,junk,junk,junk,junk
1001,treatment,7.43,desktop,ID,1,7.86,
1002,control,5.12,desktop,ID,0,0.0,
1003,treatment,9.97,mobile,SG,0,0.0,
1004,control,12.97,mobile,MY,0,0.0,
1005,control,21.92,mobile,SG,0,0.0,
1006,control,18.33,mobile,PH,0,0.0,
1007,treatment,36.89,mobile,ID,0,0.0,
1008,control,16.15,desktop,SG,0,0.0,
1009,control,35.7,mobile,SG,0,0.0,
1010,treatment,,desktop,ID,0,0.0,
1011,control,65.91,mobile,VN,0,0.0,
1012,treatment,34.7,mobile,MY,0,0.0,
1013,control,6.23,mobile,ID,0,0.0,
1014,treatment,36.07,mobile,MY,0,0.0,
1015,control,14.95,mobile,ID,0,0.0,
1016,treatment,35.4,,PH,0,0.0,
1017,treatment,37.39,mobile,PH,0,0.0,
1018,treatment,43.61,mobile,SG,0,0.0,
1019,control,15.03,mobile,VN,1,6.93,
1020,control,92.7,desktop,SG,1,9.28,
1021,treatment,,desktop,SG,0,0.0,
1022,control,5.25,mobile,VN,1,19.26,
1023,treatment,16.62,mobile,ID,0,0.0,
1024,treatment,7.12,desktop,SG,0,0.0,
1025,control,25.72,desktop,ID,0,0.0,
1026,control,68.99,desktop,PH,0,0.0,
1027,control,18.03,mobile,ID,0,0.0,
1028,treatment,14.65,desktop,SG,0,0.0,
1029,control,5.07,desktop,MY,0,0.0,
1030,treatment,23.82,desktop,PH,0,0.0,
1031,control,30.95,desktop,MY,0,0.0,
1032,treatment,1.77,mobile,VN,0,0.0,
1033,treatment,28.28,mobile,MY,0,0.0,
1034,treatment,8.09,desktop,SG,0,0.0,
1035,treatment,6.74,desktop,VN,0,0.0,
1036,control,48.29,mobile,VN,0,0.0,
1037,treatment,13.5,mobile,MY,0,0.0,
1038,treatment,41.6,mobile,SG,0,0.0,
1039,treatment,15.83,mobile,VN,0,0.0,
1040,control,62.28,mobile,SG,1,25.63,
1041,treatment,43.97,desktop,SG,0,0.0,
1042,treatment,123.7,mobile,PH,0,0.0,
1043,treatment,37.05,desktop,PH,1,42.05,
1044,treatment,55.07,mobile,SG,1,23.96,
1045,control,49.47,mobile,SG,0,0.0,
1046,control,10.22,mobile,VN,0,0.0,
1047,treatment,33.43,,ID,0,0.0,
1048,control,7.68,mobile,MY,0,0.0,
1049,treatment,21.57,mobile,SG,0,0.0,
1050,control,6.17,mobile,SG,0,0.0,
1051,treatment,28.03,mobile,SG,1,7.78,
1052,treatment,22.48,mobile,ID,0,0.0,
1053,treatment,5.73,desktop,MY,0,0.0,
1054,treatment,33.7,desktop,ID,0,0.0,
1055,control,8.01,desktop,MY,0,0.0,
1056,treatment,,desktop,SG,0,0.0,
1057,control,,mobile,SG,0,0.0,
1058,control,27.9,desktop,ID,0,0.0,
1059,control,,mobile,PH,0,0.0,
1060,control,20.06,mobile,ID,1,18.7,
1061,control,12.06,mobile,VN,0,0.0,
1062,treatment,45.74,desktop,PH,0,0.0,
1063,control,20.29,desktop,MY,0,0.0,
1064,control,21.4,,PH,0,0.0,
1065,treatment,31.83,mobile,SG,0,0.0,
1066,treatment,10.42,desktop,MY,0,0.0,
1067,control,11.56,mobile,ID,0,0.0,
1068,treatment,20.55,mobile,ID,0,0.0,
1069,treatment,36.01,mobile,PH,0,0.0,
1070,treatment,20.55,,SG,0,0.0,
1071,treatment,23.27,desktop,SG,0,0.0,
1072,treatment,,mobile,SG,0,0.0,
1073,control,122.53,desktop,SG,0,0.0,
1074,treatment,,desktop,ID,0,0.0,
1075,control,16.65,mobile,ID,0,0.0,
1076,treatment,46.59,mobile,ID,0,0.0,
1077,treatment,38.13,desktop,VN,0,0.0,
1078,control,62.7,,SG,1,23.12,
1079,control,4.1,mobile,SG,0,0.0,
1080,control,39.64,mobile,ID,0,0.0,
1081,control,13.86,desktop,MY,0,0.0,
1082,treatment,32.33,mobile,PH,0,0.0,
1083,control,0.22,mobile,ID,0,0.0,
1084,treatment,94.2,desktop,ID,0,0.0,
1085,treatment,4.46,mobile,ID,0,0.0,
1086,treatment,18.91,desktop,ID,0,0.0,
1087,treatment,44.98,mobile,SG,0,0.0,
1088,control,25.07,desktop,ID,0,0.0,
1089,treatment,45.12,mobile,SG,0,0.0,
1090,treatment,13.2,mobile,PH,0,0.0,
1091,control,86.29,mobile,MY,0,0.0,
1092,control,17.32,mobile,ID,0,0.0,
1093,control,30.5,mobile,PH,0,0.0,
1094,treatment,42.51,mobile,SG,1,29.17,
1095,treatment,20.96,mobile,SG,0,0.0,
1096,control,17.66,mobile,ID,0,0.0,
1097,control,22.72,mobile,MY,1,33.55,
1098,control,9.11,mobile,SG,0,0.0,
1099,control,19.31,desktop,ID,0,0.0,
1100,control,34.15,mobile,MY,0,0.0,
1101,control,13.39,mobile,MY,0,0.0,
1102,control,57.23,mobile,MY,0,0.0,
1103,control,29.56,,MY,1,38.33,
1104,treatment,3.67,desktop,ID,0,0.0,
1105,control,,mobile,MY,0,0.0,
1106,treatment,,mobile,MY,0,0.0,
1107,treatment,13.35,desktop,ID,0,0.0,
1108,control,32.54,mobile,MY,0,0.0,
1109,treatment,48.57,desktop,SG,0,0.0,
1110,treatment,48.6,mobile,MY,0,0.0,
1111,control,17.3,desktop,SG,0,0.0,
1112,treatment,2.18,mobile,SG,0,0.0,
1113,treatment,7.03,mobile,SG,0,0.0,
1114,treatment,24.25,desktop,MY,1,57.64,
1115,treatment,32.52,mobile,MY,0,0.0,
1116,control,12.38,desktop,PH,0,0.0,
1117,control,3.73,mobile,VN,1,39.91,
1118,control,16.54,desktop,MY,0,0.0,
1119,control,10.26,mobile,VN,0,0.0,
1120,control,14.77,desktop,SG,0,0.0,
1121,control,21.15,mobile,SG,1,37.19,
1122,control,50.05,desktop,MY,0,0.0,
1123,treatment,7.8,mobile,ID,0,0.0,
1124,control,28.38,,ID,0,0.0,
1125,control,23.78,mobile,ID,0,0.0,
1126,treatment,18.95,mobile,MY,0,0.0,
1127,control,31.86,desktop,ID,0,0.0,
1128,treatment,40.3,mobile,SG,0,0.0,
1129,treatment,57.02,mobile,MY,0,0.0,
1130,treatment,50.98,mobile,ID,0,0.0,
1131,control,15.19,mobile,PH,1,37.87,
1132,control,63.23,desktop,MY,1,20.22,
1133,control,73.25,mobile,ID,0,0.0,
1134,control,64.97,mobile,ID,0,0.0,
1135,control,56.19,desktop,SG,0,0.0,
1136,treatment,,desktop,SG,0,0.0,
1137,treatment,36.26,mobile,ID,1,9.6,
1138,control,25.08,mobile,VN,0,0.0,
1139,treatment,16.16,mobile,PH,0,0.0,
1140,control,26.17,desktop,ID,0,0.0,
1141,control,8.03,desktop,PH,0,0.0,
1142,control,29.98,desktop,VN,0,0.0,
1143,control,,mobile,ID,0,0.0,
1144,control,29.94,mobile,SG,0,0.0,
1145,treatment,,mobile,ID,0,0.0,
1146,treatment,26.23,desktop,ID,0,0.0,
1147,treatment,45.84,mobile,MY,0,0.0,
1148,treatment,38.55,mobile,SG,0,0.0,
1149,control,89.07,mobile,MY,0,0.0,
1150,treatment,7.83,mobile,ID,0,0.0,
1151,treatment,39.64,desktop,SG,0,0.0,
1152,control,30.26,desktop,ID,0,0.0,
1153,treatment,,mobile,ID,0,0.0,
1154,treatment,16.8,mobile,PH,0,0.0,
1155,treatment,7.73,mobile,MY,0,0.0,
1156,treatment,34.59,mobile,SG,0,0.0,
1157,control,5.19,mobile,SG,0,0.0,
1158,control,10.51,mobile,MY,1,2.99,
1159,control,11.36,mobile,MY,0,0.0,
1160,treatment,12.63,mobile,MY,1,15.06,
1161,control,,desktop,MY,0,0.0,
1162,control,7.36,mobile,PH,0,0.0,
1163,treatment,39.49,mobile,SG,0,0.0,
1164,control,24.23,mobile,MY,0,0.0,
1165,control,56.71,mobile,MY,0,0.0,
1166,treatment,25.84,mobile,SG,0,0.0,
1167,control,15.96,mobile,ID,0,0.0,
1168,treatment,13.43,desktop,MY,0,0.0,
1169,treatment,28.13,desktop,ID,0,0.0,
1170,treatment,10.79,desktop,VN,0,0.0,
1171,treatment,33.46,mobile,ID,0,0.0,
1172,treatment,13.8,,PH,0,0.0,
1173,treatment,15.31,mobile,MY,0,0.0,
1174,treatment,59.84,mobile,SG,0,0.0,
1175,control,23.27,desktop,PH,0,0.0,
1176,control,26.03,mobile,ID,1,31.5,
1177,control,,mobile,SG,0,0.0,
1178,treatment,162.08,desktop,PH,0,0.0,
1179,control,1.97,mobile,ID,0,0.0,
1180,treatment,,desktop,SG,0,0.0,
1181,control,19.35,,ID,0,0.0,
1182,treatment,20.62,mobile,ID,0,0.0,
1183,control,15.16,desktop,SG,0,0.0,
1184,treatment,34.36,mobile,MY,0,0.0,
1185,treatment,4.99,mobile,MY,0,0.0,
1186,treatment,14.05,mobile,MY,0,0.0,
1187,control,19.58,mobile,VN,0,0.0,
1188,treatment,50.18,mobile,VN,0,0.0,
1189,treatment,85.89,mobile,VN,0,0.0,
1190,treatment,9.9,mobile,PH,0,0.0,
1191,treatment,48.56,mobile,VN,0,0.0,
1192,control,42.01,mobile,ID,0,0.0,
1193,control,28.3,mobile,PH,0,0.0,
1194,control,15.83,mobile,ID,0,0.0,
1195,treatment,11.63,mobile,VN,0,0.0,
1196,control,24.54,,MY,0,0.0,
1197,treatment,25.46,,MY,0,0.0,
1198,control,14.59,desktop,VN,0,0.0,
1199,control,16.91,,MY,0,0.0,
1200,treatment,23.4,mobile,ID,0,0.0,
1201,control,16.06,desktop,SG,0,0.0,
1202,control,26.9,mobile,SG,0,0.0,
1203,treatment,11.61,desktop,VN,1,18.4,
1204,treatment,98.28,desktop,SG,0,0.0,
1205,control,6.97,mobile,PH,0,0.0,
1206,treatment,,,MY,0,0.0,
1207,control,,desktop,VN,0,0.0,
1208,control,50.52,mobile,SG,0,0.0,
1209,treatment,32.78,mobile,SG,0,0.0,
1210,control,60.62,mobile,SG,0,0.0,
1211,control,18.18,mobile,ID,0,0.0,
1212,control,11.8,desktop,ID,0,0.0,
1213,control,39.85,mobile,SG,0,0.0,
1214,control,35.56,mobile,PH,0,0.0,
1215,treatment,13.06,mobile,SG,0,0.0,
1216,control,41.74,desktop,SG,0,0.0,
1217,control,45.23,mobile,VN,1,28.29,
1218,control,9.76,mobile,SG,0,0.0,
1219,treatment,49.72,desktop,SG,0,0.0,
1220,control,11.71,desktop,SG,1,15.06,
1221,treatment,18.47,mobile,VN,0,0.0,
1222,treatment,4.13,mobile,SG,0,0.0,
1223,treatment,20.64,desktop,VN,0,0.0,
1224,control,73.51,desktop,VN,0,0.0,
1225,control,18.2,desktop,ID,0,0.0,
1226,treatment,33.33,mobile,PH,1,35.16,
1227,treatment,42.66,mobile,MY,0,0.0,
1228,control,10.84,mobile,SG,0,0.0,
1229,treatment,54.11,mobile,SG,0,0.0,
1230,treatment,39.04,mobile,ID,0,0.0,
1231,treatment,12.31,mobile,ID,0,0.0,
1232,control,15.32,mobile,ID,0,0.0,
1233,control,26.11,desktop,SG,0,0.0,
1234,control,19.78,mobile,MY,0,0.0,
1235,treatment,48.2,mobile,VN,1,32.15,
1236,control,,mobile,SG,0,0.0,
1237,control,14.77,desktop,ID,0,0.0,
1238,control,2.99,mobile,MY,0,0.0,
1239,control,,desktop,SG,1,37.48,
1240,treatment,50.39,mobile,MY,0,0.0,
1241,treatment,8.46,desktop,ID,0,0.0,
1242,control,41.28,mobile,SG,0,0.0,
1243,treatment,6.57,mobile,ID,0,0.0,
1244,control,46.53,desktop,MY,0,0.0,
1245,treatment,14.37,mobile,MY,0,0.0,
1246,control,58.53,mobile,ID,0,0.0,
1247,control,53.74,desktop,ID,0,0.0,
1248,treatment,49.89,mobile,ID,1,47.95,
1249,control,52.98,mobile,SG,0,0.0,
1250,control,4.05,mobile,PH,0,0.0,
1251,treatment,22.85,mobile,SG,0,0.0,
1252,control,4.75,mobile,SG,0,0.0,
1253,control,25.27,mobile,MY,0,0.0,
1254,treatment,4.43,mobile,VN,0,0.0,
1255,treatment,24.04,desktop,PH,1,22.56,
1256,treatment,30.95,mobile,SG,0,0.0,
1257,control,35.32,mobile,PH,0,0.0,
1258,control,40.46,mobile,MY,0,0.0,
1259,control,53.09,mobile,ID,0,0.0,
1260,treatment,35.94,mobile,SG,0,0.0,
1261,treatment,8.1,mobile,SG,0,0.0,
1262,treatment,22.88,desktop,ID,0,0.0,
1263,treatment,47.44,mobile,MY,0,0.0,
1264,treatment,76.37,mobile,SG,0,0.0,
1265,control,2.91,mobile,PH,0,0.0,
1266,control,,mobile,MY,0,0.0,
1267,control,34.17,desktop,MY,0,0.0,
1268,control,11.72,mobile,PH,0,0.0,
1269,control,25.68,mobile,ID,0,0.0,
1270,control,67.35,mobile,SG,1,15.78,
1271,treatment,22.44,mobile,PH,0,0.0,
1272,treatment,31.57,mobile,SG,0,0.0,
1273,control,91.99,mobile,SG,0,0.0,
1274,control,5.24,mobile,ID,1,3.31,
1275,control,19.04,desktop,SG,0,0.0,
1276,control,20.02,mobile,MY,0,0.0,
1277,control,21.38,desktop,MY,0,0.0,
1278,control,,desktop,SG,0,0.0,
1279,treatment,13.39,mobile,VN,0,0.0,
1280,treatment,14.47,mobile,ID,0,0.0,
1281,treatment,,mobile,VN,1,34.3,
1282,control,31.83,mobile,SG,0,0.0,
1283,control,43.45,mobile,ID,1,74.28,
1284,treatment,65.29,desktop,ID,0,0.0,
1285,treatment,2.75,desktop,PH,0,0.0,
1286,control,24.98,mobile,ID,0,0.0,
1287,treatment,35.04,mobile,SG,1,6.97,
1288,control,41.25,desktop,SG,0,0.0,
1289,treatment,11.21,mobile,ID,0,0.0,
1290,control,5.98,desktop,SG,0,0.0,
1291,control,,desktop,SG,0,0.0,
1292,control,61.76,mobile,ID,1,6.54,
1293,treatment,44.27,mobile,PH,0,0.0,
1294,treatment,34.18,desktop,MY,0,0.0,
1295,control,32.35,mobile,MY,1,28.66,
1296,treatment,31.83,mobile,PH,0,0.0,
1297,control,26.73,desktop,ID,0,0.0,
1298,treatment,18.12,mobile,SG,0,0.0,
1299,treatment,10.73,mobile,SG,0,0.0,
1300,treatment,12.87,mobile,VN,0,0.0,
1301,treatment,45.16,mobile,MY,0,0.0,
1302,control,84.1,mobile,PH,0,0.0,
1303,treatment,,mobile,ID,0,0.0,
1304,control,6.08,mobile,SG,0,0.0,
1305,control,36.65,desktop,ID,0,0.0,
1306,control,77.19,desktop,ID,0,0.0,
1307,treatment,4.07,desktop,MY,0,0.0,
1308,control,16.4,desktop,SG,0,0.0,
1309,treatment,26.23,mobile,ID,0,0.0,
1310,control,57.46,mobile,ID,0,0.0,
1311,treatment,10.14,mobile,ID,0,0.0,
1312,treatment,,mobile,SG,0,0.0,
1313,treatment,30.84,mobile,SG,1,9.07,
1314,treatment,2.77,mobile,MY,0,0.0,
1315,treatment,27.34,mobile,PH,0,0.0,
1316,treatment,8.51,,PH,0,0.0,
1317,control,10.03,mobile,ID,0,0.0,
1318,control,33.53,mobile,SG,0,0.0,
1319,treatment,65.94,mobile,SG,0,0.0,
1320,treatment,,mobile,MY,0,0.0,
1321,treatment,,,ID,0,0.0,
1322,treatment,54.72,desktop,ID,0,0.0,
1323,control,17.03,mobile,MY,0,0.0,
1324,treatment,,mobile,VN,0,0.0,
1325,treatment,4.89,desktop,MY,0,0.0,
1326,treatment,17.28,desktop,VN,1,25.24,
1327,treatment,4.69,desktop,MY,0,0.0,
1328,treatment,14.56,mobile,SG,0,0.0,
1329,control,43.18,desktop,ID,1,16.85,
1330,control,23.48,mobile,MY,0,0.0,
1331,control,66.47,mobile,MY,0,0.0,
1332,control,18.71,mobile,MY,0,0.0,
1333,control,6.1,mobile,SG,0,0.0,
1334,treatment,20.33,desktop,ID,0,0.0,
1335,treatment,47.66,desktop,ID,0,0.0,
1336,treatment,,mobile,SG,0,0.0,
1337,control,8.52,mobile,PH,0,0.0,
1338,control,11.97,desktop,VN,0,0.0,
1339,control,,mobile,PH,0,0.0,
1340,control,11.81,mobile,SG,0,0.0,
1341,control,96.26,mobile,SG,0,0.0,
1342,control,11.8,desktop,VN,0,0.0,
1343,treatment,38.87,desktop,SG,0,0.0,
1344,control,,mobile,VN,0,0.0,
1345,treatment,13.08,desktop,ID,0,0.0,
1346,control,,mobile,PH,0,0.0,
1347,treatment,2.27,desktop,SG,0,0.0,
1348,control,17.2,desktop,PH,0,0.0,
1349,control,51.34,desktop,SG,0,0.0,
1350,treatment,83.91,desktop,SG,0,0.0,
1351,treatment,60.19,mobile,MY,0,0.0,
1352,treatment,42.39,mobile,PH,0,0.0,
1353,treatment,3.53,mobile,VN,1,36.27,
1354,treatment,,desktop,MY,0,0.0,
1355,treatment,11.06,desktop,MY,0,0.0,
1356,treatment,32.96,mobile,SG,0,0.0,
1357,control,97.74,mobile,PH,0,0.0,
1358,control,41.26,desktop,VN,0,0.0,
1359,treatment,28.81,desktop,PH,0,0.0,
1360,control,19.38,mobile,SG,0,0.0,
1361,treatment,2.92,,SG,0,0.0,
1362,control,26.14,mobile,MY,0,0.0,
1363,control,41.69,desktop,VN,0,0.0,
1364,control,10.43,mobile,ID,0,0.0,
1365,control,27.76,mobile,MY,0,0.0,
1366,treatment,2.72,mobile,SG,0,0.0,
1367,treatment,51.37,mobile,MY,1,14.14,
1368,control,30.34,mobile,SG,0,0.0,
1369,control,57.99,desktop,ID,0,0.0,
1370,treatment,86.29,mobile,MY,1,27.33,
1371,treatment,36.61,mobile,ID,0,0.0,
1372,treatment,37.07,mobile,PH,0,0.0,
1373,treatment,30.18,desktop,SG,1,13.76,
1374,control,22.55,mobile,MY,0,0.0,
1375,treatment,,desktop,SG,0,0.0,
1376,control,27.52,mobile,VN,0,0.0,
1377,control,,desktop,PH,0,0.0,
1378,treatment,55.5,mobile,MY,0,0.0,
1379,control,17.03,mobile,PH,1,44.8,
1380,control,15.31,mobile,ID,0,0.0,
1381,control,38.42,desktop,VN,1,33.46,
1382,control,27.21,mobile,MY,0,0.0,
1383,treatment,26.44,desktop,PH,0,0.0,
1384,control,23.09,mobile,SG,0,0.0,
1385,control,24.57,mobile,ID,0,0.0,
1386,control,22.55,mobile,ID,0,0.0,
1387,control,27.35,mobile,MY,0,0.0,
1388,control,15.19,desktop,ID,0,0.0,
1389,control,39.63,desktop,MY,0,0.0,
1390,treatment,61.53,desktop,SG,0,0.0,
1391,control,2.42,mobile,PH,0,0.0,
1392,control,45.82,desktop,SG,0,0.0,
1393,control,2.76,mobile,ID,0,0.0,
1394,control,37.19,,VN,1,30.55,
1395,control,26.87,mobile,SG,0,0.0,
1396,control,24.24,mobile,SG,0,0.0,
1397,control,,mobile,ID,0,0.0,
1398,treatment,22.89,desktop,PH,0,0.0,
1399,treatment,24.89,mobile,SG,0,0.0,
1400,control,14.31,mobile,SG,0,0.0,
1401,control,15.23,mobile,PH,1,18.2,
1402,control,46.84,mobile,VN,0,0.0,
1403,treatment,26.19,mobile,ID,0,0.0,
1404,control,29.3,desktop,SG,0,0.0,
1405,treatment,41.17,desktop,SG,1,34.37,
1406,treatment,62.33,mobile,ID,0,0.0,
1407,treatment,22.06,mobile,PH,1,31.32,
1408,control,6.52,mobile,ID,0,0.0,
1409,control,17.68,desktop,ID,0,0.0,
1410,control,30.89,mobile,SG,0,0.0,
1411,control,12.81,mobile,SG,0,0.0,
1412,treatment,27.28,desktop,ID,1,55.25,
1413,treatment,,mobile,SG,0,0.0,
1414,control,5.04,mobile,ID,0,0.0,
1415,control,9.57,desktop,ID,0,0.0,
1416,control,6.46,mobile,SG,0,0.0,
1417,control,57.77,mobile,ID,1,10.08,
1418,treatment,,mobile,ID,0,0.0,
1419,control,12.87,desktop,SG,0,0.0,
1420,control,,desktop,MY,0,0.0,
1421,treatment,67.1,mobile,PH,0,0.0,
1422,control,12.15,mobile,VN,0,0.0,
1423,treatment,6.13,desktop,SG,1,18.3,
1424,control,47.23,mobile,SG,0,0.0,
1425,control,48.06,mobile,ID,0,0.0,
1426,control,11.34,desktop,SG,0,0.0,
1427,treatment,31.6,mobile,MY,0,0.0,
1428,treatment,13.66,desktop,SG,0,0.0,
1429,treatment,20.92,mobile,PH,0,0.0,
1430,treatment,7.89,mobile,MY,0,0.0,
1431,control,7.11,mobile,SG,0,0.0,
1432,treatment,21.51,mobile,ID,0,0.0,
1433,control,43.1,mobile,ID,0,0.0,
1434,treatment,4.29,desktop,SG,0,0.0,
1435,control,20.14,mobile,PH,1,32.81,
1436,treatment,70.31,mobile,PH,0,0.0,
1437,treatment,32.66,mobile,PH,0,0.0,
1438,treatment,42.02,mobile,MY,0,0.0,
1439,control,37.8,desktop,VN,0,0.0,
1440,control,,mobile,PH,0,0.0,
1441,treatment,49.44,mobile,ID,0,0.0,
1442,control,9.19,,PH,1,25.22,
1443,control,10.72,desktop,SG,0,0.0,
1444,control,16.87,desktop,VN,1,29.93,
1445,treatment,33.36,mobile,ID,0,0.0,
1446,control,36.43,mobile,PH,0,0.0,
1447,treatment,27.61,mobile,PH,0,0.0,
1448,treatment,20.46,mobile,ID,0,0.0,
1449,control,27.27,,SG,0,0.0,
1450,control,11.93,mobile,SG,0,0.0,
1451,treatment,81.42,desktop,SG,1,5.97,
1452,control,21.69,mobile,VN,0,0.0,
1453,control,89.51,mobile,VN,0,0.0,
1454,control,41.17,mobile,ID,0,0.0,
1455,control,55.78,mobile,ID,1,37.02,
1456,control,10.78,desktop,SG,0,0.0,
1457,control,12.13,mobile,ID,1,22.98,
1458,control,3.19,mobile,MY,0,0.0,
1459,control,9.21,desktop,ID,0,0.0,
1460,control,,mobile,PH,0,0.0,
1461,control,0.95,mobile,ID,0,0.0,
1462,control,42.25,mobile,MY,0,0.0,
1463,control,18.44,mobile,PH,0,0.0,
1464,treatment,13.93,mobile,MY,0,0.0,
1465,treatment,83.47,mobile,SG,0,0.0,
1466,control,22.67,mobile,MY,0,0.0,
1467,control,27.78,mobile,SG,0,0.0,
1468,treatment,61.45,mobile,MY,0,0.0,
1469,control,,mobile,ID,0,0.0,
1470,treatment,37.87,mobile,VN,0,0.0,
1471,control,26.28,desktop,SG,0,0.0,
1472,treatment,4.99,desktop,ID,0,0.0,
1473,control,46.7,desktop,ID,0,0.0,
1474,treatment,43.39,mobile,SG,0,0.0,
1475,control,21.1,mobile,MY,0,0.0,
1476,treatment,21.27,mobile,SG,0,0.0,
1477,control,4.1,mobile,SG,0,0.0,
1478,treatment,35.8,mobile,MY,0,0.0,
1479,control,35.2,desktop,ID,0,0.0,
1480,control,14.78,desktop,VN,0,0.0,
1481,treatment,57.5,mobile,MY,0,0.0,
1482,control,12.31,mobile,MY,0,0.0,
1483,control,9.7,mobile,MY,0,0.0,
1484,treatment,35.91,desktop,ID,0,0.0,
1485,control,9.83,desktop,VN,0,0.0,
1486,treatment,3.93,mobile,MY,0,0.0,
1487,control,,mobile,SG,0,0.0,
1488,treatment,47.07,,MY,1,14.95,
1489,control,31.93,mobile,SG,0,0.0,
1490,treatment,52.62,desktop,PH,0,0.0,
1491,treatment,22.13,mobile,ID,0,0.0,
1492,treatment,23.93,desktop,MY,0,0.0,
1493,control,15.51,desktop,ID,1,12.76,
1494,control,48.86,mobile,PH,0,0.0,
1495,treatment,41.93,mobile,MY,0,0.0,
1496,control,6.88,mobile,SG,0,0.0,
1497,treatment,11.83,mobile,ID,1,39.64,
1498,control,24.31,desktop,MY,0,0.0,
1499,treatment,42.58,mobile,ID,0,0.0,
1500,control,23.77,desktop,PH,0,0.0,
1501,treatment,37.71,mobile,SG,0,0.0,
1502,treatment,29.89,mobile,SG,0,0.0,
1503,treatment,11.75,mobile,SG,0,0.0,
1504,treatment,14.17,desktop,SG,0,0.0,
1505,control,8.79,mobile,PH,0,0.0,
1506,control,4.01,desktop,SG,1,30.59,
1507,control,,mobile,PH,0,0.0,
1508,treatment,24.5,mobile,SG,0,0.0,
1509,control,43.38,desktop,SG,0,0.0,
1510,control,18.18,mobile,MY,0,0.0,
1511,control,19.01,desktop,SG,0,0.0,
1512,treatment,11.25,mobile,ID,0,0.0,
1513,treatment,44.49,mobile,SG,0,0.0,
1514,control,72.26,,ID,0,0.0,
1515,control,10.83,mobile,MY,0,0.0,
1516,treatment,7.54,mobile,MY,0,0.0,
1517,treatment,84.05,mobile,ID,0,0.0,
1518,control,4.61,mobile,ID,0,0.0,
1519,control,30.88,desktop,PH,0,0.0,
1520,control,34.19,desktop,SG,0,0.0,
1521,control,11.77,mobile,SG,0,0.0,
1522,treatment,32.2,mobile,ID,0,0.0,
1523,control,42.29,mobile,SG,0,0.0,
1524,control,,mobile,SG,0,0.0,
1525,control,,mobile,MY,0,0.0,
1526,treatment,32.12,mobile,PH,0,0.0,
1527,treatment,11.37,desktop,ID,0,0.0,
1528,treatment,28.62,desktop,VN,0,0.0,
1529,treatment,13.44,desktop,SG,0,0.0,
1530,control,21.67,,SG,0,0.0,
1531,treatment,21.84,mobile,SG,0,0.0,
1532,control,28.77,desktop,PH,0,0.0,
1533,control,58.5,mobile,SG,0,0.0,
1534,treatment,34.37,desktop,VN,0,0.0,
1535,control,23.14,,ID,0,0.0,
1536,control,36.93,mobile,PH,0,0.0,
1537,treatment,35.95,mobile,ID,0,0.0,
1538,control,17.58,desktop,VN,0,0.0,
1539,treatment,6.35,mobile,VN,0,0.0,
1540,control,28.79,mobile,PH,0,0.0,
1541,control,13.85,desktop,ID,0,0.0,
1542,treatment,18.7,mobile,SG,0,0.0,
1543,treatment,22.98,desktop,PH,0,0.0,
1544,treatment,25.28,desktop,SG,0,0.0,
1545,treatment,19.41,mobile,ID,0,0.0,
1546,control,,mobile,PH,0,0.0,
1547,control,6.12,mobile,SG,0,0.0,
1548,treatment,54.58,mobile,MY,0,0.0,
1549,treatment,36.17,mobile,PH,0,0.0,
1550,treatment,8.2,mobile,SG,0,0.0,
1551,treatment,27.77,desktop,ID,0,0.0,
1552,control,,,ID,0,0.0,
1553,control,31.96,mobile,MY,0,0.0,
1554,treatment,27.05,desktop,PH,0,0.0,
1555,treatment,52.57,desktop,ID,1,13.25,
1556,treatment,58.87,mobile,SG,0,0.0,
1557,treatment,22.63,desktop,MY,0,0.0,
1558,control,9.49,desktop,MY,0,0.0,
1559,control,25.49,mobile,MY,0,0.0,
1560,treatment,22.26,mobile,SG,0,0.0,
1561,control,47.84,mobile,MY,0,0.0,
1562,treatment,21.78,desktop,SG,0,0.0,
1563,treatment,10.0,mobile,PH,1,10.05,
1564,control,6.94,mobile,MY,0,0.0,
1565,treatment,2.34,mobile,PH,0,0.0,
1566,treatment,19.45,desktop,SG,0,0.0,
1567,treatment,10.34,mobile,PH,0,0.0,
1568,treatment,19.22,mobile,SG,0,0.0,
1569,control,10.45,,PH,0,0.0,
1570,treatment,1.83,desktop,PH,0,0.0,
1571,treatment,25.6,mobile,ID,0,0.0,
1572,treatment,8.41,mobile,MY,0,0.0,
1573,control,42.27,mobile,MY,0,0.0,
1574,treatment,101.35,mobile,SG,1,14.75,
1575,control,10.69,mobile,ID,1,6.17,
1576,control,56.45,mobile,ID,0,0.0,
1577,treatment,48.62,mobile,SG,0,0.0,
1578,control,21.14,mobile,ID,0,0.0,
1579,treatment,21.92,mobile,SG,1,14.21,
1580,control,12.3,mobile,SG,0,0.0,
1581,treatment,7.62,mobile,ID,0,0.0,
1582,treatment,15.78,mobile,MY,0,0.0,
1583,treatment,23.25,mobile,ID,1,28.93,
1584,control,16.39,mobile,PH,1,9.95,
1585,control,38.39,mobile,ID,0,0.0,
1586,control,13.19,mobile,ID,1,41.23,
1587,control,31.51,mobile,ID,0,0.0,
1588,treatment,19.35,desktop,ID,0,0.0,
1589,control,10.52,desktop,ID,0,0.0,
1590,control,10.85,desktop,ID,0,0.0,
1591,treatment,44.99,mobile,ID,0,0.0,
1592,control,51.67,mobile,PH,0,0.0,
1593,treatment,10.58,mobile,PH,0,0.0,
1594,control,52.22,mobile,ID,0,0.0,
1595,control,11.62,desktop,VN,0,0.0,
1596,treatment,25.45,mobile,VN,1,55.21,
1597,control,19.09,mobile,PH,0,0.0,
1598,control,,desktop,SG,1,28.15,
1599,treatment,12.63,desktop,MY,0,0.0,
1600,treatment,11.42,mobile,PH,0,0.0,
1601,control,64.92,mobile,ID,0,0.0,
1602,control,23.28,mobile,PH,0,0.0,
1603,control,38.82,mobile,ID,0,0.0,
1604,control,17.62,mobile,ID,0,0.0,
1605,treatment,,mobile,ID,0,0.0,
1606,control,47.3,mobile,PH,0,0.0,
1607,control,38.3,mobile,ID,0,0.0,
1608,treatment,13.16,desktop,ID,0,0.0,
1609,treatment,13.29,mobile,PH,0,0.0,
1610,treatment,85.14,mobile,MY,1,24.36,
1611,treatment,58.61,mobile,ID,0,0.0,
1612,control,12.92,desktop,ID,0,0.0,
1613,control,13.61,mobile,SG,0,0.0,
1614,control,43.49,desktop,ID,0,0.0,
1615,treatment,27.24,desktop,SG,0,0.0,
1616,treatment,16.78,mobile,ID,0,0.0,
1617,control,11.53,mobile,MY,0,0.0,
1618,control,20.83,desktop,MY,1,50.13,
1619,treatment,37.82,,SG,1,19.73,
1620,control,5.52,mobile,PH,1,5.33,
1621,control,19.98,desktop,ID,0,0.0,
1622,treatment,15.29,mobile,PH,0,0.0,
1623,treatment,54.83,desktop,SG,0,0.0,
1624,control,16.28,mobile,SG,0,0.0,
1625,treatment,59.85,desktop,ID,0,0.0,
1626,treatment,52.26,mobile,PH,0,0.0,
1627,treatment,,mobile,SG,0,0.0,
1628,control,34.01,mobile,SG,0,0.0,
1629,treatment,43.95,desktop,ID,0,0.0,
1630,control,15.58,,ID,0,0.0,
1631,treatment,16.92,mobile,SG,0,0.0,
1632,treatment,21.37,mobile,SG,0,0.0,
1633,control,31.17,mobile,PH,0,0.0,
1634,control,10.93,mobile,MY,0,0.0,
1635,treatment,20.07,mobile,SG,0,0.0,
1636,control,,,PH,0,0.0,
1637,control,15.3,mobile,ID,0,0.0,
1638,treatment,43.47,mobile,ID,0,0.0,
1639,control,73.81,mobile,VN,0,0.0,
1640,control,54.69,mobile,SG,0,0.0,
1641,treatment,11.65,desktop,VN,0,0.0,
1642,control,,desktop,MY,0,0.0,
1643,treatment,80.9,mobile,ID,0,0.0,
1644,treatment,,mobile,MY,1,15.83,
1645,control,5.72,mobile,VN,0,0.0,
1646,control,19.76,mobile,ID,0,0.0,
1647,control,47.2,mobile,ID,0,0.0,
1648,control,10.3,desktop,ID,0,0.0,
1649,treatment,28.71,mobile,ID,0,0.0,
1650,treatment,3.36,mobile,SG,0,0.0,
1651,control,25.2,mobile,ID,0,0.0,
1652,treatment,11.86,mobile,MY,0,0.0,
1653,control,19.48,mobile,VN,0,0.0,
1654,treatment,13.72,mobile,PH,0,0.0,
1655,treatment,27.87,mobile,MY,0,0.0,
1656,treatment,54.84,mobile,MY,0,0.0,
1657,treatment,12.42,mobile,SG,0,0.0,
1658,treatment,47.85,desktop,PH,0,0.0,
1659,treatment,19.57,mobile,SG,0,0.0,
1660,treatment,27.4,desktop,SG,1,18.79,
1661,control,14.41,mobile,SG,0,0.0,
1662,control,3.99,desktop,SG,0,0.0,
1663,treatment,36.95,desktop,ID,0,0.0,
1664,control,32.73,desktop,ID,1,26.53,
1665,treatment,21.77,desktop,ID,0,0.0,
1666,treatment,41.9,mobile,PH,1,42.64,
1667,control,7.14,mobile,ID,0,0.0,
1668,treatment,16.76,,MY,0,0.0,
1669,treatment,20.97,mobile,PH,0,0.0,
1670,treatment,27.67,mobile,PH,0,0.0,
1671,treatment,25.86,mobile,SG,0,0.0,
1672,treatment,43.06,mobile,SG,0,0.0,
1673,control,36.25,desktop,ID,0,0.0,
1674,treatment,25.55,mobile,ID,0,0.0,
1675,control,9.0,mobile,ID,0,0.0,
1676,control,14.01,mobile,SG,0,0.0,
1677,treatment,6.41,mobile,VN,0,0.0,
1678,control,22.98,mobile,SG,0,0.0,
1679,treatment,11.91,mobile,VN,1,20.57,
1680,treatment,56.55,mobile,SG,0,0.0,
1681,treatment,26.09,mobile,ID,0,0.0,
1682,treatment,14.71,mobile,MY,0,0.0,
1683,treatment,31.52,mobile,SG,0,0.0,
1684,control,54.17,desktop,MY,0,0.0,
1685,control,4.09,mobile,ID,0,0.0,
1686,treatment,27.82,mobile,ID,0,0.0,
1687,treatment,8.72,desktop,SG,1,15.69,
1688,control,19.99,desktop,MY,0,0.0,
1689,control,25.87,desktop,SG,0,0.0,
1690,treatment,9.28,mobile,MY,0,0.0,
1691,treatment,23.13,desktop,SG,1,8.19,
1692,control,62.63,mobile,PH,0,0.0,
1693,treatment,7.88,desktop,PH,1,36.56,
1694,control,5.8,mobile,SG,1,2.4,
1695,control,,desktop,SG,1,35.06,
1696,control,36.34,desktop,SG,0,0.0,
1697,treatment,9.39,desktop,ID,1,20.25,
1698,control,31.0,mobile,VN,0,0.0,
1699,treatment,41.82,desktop,MY,0,0.0,
1700,control,11.49,mobile,ID,0,0.0,
1701,treatment,64.42,desktop,SG,0,0.0,
1702,treatment,30.64,mobile,MY,0,0.0,
1703,treatment,34.67,desktop,MY,0,0.0,
1704,control,48.19,desktop,ID,0,0.0,
1705,control,28.32,desktop,PH,0,0.0,
1706,control,60.79,mobile,MY,0,0.0,
1707,control,,mobile,PH,1,33.55,
1708,treatment,16.48,desktop,PH,1,52.81,
1709,control,21.16,desktop,ID,0,0.0,
1710,control,,mobile,ID,0,0.0,
1711,treatment,,mobile,SG,0,0.0,
1712,control,35.35,mobile,PH,0,0.0,
1713,treatment,12.28,mobile,ID,0,0.0,
1714,control,27.19,mobile,MY,0,0.0,
1715,control,25.94,mobile,MY,0,0.0,
1716,treatment,16.4,mobile,MY,0,0.0,
1717,treatment,8.31,mobile,SG,1,49.06,
1718,control,50.12,mobile,SG,0,0.0,
1719,control,86.76,desktop,PH,0,0.0,
1720,treatment,78.41,desktop,ID,0,0.0,
1721,treatment,2.3,mobile,ID,0,0.0,
1722,control,22.36,mobile,ID,0,0.0,
1723,control,22.13,mobile,MY,0,0.0,
1724,treatment,27.45,mobile,MY,0,0.0,
1725,treatment,12.4,mobile,SG,0,0.0,
1726,treatment,6.54,mobile,ID,1,26.49,
1727,treatment,25.75,mobile,PH,0,0.0,
1728,control,12.09,desktop,ID,0,0.0,
1729,treatment,18.99,mobile,ID,1,16.35,
1730,treatment,39.01,desktop,PH,0,0.0,
1731,treatment,4.36,desktop,ID,0,0.0,
1732,control,23.25,mobile,ID,0,0.0,
1733,treatment,7.08,desktop,MY,1,61.35,
1734,treatment,,mobile,VN,0,0.0,
1735,treatment,23.79,mobile,SG,1,31.6,
1736,control,24.61,mobile,MY,0,0.0,
1737,treatment,21.87,mobile,MY,0,0.0,
1738,control,21.31,desktop,ID,0,0.0,
1739,treatment,46.74,desktop,ID,0,0.0,
1740,control,11.08,mobile,SG,0,0.0,
1741,treatment,106.93,mobile,PH,0,0.0,
1742,treatment,22.68,mobile,MY,0,0.0,
1743,treatment,49.33,desktop,MY,0,0.0,
1744,treatment,23.05,desktop,ID,0,0.0,
1745,treatment,13.54,mobile,SG,1,27.0,
1746,treatment,,desktop,VN,0,0.0,
1747,treatment,9.94,mobile,MY,0,0.0,
1748,control,23.23,desktop,SG,0,0.0,
1749,treatment,64.59,desktop,MY,0,0.0,
1750,control,18.17,desktop,SG,0,0.0,
1751,control,34.95,desktop,SG,0,0.0,
1752,control,17.79,mobile,SG,0,0.0,
1753,treatment,35.18,,PH,0,0.0,
1754,treatment,29.86,mobile,PH,0,0.0,
1755,treatment,37.67,desktop,ID,0,0.0,
1756,treatment,24.24,desktop,VN,1,8.05,
1757,treatment,4.96,mobile,MY,0,0.0,
1758,control,21.5,mobile,VN,0,0.0,
1759,treatment,32.13,desktop,MY,0,0.0,
1760,treatment,41.29,mobile,VN,0,0.0,
1761,control,53.81,desktop,MY,0,0.0,
1762,treatment,22.6,desktop,VN,0,0.0,
1763,control,26.28,mobile,SG,0,0.0,
1764,treatment,90.68,mobile,MY,0,0.0,
1765,treatment,58.08,mobile,SG,0,0.0,
1766,control,10.82,desktop,MY,0,0.0,
1767,treatment,35.07,,MY,0,0.0,
1768,control,27.61,mobile,SG,0,0.0,
1769,treatment,6.18,desktop,PH,0,0.0,
1770,treatment,44.05,mobile,VN,1,11.75,
1771,control,26.88,,SG,0,0.0,
1772,treatment,26.79,mobile,MY,0,0.0,
1773,treatment,85.78,mobile,VN,0,0.0,
1774,treatment,43.71,mobile,MY,0,0.0,
1775,treatment,22.86,desktop,ID,0,0.0,
1776,control,12.59,desktop,PH,0,0.0,
1777,treatment,29.99,desktop,ID,0,0.0,
1778,control,36.24,mobile,MY,1,8.85,
1779,treatment,61.58,mobile,ID,0,0.0,
1780,control,20.63,desktop,ID,0,0.0,
1781,treatment,77.01,mobile,PH,0,0.0,
1782,control,30.77,desktop,MY,0,0.0,
1783,control,61.27,desktop,PH,0,0.0,
1784,treatment,,mobile,PH,0,0.0,
1785,treatment,31.23,mobile,PH,0,0.0,
1786,treatment,16.59,mobile,PH,1,23.92,
1787,treatment,34.86,mobile,ID,0,0.0,
1788,treatment,35.17,desktop,VN,0,0.0,
1789,treatment,68.16,mobile,ID,0,0.0,
1790,treatment,27.32,mobile,ID,0,0.0,
1791,treatment,50.18,mobile,MY,0,0.0,
1792,treatment,26.0,desktop,MY,0,0.0,
1793,treatment,31.57,mobile,MY,0,0.0,
1794,control,85.49,desktop,PH,0,0.0,
1795,treatment,5.46,mobile,SG,0,0.0,
1796,treatment,32.88,mobile,MY,0,0.0,
1797,control,17.03,mobile,VN,0,0.0,
1798,control,35.61,mobile,SG,0,0.0,
1799,control,21.54,desktop,SG,0,0.0,
1800,treatment,4.81,mobile,SG,0,0.0,
1801,control,106.56,desktop,SG,0,0.0,
1802,treatment,22.46,desktop,ID,0,0.0,
1803,treatment,10.43,mobile,MY,0,0.0,
1804,control,38.62,mobile,MY,0,0.0,
1805,treatment,36.73,mobile,PH,1,15.38,
1806,control,13.96,desktop,PH,0,0.0,
1807,treatment,19.82,desktop,SG,0,0.0,
1808,treatment,,mobile,VN,0,0.0,
1809,treatment,4.6,mobile,ID,0,0.0,
1810,treatment,23.68,desktop,PH,0,0.0,
1811,treatment,18.94,desktop,SG,0,0.0,
1812,treatment,14.43,mobile,SG,1,24.74,
1813,treatment,35.14,mobile,SG,0,0.0,
1814,treatment,37.43,desktop,PH,0,0.0,
1815,treatment,16.88,mobile,PH,0,0.0,
1816,treatment,39.11,desktop,MY,1,99.81,
1817,treatment,6.89,desktop,SG,0,0.0,
1818,treatment,,desktop,MY,0,0.0,
1819,control,12.94,desktop,SG,0,0.0,
1820,control,37.6,mobile,ID,0,0.0,
1821,treatment,31.31,desktop,SG,0,0.0,
1822,control,28.23,mobile,ID,0,0.0,
1823,treatment,17.5,desktop,SG,0,0.0,
1824,treatment,38.35,mobile,ID,0,0.0,
1825,control,38.87,desktop,VN,0,0.0,
1826,control,43.98,mobile,ID,1,13.96,
1827,control,23.53,mobile,ID,0,0.0,
1828,control,15.97,desktop,MY,0,0.0,
1829,control,78.59,desktop,ID,0,0.0,
1830,treatment,26.38,desktop,MY,1,13.76,
1831,treatment,34.69,mobile,MY,0,0.0,
1832,treatment,2.5,mobile,SG,0,0.0,
1833,control,2.68,mobile,PH,0,0.0,
1834,treatment,,mobile,ID,0,0.0,
1835,control,6.54,mobile,SG,0,0.0,
1836,control,49.73,mobile,VN,0,0.0,
1837,control,15.6,mobile,PH,0,0.0,
1838,control,39.01,desktop,MY,0,0.0,
1839,treatment,83.17,desktop,ID,1,73.48,
1840,control,5.75,mobile,MY,0,0.0,
1841,control,58.3,desktop,ID,0,0.0,
1842,treatment,15.82,mobile,MY,0,0.0,
1843,treatment,24.38,mobile,SG,0,0.0,
1844,control,17.91,,ID,0,0.0,
1845,treatment,18.55,,SG,1,30.76,
1846,control,90.82,mobile,SG,0,0.0,
1847,treatment,58.18,mobile,ID,0,0.0,
1848,control,7.31,mobile,MY,0,0.0,
1849,control,77.65,mobile,PH,0,0.0,
1850,treatment,65.48,desktop,PH,0,0.0,
1851,treatment,34.89,mobile,SG,0,0.0,
1852,control,32.21,desktop,MY,0,0.0,
1853,treatment,24.99,desktop,PH,0,0.0,
1854,control,8.69,mobile,SG,1,7.1,
1855,control,8.7,mobile,SG,0,0.0,
1856,control,53.68,desktop,MY,0,0.0,
1857,treatment,20.84,,SG,0,0.0,
1858,treatment,34.34,mobile,PH,0,0.0,
1859,control,63.16,mobile,MY,1,20.64,
1860,treatment,1.41,mobile,ID,0,0.0,
1861,control,17.44,mobile,MY,0,0.0,
1862,control,25.66,mobile,SG,1,26.84,
1863,treatment,37.03,mobile,SG,0,0.0,
1864,control,13.12,desktop,MY,1,1.98,
1865,treatment,57.74,desktop,PH,0,0.0,
1866,treatment,,mobile,ID,0,0.0,
1867,control,28.24,mobile,VN,0,0.0,
1868,control,11.4,mobile,MY,0,0.0,
1869,control,15.94,mobile,VN,0,0.0,
1870,control,50.57,desktop,MY,1,30.89,
1871,treatment,54.69,mobile,ID,0,0.0,
1872,treatment,17.59,mobile,ID,0,0.0,
1873,treatment,20.84,mobile,MY,0,0.0,
1874,control,28.82,mobile,SG,1,5.1,
1875,treatment,50.39,mobile,SG,0,0.0,
1876,treatment,19.94,desktop,PH,1,12.22,
1877,treatment,,mobile,SG,0,0.0,
1878,treatment,30.04,mobile,SG,0,0.0,
1879,control,15.49,mobile,ID,0,0.0,
1880,treatment,28.21,mobile,SG,0,0.0,
1881,treatment,42.04,desktop,ID,1,25.34,
1882,control,,desktop,ID,0,0.0,
1883,treatment,68.13,desktop,SG,0,0.0,
1884,control,,mobile,ID,0,0.0,
1885,control,60.61,mobile,SG,0,0.0,
1886,treatment,8.43,,ID,0,0.0,
1887,control,38.24,mobile,PH,0,0.0,
1888,control,5.33,mobile,PH,0,0.0,
1889,control,22.9,mobile,PH,0,0.0,
1890,control,,desktop,SG,1,55.89,
1891,treatment,6.75,mobile,ID,0,0.0,
1892,control,6.77,,PH,0,0.0,
1893,control,70.13,mobile,SG,0,0.0,
1894,treatment,26.12,desktop,SG,0,0.0,
1895,control,30.96,mobile,ID,0,0.0,
1896,control,42.25,mobile,MY,0,0.0,
1897,treatment,15.14,mobile,SG,0,0.0,
1898,control,23.61,,SG,0,0.0,
1899,control,4.79,desktop,PH,0,0.0,
1900,control,20.07,,SG,0,0.0,
1901,treatment,13.24,,SG,0,0.0,
1902,treatment,21.55,mobile,ID,0,0.0,
1903,control,61.62,mobile,MY,0,0.0,
1904,treatment,6.05,desktop,MY,0,0.0,
1905,control,10.55,desktop,MY,0,0.0,
1906,control,20.43,mobile,PH,0,0.0,
1907,treatment,10.51,mobile,SG,0,0.0,
1908,treatment,17.4,desktop,ID,0,0.0,
1909,control,26.13,mobile,PH,0,0.0,
1910,control,39.37,,MY,0,0.0,
1911,treatment,3.58,mobile,MY,1,22.76,
1912,treatment,39.25,mobile,PH,0,0.0,
1913,control,21.96,mobile,VN,0,0.0,
1914,treatment,41.75,mobile,VN,0,0.0,
1915,control,16.11,mobile,VN,0,0.0,
1916,treatment,41.05,mobile,SG,0,0.0,
1917,control,17.02,mobile,MY,0,0.0,
1918,treatment,26.34,desktop,VN,0,0.0,
1919,treatment,,mobile,SG,0,0.0,
1920,control,20.42,mobile,SG,0,0.0,
1921,treatment,30.93,mobile,ID,0,0.0,
1922,control,31.63,desktop,SG,0,0.0,
1923,treatment,9.16,mobile,ID,0,0.0,
1924,control,4.66,mobile,PH,0,0.0,
1925,treatment,64.36,mobile,SG,0,0.0,
1926,treatment,25.46,,MY,0,0.0,
1927,treatment,28.51,mobile,SG,1,20.32,
1928,control,3.39,,MY,0,0.0,
1929,control,45.06,desktop,ID,0,0.0,
1930,control,29.99,mobile,VN,0,0.0,
1931,treatment,60.84,mobile,PH,0,0.0,
1932,treatment,90.19,desktop,VN,0,0.0,
1933,treatment,23.97,mobile,MY,0,0.0,
1934,treatment,,desktop,PH,0,0.0,
1935,control,8.1,mobile,MY,0,0.0,
1936,control,43.36,mobile,SG,0,0.0,
1937,treatment,,mobile,PH,0,0.0,
1938,treatment,31.92,mobile,SG,0,0.0,
1939,treatment,12.15,mobile,SG,0,0.0,
1940,control,40.02,mobile,SG,0,0.0,
1941,control,23.15,desktop,VN,0,0.0,
1942,treatment,14.96,mobile,VN,0,0.0,
1943,control,52.23,desktop,VN,0,0.0,
1944,control,46.53,mobile,MY,1,32.83,
1945,treatment,,desktop,ID,0,0.0,
1946,control,54.07,mobile,MY,0,0.0,
1947,control,24.48,desktop,ID,0,0.0,
1948,treatment,26.24,mobile,VN,0,0.0,
1949,treatment,10.62,mobile,MY,0,0.0,
1950,control,10.12,mobile,VN,0,0.0,
1951,control,11.69,mobile,VN,0,0.0,
1952,control,28.87,desktop,VN,0,0.0,
1953,control,77.93,mobile,PH,1,22.87,
1954,control,20.35,desktop,MY,0,0.0,
1955,control,39.63,desktop,MY,0,0.0,
1956,control,5.3,mobile,ID,0,0.0,
1957,control,50.88,mobile,ID,0,0.0,
1958,control,48.07,mobile,ID,0,0.0,
1959,treatment,14.84,mobile,SG,0,0.0,
1960,treatment,21.86,mobile,ID,0,0.0,
1961,control,27.14,desktop,ID,0,0.0,
1962,control,25.16,mobile,SG,0,0.0,
1963,treatment,29.28,mobile,ID,1,19.68,
1964,treatment,21.06,mobile,SG,0,0.0,
1965,treatment,25.13,,SG,0,0.0,
1966,control,32.8,mobile,SG,0,0.0,
1967,treatment,2.78,desktop,ID,0,0.0,
1968,control,27.88,mobile,VN,0,0.0,
1969,control,61.63,desktop,PH,0,0.0,
1970,control,54.9,desktop,ID,0,0.0,
1971,treatment,37.56,desktop,PH,0,0.0,
1972,control,32.72,mobile,PH,0,0.0,
1973,control,35.97,desktop,PH,0,0.0,
1974,control,32.71,desktop,ID,0,0.0,
1975,treatment,1.64,mobile,SG,0,0.0,
1976,treatment,1.09,desktop,SG,1,17.77,
1977,treatment,7.41,mobile,SG,0,0.0,
1978,treatment,10.19,mobile,ID,0,0.0,
1979,treatment,51.04,mobile,ID,1,38.32,
1980,control,46.27,desktop,SG,0,0.0,
1981,treatment,55.59,mobile,PH,0,0.0,
1982,control,,mobile,ID,1,8.55,
1983,control,40.06,mobile,VN,0,0.0,
1984,treatment,3.3,mobile,ID,0,0.0,
1985,control,33.15,desktop,SG,0,0.0,
1986,treatment,15.48,mobile,SG,0,0.0,
1987,control,28.73,mobile,SG,1,7.11,
1988,treatment,35.38,mobile,MY,0,0.0,
1989,treatment,,mobile,MY,0,0.0,
1990,treatment,60.74,desktop,PH,0,0.0,
1991,treatment,34.91,desktop,SG,0,0.0,
1992,treatment,13.82,mobile,PH,0,0.0,
1993,treatment,8.31,mobile,ID,0,0.0,
1994,control,42.69,mobile,MY,0,0.0,
1995,treatment,2.09,mobile,PH,0,0.0,
1996,treatment,9.71,desktop,SG,0,0.0,
1997,treatment,39.73,mobile,SG,0,0.0,
1998,treatment,22.62,desktop,PH,0,0.0,
1999,treatment,,desktop,SG,0,0.0,
2000,control,14.09,mobile,ID,0,0.0,
2001,control,16.02,mobile,VN,0,0.0,
2002,control,23.16,mobile,SG,0,0.0,
2003,control,31.09,mobile,MY,0,0.0,
2004,treatment,14.54,,SG,0,0.0,
2005,treatment,2.53,mobile,SG,0,0.0,
2006,treatment,28.56,,ID,0,0.0,
2007,control,34.95,mobile,SG,0,0.0,
2008,treatment,30.85,mobile,SG,0,0.0,
2009,treatment,15.47,mobile,SG,0,0.0,
2010,control,36.18,desktop,SG,1,4.28,
2011,treatment,59.36,mobile,SG,0,0.0,
2012,treatment,109.86,desktop,ID,0,0.0,
2013,control,33.09,desktop,SG,0,0.0,
2014,treatment,38.03,,MY,0,0.0,
2015,treatment,45.22,desktop,SG,0,0.0,
2016,treatment,,desktop,SG,0,0.0,
2017,treatment,18.77,mobile,ID,0,0.0,
2018,control,31.47,desktop,SG,0,0.0,
2019,control,92.61,mobile,ID,0,0.0,
2020,control,14.72,mobile,PH,0,0.0,
2021,treatment,62.61,mobile,SG,0,0.0,
2022,control,29.72,,MY,0,0.0,
2023,treatment,17.22,desktop,SG,0,0.0,
2024,control,8.65,mobile,SG,0,0.0,
2025,control,6.08,desktop,ID,0,0.0,
2026,control,,mobile,ID,0,0.0,
2027,control,14.09,mobile,ID,1,4.65,
2028,treatment,21.25,desktop,SG,0,0.0,
2029,treatment,24.53,mobile,MY,0,0.0,
2030,control,39.66,mobile,ID,0,0.0,
2031,treatment,18.18,mobile,MY,0,0.0,
2032,control,31.14,mobile,SG,0,0.0,
2033,treatment,12.75,desktop,ID,0,0.0,
2034,control,23.19,desktop,ID,0,0.0,
2035,control,40.23,mobile,SG,0,0.0,
2036,treatment,24.3,desktop,SG,1,32.42,
2037,control,25.72,desktop,ID,0,0.0,
2038,treatment,40.56,,VN,0,0.0,
2039,control,26.55,desktop,SG,0,0.0,
2040,control,7.86,mobile,MY,0,0.0,
2041,control,12.92,mobile,PH,0,0.0,
2042,treatment,4.2,mobile,ID,0,0.0,
2043,control,23.74,mobile,ID,1,14.78,
2044,control,34.35,mobile,MY,1,61.52,
2045,control,25.43,desktop,MY,1,1.31,
2046,treatment,8.86,mobile,SG,0,0.0,
2047,treatment,73.48,mobile,SG,1,34.34,
2048,treatment,8.32,mobile,MY,0,0.0,
2049,control,14.56,mobile,ID,0,0.0,
2050,treatment,17.08,mobile,SG,0,0.0,
2051,treatment,,desktop,ID,0,0.0,
2052,control,16.35,mobile,VN,0,0.0,
2053,treatment,,,PH,0,0.0,
2054,control,20.96,mobile,VN,0,0.0,
2055,treatment,34.92,desktop,ID,0,0.0,
2056,treatment,74.21,,SG,0,0.0,
2057,treatment,55.4,desktop,SG,0,0.0,
2058,treatment,15.91,,ID,0,0.0,
2059,control,12.5,mobile,MY,0,0.0,
2060,treatment,17.41,mobile,MY,0,0.0,
2061,treatment,13.69,desktop,PH,0,0.0,
2062,control,18.12,desktop,ID,1,5.91,
2063,treatment,,mobile,VN,1,61.85,
2064,control,22.29,mobile,ID,0,0.0,
2065,treatment,36.55,mobile,VN,0,0.0,
2066,treatment,81.72,desktop,PH,0,0.0,
2067,control,63.0,desktop,ID,1,31.64,
2068,treatment,50.03,desktop,ID,0,0.0,
2069,treatment,13.4,mobile,MY,0,0.0,
2070,control,47.33,mobile,PH,0,0.0,
2071,treatment,18.0,desktop,SG,0,0.0,
2072,control,23.93,mobile,SG,0,0.0,
2073,control,6.92,desktop,PH,0,0.0,
2074,treatment,1.34,mobile,SG,0,0.0,
2075,control,16.49,mobile,PH,1,79.36,
2076,treatment,6.37,mobile,MY,0,0.0,
2077,treatment,14.61,mobile,SG,0,0.0,
2078,treatment,11.92,mobile,ID,0,0.0,
2079,control,19.07,mobile,PH,0,0.0,
2080,control,48.58,,SG,0,0.0,
2081,treatment,17.29,mobile,MY,0,0.0,
2082,treatment,40.8,desktop,VN,0,0.0,
2083,control,30.48,mobile,ID,0,0.0,
2084,treatment,28.64,desktop,ID,0,0.0,
2085,control,56.76,mobile,ID,0,0.0,
2086,control,76.95,desktop,MY,0,0.0,
2087,treatment,20.94,mobile,MY,0,0.0,
2088,control,,mobile,MY,0,0.0,
2089,treatment,13.95,,MY,0,0.0,
2090,treatment,,mobile,SG,0,0.0,
2091,treatment,42.98,desktop,SG,0,0.0,
2092,treatment,54.55,desktop,VN,0,0.0,
2093,control,51.05,desktop,PH,0,0.0,
2094,treatment,52.22,mobile,ID,0,0.0,
2095,treatment,9.88,desktop,SG,0,0.0,
2096,treatment,38.66,,SG,0,0.0,
2097,control,33.69,mobile,MY,0,0.0,
2098,treatment,8.18,desktop,PH,0,0.0,
2099,control,17.79,mobile,MY,0,0.0,
2100,control,2.98,desktop,ID,0,0.0,
2101,treatment,60.5,mobile,VN,0,0.0,
2102,treatment,11.36,mobile,ID,1,57.54,
2103,control,46.62,desktop,VN,0,0.0,
2104,control,13.99,mobile,MY,0,0.0,
2105,treatment,87.87,desktop,ID,0,0.0,
2106,control,107.02,mobile,ID,0,0.0,
2107,treatment,15.42,mobile,MY,1,18.7,
2108,treatment,8.83,mobile,SG,0,0.0,
2109,control,22.04,mobile,VN,0,0.0,
2110,treatment,11.29,mobile,SG,0,0.0,
2111,control,50.44,desktop,MY,0,0.0,
2112,control,37.79,mobile,ID,0,0.0,
2113,control,5.99,mobile,MY,0,0.0,
2114,control,9.93,mobile,SG,1,1.7,
2115,control,16.27,mobile,SG,0,0.0,
2116,treatment,24.57,mobile,PH,0,0.0,
2117,treatment,24.63,mobile,PH,0,0.0,
2118,control,30.99,desktop,ID,0,0.0,
2119,control,13.21,mobile,MY,0,0.0,
2120,control,,desktop,MY,0,0.0,
2121,treatment,32.0,desktop,SG,0,0.0,
2122,control,25.45,desktop,PH,0,0.0,
2123,treatment,14.63,mobile,SG,0,0.0,
2124,control,26.09,mobile,ID,0,0.0,
2125,control,17.29,mobile,ID,0,0.0,
2126,control,20.85,mobile,SG,0,0.0,
2127,treatment,41.54,mobile,MY,0,0.0,
2128,treatment,34.95,desktop,SG,0,0.0,
2129,control,62.11,desktop,SG,0,0.0,
2130,control,,mobile,SG,0,0.0,
2131,control,38.09,mobile,SG,0,0.0,
2132,treatment,,mobile,VN,0,0.0,
2133,treatment,24.6,mobile,MY,0,0.0,
2134,control,46.32,mobile,PH,0,0.0,
2135,treatment,44.83,desktop,VN,0,0.0,
2136,treatment,108.63,mobile,MY,0,0.0,
2137,treatment,92.61,desktop,SG,0,0.0,
2138,treatment,13.3,desktop,VN,0,0.0,
2139,control,12.67,mobile,ID,0,0.0,
2140,treatment,11.33,mobile,SG,0,0.0,
2141,control,38.62,mobile,SG,0,0.0,
2142,control,31.22,,PH,0,0.0,
2143,control,15.39,desktop,SG,0,0.0,
2144,treatment,29.47,mobile,MY,0,0.0,
2145,treatment,15.81,desktop,SG,0,0.0,
2146,treatment,10.71,desktop,ID,0,0.0,
2147,treatment,19.51,desktop,SG,0,0.0,
2148,treatment,38.89,mobile,SG,1,45.18,
2149,treatment,57.84,mobile,ID,0,0.0,
2150,control,39.64,mobile,PH,0,0.0,
2151,control,40.86,mobile,ID,0,0.0,
2152,treatment,2.26,desktop,ID,0,0.0,
2153,control,10.03,mobile,MY,0,0.0,
2154,control,29.98,mobile,SG,0,0.0,
2155,control,20.7,mobile,SG,0,0.0,
2156,treatment,41.64,desktop,VN,0,0.0,
2157,treatment,22.85,desktop,SG,0,0.0,
2158,treatment,49.58,mobile,SG,0,0.0,
2159,control,9.62,desktop,PH,0,0.0,
2160,control,32.42,desktop,ID,0,0.0,
2161,treatment,25.49,desktop,ID,0,0.0,
2162,treatment,10.33,desktop,PH,1,35.26,
2163,control,121.27,mobile,PH,0,0.0,
2164,control,18.33,desktop,SG,0,0.0,
2165,treatment,7.11,desktop,SG,0,0.0,
2166,treatment,50.4,mobile,VN,1,12.02,
2167,control,43.74,mobile,ID,0,0.0,
2168,control,4.29,mobile,MY,0,0.0,
2169,control,10.51,mobile,MY,0,0.0,
2170,control,,desktop,SG,1,3.23,
2171,treatment,21.03,desktop,ID,1,13.94,
2172,control,20.57,desktop,MY,0,0.0,
2173,control,13.66,mobile,MY,0,0.0,
2174,treatment,14.76,mobile,MY,0,0.0,
2175,treatment,20.3,mobile,SG,1,15.87,
2176,control,47.5,mobile,PH,0,0.0,
2177,control,4.49,mobile,ID,0,0.0,
2178,control,48.15,mobile,SG,0,0.0,
2179,control,41.0,desktop,SG,0,0.0,
2180,treatment,60.59,mobile,ID,0,0.0,
2181,treatment,23.11,mobile,PH,0,0.0,
2182,control,41.3,mobile,PH,0,0.0,
2183,treatment,8.34,mobile,SG,0,0.0,
2184,control,8.58,mobile,PH,0,0.0,
2185,control,2.2,desktop,MY,0,0.0,
2186,control,41.02,mobile,ID,0,0.0,
2187,treatment,45.68,mobile,ID,0,0.0,
2188,control,9.94,mobile,PH,0,0.0,
2189,treatment,50.68,mobile,ID,0,0.0,
2190,treatment,27.42,mobile,PH,1,42.03,
2191,treatment,14.6,desktop,ID,0,0.0,
2192,control,41.45,desktop,VN,0,0.0,
2193,treatment,13.5,desktop,SG,0,0.0,
2194,control,20.75,mobile,PH,0,0.0,
2195,control,23.73,desktop,ID,0,0.0,
2196,control,3.3,mobile,PH,0,0.0,
2197,control,,mobile,ID,0,0.0,
2198,control,19.9,,VN,0,0.0,
2199,treatment,14.94,desktop,PH,0,0.0,
2200,control,19.49,desktop,MY,0,0.0,
2201,control,33.43,desktop,SG,0,0.0,
2202,control,4.69,desktop,ID,0,0.0,
2203,treatment,25.61,mobile,SG,0,0.0,
2204,control,87.99,desktop,MY,1,8.26,
2205,treatment,35.01,mobile,ID,1,29.2,
2206,control,9.71,mobile,MY,0,0.0,
2207,treatment,23.55,mobile,SG,1,29.87,
2208,treatment,23.84,desktop,ID,0,0.0,
2209,treatment,68.6,mobile,SG,0,0.0,
2210,control,25.98,mobile,SG,0,0.0,
2211,control,38.76,mobile,VN,0,0.0,
2212,treatment,53.82,desktop,MY,1,16.94,
2213,control,34.62,mobile,MY,0,0.0,
2214,treatment,57.34,desktop,MY,1,13.36,
2215,treatment,,desktop,ID,0,0.0,
2216,treatment,23.63,mobile,SG,0,0.0,
2217,treatment,66.7,mobile,MY,1,11.52,
2218,control,128.5,mobile,PH,0,0.0,
2219,treatment,3.87,mobile,ID,0,0.0,
2220,control,38.3,mobile,ID,0,0.0,
2221,control,29.35,mobile,SG,0,0.0,
2222,control,22.95,desktop,SG,0,0.0,
2223,control,19.97,desktop,MY,0,0.0,
2224,treatment,,mobile,ID,0,0.0,
2225,control,65.57,mobile,SG,0,0.0,
2226,control,42.38,mobile,MY,1,5.35,
2227,treatment,18.95,desktop,SG,0,0.0,
2228,treatment,36.52,desktop,SG,1,23.74,
2229,control,11.46,desktop,SG,0,0.0,
2230,treatment,22.13,desktop,ID,0,0.0,
2231,treatment,9.42,mobile,MY,0,0.0,
2232,control,1.72,mobile,ID,0,0.0,
2233,control,,mobile,SG,0,0.0,
2234,control,24.07,mobile,VN,0,0.0,
2235,control,50.09,desktop,ID,0,0.0,
2236,treatment,13.96,mobile,SG,0,0.0,
2237,control,62.31,desktop,SG,0,0.0,
2238,control,12.86,desktop,VN,0,0.0,
2239,control,6.18,mobile,SG,0,0.0,
2240,treatment,,mobile,MY,0,0.0,
2241,control,16.15,mobile,PH,0,0.0,
2242,control,46.78,,MY,0,0.0,
2243,treatment,32.63,mobile,ID,0,0.0,
2244,control,21.8,mobile,VN,1,6.02,
2245,control,10.63,mobile,ID,0,0.0,
2246,control,7.73,mobile,ID,1,20.63,
2247,treatment,15.64,mobile,SG,1,15.19,
2248,treatment,,mobile,SG,1,55.4,
2249,treatment,20.22,desktop,MY,1,56.78,
2250,control,,mobile,MY,0,0.0,
2251,control,71.85,mobile,MY,0,0.0,
2252,control,8.89,mobile,VN,0,0.0,
2253,control,59.17,desktop,MY,0,0.0,
2254,control,10.38,desktop,ID,1,43.44,
2255,control,5.41,mobile,ID,0,0.0,
2256,control,36.39,mobile,PH,0,0.0,
2257,control,16.19,desktop,PH,0,0.0,
2258,treatment,62.37,mobile,MY,0,0.0,
2259,control,24.23,,PH,1,12.2,
2260,control,16.47,mobile,SG,0,0.0,
2261,control,9.99,mobile,MY,0,0.0,
2262,control,18.68,mobile,PH,0,0.0,
2263,treatment,13.05,mobile,MY,1,21.23,
2264,treatment,43.16,desktop,SG,0,0.0,
2265,treatment,,mobile,PH,0,0.0,
2266,treatment,23.43,mobile,SG,1,15.6,
2267,treatment,33.18,mobile,ID,0,0.0,
2268,treatment,18.79,mobile,PH,1,43.87,
2269,treatment,43.16,mobile,SG,0,0.0,
2270,control,67.4,mobile,PH,0,0.0,
2271,control,26.98,desktop,ID,0,0.0,
2272,control,6.5,desktop,MY,0,0.0,
2273,treatment,39.65,mobile,ID,0,0.0,
2274,treatment,54.24,mobile,MY,1,76.63,
2275,control,,mobile,PH,0,0.0,
2276,control,38.49,desktop,VN,0,0.0,
2277,control,9.8,mobile,MY,0,0.0,
2278,control,23.13,mobile,SG,1,9.76,
2279,control,24.92,desktop,PH,0,0.0,
2280,control,26.76,mobile,SG,0,0.0,
2281,control,,desktop,SG,0,0.0,
2282,treatment,15.25,mobile,ID,1,33.17,
2283,treatment,8.72,mobile,SG,0,0.0,
2284,treatment,46.05,desktop,MY,0,0.0,
2285,treatment,24.93,desktop,SG,0,0.0,
2286,treatment,47.21,mobile,SG,0,0.0,
2287,control,39.69,mobile,VN,0,0.0,
2288,treatment,28.23,desktop,VN,1,16.67,
2289,control,23.1,mobile,PH,0,0.0,
2290,treatment,5.26,desktop,SG,0,0.0,
2291,treatment,,,ID,1,8.69,
2292,control,69.55,desktop,MY,0,0.0,
2293,control,32.18,mobile,PH,0,0.0,
2294,control,0.94,mobile,VN,0,0.0,
2295,treatment,13.57,desktop,SG,0,0.0,
2296,treatment,38.08,,ID,0,0.0,
2297,control,21.43,mobile,SG,0,0.0,
2298,treatment,56.33,mobile,VN,0,0.0,
2299,control,19.86,mobile,SG,0,0.0,
2300,treatment,8.88,mobile,ID,0,0.0,
2301,treatment,44.59,mobile,SG,0,0.0,
2302,treatment,18.15,desktop,VN,0,0.0,
2303,control,,desktop,SG,0,0.0,
2304,control,31.24,mobile,ID,0,0.0,
2305,control,32.4,mobile,MY,0,0.0,
2306,treatment,13.12,mobile,MY,1,35.7,
2307,control,24.77,desktop,SG,0,0.0,
2308,treatment,11.9,mobile,SG,0,0.0,
2309,control,32.13,desktop,ID,0,0.0,
2310,treatment,27.34,,PH,0,0.0,
2311,treatment,47.19,,SG,0,0.0,
2312,control,47.66,mobile,VN,0,0.0,
2313,control,30.14,mobile,PH,0,0.0,
2314,control,,mobile,PH,0,0.0,
2315,treatment,6.44,mobile,SG,0,0.0,
2316,control,37.34,mobile,ID,0,0.0,
2317,control,18.84,mobile,MY,0,0.0,
2318,treatment,63.59,desktop,VN,0,0.0,
2319,control,21.53,desktop,PH,0,0.0,
2320,treatment,11.33,mobile,VN,0,0.0,
2321,control,17.93,mobile,PH,0,0.0,
2322,treatment,43.78,,MY,0,0.0,
2323,treatment,78.11,mobile,ID,0,0.0,
2324,treatment,29.21,mobile,MY,0,0.0,
2325,treatment,47.37,mobile,ID,0,0.0,
2326,treatment,24.39,mobile,VN,0,0.0,
2327,control,20.7,desktop,PH,0,0.0,
2328,treatment,20.34,mobile,ID,0,0.0,
2329,treatment,7.69,mobile,ID,0,0.0,
2330,treatment,1.46,,VN,0,0.0,
2331,control,32.06,mobile,ID,0,0.0,
2332,control,42.35,mobile,PH,0,0.0,
2333,control,40.74,desktop,SG,0,0.0,
2334,treatment,12.71,mobile,MY,0,0.0,
2335,control,25.04,mobile,SG,0,0.0,
2336,control,50.16,mobile,ID,0,0.0,
2337,control,,mobile,VN,0,0.0,
2338,control,20.4,mobile,SG,1,20.95,
2339,control,92.63,desktop,MY,0,0.0,
2340,control,,desktop,MY,0,0.0,
2341,control,4.63,mobile,ID,0,0.0,
2342,control,41.24,mobile,ID,0,0.0,
2343,treatment,60.73,mobile,SG,0,0.0,
2344,control,13.2,mobile,VN,1,24.19,
2345,control,5.95,mobile,SG,0,0.0,
2346,control,13.49,mobile,PH,0,0.0,
2347,control,16.14,desktop,ID,0,0.0,
2348,control,8.34,mobile,ID,0,0.0,
2349,treatment,11.6,mobile,PH,0,0.0,
2350,control,13.66,mobile,SG,0,0.0,
2351,control,7.9,mobile,VN,0,0.0,
2352,treatment,32.05,mobile,VN,0,0.0,
2353,control,9.05,mobile,ID,0,0.0,
2354,treatment,21.98,mobile,MY,0,0.0,
2355,treatment,32.01,mobile,MY,0,0.0,
2356,treatment,61.08,mobile,PH,0,0.0,
2357,treatment,23.99,mobile,ID,1,19.0,
2358,treatment,30.73,desktop,VN,0,0.0,
2359,control,11.7,desktop,MY,0,0.0,
2360,treatment,32.14,desktop,MY,0,0.0,
2361,control,17.7,mobile,SG,0,0.0,
2362,control,20.1,mobile,MY,0,0.0,
2363,control,,mobile,SG,0,0.0,
2364,control,60.96,mobile,ID,1,5.34,
2365,control,6.42,mobile,SG,0,0.0,
2366,treatment,26.52,mobile,SG,0,0.0,
2367,control,30.48,mobile,SG,0,0.0,
2368,control,20.25,mobile,SG,0,0.0,
2369,treatment,19.79,mobile,SG,0,0.0,
2370,control,35.68,mobile,SG,0,0.0,
2371,treatment,17.05,mobile,MY,0,0.0,
2372,control,,desktop,SG,0,0.0,
2373,control,49.88,mobile,ID,0,0.0,
2374,treatment,27.08,mobile,SG,0,0.0,
2375,control,41.96,desktop,ID,0,0.0,
2376,control,4.71,desktop,SG,0,0.0,
2377,control,,mobile,MY,0,0.0,
2378,control,32.73,mobile,MY,0,0.0,
2379,treatment,9.23,desktop,PH,1,16.45,
2380,control,19.71,,SG,0,0.0,
2381,control,19.4,mobile,PH,0,0.0,
2382,treatment,19.26,mobile,SG,0,0.0,
2383,treatment,78.33,mobile,SG,0,0.0,
2384,control,8.58,desktop,PH,1,6.23,
2385,treatment,73.21,mobile,ID,0,0.0,
2386,control,3.8,mobile,SG,0,0.0,
2387,treatment,31.58,mobile,MY,1,33.16,
2388,control,24.06,desktop,VN,0,0.0,
2389,treatment,15.54,desktop,ID,0,0.0,
2390,control,16.31,desktop,ID,0,0.0,
2391,control,37.65,mobile,MY,0,0.0,
2392,treatment,57.25,mobile,SG,0,0.0,
2393,control,13.22,desktop,SG,1,8.69,
2394,treatment,83.87,mobile,MY,0,0.0,
2395,control,,mobile,SG,1,4.2,
2396,control,,mobile,PH,1,32.43,
2397,control,8.59,mobile,SG,0,0.0,
2398,control,30.69,mobile,ID,1,7.63,
2399,control,78.87,mobile,SG,0,0.0,
2400,control,17.48,desktop,ID,0,0.0,
2401,control,15.75,mobile,SG,0,0.0,
2402,control,56.61,desktop,SG,0,0.0,
2403,control,31.73,mobile,MY,0,0.0,
2404,treatment,21.62,mobile,SG,1,16.84,
2405,control,13.22,mobile,ID,1,14.03,
2406,treatment,35.61,mobile,MY,1,17.09,
2407,treatment,43.0,mobile,PH,0,0.0,
2408,treatment,6.69,mobile,PH,1,64.94,
2409,control,42.17,desktop,VN,1,1.39,
2410,control,29.62,desktop,SG,0,0.0,
2411,treatment,24.75,desktop,PH,0,0.0,
2412,treatment,88.04,desktop,ID,1,15.99,
2413,control,50.02,mobile,SG,0,0.0,
2414,treatment,22.1,mobile,SG,0,0.0,
2415,control,,,SG,0,0.0,
2416,treatment,,desktop,ID,0,0.0,
2417,control,36.61,mobile,MY,0,0.0,
2418,treatment,32.11,mobile,VN,1,11.52,
2419,treatment,17.71,mobile,SG,1,11.66,
2420,control,36.29,mobile,ID,0,0.0,
2421,control,46.41,desktop,SG,0,0.0,
2422,treatment,,desktop,MY,0,0.0,
2423,treatment,13.32,mobile,PH,1,29.09,
2424,control,49.86,mobile,ID,0,0.0,
2425,treatment,31.56,,ID,1,13.41,
2426,control,47.39,mobile,SG,0,0.0,
2427,control,7.77,mobile,MY,0,0.0,
2428,control,24.2,mobile,ID,0,0.0,
2429,control,52.49,mobile,ID,0,0.0,
2430,control,43.74,mobile,ID,1,18.81,
2431,control,,desktop,MY,0,0.0,
2432,control,,desktop,SG,0,0.0,
2433,control,36.46,desktop,ID,0,0.0,
2434,treatment,11.39,mobile,MY,0,0.0,
2435,treatment,2.95,mobile,SG,0,0.0,
2436,treatment,,mobile,MY,0,0.0,
2437,control,40.44,desktop,MY,1,8.4,
2438,control,32.24,mobile,PH,0,0.0,
2439,control,21.44,desktop,PH,0,0.0,
2440,treatment,,desktop,PH,1,19.4,
2441,control,61.88,mobile,SG,1,14.55,
2442,control,11.53,desktop,ID,1,19.05,
2443,treatment,28.79,mobile,PH,0,0.0,
2444,control,,,SG,0,0.0,
2445,treatment,112.92,mobile,ID,0,0.0,
2446,control,5.74,desktop,SG,0,0.0,
2447,treatment,16.66,mobile,PH,0,0.0,
2448,treatment,,mobile,ID,0,0.0,
2449,treatment,32.82,mobile,MY,0,0.0,
2450,treatment,63.28,mobile,ID,0,0.0,
2451,control,20.41,desktop,MY,0,0.0,
2452,treatment,14.76,desktop,MY,0,0.0,
2453,control,38.89,mobile,MY,0,0.0,
2454,treatment,25.11,mobile,MY,0,0.0,
2455,treatment,13.47,desktop,VN,1,29.07,
2456,treatment,80.5,mobile,MY,0,0.0,
2457,control,74.87,mobile,SG,0,0.0,
2458,treatment,27.86,mobile,ID,0,0.0,
2459,control,26.65,mobile,SG,0,0.0,
2460,control,,desktop,SG,0,0.0,
2461,treatment,17.0,mobile,MY,0,0.0,
2462,treatment,9.67,mobile,MY,0,0.0,
2463,control,48.47,desktop,SG,0,0.0,
2464,control,28.87,desktop,SG,0,0.0,
2465,control,30.08,mobile,MY,0,0.0,
2466,treatment,20.71,mobile,VN,0,0.0,
2467,control,36.59,desktop,VN,0,0.0,
2468,treatment,42.05,desktop,SG,0,0.0,
2469,treatment,17.79,mobile,MY,0,0.0,
2470,treatment,87.84,mobile,SG,0,0.0,
2471,treatment,19.36,mobile,SG,0,0.0,
2472,treatment,18.55,mobile,ID,0,0.0,
2473,control,18.25,mobile,ID,0,0.0,
2474,control,,desktop,VN,0,0.0,
2475,treatment,15.97,mobile,SG,0,0.0,
2476,treatment,18.99,desktop,ID,0,0.0,
2477,control,18.67,desktop,PH,0,0.0,
2478,treatment,13.04,desktop,VN,0,0.0,
2479,control,8.59,,SG,0,0.0,
2480,treatment,26.82,desktop,SG,1,7.01,
2481,treatment,33.27,mobile,ID,0,0.0,
2482,treatment,,mobile,VN,0,0.0,
2483,control,1.28,desktop,MY,1,36.99,
2484,control,2.37,desktop,MY,0,0.0,
2485,treatment,8.77,desktop,SG,0,0.0,
2486,control,17.33,desktop,MY,0,0.0,
2487,control,31.53,mobile,SG,0,0.0,
2488,control,14.52,desktop,ID,0,0.0,
2489,control,20.8,mobile,MY,0,0.0,
2490,control,21.12,mobile,SG,1,16.57,
2491,treatment,37.44,desktop,MY,0,0.0,
2492,control,22.43,desktop,ID,0,0.0,
2493,treatment,62.62,mobile,ID,0,0.0,
2494,control,16.33,desktop,PH,0,0.0,
2495,control,40.22,mobile,ID,0,0.0,
2496,control,11.44,desktop,VN,0,0.0,
2497,control,32.56,mobile,MY,0,0.0,
2498,treatment,21.53,mobile,ID,0,0.0,
2499,treatment,18.26,desktop,PH,1,19.76,
2500,treatment,29.92,desktop,VN,0,0.0,
2501,control,38.69,desktop,ID,1,24.64,
2502,treatment,61.67,mobile,PH,0,0.0,
2503,control,23.45,desktop,PH,1,19.17,
2504,treatment,17.53,mobile,ID,0,0.0,
2505,control,46.14,mobile,SG,0,0.0,
2506,control,36.37,mobile,PH,0,0.0,
2507,treatment,14.71,desktop,SG,0,0.0,
2508,treatment,53.51,mobile,ID,1,28.3,
2509,control,53.16,mobile,MY,1,41.47,
2510,treatment,114.27,mobile,VN,1,18.95,
2511,treatment,27.26,mobile,PH,1,12.3,
2512,treatment,16.14,mobile,MY,0,0.0,
2513,treatment,22.3,mobile,MY,1,31.31,
2514,treatment,24.01,mobile,VN,0,0.0,
2515,control,109.64,mobile,SG,1,13.88,
2516,treatment,16.74,mobile,ID,0,0.0,
2517,control,38.88,desktop,SG,0,0.0,
2518,treatment,31.79,mobile,ID,1,30.1,
2519,control,24.63,mobile,PH,0,0.0,
2520,control,73.98,mobile,ID,0,0.0,
2521,treatment,5.1,desktop,ID,0,0.0,
2522,control,28.88,mobile,PH,0,0.0,
2523,control,48.25,mobile,VN,1,37.19,
2524,treatment,15.48,desktop,ID,0,0.0,
2525,treatment,15.53,mobile,PH,0,0.0,
2526,treatment,38.87,mobile,SG,0,0.0,
2527,control,24.96,mobile,SG,0,0.0,
2528,treatment,30.81,mobile,SG,0,0.0,
2529,control,19.01,desktop,PH,0,0.0,
2530,treatment,23.93,,PH,1,14.28,
2531,control,40.99,mobile,MY,0,0.0,
2532,control,24.25,desktop,ID,0,0.0,
2533,control,25.7,mobile,SG,0,0.0,
2534,treatment,23.11,mobile,MY,0,0.0,
2535,treatment,14.48,desktop,ID,1,11.05,
2536,treatment,23.8,mobile,SG,0,0.0,
2537,control,9.18,desktop,ID,0,0.0,
2538,treatment,34.3,desktop,SG,0,0.0,
2539,treatment,20.86,mobile,ID,0,0.0,
2540,treatment,27.64,desktop,ID,0,0.0,
2541,control,24.59,mobile,VN,0,0.0,
2542,treatment,,desktop,ID,0,0.0,
2543,treatment,40.16,mobile,MY,1,28.44,
2544,control,26.98,mobile,MY,0,0.0,
2545,treatment,44.93,mobile,PH,0,0.0,
2546,treatment,16.24,mobile,PH,0,0.0,
2547,treatment,42.46,mobile,PH,0,0.0,
2548,control,8.49,mobile,SG,0,0.0,
2549,treatment,29.24,desktop,PH,0,0.0,
2550,treatment,16.66,desktop,ID,0,0.0,
2551,control,25.81,desktop,SG,1,3.82,
2552,treatment,23.45,mobile,ID,0,0.0,
2553,control,5.7,mobile,ID,0,0.0,
2554,control,18.27,mobile,SG,1,18.55,
2555,treatment,86.52,mobile,VN,0,0.0,
2556,treatment,14.89,mobile,MY,0,0.0,
2557,control,39.19,desktop,VN,0,0.0,
2558,control,28.32,desktop,SG,1,24.6,
2559,control,23.12,mobile,ID,0,0.0,
2560,control,,desktop,SG,0,0.0,
2561,treatment,24.95,desktop,PH,0,0.0,
2562,control,44.39,mobile,VN,0,0.0,
2563,treatment,70.44,desktop,VN,0,0.0,
2564,control,16.9,mobile,PH,0,0.0,
2565,control,30.19,desktop,ID,0,0.0,
2566,treatment,12.51,mobile,VN,0,0.0,
2567,treatment,24.66,desktop,ID,0,0.0,
2568,treatment,3.21,mobile,SG,0,0.0,
2569,control,32.19,,MY,0,0.0,
2570,treatment,63.27,,SG,0,0.0,
2571,control,56.57,desktop,SG,1,60.05,
2572,control,,desktop,VN,0,0.0,
2573,treatment,22.48,mobile,SG,0,0.0,
2574,control,23.31,desktop,PH,0,0.0,
2575,control,45.09,desktop,SG,0,0.0,
2576,treatment,32.1,mobile,ID,0,0.0,
2577,control,97.49,mobile,PH,0,0.0,
2578,control,53.14,mobile,VN,0,0.0,
2579,control,36.46,desktop,PH,0,0.0,
2580,treatment,59.2,mobile,SG,0,0.0,
2581,treatment,15.25,mobile,PH,0,0.0,
2582,control,25.48,desktop,SG,1,67.79,
2583,control,31.32,mobile,VN,0,0.0,
2584,control,23.44,mobile,MY,0,0.0,
2585,control,,mobile,PH,0,0.0,
2586,treatment,23.83,mobile,ID,0,0.0,
2587,treatment,9.39,desktop,SG,0,0.0,
2588,control,,mobile,VN,0,0.0,
2589,treatment,14.26,desktop,ID,0,0.0,
2590,treatment,30.2,mobile,VN,0,0.0,
2591,treatment,83.68,desktop,MY,0,0.0,
2592,control,28.67,mobile,ID,0,0.0,
2593,treatment,29.54,mobile,SG,0,0.0,
2594,control,14.76,mobile,MY,0,0.0,
2595,control,2.74,desktop,SG,0,0.0,
2596,treatment,29.28,desktop,PH,0,0.0,
2597,treatment,6.82,,ID,0,0.0,
2598,treatment,26.55,desktop,PH,0,0.0,
2599,control,41.27,desktop,MY,0,0.0,
2600,control,21.41,mobile,ID,1,40.86,
2601,treatment,5.9,desktop,MY,1,20.14,
2602,treatment,,mobile,ID,0,0.0,
2603,treatment,35.87,mobile,MY,0,0.0,
2604,treatment,10.13,mobile,ID,1,13.2,
2605,treatment,16.43,desktop,MY,0,0.0,
2606,control,28.54,desktop,ID,0,0.0,
2607,treatment,17.54,desktop,ID,0,0.0,
2608,control,9.82,mobile,MY,0,0.0,
2609,control,23.87,mobile,MY,0,0.0,
2610,treatment,14.98,desktop,ID,0,0.0,
2611,treatment,60.05,desktop,PH,1,57.67,
2612,control,46.15,desktop,MY,0,0.0,
2613,control,15.27,mobile,VN,0,0.0,
2614,control,22.34,mobile,MY,0,0.0,
2615,control,11.87,mobile,SG,0,0.0,
2616,control,9.34,desktop,MY,0,0.0,
2617,control,33.63,mobile,MY,0,0.0,
2618,treatment,4.24,mobile,VN,0,0.0,
2619,control,5.27,mobile,SG,0,0.0,
2620,control,17.53,desktop,MY,0,0.0,
2621,treatment,29.06,mobile,VN,0,0.0,
2622,control,49.19,desktop,ID,0,0.0,
2623,treatment,13.29,mobile,MY,0,0.0,
2624,treatment,77.61,mobile,ID,0,0.0,
2625,treatment,26.68,mobile,SG,0,0.0,
2626,treatment,42.96,desktop,SG,0,0.0,
2627,control,24.98,mobile,SG,0,0.0,
2628,control,40.1,desktop,MY,0,0.0,
2629,treatment,52.89,desktop,ID,0,0.0,
2630,treatment,,mobile,VN,0,0.0,
2631,treatment,9.93,mobile,SG,0,0.0,
2632,treatment,15.5,mobile,ID,0,0.0,
2633,control,7.66,mobile,SG,0,0.0,
2634,control,47.03,mobile,SG,0,0.0,
2635,control,,mobile,MY,0,0.0,
2636,control,37.36,mobile,ID,0,0.0,
2637,treatment,85.08,mobile,PH,0,0.0,
2638,treatment,5.33,mobile,MY,0,0.0,
2639,control,,desktop,MY,0,0.0,
2640,control,22.47,mobile,SG,0,0.0,
2641,control,14.01,desktop,VN,1,11.34,
2642,control,18.96,desktop,PH,0,0.0,
2643,treatment,13.15,mobile,ID,0,0.0,
2644,treatment,5.04,mobile,SG,0,0.0,
2645,control,22.37,mobile,MY,0,0.0,
2646,treatment,13.41,mobile,MY,0,0.0,
2647,treatment,77.16,desktop,SG,0,0.0,
2648,control,36.63,desktop,SG,0,0.0,
2649,treatment,,mobile,SG,0,0.0,
2650,treatment,3.29,mobile,ID,0,0.0,
2651,treatment,ERROR,,SG,0,0.0,
2652,control,15.63,mobile,PH,0,0.0,
2653,treatment,51.97,mobile,VN,0,0.0,
2654,treatment,16.09,mobile,PH,0,0.0,
2655,control,26.4,desktop,ID,0,0.0,
2656,control,27.15,desktop,MY,1,3.33,
2657,control,54.2,desktop,ID,0,0.0,
2658,control,44.89,mobile,PH,0,0.0,
2659,treatment,22.7,mobile,MY,0,0.0,
2660,control,8.7,mobile,MY,0,0.0,
2661,treatment,10.23,,PH,0,0.0,
2662,treatment,11.14,,VN,0,0.0,
2663,treatment,29.61,mobile,ID,1,26.2,
2664,treatment,33.04,desktop,PH,1,33.31,
2665,treatment,41.85,desktop,SG,0,0.0,
2666,control,13.84,desktop,PH,0,0.0,
2667,treatment,7.53,desktop,ID,0,0.0,
2668,control,58.85,mobile,ID,0,0.0,
2669,control,33.2,mobile,PH,0,0.0,
2670,control,17.56,mobile,SG,0,0.0,
2671,treatment,61.21,mobile,SG,0,0.0,
2672,treatment,5.27,desktop,VN,0,0.0,
2673,control,39.22,mobile,MY,0,0.0,
2674,treatment,17.55,mobile,SG,0,0.0,
2675,control,2.19,mobile,SG,0,0.0,
2676,treatment,40.53,desktop,ID,1,47.46,
2677,treatment,12.02,desktop,SG,0,0.0,
2678,control,19.36,desktop,SG,0,0.0,
2679,treatment,47.72,mobile,SG,0,0.0,
2680,treatment,,desktop,MY,0,0.0,
2681,treatment,9.73,mobile,SG,0,0.0,
2682,control,9.46,mobile,PH,0,0.0,
2683,control,34.32,mobile,PH,0,0.0,
2684,treatment,8.03,desktop,MY,0,0.0,
2685,treatment,6.92,mobile,MY,0,0.0,
2686,treatment,47.48,mobile,VN,0,0.0,
2687,control,26.26,mobile,MY,0,0.0,
2688,control,,mobile,SG,0,0.0,
2689,treatment,79.36,mobile,MY,0,0.0,
2690,control,5.86,desktop,MY,0,0.0,
2691,control,87.4,mobile,VN,0,0.0,
2692,control,18.04,mobile,MY,0,0.0,
2693,control,56.76,desktop,SG,0,0.0,
2694,control,117.89,desktop,ID,0,0.0,
2695,control,,mobile,PH,0,0.0,
2696,control,37.01,desktop,PH,0,0.0,
2697,control,78.61,mobile,SG,1,8.72,
2698,control,9.28,desktop,SG,0,0.0,
2699,control,12.38,mobile,VN,0,0.0,
2700,treatment,9.87,mobile,PH,0,0.0,
2701,treatment,29.54,mobile,VN,0,0.0,
2702,control,66.89,desktop,SG,1,30.42,
2703,treatment,32.14,mobile,ID,0,0.0,
2704,control,30.07,desktop,ID,1,40.92,
2705,control,17.71,desktop,ID,0,0.0,
2706,control,40.51,mobile,ID,0,0.0,
2707,control,21.3,mobile,MY,1,53.52,
2708,control,25.66,mobile,ID,1,11.61,
2709,treatment,,mobile,SG,0,0.0,
2710,treatment,22.33,mobile,ID,0,0.0,
2711,treatment,14.4,mobile,SG,1,40.92,
2712,treatment,12.32,mobile,PH,1,22.59,
2713,treatment,14.56,mobile,ID,1,41.53,
2714,treatment,77.65,mobile,MY,0,0.0,
2715,control,29.47,mobile,SG,0,0.0,
2716,control,13.41,mobile,MY,0,0.0,
2717,treatment,20.69,mobile,ID,0,0.0,
2718,treatment,41.24,mobile,MY,1,61.67,
2719,treatment,16.58,mobile,MY,1,65.93,
2720,control,43.35,mobile,PH,0,0.0,
2721,control,40.86,desktop,PH,0,0.0,
2722,treatment,,mobile,ID,0,0.0,
2723,control,8.15,desktop,ID,0,0.0,
2724,control,82.39,desktop,ID,1,27.61,
2725,control,33.99,desktop,VN,0,0.0,
2726,treatment,18.22,desktop,SG,0,0.0,
2727,control,,mobile,ID,0,0.0,
2728,treatment,21.51,desktop,MY,0,0.0,
2729,control,9.33,mobile,SG,0,0.0,
2730,control,14.99,mobile,ID,0,0.0,
2731,control,14.92,mobile,SG,0,0.0,
2732,treatment,18.37,mobile,MY,0,0.0,
2733,control,30.35,mobile,SG,0,0.0,
2734,treatment,48.88,mobile,PH,1,11.71,
2735,treatment,,mobile,SG,0,0.0,
2736,control,40.83,mobile,SG,0,0.0,
2737,control,6.04,desktop,SG,0,0.0,
2738,treatment,68.52,,PH,1,28.84,
2739,treatment,8.22,mobile,PH,0,0.0,
2740,control,34.95,desktop,VN,0,0.0,
2741,control,114.67,mobile,PH,0,0.0,
2742,treatment,18.15,mobile,ID,1,37.56,
2743,control,30.25,mobile,ID,0,0.0,
2744,treatment,31.6,mobile,ID,0,0.0,
2745,control,4.37,mobile,MY,0,0.0,
2746,control,21.49,desktop,PH,0,0.0,
2747,treatment,17.6,mobile,MY,0,0.0,
2748,control,27.41,mobile,MY,0,0.0,
2749,control,77.79,mobile,ID,0,0.0,
2750,control,48.09,mobile,MY,0,0.0,
2751,control,56.62,desktop,ID,0,0.0,
2752,treatment,59.88,mobile,PH,0,0.0,
2753,control,15.2,desktop,ID,0,0.0,
2754,treatment,31.77,desktop,MY,0,0.0,
2755,treatment,40.81,mobile,ID,0,0.0,
2756,treatment,12.52,mobile,PH,0,0.0,
2757,control,17.94,mobile,MY,0,0.0,
2758,control,55.62,mobile,SG,0,0.0,
2759,control,14.77,mobile,ID,0,0.0,
2760,treatment,11.97,desktop,ID,0,0.0,
2761,treatment,68.14,desktop,MY,1,19.29,
2762,control,9.57,desktop,SG,1,39.99,
2763,treatment,9.01,mobile,SG,1,37.97,
2764,treatment,25.92,desktop,MY,0,0.0,
2765,treatment,28.81,,MY,0,0.0,
2766,control,15.18,mobile,MY,0,0.0,
2767,control,39.63,desktop,ID,0,0.0,
2768,control,24.26,mobile,MY,0,0.0,
2769,control,6.37,desktop,SG,1,7.26,
2770,control,5.7,mobile,SG,0,0.0,
2771,control,33.45,mobile,SG,0,0.0,
2772,control,29.49,desktop,SG,0,0.0,
2773,control,14.97,desktop,ID,0,0.0,
2774,control,6.2,desktop,MY,0,0.0,
2775,control,39.41,desktop,MY,0,0.0,
2776,treatment,8.75,desktop,MY,1,29.17,
2777,treatment,39.63,mobile,MY,0,0.0,
2778,treatment,43.35,desktop,ID,0,0.0,
2779,control,30.86,desktop,MY,1,47.8,
2780,control,19.3,desktop,ID,0,0.0,
2781,treatment,37.69,mobile,MY,0,0.0,
2782,treatment,64.33,,ID,0,0.0,
2783,treatment,26.7,mobile,ID,0,0.0,
2784,control,14.96,mobile,MY,0,0.0,
2785,treatment,9.79,desktop,ID,0,0.0,
2786,control,55.25,mobile,ID,0,0.0,
2787,treatment,23.95,desktop,SG,0,0.0,
2788,control,21.83,mobile,VN,0,0.0,
2789,treatment,26.69,desktop,ID,0,0.0,
2790,control,31.03,mobile,ID,1,10.95,
2791,treatment,,mobile,SG,1,6.44,
2792,control,55.95,mobile,VN,0,0.0,
2793,treatment,10.5,mobile,VN,0,0.0,
2794,treatment,37.52,mobile,MY,0,0.0,
2795,treatment,2.89,desktop,ID,0,0.0,
2796,control,38.62,mobile,VN,0,0.0,
2797,treatment,7.39,mobile,MY,0,0.0,
2798,control,15.86,mobile,ID,0,0.0,
2799,treatment,25.28,mobile,ID,0,0.0,
2800,treatment,29.2,desktop,MY,0,0.0,
2801,control,35.93,mobile,MY,1,18.85,
2802,treatment,41.95,mobile,ID,0,0.0,
2803,treatment,18.48,mobile,MY,0,0.0,
2804,treatment,13.66,mobile,MY,0,0.0,
2805,treatment,20.08,desktop,SG,0,0.0,
2806,control,6.96,mobile,SG,0,0.0,
2807,control,24.54,,ID,0,0.0,
2808,control,,mobile,SG,0,0.0,
2809,control,48.77,,MY,0,0.0,
2810,treatment,13.82,mobile,PH,0,0.0,
2811,treatment,21.38,,ID,0,0.0,
2812,control,8.95,mobile,ID,0,0.0,
2813,treatment,6.93,mobile,ID,0,0.0,
2814,treatment,,mobile,VN,0,0.0,
2815,control,26.29,desktop,SG,0,0.0,
2816,control,46.16,mobile,SG,0,0.0,
2817,treatment,11.39,mobile,SG,0,0.0,
2818,control,11.35,desktop,MY,1,4.9,
2819,treatment,23.51,mobile,PH,0,0.0,
2820,control,28.56,mobile,PH,0,0.0,
2821,treatment,6.33,desktop,SG,0,0.0,
2822,control,52.37,mobile,SG,0,0.0,
2823,control,,desktop,ID,0,0.0,
2824,control,,desktop,ID,0,0.0,
2825,treatment,19.58,mobile,MY,1,22.49,
2826,treatment,14.58,mobile,VN,0,0.0,
2827,control,36.67,desktop,SG,1,8.47,
2828,control,15.35,mobile,PH,0,0.0,
2829,treatment,28.07,mobile,ID,0,0.0,
2830,treatment,10.15,desktop,ID,0,0.0,
2831,treatment,,mobile,VN,0,0.0,
2832,treatment,,desktop,PH,0,0.0,
2833,control,14.54,mobile,MY,0,0.0,
2834,control,23.07,mobile,MY,0,0.0,
2835,control,50.27,mobile,SG,0,0.0,
2836,treatment,13.17,mobile,ID,0,0.0,
2837,control,13.12,mobile,PH,1,16.33,
2838,treatment,21.73,desktop,VN,1,18.92,
2839,control,50.21,desktop,VN,0,0.0,
2840,treatment,12.9,mobile,SG,0,0.0,
2841,control,,desktop,MY,1,31.65,
2842,treatment,33.49,mobile,SG,1,47.63,
2843,treatment,14.97,desktop,MY,0,0.0,
2844,treatment,23.15,mobile,SG,0,0.0,
2845,control,25.61,mobile,SG,0,0.0,
2846,control,5.82,mobile,ID,0,0.0,
2847,control,43.72,desktop,SG,0,0.0,
2848,treatment,9.23,mobile,SG,0,0.0,
2849,treatment,10.27,desktop,PH,0,0.0,
2850,treatment,35.03,mobile,PH,0,0.0,
2851,treatment,26.58,desktop,ID,0,0.0,
2852,control,7.16,mobile,SG,0,0.0,
2853,treatment,13.58,mobile,SG,0,0.0,
2854,treatment,11.11,mobile,ID,1,17.01,
2855,control,13.62,mobile,ID,0,0.0,
2856,control,44.57,mobile,SG,0,0.0,
2857,treatment,5.93,desktop,SG,0,0.0,
2858,treatment,10.29,mobile,MY,0,0.0,
2859,control,39.04,mobile,PH,0,0.0,
2860,control,35.22,mobile,SG,1,3.07,
2861,control,48.59,desktop,SG,0,0.0,
2862,treatment,43.27,desktop,PH,0,0.0,
2863,treatment,41.5,mobile,SG,0,0.0,
2864,treatment,41.27,mobile,VN,0,0.0,
2865,control,16.41,mobile,VN,0,0.0,
2866,treatment,20.68,,SG,1,11.12,
2867,control,49.33,desktop,SG,1,2.91,
2868,treatment,37.71,mobile,SG,0,0.0,
2869,treatment,29.81,mobile,PH,0,0.0,
2870,control,26.47,mobile,SG,0,0.0,
2871,control,5.55,mobile,SG,0,0.0,
2872,control,32.0,desktop,ID,0,0.0,
2873,treatment,23.97,,PH,1,17.91,
2874,treatment,12.51,mobile,PH,1,33.9,
2875,control,28.97,desktop,SG,0,0.0,
2876,control,7.68,desktop,VN,0,0.0,
2877,treatment,18.86,desktop,ID,0,0.0,
2878,treatment,31.38,mobile,VN,0,0.0,
2879,control,48.11,mobile,PH,0,0.0,
2880,treatment,99.36,mobile,ID,1,47.33,
2881,control,52.3,mobile,SG,0,0.0,
2882,treatment,39.89,desktop,MY,0,0.0,
2883,treatment,15.91,desktop,SG,0,0.0,
2884,treatment,8.26,desktop,MY,1,13.53,
2885,control,10.07,mobile,SG,0,0.0,
2886,treatment,12.7,desktop,SG,0,0.0,
2887,control,26.09,,SG,0,0.0,
2888,control,21.74,mobile,ID,0,0.0,
2889,control,13.32,desktop,VN,1,51.94,
2890,treatment,63.27,mobile,ID,0,0.0,
2891,treatment,6.33,mobile,MY,0,0.0,
2892,control,32.86,mobile,PH,0,0.0,
2893,control,21.09,desktop,SG,1,41.42,
2894,treatment,9.06,desktop,ID,0,0.0,
2895,control,,desktop,PH,0,0.0,
2896,control,106.61,mobile,SG,0,0.0,
2897,treatment,18.59,desktop,SG,0,0.0,
2898,treatment,37.32,mobile,ID,0,0.0,
2899,control,27.69,mobile,ID,0,0.0,
2900,treatment,24.46,mobile,VN,0,0.0,
2901,treatment,36.11,mobile,PH,0,0.0,
2902,control,26.3,mobile,VN,1,22.68,
2903,control,15.95,mobile,MY,0,0.0,
2904,treatment,32.14,mobile,ID,1,12.68,
2905,control,31.05,desktop,SG,0,0.0,
2906,control,83.89,desktop,ID,0,0.0,
2907,control,26.6,mobile,ID,0,0.0,
2908,treatment,14.45,mobile,MY,0,0.0,
2909,control,69.93,mobile,ID,0,0.0,
2910,treatment,,mobile,PH,0,0.0,
2911,control,11.14,desktop,SG,0,0.0,
2912,treatment,,mobile,SG,0,0.0,
2913,control,,desktop,ID,0,0.0,
2914,treatment,21.06,mobile,SG,0,0.0,
2915,control,31.55,mobile,ID,0,0.0,
2916,control,19.37,desktop,ID,0,0.0,
2917,treatment,19.53,desktop,SG,0,0.0,
2918,control,11.22,mobile,VN,0,0.0,
2919,treatment,14.59,desktop,SG,0,0.0,
2920,treatment,20.36,mobile,PH,0,0.0,
2921,treatment,17.93,mobile,MY,0,0.0,
2922,treatment,19.0,,VN,0,0.0,
2923,treatment,24.51,desktop,ID,1,9.18,
2924,control,27.07,mobile,VN,0,0.0,
2925,treatment,81.76,desktop,SG,0,0.0,
2926,control,15.35,mobile,ID,1,50.88,
2927,treatment,,mobile,MY,0,0.0,
2928,treatment,99.14,mobile,SG,0,0.0,
2929,control,51.37,mobile,SG,0,0.0,
2930,control,17.43,mobile,ID,1,5.19,
2931,control,3.88,desktop,ID,0,0.0,
2932,treatment,21.37,mobile,SG,0,0.0,
2933,treatment,3.6,desktop,ID,0,0.0,
2934,treatment,36.99,mobile,ID,0,0.0,
2935,control,18.48,desktop,ID,0,0.0,
2936,control,25.05,desktop,ID,0,0.0,
2937,control,11.34,,SG,0,0.0,
2938,treatment,,mobile,SG,0,0.0,
2939,treatment,16.75,desktop,ID,0,0.0,
2940,control,17.47,desktop,SG,1,25.21,
2941,treatment,24.58,mobile,SG,0,0.0,
2942,treatment,8.54,mobile,ID,0,0.0,
2943,treatment,34.45,mobile,VN,1,63.66,
2944,control,,mobile,SG,0,0.0,
2945,treatment,14.87,mobile,ID,1,30.32,
2946,control,20.78,desktop,SG,0,0.0,
2947,treatment,12.39,desktop,MY,0,0.0,
2948,control,34.29,mobile,SG,0,0.0,
2949,treatment,5.9,desktop,SG,0,0.0,
2950,control,7.68,mobile,MY,0,0.0,
2951,control,7.2,desktop,MY,0,0.0,
2952,control,12.82,desktop,ID,0,0.0,
2953,treatment,2.55,mobile,ID,0,0.0,
2954,control,,mobile,SG,0,0.0,
2955,treatment,41.01,,SG,0,0.0,
2956,control,46.88,desktop,MY,0,0.0,
2957,control,51.37,desktop,ID,0,0.0,
2958,treatment,32.89,desktop,ID,0,0.0,
2959,treatment,18.22,desktop,SG,0,0.0,
2960,control,34.32,mobile,SG,1,24.78,
2961,control,11.39,desktop,MY,0,0.0,
2962,treatment,19.13,mobile,VN,0,0.0,
2963,treatment,19.21,desktop,ID,0,0.0,
2964,treatment,12.5,mobile,ID,0,0.0,
2965,control,36.83,desktop,ID,1,13.71,
2966,treatment,47.26,mobile,PH,0,0.0,
2967,treatment,75.01,mobile,ID,0,0.0,
2968,treatment,11.4,mobile,SG,0,0.0,
2969,control,101.67,mobile,ID,0,0.0,
2970,control,58.4,mobile,ID,0,0.0,
2971,treatment,42.0,mobile,MY,0,0.0,
2972,control,9.38,desktop,PH,0,0.0,
2973,control,13.0,desktop,PH,0,0.0,
2974,control,44.64,mobile,PH,0,0.0,
2975,treatment,10.6,mobile,ID,0,0.0,
2976,control,54.97,mobile,SG,0,0.0,
2977,treatment,46.04,mobile,VN,0,0.0,
2978,treatment,61.47,desktop,PH,0,0.0,
2979,treatment,,desktop,ID,0,0.0,
2980,control,58.14,desktop,SG,0,0.0,
2981,control,4.64,desktop,ID,0,0.0,
2982,treatment,61.44,desktop,SG,0,0.0,
2983,control,,mobile,ID,0,0.0,
2984,treatment,5.73,desktop,SG,0,0.0,
2985,control,9.35,desktop,PH,0,0.0,
2986,control,29.08,desktop,SG,1,28.02,
2987,control,31.33,desktop,SG,0,0.0,
2988,treatment,18.52,mobile,ID,0,0.0,
2989,control,22.77,mobile,SG,0,0.0,
2990,treatment,,mobile,ID,0,0.0,
2991,treatment,35.03,mobile,SG,0,0.0,
2992,treatment,20.82,mobile,PH,0,0.0,
2993,control,35.44,mobile,PH,0,0.0,
2994,treatment,12.88,mobile,SG,0,0.0,
2995,control,26.69,mobile,SG,0,0.0,
2996,control,29.16,desktop,SG,0,0.0,
2997,control,46.65,desktop,SG,0,0.0,
2998,control,19.39,desktop,PH,0,0.0,
2999,control,15.3,mobile,PH,1,47.99,
3000,treatment,5.42,,ID,0,0.0,
3001,control,6.27,desktop,PH,0,0.0,
3002,control,47.55,desktop,SG,0,0.0,
3003,treatment,,mobile,ID,1,12.19,
3004,treatment,16.21,mobile,SG,0,0.0,
3005,treatment,35.4,mobile,ID,0,0.0,
3006,control,,mobile,SG,0,0.0,
3007,control,34.86,mobile,SG,1,14.83,
3008,treatment,30.54,mobile,MY,0,0.0,
3009,treatment,11.75,mobile,ID,0,0.0,
3010,treatment,26.43,desktop,MY,0,0.0,
3011,control,92.35,mobile,MY,0,0.0,
3012,treatment,7.54,mobile,VN,0,0.0,
3013,treatment,21.15,mobile,ID,0,0.0,
3014,treatment,9.68,mobile,PH,0,0.0,
3015,treatment,17.51,mobile,SG,0,0.0,
3016,treatment,17.03,desktop,MY,0,0.0,
3017,control,33.68,mobile,ID,0,0.0,
3018,treatment,17.84,desktop,SG,0,0.0,
3019,treatment,18.76,mobile,SG,0,0.0,
3020,treatment,16.06,desktop,VN,0,0.0,
3021,control,25.96,mobile,ID,0,0.0,
3022,control,7.74,mobile,SG,0,0.0,
3023,control,59.93,mobile,SG,0,0.0,
3024,treatment,16.27,desktop,ID,1,12.66,
3025,treatment,7.61,desktop,PH,0,0.0,
3026,treatment,14.59,desktop,VN,0,0.0,
3027,control,,mobile,MY,0,0.0,
3028,treatment,55.81,mobile,VN,0,0.0,
3029,treatment,23.43,mobile,SG,0,0.0,
3030,control,23.7,mobile,PH,0,0.0,
3031,control,77.81,mobile,MY,0,0.0,
3032,control,55.01,mobile,PH,0,0.0,
3033,control,32.59,desktop,MY,0,0.0,
3034,treatment,,mobile,ID,0,0.0,
3035,control,25.49,mobile,SG,0,0.0,
3036,control,,mobile,VN,0,0.0,
3037,control,33.01,mobile,SG,0,0.0,
3038,control,22.43,mobile,SG,0,0.0,
3039,control,13.98,mobile,SG,0,0.0,
3040,control,43.55,mobile,MY,0,0.0,
3041,treatment,43.93,mobile,ID,0,0.0,
3042,control,79.64,mobile,MY,1,9.45,
3043,control,21.96,mobile,MY,0,0.0,
3044,treatment,20.5,mobile,MY,0,0.0,
3045,treatment,21.67,mobile,ID,0,0.0,
3046,control,6.42,mobile,SG,0,0.0,
3047,control,,,SG,0,0.0,
3048,control,,mobile,SG,0,0.0,
3049,control,15.49,mobile,SG,0,0.0,
3050,treatment,45.28,mobile,SG,0,0.0,
3051,control,19.83,mobile,PH,0,0.0,
3052,treatment,15.54,desktop,MY,0,0.0,
3053,control,28.79,,SG,0,0.0,
3054,treatment,,desktop,ID,0,0.0,
3055,control,22.31,desktop,SG,0,0.0,
3056,treatment,40.04,mobile,SG,1,66.58,
3057,control,11.43,desktop,ID,0,0.0,
3058,control,56.64,mobile,SG,0,0.0,
3059,treatment,23.92,mobile,ID,0,0.0,
3060,control,49.1,mobile,PH,0,0.0,
3061,control,54.64,mobile,SG,0,0.0,
3062,control,,mobile,PH,0,0.0,
3063,treatment,10.76,mobile,ID,0,0.0,
3064,treatment,7.83,,MY,0,0.0,
3065,control,35.96,desktop,MY,0,0.0,
3066,control,10.17,desktop,VN,0,0.0,
3067,treatment,11.14,mobile,MY,0,0.0,
3068,control,4.24,mobile,MY,0,0.0,
3069,treatment,24.12,mobile,MY,0,0.0,
3070,control,15.78,mobile,SG,0,0.0,
3071,control,92.34,mobile,SG,0,0.0,
3072,treatment,29.62,mobile,PH,0,0.0,
3073,control,43.61,,MY,0,0.0,
3074,control,12.11,mobile,MY,1,71.23,
3075,control,18.2,mobile,SG,0,0.0,
3076,treatment,19.61,desktop,ID,0,0.0,
3077,control,5.55,mobile,MY,0,0.0,
3078,treatment,40.51,mobile,ID,0,0.0,
3079,treatment,23.02,desktop,SG,0,0.0,
3080,control,93.17,mobile,MY,0,0.0,
3081,treatment,47.65,desktop,SG,0,0.0,
3082,treatment,20.57,mobile,ID,0,0.0,
3083,control,0.55,desktop,MY,0,0.0,
3084,treatment,10.77,desktop,SG,0,0.0,
3085,treatment,,mobile,ID,0,0.0,
3086,control,26.2,mobile,ID,0,0.0,
3087,treatment,15.56,desktop,MY,0,0.0,
3088,control,25.31,mobile,VN,0,0.0,
3089,control,9.71,mobile,MY,0,0.0,
3090,treatment,31.04,,ID,0,0.0,
3091,control,104.82,desktop,MY,1,14.4,
3092,control,33.2,mobile,ID,0,0.0,
3093,treatment,29.56,desktop,ID,0,0.0,
3094,treatment,5.36,desktop,ID,0,0.0,
3095,treatment,11.8,desktop,VN,0,0.0,
3096,treatment,31.68,desktop,ID,0,0.0,
3097,treatment,29.49,,ID,1,18.04,
3098,treatment,48.98,desktop,MY,0,0.0,
3099,treatment,63.95,desktop,SG,0,0.0,
3100,treatment,25.46,mobile,SG,1,14.49,
3101,control,32.99,mobile,ID,0,0.0,
3102,treatment,14.92,desktop,SG,0,0.0,
3103,treatment,,mobile,ID,0,0.0,
3104,control,42.56,desktop,MY,0,0.0,
3105,control,40.9,mobile,VN,0,0.0,
3106,control,26.01,mobile,VN,0,0.0,
3107,treatment,11.39,,ID,0,0.0,
3108,control,22.96,mobile,ID,0,0.0,
3109,treatment,,mobile,PH,0,0.0,
3110,control,73.56,,VN,0,0.0,
3111,control,9.6,desktop,MY,0,0.0,
3112,treatment,21.92,mobile,SG,0,0.0,
3113,control,37.95,desktop,SG,0,0.0,
3114,treatment,7.68,desktop,SG,0,0.0,
3115,control,13.68,mobile,ID,0,0.0,
3116,treatment,8.68,mobile,PH,0,0.0,
3117,control,31.98,mobile,ID,0,0.0,
3118,treatment,13.68,mobile,SG,1,33.83,
3119,treatment,12.9,desktop,SG,0,0.0,
3120,control,78.05,mobile,ID,0,0.0,
3121,control,71.49,mobile,MY,0,0.0,
3122,control,8.39,mobile,VN,1,16.97,
3123,control,39.63,mobile,SG,0,0.0,
3124,treatment,58.4,mobile,SG,0,0.0,
3125,treatment,14.14,mobile,PH,0,0.0,
3126,control,38.41,mobile,PH,0,0.0,
3127,treatment,10.92,mobile,SG,0,0.0,
3128,control,17.36,mobile,MY,0,0.0,
3129,treatment,3.47,mobile,PH,0,0.0,
3130,treatment,,desktop,PH,0,0.0,
3131,treatment,27.27,mobile,ID,0,0.0,
3132,treatment,4.99,mobile,PH,0,0.0,
3133,control,27.64,mobile,ID,0,0.0,
3134,control,54.56,mobile,MY,0,0.0,
3135,control,34.22,mobile,MY,0,0.0,
3136,control,45.02,desktop,SG,0,0.0,
3137,treatment,64.59,mobile,SG,0,0.0,
3138,treatment,78.44,mobile,MY,0,0.0,
3139,control,18.67,desktop,SG,1,48.07,
3140,treatment,29.64,mobile,MY,0,0.0,
3141,treatment,23.07,desktop,SG,1,33.51,
3142,control,29.72,mobile,ID,0,0.0,
3143,control,3.99,mobile,PH,1,16.76,
3144,treatment,9.23,mobile,ID,0,0.0,
3145,treatment,30.58,mobile,MY,0,0.0,
3146,treatment,17.86,mobile,MY,0,0.0,
3147,control,20.38,desktop,SG,0,0.0,
3148,treatment,90.56,mobile,ID,0,0.0,
3149,treatment,49.37,desktop,PH,0,0.0,
3150,control,,mobile,SG,0,0.0,
3151,treatment,,desktop,VN,0,0.0,
3152,treatment,50.85,mobile,PH,0,0.0,
3153,control,35.99,mobile,SG,0,0.0,
3154,control,33.7,desktop,SG,0,0.0,
3155,control,37.44,desktop,SG,0,0.0,
3156,control,11.51,desktop,ID,0,0.0,
3157,treatment,12.44,mobile,MY,0,0.0,
3158,treatment,19.65,mobile,PH,0,0.0,
3159,treatment,12.82,mobile,MY,0,0.0,
3160,control,26.65,mobile,ID,0,0.0,
3161,control,33.5,mobile,SG,0,0.0,
3162,control,38.44,mobile,SG,0,0.0,
3163,treatment,,mobile,SG,0,0.0,
3164,treatment,59.33,mobile,MY,0,0.0,
3165,control,39.77,desktop,SG,0,0.0,
3166,control,34.5,desktop,VN,0,0.0,
3167,treatment,31.77,desktop,MY,0,0.0,
3168,treatment,23.74,mobile,MY,0,0.0,
3169,treatment,7.43,desktop,SG,0,0.0,
3170,treatment,34.68,mobile,SG,0,0.0,
3171,control,56.55,,PH,1,19.34,
3172,control,27.24,mobile,ID,0,0.0,
3173,control,12.39,mobile,SG,0,0.0,
3174,control,11.58,mobile,ID,0,0.0,
3175,control,48.4,mobile,SG,1,43.61,
3176,control,35.63,mobile,VN,1,25.56,
3177,control,58.79,mobile,VN,0,0.0,
3178,control,5.35,mobile,PH,0,0.0,
3179,control,17.01,desktop,PH,0,0.0,
3180,treatment,26.29,desktop,SG,0,0.0,
3181,control,38.82,mobile,SG,0,0.0,
3182,control,6.51,mobile,ID,0,0.0,
3183,control,58.62,desktop,SG,0,0.0,
3184,treatment,44.81,mobile,PH,1,13.46,
3185,control,49.73,desktop,ID,0,0.0,
3186,treatment,31.83,desktop,SG,0,0.0,
3187,treatment,92.16,mobile,ID,1,36.69,
3188,control,53.54,mobile,SG,0,0.0,
3189,control,10.54,mobile,PH,0,0.0,
3190,control,14.6,desktop,SG,0,0.0,
3191,control,69.73,mobile,SG,0,0.0,
3192,control,37.49,mobile,ID,1,33.7,
3193,treatment,24.15,mobile,PH,0,0.0,
3194,treatment,33.84,desktop,SG,0,0.0,
3195,treatment,21.99,desktop,PH,0,0.0,
3196,control,88.14,mobile,PH,0,0.0,
3197,control,24.52,mobile,VN,0,0.0,
3198,control,,desktop,VN,0,0.0,
3199,treatment,41.83,desktop,SG,0,0.0,
3200,control,32.58,mobile,ID,1,27.28,
3201,treatment,50.35,mobile,SG,1,9.38,
3202,treatment,6.46,desktop,ID,0,0.0,
3203,control,34.98,mobile,ID,0,0.0,
3204,control,20.95,,ID,0,0.0,
3205,control,17.44,desktop,SG,0,0.0,
3206,control,51.84,mobile,SG,0,0.0,
3207,treatment,44.49,mobile,SG,0,0.0,
3208,control,25.9,mobile,VN,0,0.0,
3209,treatment,35.36,mobile,ID,1,33.03,
3210,control,27.21,desktop,MY,0,0.0,
3211,control,15.78,desktop,VN,0,0.0,
3212,control,,mobile,ID,0,0.0,
3213,control,14.27,mobile,SG,0,0.0,
3214,control,25.4,mobile,MY,0,0.0,
3215,treatment,51.82,mobile,ID,1,46.96,
3216,treatment,76.63,,ID,0,0.0,
3217,treatment,17.86,mobile,ID,0,0.0,
3218,control,42.26,mobile,ID,0,0.0,
3219,treatment,18.82,mobile,SG,0,0.0,
3220,control,28.37,desktop,PH,0,0.0,
3221,treatment,38.6,mobile,PH,1,26.53,
3222,control,16.85,desktop,ID,0,0.0,
3223,control,1.74,desktop,SG,0,0.0,
3224,control,,mobile,ID,0,0.0,
3225,control,,mobile,MY,0,0.0,
3226,control,73.62,mobile,ID,0,0.0,
3227,control,104.7,desktop,ID,0,0.0,
3228,treatment,65.04,mobile,VN,0,0.0,
3229,control,20.6,desktop,ID,0,0.0,
3230,control,20.46,mobile,PH,0,0.0,
3231,treatment,12.31,desktop,PH,0,0.0,
3232,treatment,63.35,mobile,MY,0,0.0,
3233,control,33.52,mobile,VN,0,0.0,
3234,control,12.88,desktop,ID,0,0.0,
3235,treatment,49.69,desktop,PH,0,0.0,
3236,control,27.86,mobile,SG,0,0.0,
3237,treatment,,mobile,ID,0,0.0,
3238,treatment,38.63,desktop,SG,0,0.0,
3239,control,81.38,,MY,0,0.0,
3240,control,40.96,desktop,ID,0,0.0,
3241,control,36.25,desktop,MY,0,0.0,
3242,treatment,3.26,desktop,SG,1,47.2,
3243,treatment,54.43,mobile,VN,0,0.0,
3244,treatment,12.66,desktop,MY,0,0.0,
3245,treatment,21.33,mobile,ID,0,0.0,
3246,control,3.73,mobile,MY,0,0.0,
3247,treatment,29.1,desktop,ID,0,0.0,
3248,control,19.42,desktop,ID,0,0.0,
3249,treatment,19.71,mobile,ID,0,0.0,
3250,control,7.21,mobile,SG,0,0.0,
3251,treatment,,desktop,VN,0,0.0,
3252,treatment,13.93,desktop,PH,0,0.0,
3253,control,23.72,mobile,MY,0,0.0,
3254,control,22.58,mobile,SG,0,0.0,
3255,treatment,23.2,mobile,SG,0,0.0,
3256,treatment,,desktop,MY,0,0.0,
3257,treatment,57.81,desktop,SG,0,0.0,
3258,control,15.39,mobile,MY,1,45.92,
3259,treatment,11.22,mobile,ID,0,0.0,
3260,treatment,2.03,mobile,VN,0,0.0,
3261,treatment,30.75,mobile,PH,0,0.0,
3262,control,4.55,mobile,SG,0,0.0,
3263,control,10.31,desktop,MY,0,0.0,
3264,control,68.45,mobile,SG,0,0.0,
3265,control,57.51,mobile,PH,0,0.0,
3266,treatment,11.88,desktop,SG,0,0.0,
3267,control,10.96,desktop,SG,0,0.0,
3268,treatment,11.06,desktop,MY,0,0.0,
3269,treatment,,desktop,MY,0,0.0,
3270,treatment,39.21,desktop,PH,0,0.0,
3271,control,9.83,mobile,SG,0,0.0,
3272,treatment,76.38,desktop,VN,0,0.0,
3273,treatment,19.22,mobile,PH,0,0.0,
3274,treatment,24.75,desktop,VN,0,0.0,
3275,control,32.03,desktop,ID,0,0.0,
3276,treatment,32.74,mobile,MY,0,0.0,
3277,treatment,26.97,,PH,1,17.3,
3278,control,30.8,mobile,VN,0,0.0,
3279,control,20.29,,PH,0,0.0,
3280,control,18.55,mobile,MY,0,0.0,
3281,control,24.16,mobile,SG,0,0.0,
3282,treatment,83.91,mobile,ID,0,0.0,
3283,treatment,39.56,,SG,0,0.0,
3284,treatment,10.59,desktop,SG,0,0.0,
3285,control,42.98,mobile,MY,0,0.0,
3286,treatment,13.57,desktop,SG,1,16.1,
3287,control,19.08,mobile,MY,0,0.0,
3288,treatment,66.01,mobile,ID,0,0.0,
3289,control,13.51,mobile,SG,0,0.0,
3290,treatment,19.89,mobile,ID,0,0.0,
3291,treatment,20.43,mobile,MY,1,19.66,
3292,treatment,37.15,desktop,MY,0,0.0,
3293,control,31.19,mobile,SG,0,0.0,
3294,control,6.98,mobile,VN,0,0.0,
3295,treatment,21.27,mobile,VN,0,0.0,
3296,control,22.02,desktop,PH,0,0.0,
3297,control,36.86,desktop,SG,0,0.0,
3298,treatment,9.39,mobile,ID,0,0.0,
3299,treatment,58.04,mobile,MY,1,83.49,
3300,treatment,13.37,mobile,SG,0,0.0,
3301,treatment,68.48,mobile,SG,1,23.68,
3302,treatment,13.98,desktop,VN,0,0.0,
3303,treatment,12.52,mobile,SG,0,0.0,
3304,control,9.15,mobile,VN,0,0.0,
3305,control,20.27,desktop,MY,0,0.0,
3306,treatment,21.73,desktop,MY,0,0.0,
3307,treatment,36.59,mobile,MY,0,0.0,
3308,treatment,19.72,mobile,SG,0,0.0,
3309,control,17.22,,ID,0,0.0,
3310,control,57.34,desktop,ID,1,20.34,
3311,control,14.5,desktop,ID,0,0.0,
3312,treatment,28.41,mobile,SG,0,0.0,
3313,treatment,28.13,desktop,ID,0,0.0,
3314,treatment,25.94,mobile,SG,1,29.68,
3315,treatment,14.52,desktop,SG,0,0.0,
3316,control,64.32,mobile,SG,0,0.0,
3317,treatment,43.67,mobile,ID,0,0.0,
3318,treatment,14.07,mobile,PH,0,0.0,
3319,treatment,18.98,mobile,MY,0,0.0,
3320,control,6.48,mobile,ID,0,0.0,
3321,treatment,28.37,mobile,PH,0,0.0,
3322,treatment,8.65,mobile,SG,1,12.9,
3323,treatment,42.08,mobile,MY,0,0.0,
3324,control,,desktop,SG,0,0.0,
3325,treatment,8.6,mobile,SG,0,0.0,
3326,treatment,32.37,mobile,ID,1,32.2,
3327,treatment,25.27,desktop,MY,0,0.0,
3328,control,53.82,desktop,ID,0,0.0,
3329,treatment,27.2,mobile,ID,0,0.0,
3330,control,6.21,mobile,ID,0,0.0,
3331,control,18.04,mobile,ID,0,0.0,
3332,treatment,32.8,mobile,SG,1,48.68,
3333,control,31.34,mobile,ID,1,41.86,
3334,control,67.87,mobile,PH,0,0.0,
3335,control,61.18,mobile,SG,0,0.0,
3336,control,14.99,,SG,0,0.0,
3337,treatment,46.45,desktop,ID,0,0.0,
3338,control,,mobile,MY,0,0.0,
3339,treatment,12.73,desktop,SG,1,30.39,
3340,treatment,17.18,mobile,SG,0,0.0,
3341,control,53.91,desktop,ID,0,0.0,
3342,treatment,20.01,mobile,MY,1,128.02,
3343,control,19.18,desktop,SG,0,0.0,
3344,treatment,8.39,mobile,SG,0,0.0,
3345,treatment,6.23,mobile,VN,0,0.0,
3346,treatment,22.46,desktop,SG,0,0.0,
3347,control,5.37,desktop,MY,0,0.0,
3348,treatment,37.98,mobile,MY,0,0.0,
3349,treatment,22.11,mobile,SG,0,0.0,
3350,treatment,63.47,mobile,PH,0,0.0,
3351,control,34.26,desktop,ID,0,0.0,
3352,control,33.15,mobile,ID,0,0.0,
3353,control,,mobile,MY,0,0.0,
3354,treatment,18.04,mobile,SG,0,0.0,
3355,control,52.81,desktop,ID,0,0.0,
3356,control,34.64,desktop,MY,0,0.0,
3357,control,2.89,desktop,MY,0,0.0,
3358,control,2.89,mobile,VN,0,0.0,
3359,treatment,72.23,mobile,ID,0,0.0,
3360,treatment,19.52,desktop,MY,0,0.0,
3361,control,29.19,mobile,MY,0,0.0,
3362,control,30.39,mobile,MY,1,13.75,
3363,treatment,54.88,mobile,ID,0,0.0,
3364,control,51.62,desktop,ID,1,19.57,
3365,treatment,,desktop,SG,0,0.0,
3366,control,28.71,desktop,SG,0,0.0,
3367,control,39.6,mobile,MY,0,0.0,
3368,control,44.99,desktop,ID,0,0.0,
3369,treatment,16.73,mobile,SG,0,0.0,
3370,control,,mobile,SG,0,0.0,
3371,treatment,18.6,desktop,ID,0,0.0,
3372,control,14.57,mobile,ID,0,0.0,
3373,control,35.32,mobile,ID,0,0.0,
3374,treatment,27.31,desktop,ID,0,0.0,
3375,control,17.63,mobile,MY,0,0.0,
3376,treatment,30.52,desktop,SG,0,0.0,
3377,treatment,70.74,desktop,MY,0,0.0,
3378,control,28.3,mobile,PH,0,0.0,
3379,control,10.84,desktop,ID,0,0.0,
3380,treatment,34.11,desktop,MY,0,0.0,
3381,control,25.14,mobile,PH,0,0.0,
3382,treatment,13.22,desktop,MY,0,0.0,
3383,control,59.68,,ID,0,0.0,
3384,control,,mobile,MY,0,0.0,
3385,treatment,57.95,desktop,SG,1,56.61,
3386,treatment,54.97,mobile,PH,1,10.82,
3387,control,60.69,mobile,PH,0,0.0,
3388,control,29.11,desktop,ID,0,0.0,
3389,treatment,34.89,mobile,ID,0,0.0,
3390,treatment,19.28,mobile,MY,0,0.0,
3391,control,7.78,mobile,MY,1,57.46,
3392,control,5.22,mobile,ID,0,0.0,
3393,treatment,17.17,desktop,ID,0,0.0,
3394,control,21.24,mobile,SG,0,0.0,
3395,control,9.93,,PH,0,0.0,
3396,treatment,,desktop,PH,0,0.0,
3397,control,12.07,desktop,ID,0,0.0,
3398,treatment,36.48,desktop,VN,0,0.0,
3399,control,16.82,mobile,SG,0,0.0,
3400,control,,desktop,VN,0,0.0,
3401,control,29.73,desktop,ID,0,0.0,
3402,treatment,19.23,mobile,SG,0,0.0,
3403,treatment,25.6,mobile,ID,0,0.0,
3404,control,32.63,mobile,ID,0,0.0,
3405,control,46.95,mobile,SG,0,0.0,
3406,treatment,46.67,desktop,ID,0,0.0,
3407,treatment,18.74,desktop,SG,0,0.0,
3408,control,35.08,desktop,SG,0,0.0,
3409,control,13.18,mobile,SG,0,0.0,
3410,treatment,20.81,mobile,MY,0,0.0,
3411,treatment,1.28,desktop,PH,0,0.0,
3412,treatment,10.41,mobile,ID,0,0.0,
3413,treatment,34.9,desktop,ID,1,29.31,
3414,treatment,56.62,desktop,MY,0,0.0,
3415,treatment,2.53,mobile,SG,1,13.9,
3416,treatment,,mobile,ID,0,0.0,
3417,control,51.12,mobile,MY,0,0.0,
3418,control,9.72,desktop,ID,0,0.0,
3419,treatment,44.57,mobile,SG,0,0.0,
3420,treatment,5.21,mobile,VN,1,34.71,
3421,control,25.22,mobile,SG,0,0.0,
3422,treatment,3.79,mobile,MY,1,28.97,
3423,treatment,18.92,mobile,SG,0,0.0,
3424,control,16.77,mobile,ID,0,0.0,
3425,control,31.57,desktop,MY,0,0.0,
3426,treatment,12.36,mobile,ID,0,0.0,
3427,control,17.49,mobile,ID,0,0.0,
3428,treatment,31.73,desktop,ID,0,0.0,
3429,control,68.3,mobile,MY,0,0.0,
3430,control,55.91,mobile,PH,0,0.0,
3431,control,22.79,mobile,SG,0,0.0,
3432,control,41.24,mobile,SG,1,2.94,
3433,treatment,,,MY,0,0.0,
3434,control,39.19,desktop,SG,0,0.0,
3435,treatment,7.88,desktop,SG,0,0.0,
3436,treatment,10.61,desktop,SG,1,21.75,
3437,control,17.36,mobile,ID,1,20.99,
3438,treatment,8.4,mobile,SG,0,0.0,
3439,treatment,9.2,mobile,MY,0,0.0,
3440,treatment,6.73,mobile,ID,1,14.08,
3441,control,38.15,mobile,ID,1,7.58,
3442,control,2.81,desktop,PH,1,16.68,
3443,control,22.26,,PH,0,0.0,
3444,treatment,28.52,mobile,SG,1,22.17,
3445,control,68.48,mobile,ID,0,0.0,
3446,treatment,16.04,desktop,MY,1,56.34,
3447,control,13.87,mobile,ID,1,37.64,
3448,treatment,39.25,desktop,MY,1,20.13,
3449,control,47.27,desktop,VN,0,0.0,
3450,control,57.86,desktop,ID,0,0.0,
3451,control,72.07,mobile,ID,0,0.0,
3452,control,15.66,mobile,MY,0,0.0,
3453,treatment,31.18,mobile,SG,0,0.0,
3454,control,25.41,mobile,SG,0,0.0,
3455,control,32.83,desktop,ID,0,0.0,
3456,treatment,11.12,mobile,SG,0,0.0,
3457,treatment,31.1,mobile,PH,1,14.57,
3458,control,20.89,mobile,ID,0,0.0,
3459,treatment,16.16,desktop,ID,0,0.0,
3460,treatment,9.89,mobile,MY,0,0.0,
3461,treatment,28.57,mobile,MY,0,0.0,
3462,treatment,18.01,desktop,MY,0,0.0,
3463,treatment,24.81,mobile,SG,0,0.0,
3464,treatment,,mobile,ID,0,0.0,
3465,control,13.75,mobile,ID,0,0.0,
3466,treatment,9.31,mobile,VN,0,0.0,
3467,treatment,7.91,mobile,PH,0,0.0,
3468,control,10.01,mobile,VN,0,0.0,
3469,treatment,49.25,mobile,ID,0,0.0,
3470,treatment,7.91,desktop,MY,0,0.0,
3471,control,5.75,mobile,ID,0,0.0,
3472,control,7.28,desktop,SG,0,0.0,
3473,treatment,52.02,desktop,ID,1,33.29,
3474,treatment,7.38,mobile,ID,1,10.28,
3475,treatment,81.06,,SG,0,0.0,
3476,control,,mobile,MY,1,4.83,
3477,treatment,65.65,desktop,ID,0,0.0,
3478,treatment,,mobile,PH,0,0.0,
3479,treatment,9.25,desktop,MY,1,49.38,
3480,treatment,4.73,mobile,PH,0,0.0,
3481,treatment,,desktop,ID,0,0.0,
3482,treatment,54.53,mobile,ID,0,0.0,
3483,treatment,7.76,mobile,MY,0,0.0,
3484,control,1.03,desktop,ID,0,0.0,
3485,control,20.09,mobile,SG,0,0.0,
3486,treatment,3.86,mobile,SG,0,0.0,
3487,treatment,27.74,mobile,ID,0,0.0,
3488,treatment,18.52,desktop,SG,1,12.26,
3489,treatment,8.44,mobile,ID,0,0.0,
3490,treatment,12.09,desktop,SG,0,0.0,
3491,treatment,7.61,mobile,VN,0,0.0,
3492,treatment,12.9,mobile,MY,0,0.0,
3493,treatment,12.16,desktop,PH,0,0.0,
3494,control,42.46,mobile,ID,0,0.0,
3495,control,9.87,mobile,MY,0,0.0,
3496,control,19.18,mobile,SG,0,0.0,
3497,control,,desktop,PH,0,0.0,
3498,control,12.8,mobile,MY,0,0.0,
3499,treatment,25.57,mobile,MY,0,0.0,
3500,treatment,43.12,desktop,MY,0,0.0,
3501,control,28.44,desktop,MY,0,0.0,
3502,treatment,72.19,mobile,ID,0,0.0,
3503,control,37.72,mobile,VN,1,37.72,
3504,control,35.83,mobile,SG,1,17.74,
3505,treatment,,desktop,SG,0,0.0,
3506,treatment,14.86,,ID,0,0.0,
3507,treatment,28.89,mobile,MY,0,0.0,
3508,treatment,12.47,desktop,SG,0,0.0,
3509,treatment,,mobile,VN,0,0.0,
3510,treatment,23.56,mobile,SG,0,0.0,
3511,control,44.69,desktop,VN,0,0.0,
3512,control,,mobile,ID,0,0.0,
3513,control,11.9,desktop,SG,0,0.0,
3514,treatment,37.57,mobile,ID,1,42.11,
3515,treatment,14.72,mobile,MY,0,0.0,
3516,treatment,104.43,mobile,ID,1,23.53,
3517,control,64.17,desktop,MY,0,0.0,
3518,treatment,49.11,,PH,1,31.29,
3519,treatment,59.66,mobile,PH,0,0.0,
3520,control,33.27,,ID,1,24.07,
3521,control,29.0,desktop,SG,0,0.0,
3522,treatment,15.92,mobile,PH,0,0.0,
3523,control,24.38,mobile,SG,0,0.0,
3524,control,31.95,,VN,0,0.0,
3525,treatment,34.94,mobile,ID,0,0.0,
3526,control,49.62,desktop,ID,0,0.0,
3527,control,73.19,desktop,MY,0,0.0,
3528,control,24.6,mobile,PH,0,0.0,
3529,control,34.05,desktop,PH,0,0.0,
3530,treatment,22.13,mobile,PH,0,0.0,
3531,treatment,12.81,mobile,ID,0,0.0,
3532,control,,mobile,ID,0,0.0,
3533,treatment,16.16,desktop,MY,0,0.0,
3534,treatment,,desktop,SG,0,0.0,
3535,treatment,49.5,desktop,MY,0,0.0,
3536,treatment,21.71,mobile,PH,0,0.0,
3537,treatment,42.73,mobile,MY,0,0.0,
3538,control,39.71,desktop,ID,0,0.0,
3539,control,17.52,desktop,VN,0,0.0,
3540,control,5.32,desktop,SG,1,30.12,
3541,treatment,52.8,mobile,ID,1,15.4,
3542,treatment,,mobile,ID,0,0.0,
3543,control,20.55,desktop,ID,0,0.0,
3544,treatment,,desktop,SG,0,0.0,
3545,treatment,113.2,mobile,PH,0,0.0,
3546,treatment,13.42,mobile,SG,0,0.0,
3547,control,60.43,mobile,ID,0,0.0,
3548,control,16.14,mobile,SG,0,0.0,
3549,treatment,27.51,desktop,PH,0,0.0,
3550,control,36.36,mobile,SG,0,0.0,
3551,treatment,21.45,mobile,SG,0,0.0,
3552,treatment,60.72,mobile,MY,0,0.0,
3553,treatment,22.22,mobile,PH,0,0.0,
3554,control,57.37,desktop,SG,0,0.0,
3555,treatment,92.1,desktop,SG,0,0.0,
3556,treatment,9.96,mobile,PH,0,0.0,
3557,control,49.26,mobile,MY,0,0.0,
3558,treatment,12.29,mobile,ID,0,0.0,
3559,treatment,39.8,desktop,MY,0,0.0,
3560,control,22.12,mobile,ID,1,20.1,
3561,control,68.88,mobile,SG,0,0.0,
3562,control,24.97,mobile,MY,0,0.0,
3563,control,22.51,desktop,PH,0,0.0,
3564,treatment,12.27,mobile,ID,0,0.0,
3565,treatment,9.83,,SG,0,0.0,
3566,control,52.96,mobile,MY,0,0.0,
3567,control,74.54,desktop,SG,0,0.0,
3568,control,41.0,mobile,MY,0,0.0,
3569,control,48.54,desktop,MY,0,0.0,
3570,treatment,109.87,mobile,SG,0,0.0,
3571,treatment,20.01,mobile,ID,1,29.85,
3572,control,41.35,desktop,SG,0,0.0,
3573,control,26.13,mobile,PH,1,8.47,
3574,treatment,20.43,mobile,SG,0,0.0,
3575,control,102.13,desktop,SG,0,0.0,
3576,control,6.96,mobile,SG,0,0.0,
3577,treatment,10.63,mobile,SG,1,23.8,
3578,control,12.95,desktop,MY,0,0.0,
3579,treatment,33.51,desktop,SG,0,0.0,
3580,control,64.45,desktop,MY,0,0.0,
3581,control,20.8,desktop,ID,0,0.0,
3582,treatment,,desktop,ID,0,0.0,
3583,control,57.59,desktop,SG,0,0.0,
3584,control,30.73,desktop,SG,0,0.0,
3585,treatment,20.73,mobile,MY,0,0.0,
3586,treatment,43.56,mobile,ID,0,0.0,
3587,control,16.66,desktop,SG,0,0.0,
3588,treatment,8.53,desktop,ID,0,0.0,
3589,control,58.04,mobile,SG,0,0.0,
3590,control,14.19,mobile,ID,1,7.12,
3591,control,15.93,mobile,MY,0,0.0,
3592,treatment,20.67,mobile,SG,0,0.0,
3593,treatment,,desktop,ID,0,0.0,
3594,treatment,74.06,mobile,SG,0,0.0,
3595,control,53.21,mobile,MY,0,0.0,
3596,treatment,14.58,mobile,SG,0,0.0,
3597,treatment,48.56,mobile,ID,0,0.0,
3598,control,24.81,desktop,MY,0,0.0,
3599,control,25.65,,SG,0,0.0,
3600,control,,mobile,VN,0,0.0,
3601,control,100.05,desktop,ID,1,20.54,
3602,treatment,77.59,desktop,SG,0,0.0,
3603,treatment,16.09,desktop,ID,0,0.0,
3604,control,17.27,mobile,PH,0,0.0,
3605,treatment,11.57,desktop,PH,0,0.0,
3606,control,17.34,desktop,SG,0,0.0,
3607,control,34.79,desktop,VN,0,0.0,
3608,treatment,57.3,mobile,MY,0,0.0,
3609,treatment,22.93,mobile,PH,1,67.04,
3610,control,6.06,mobile,SG,1,11.4,
3611,control,18.12,mobile,SG,0,0.0,
3612,treatment,9.44,desktop,SG,0,0.0,
3613,treatment,40.98,mobile,PH,0,0.0,
3614,treatment,84.2,mobile,SG,0,0.0,
3615,control,18.52,mobile,PH,0,0.0,
3616,treatment,32.64,mobile,PH,0,0.0,
3617,treatment,20.93,desktop,ID,0,0.0,
3618,treatment,16.13,mobile,SG,0,0.0,
3619,control,65.15,mobile,PH,0,0.0,
3620,treatment,23.77,desktop,ID,0,0.0,
3621,treatment,37.94,mobile,SG,0,0.0,
3622,control,11.73,mobile,MY,0,0.0,
3623,treatment,66.54,mobile,MY,1,58.22,
3624,control,35.17,mobile,SG,0,0.0,
3625,treatment,28.46,mobile,ID,0,0.0,
3626,treatment,50.37,mobile,PH,0,0.0,
3627,control,48.98,mobile,SG,0,0.0,
3628,control,18.68,mobile,MY,0,0.0,
3629,treatment,30.83,mobile,MY,0,0.0,
3630,control,84.85,,MY,0,0.0,
3631,control,20.88,,SG,0,0.0,
3632,control,14.75,desktop,MY,0,0.0,
3633,treatment,74.6,mobile,ID,1,18.83,
3634,control,8.33,desktop,ID,0,0.0,
3635,treatment,7.38,mobile,MY,1,72.4,
3636,treatment,18.77,mobile,PH,0,0.0,
3637,treatment,61.57,mobile,PH,0,0.0,
3638,treatment,26.51,desktop,PH,1,36.55,
3639,control,36.57,desktop,SG,0,0.0,
3640,treatment,80.34,desktop,SG,1,8.47,
3641,control,44.34,desktop,SG,0,0.0,
3642,treatment,26.5,desktop,MY,0,0.0,
3643,treatment,47.34,desktop,ID,0,0.0,
3644,treatment,15.25,mobile,VN,0,0.0,
3645,treatment,58.52,mobile,ID,0,0.0,
3646,treatment,3.73,mobile,SG,0,0.0,
3647,control,30.99,desktop,ID,0,0.0,
3648,treatment,36.02,mobile,SG,0,0.0,
3649,control,23.83,mobile,SG,0,0.0,
3650,control,56.92,mobile,SG,0,0.0,
3651,control,36.25,mobile,SG,1,3.6,
3652,control,18.99,mobile,MY,0,0.0,
3653,treatment,24.14,mobile,PH,0,0.0,
3654,treatment,26.99,mobile,MY,0,0.0,
3655,control,,mobile,MY,0,0.0,
3656,control,14.01,desktop,PH,0,0.0,
3657,treatment,7.57,desktop,PH,0,0.0,
3658,treatment,48.67,mobile,ID,0,0.0,
3659,treatment,2.83,mobile,PH,1,16.84,
3660,treatment,17.52,mobile,VN,0,0.0,
3661,control,32.21,mobile,MY,0,0.0,
3662,control,53.14,mobile,MY,0,0.0,
3663,treatment,55.62,mobile,VN,0,0.0,
3664,control,22.05,mobile,SG,0,0.0,
3665,control,43.53,mobile,SG,0,0.0,
3666,treatment,26.22,mobile,MY,0,0.0,
3667,treatment,27.24,mobile,SG,1,25.77,
3668,treatment,37.43,mobile,ID,0,0.0,
3669,treatment,29.65,mobile,SG,0,0.0,
3670,control,121.16,mobile,PH,0,0.0,
3671,control,11.38,mobile,PH,0,0.0,
3672,treatment,16.65,desktop,MY,0,0.0,
3673,treatment,,mobile,MY,0,0.0,
3674,treatment,16.04,desktop,VN,0,0.0,
3675,treatment,4.06,mobile,SG,0,0.0,
3676,control,16.35,mobile,VN,0,0.0,
3677,control,18.1,mobile,SG,0,0.0,
3678,treatment,61.34,desktop,ID,0,0.0,
3679,control,18.03,desktop,ID,0,0.0,
3680,treatment,10.46,desktop,ID,0,0.0,
3681,treatment,14.81,mobile,PH,0,0.0,
3682,control,12.83,mobile,ID,0,0.0,
3683,control,9.55,mobile,VN,0,0.0,
3684,control,45.16,mobile,MY,0,0.0,
3685,control,18.7,mobile,SG,0,0.0,
3686,control,41.03,mobile,PH,0,0.0,
3687,treatment,23.72,mobile,SG,0,0.0,
3688,treatment,43.04,mobile,SG,0,0.0,
3689,treatment,0.74,mobile,MY,0,0.0,
3690,treatment,31.25,mobile,SG,1,57.38,
3691,control,39.35,desktop,PH,0,0.0,
3692,treatment,19.3,mobile,VN,0,0.0,
3693,control,30.51,mobile,ID,0,0.0,
3694,control,42.6,mobile,SG,0,0.0,
3695,treatment,37.07,mobile,VN,0,0.0,
3696,control,16.46,mobile,PH,0,0.0,
3697,control,40.25,mobile,MY,0,0.0,
3698,treatment,19.84,mobile,MY,0,0.0,
3699,control,8.56,mobile,PH,0,0.0,
3700,control,13.77,mobile,VN,0,0.0,
3701,control,41.18,mobile,MY,0,0.0,
3702,treatment,,mobile,MY,0,0.0,
3703,treatment,28.67,mobile,ID,1,18.24,
3704,treatment,32.2,desktop,ID,0,0.0,
3705,control,11.34,mobile,VN,0,0.0,
3706,treatment,4.56,mobile,ID,0,0.0,
3707,treatment,26.42,mobile,VN,0,0.0,
3708,treatment,5.31,mobile,ID,0,0.0,
3709,control,40.74,desktop,MY,0,0.0,
3710,treatment,12.05,mobile,VN,0,0.0,
3711,control,73.44,desktop,PH,0,0.0,
3712,control,39.28,mobile,ID,0,0.0,
3713,treatment,8.9,desktop,VN,0,0.0,
3714,treatment,12.8,mobile,ID,1,19.08,
3715,treatment,34.32,mobile,ID,0,0.0,
3716,treatment,31.58,mobile,SG,0,0.0,
3717,control,13.6,desktop,MY,0,0.0,
3718,control,19.49,mobile,MY,0,0.0,
3719,control,68.47,mobile,SG,0,0.0,
3720,treatment,44.92,desktop,MY,1,15.28,
3721,control,19.15,mobile,ID,0,0.0,
3722,control,20.14,mobile,ID,0,0.0,
3723,treatment,23.87,desktop,SG,0,0.0,
3724,control,19.88,mobile,ID,0,0.0,
3725,control,21.95,,ID,0,0.0,
3726,control,8.67,mobile,PH,0,0.0,
3727,control,57.53,desktop,MY,1,18.52,
3728,control,30.72,desktop,VN,0,0.0,
3729,treatment,16.2,mobile,VN,0,0.0,
3730,control,23.51,mobile,MY,0,0.0,
3731,treatment,10.02,mobile,ID,0,0.0,
3732,treatment,,mobile,MY,0,0.0,
3733,control,28.91,mobile,SG,1,12.67,
3734,treatment,20.26,desktop,ID,0,0.0,
3735,control,14.21,mobile,ID,0,0.0,
3736,treatment,35.09,mobile,ID,0,0.0,
3737,control,21.8,desktop,MY,0,0.0,
3738,treatment,10.28,mobile,SG,0,0.0,
3739,control,26.78,mobile,SG,0,0.0,
3740,control,,mobile,MY,0,0.0,
3741,treatment,33.15,desktop,ID,0,0.0,
3742,treatment,67.48,mobile,PH,0,0.0,
3743,control,37.08,desktop,SG,0,0.0,
3744,treatment,27.5,mobile,MY,1,13.02,
3745,treatment,32.89,mobile,MY,0,0.0,
3746,treatment,80.2,mobile,PH,0,0.0,
3747,control,4.71,mobile,SG,0,0.0,
3748,control,67.95,mobile,ID,1,41.18,
3749,control,33.09,mobile,ID,0,0.0,
3750,control,55.64,mobile,MY,0,0.0,
3751,control,2.68,desktop,PH,0,0.0,
3752,treatment,7.36,mobile,SG,0,0.0,
3753,control,,desktop,ID,0,0.0,
3754,control,40.11,desktop,PH,0,0.0,
3755,control,8.24,desktop,MY,0,0.0,
3756,treatment,18.82,desktop,ID,0,0.0,
3757,treatment,44.31,mobile,PH,0,0.0,
3758,control,56.95,mobile,ID,0,0.0,
3759,control,18.63,,MY,0,0.0,
3760,control,30.68,desktop,ID,0,0.0,
3761,control,20.94,mobile,SG,0,0.0,
3762,treatment,25.63,mobile,SG,0,0.0,
3763,control,,mobile,MY,1,10.09,
3764,treatment,7.08,mobile,SG,0,0.0,
3765,treatment,35.4,mobile,SG,0,0.0,
3766,treatment,,mobile,ID,1,35.27,
3767,treatment,37.43,desktop,SG,0,0.0,
3768,control,18.35,mobile,MY,0,0.0,
3769,control,9.87,mobile,PH,0,0.0,
3770,control,48.22,,MY,0,0.0,
3771,treatment,22.46,mobile,PH,0,0.0,
3772,treatment,36.48,mobile,SG,1,14.35,
3773,control,60.4,mobile,SG,0,0.0,
3774,treatment,13.95,mobile,SG,0,0.0,
3775,control,22.23,mobile,SG,0,0.0,
3776,control,90.9,desktop,SG,0,0.0,
3777,control,36.48,desktop,SG,0,0.0,
3778,treatment,17.6,mobile,SG,1,12.92,
3779,control,26.52,desktop,MY,0,0.0,
3780,control,4.28,desktop,SG,0,0.0,
3781,treatment,21.87,,MY,0,0.0,
3782,treatment,8.03,mobile,VN,0,0.0,
3783,treatment,29.8,mobile,MY,0,0.0,
3784,control,53.26,mobile,MY,0,0.0,
3785,control,184.7,mobile,VN,0,0.0,
3786,control,32.2,mobile,MY,1,3.68,
3787,control,7.72,mobile,SG,0,0.0,
3788,treatment,39.17,mobile,MY,0,0.0,
3789,treatment,35.95,mobile,SG,0,0.0,
3790,treatment,21.68,mobile,SG,0,0.0,
3791,treatment,32.13,desktop,PH,1,16.62,
3792,treatment,43.31,mobile,SG,1,69.98,
3793,treatment,16.8,mobile,ID,0,0.0,
3794,treatment,25.76,mobile,VN,0,0.0,
3795,treatment,7.35,desktop,MY,0,0.0,
3796,treatment,,mobile,ID,0,0.0,
3797,treatment,7.83,mobile,VN,0,0.0,
3798,treatment,69.47,mobile,SG,0,0.0,
3799,control,18.46,desktop,SG,0,0.0,
3800,treatment,12.49,mobile,SG,0,0.0,
3801,treatment,5.96,desktop,VN,0,0.0,
3802,treatment,28.93,mobile,SG,1,26.37,
3803,control,13.43,mobile,MY,0,0.0,
3804,control,9.31,mobile,SG,0,0.0,
3805,treatment,13.31,mobile,PH,0,0.0,
3806,control,12.92,mobile,PH,0,0.0,
3807,treatment,26.56,mobile,MY,0,0.0,
3808,treatment,89.16,mobile,ID,1,13.99,
3809,treatment,25.62,desktop,SG,1,12.35,
3810,control,33.62,mobile,MY,0,0.0,
3811,treatment,5.59,mobile,MY,0,0.0,
3812,treatment,88.26,mobile,SG,0,0.0,
3813,treatment,14.96,mobile,ID,1,23.74,
3814,control,29.74,mobile,PH,0,0.0,
3815,treatment,38.65,mobile,ID,1,22.01,
3816,treatment,,mobile,VN,0,0.0,
3817,control,24.71,desktop,ID,0,0.0,
3818,treatment,43.91,mobile,SG,0,0.0,
3819,control,12.08,desktop,PH,0,0.0,
3820,treatment,20.16,desktop,MY,0,0.0,
3821,treatment,10.7,desktop,ID,0,0.0,
3822,treatment,30.87,desktop,SG,0,0.0,
3823,control,45.17,mobile,SG,1,24.71,
3824,treatment,,mobile,SG,0,0.0,
3825,treatment,18.39,mobile,MY,0,0.0,
3826,treatment,14.47,desktop,MY,0,0.0,
3827,treatment,8.79,desktop,ID,1,12.5,
3828,control,13.4,desktop,SG,0,0.0,
3829,control,25.62,mobile,ID,0,0.0,
3830,control,9.53,mobile,SG,0,0.0,
3831,control,29.45,mobile,SG,0,0.0,
3832,control,73.62,mobile,SG,0,0.0,
3833,treatment,8.61,mobile,ID,0,0.0,
3834,treatment,43.34,mobile,VN,1,10.1,
3835,control,33.9,desktop,PH,0,0.0,
3836,control,30.83,desktop,PH,0,0.0,
3837,treatment,19.2,mobile,SG,0,0.0,
3838,treatment,20.83,mobile,SG,1,29.59,
3839,treatment,53.57,desktop,ID,0,0.0,
3840,treatment,33.65,desktop,VN,0,0.0,
3841,treatment,13.35,desktop,SG,1,11.57,
3842,treatment,53.07,mobile,ID,0,0.0,
3843,treatment,35.52,mobile,ID,0,0.0,
3844,control,48.57,desktop,SG,0,0.0,
3845,treatment,8.03,mobile,MY,0,0.0,
3846,control,17.82,mobile,PH,0,0.0,
3847,treatment,32.3,desktop,ID,0,0.0,
3848,control,34.95,mobile,PH,0,0.0,
3849,treatment,17.54,,SG,0,0.0,
3850,treatment,55.9,mobile,MY,1,21.78,
3851,control,20.04,mobile,PH,0,0.0,
3852,control,39.89,desktop,ID,0,0.0,
3853,control,,mobile,ID,0,0.0,
3854,control,20.48,mobile,MY,0,0.0,
3855,control,48.73,mobile,ID,0,0.0,
3856,control,9.83,mobile,SG,0,0.0,
3857,treatment,48.92,mobile,PH,1,44.03,
3858,treatment,20.03,desktop,SG,0,0.0,
3859,treatment,25.05,mobile,PH,0,0.0,
3860,treatment,19.14,desktop,PH,0,0.0,
3861,treatment,45.09,desktop,PH,0,0.0,
3862,control,14.15,mobile,VN,0,0.0,
3863,treatment,28.11,mobile,ID,1,23.32,
3864,control,9.14,mobile,MY,0,0.0,
3865,treatment,17.43,mobile,ID,0,0.0,
3866,treatment,20.09,desktop,PH,0,0.0,
3867,treatment,60.04,mobile,MY,0,0.0,
3868,treatment,33.7,mobile,ID,0,0.0,
3869,control,11.03,desktop,MY,0,0.0,
3870,treatment,5.21,mobile,ID,0,0.0,
3871,control,15.61,desktop,VN,0,0.0,
3872,treatment,33.72,desktop,MY,0,0.0,
3873,treatment,87.89,mobile,SG,0,0.0,
3874,treatment,34.35,desktop,ID,0,0.0,
3875,treatment,64.04,mobile,SG,0,0.0,
3876,control,5.8,mobile,ID,0,0.0,
3877,treatment,84.46,mobile,MY,0,0.0,
3878,treatment,3.14,desktop,VN,0,0.0,
3879,treatment,56.8,desktop,VN,0,0.0,
3880,control,25.65,desktop,ID,0,0.0,
3881,control,62.6,desktop,SG,0,0.0,
3882,control,15.06,mobile,ID,0,0.0,
3883,treatment,27.35,mobile,PH,0,0.0,
3884,control,9.87,,ID,0,0.0,
3885,treatment,9.85,mobile,MY,0,0.0,
3886,control,,,SG,0,0.0,
3887,control,,mobile,VN,0,0.0,
3888,treatment,8.61,mobile,MY,0,0.0,
3889,treatment,33.64,,SG,0,0.0,
3890,treatment,27.95,mobile,MY,0,0.0,
3891,control,41.65,desktop,ID,0,0.0,
3892,treatment,32.71,mobile,SG,0,0.0,
3893,control,23.18,,ID,0,0.0,
3894,treatment,45.34,mobile,MY,0,0.0,
3895,treatment,19.45,mobile,VN,0,0.0,
3896,control,12.27,desktop,SG,0,0.0,
3897,treatment,5.74,mobile,PH,0,0.0,
3898,control,47.34,mobile,ID,0,0.0,
3899,treatment,15.17,mobile,ID,0,0.0,
3900,treatment,,,MY,1,31.76,
3901,control,32.56,mobile,MY,0,0.0,
3902,treatment,32.2,mobile,MY,0,0.0,
3903,treatment,2.62,desktop,MY,0,0.0,
3904,control,4.32,mobile,SG,0,0.0,
3905,control,20.16,mobile,VN,0,0.0,
3906,control,11.75,desktop,SG,0,0.0,
3907,treatment,,mobile,MY,0,0.0,
3908,control,34.82,mobile,VN,1,18.9,
3909,treatment,30.53,,VN,0,0.0,
3910,control,,desktop,ID,0,0.0,
3911,control,,mobile,SG,0,0.0,
3912,treatment,69.69,desktop,PH,1,36.25,
3913,treatment,31.7,mobile,ID,0,0.0,
3914,control,120.19,mobile,MY,1,19.02,
3915,control,,desktop,ID,0,0.0,
3916,control,,desktop,MY,0,0.0,
3917,control,90.97,mobile,VN,0,0.0,
3918,control,42.82,mobile,SG,0,0.0,
3919,control,61.81,desktop,MY,0,0.0,
3920,treatment,25.51,mobile,PH,0,0.0,
3921,treatment,17.53,mobile,SG,0,0.0,
3922,treatment,18.1,mobile,SG,0,0.0,
3923,control,11.83,mobile,SG,0,0.0,
3924,treatment,26.28,desktop,VN,0,0.0,
3925,treatment,35.28,mobile,MY,0,0.0,
3926,control,38.19,mobile,MY,0,0.0,
3927,treatment,61.27,desktop,ID,0,0.0,
3928,treatment,11.02,mobile,PH,0,0.0,
3929,treatment,6.34,desktop,PH,0,0.0,
3930,treatment,18.47,mobile,MY,0,0.0,
3931,control,4.97,mobile,ID,0,0.0,
3932,treatment,,mobile,VN,0,0.0,
3933,control,69.52,mobile,PH,0,0.0,
3934,control,26.88,desktop,SG,0,0.0,
3935,control,5.88,mobile,MY,0,0.0,
3936,treatment,30.08,mobile,VN,0,0.0,
3937,control,66.95,mobile,ID,0,0.0,
3938,treatment,2.79,mobile,SG,0,0.0,
3939,control,48.12,desktop,MY,0,0.0,
3940,control,11.39,desktop,MY,0,0.0,
3941,treatment,16.43,desktop,PH,0,0.0,
3942,control,38.64,desktop,SG,0,0.0,
3943,control,39.29,desktop,SG,0,0.0,
3944,treatment,43.08,mobile,ID,0,0.0,
3945,treatment,49.57,mobile,ID,0,0.0,
3946,control,21.94,mobile,SG,0,0.0,
3947,control,6.95,mobile,VN,0,0.0,
3948,treatment,11.35,mobile,SG,0,0.0,
3949,control,14.53,mobile,PH,0,0.0,
3950,control,,mobile,ID,0,0.0,
3951,treatment,11.34,mobile,MY,0,0.0,
3952,control,47.52,desktop,SG,0,0.0,
3953,control,,desktop,ID,1,31.22,
3954,treatment,25.8,mobile,VN,0,0.0,
3955,treatment,38.84,mobile,ID,0,0.0,
3956,control,26.92,mobile,SG,0,0.0,
3957,control,7.42,mobile,VN,1,11.11,
3958,treatment,6.41,mobile,SG,0,0.0,
3959,treatment,52.18,desktop,PH,0,0.0,
3960,control,43.75,mobile,PH,0,0.0,
3961,treatment,55.01,desktop,ID,0,0.0,
3962,control,21.42,desktop,SG,0,0.0,
3963,control,35.24,mobile,SG,0,0.0,
3964,treatment,,,VN,1,10.24,
3965,treatment,38.42,mobile,MY,0,0.0,
3966,control,26.74,,SG,0,0.0,
3967,treatment,12.46,mobile,ID,0,0.0,
3968,control,36.66,desktop,SG,1,12.65,
3969,control,42.11,mobile,VN,0,0.0,
3970,control,34.77,desktop,MY,0,0.0,
3971,treatment,37.19,mobile,ID,0,0.0,
3972,control,6.94,mobile,ID,1,17.22,
3973,treatment,74.9,desktop,VN,1,33.71,
3974,control,32.28,,SG,0,0.0,
3975,control,45.11,,VN,0,0.0,
3976,control,,mobile,PH,0,0.0,
3977,control,40.56,mobile,ID,0,0.0,
3978,control,,,MY,0,0.0,
3979,treatment,36.6,desktop,PH,0,0.0,
3980,control,22.85,mobile,SG,0,0.0,
3981,control,14.89,desktop,SG,0,0.0,
3982,control,52.31,,SG,0,0.0,
3983,control,26.64,mobile,SG,0,0.0,
3984,treatment,38.68,desktop,PH,0,0.0,
3985,control,12.88,desktop,MY,0,0.0,
3986,treatment,77.77,desktop,ID,1,23.51,
3987,treatment,49.47,mobile,MY,0,0.0,
3988,control,,mobile,SG,0,0.0,
3989,treatment,18.38,mobile,MY,0,0.0,
3990,treatment,91.82,mobile,ID,0,0.0,
3991,treatment,10.28,desktop,SG,0,0.0,
3992,control,2.83,mobile,PH,0,0.0,
3993,control,55.56,mobile,PH,0,0.0,
3994,control,19.67,desktop,MY,0,0.0,
3995,control,27.38,,ID,0,0.0,
3996,treatment,26.73,mobile,VN,0,0.0,
3997,treatment,35.95,mobile,ID,0,0.0,
3998,treatment,63.16,mobile,SG,0,0.0,
3999,treatment,,desktop,MY,1,27.49,
4000,treatment,20.4,mobile,PH,0,0.0,
4001,treatment,27.5,desktop,SG,0,0.0,
4002,treatment,50.09,mobile,SG,0,0.0,
4003,control,13.25,mobile,PH,0,0.0,
4004,control,92.11,desktop,ID,0,0.0,
4005,treatment,24.04,mobile,ID,0,0.0,
4006,control,40.47,mobile,VN,0,0.0,
4007,treatment,27.29,mobile,MY,0,0.0,
4008,treatment,15.37,mobile,ID,0,0.0,
4009,treatment,47.75,mobile,ID,0,0.0,
4010,treatment,17.79,mobile,ID,1,10.5,
4011,treatment,33.62,desktop,VN,0,0.0,
4012,treatment,72.02,mobile,MY,0,0.0,
4013,treatment,21.38,mobile,ID,0,0.0,
4014,treatment,19.59,mobile,SG,0,0.0,
4015,treatment,21.86,desktop,PH,1,13.09,
4016,treatment,85.69,desktop,SG,1,39.18,
4017,treatment,36.27,mobile,ID,0,0.0,
4018,control,11.06,mobile,SG,0,0.0,
4019,treatment,24.83,mobile,MY,0,0.0,
4020,control,12.69,mobile,ID,0,0.0,
4021,control,70.76,mobile,PH,1,33.6,
4022,treatment,62.45,desktop,ID,1,5.42,
4023,control,,mobile,PH,0,0.0,
4024,control,28.41,,VN,0,0.0,
4025,treatment,25.84,desktop,ID,0,0.0,
4026,treatment,18.59,mobile,ID,0,0.0,
4027,treatment,19.86,desktop,SG,0,0.0,
4028,control,20.58,mobile,VN,0,0.0,
4029,treatment,23.37,mobile,PH,0,0.0,
4030,control,27.54,mobile,ID,0,0.0,
4031,treatment,3.11,mobile,MY,0,0.0,
4032,treatment,64.02,mobile,SG,0,0.0,
4033,treatment,54.67,desktop,VN,0,0.0,
4034,control,25.04,mobile,ID,0,0.0,
4035,control,40.16,desktop,ID,0,0.0,
4036,treatment,52.66,mobile,PH,1,44.11,
4037,treatment,38.65,desktop,ID,1,34.15,
4038,treatment,13.23,mobile,MY,0,0.0,
4039,treatment,26.36,mobile,SG,0,0.0,
4040,treatment,,mobile,MY,0,0.0,
4041,treatment,65.76,mobile,VN,0,0.0,
4042,treatment,23.11,mobile,ID,0,0.0,
4043,control,36.61,,SG,0,0.0,
4044,treatment,16.55,desktop,ID,1,36.47,
4045,treatment,2.95,mobile,SG,0,0.0,
4046,control,27.13,desktop,ID,0,0.0,
4047,control,19.23,mobile,ID,0,0.0,
4048,control,6.19,mobile,PH,0,0.0,
4049,control,7.87,desktop,VN,1,8.77,
4050,control,11.6,desktop,MY,0,0.0,
4051,treatment,18.26,mobile,MY,0,0.0,
4052,treatment,15.46,mobile,ID,0,0.0,
4053,control,27.64,mobile,MY,0,0.0,
4054,control,17.73,,ID,0,0.0,
4055,treatment,13.43,mobile,VN,1,12.6,
4056,treatment,29.33,mobile,PH,0,0.0,
4057,treatment,8.99,mobile,SG,0,0.0,
4058,treatment,58.23,desktop,SG,0,0.0,
4059,control,37.8,desktop,MY,0,0.0,
4060,control,9.25,mobile,SG,0,0.0,
4061,control,17.62,mobile,SG,0,0.0,
4062,control,39.72,mobile,PH,0,0.0,
4063,control,17.7,desktop,VN,0,0.0,
4064,control,,,ID,0,0.0,
4065,treatment,24.46,mobile,SG,0,0.0,
4066,treatment,6.65,desktop,MY,0,0.0,
4067,treatment,24.01,mobile,PH,0,0.0,
4068,control,13.47,mobile,ID,0,0.0,
4069,treatment,15.45,desktop,ID,0,0.0,
4070,treatment,2.49,mobile,SG,0,0.0,
4071,control,45.79,desktop,MY,0,0.0,
4072,control,22.5,mobile,ID,0,0.0,
4073,control,,,MY,1,29.78,
4074,control,57.73,mobile,SG,0,0.0,
4075,control,35.58,,ID,0,0.0,
4076,control,4.73,desktop,ID,0,0.0,
4077,control,13.06,mobile,SG,0,0.0,
4078,control,13.44,desktop,VN,0,0.0,
4079,control,57.07,mobile,ID,0,0.0,
4080,control,56.54,desktop,ID,0,0.0,
4081,treatment,21.67,mobile,SG,0,0.0,
4082,treatment,45.92,desktop,ID,0,0.0,
4083,treatment,,mobile,MY,0,0.0,
4084,treatment,24.05,mobile,ID,0,0.0,
4085,control,24.57,,PH,0,0.0,
4086,treatment,24.37,mobile,ID,1,40.13,
4087,control,36.48,mobile,ID,0,0.0,
4088,treatment,19.74,mobile,ID,1,23.57,
4089,control,16.39,desktop,SG,0,0.0,
4090,control,21.19,,PH,0,0.0,
4091,treatment,3.88,mobile,PH,0,0.0,
4092,control,73.77,desktop,MY,0,0.0,
4093,treatment,13.11,mobile,ID,0,0.0,
4094,control,42.69,desktop,ID,0,0.0,
4095,treatment,14.37,mobile,MY,0,0.0,
4096,treatment,14.6,mobile,PH,0,0.0,
4097,treatment,65.5,mobile,PH,0,0.0,
4098,treatment,34.75,mobile,SG,0,0.0,
4099,treatment,40.55,desktop,PH,0,0.0,
4100,control,6.66,mobile,SG,0,0.0,
4101,treatment,33.74,mobile,VN,0,0.0,
4102,control,27.71,desktop,PH,1,21.58,
4103,control,15.8,mobile,SG,0,0.0,
4104,treatment,,mobile,VN,1,6.96,
4105,control,12.85,mobile,PH,0,0.0,
4106,treatment,,desktop,SG,0,0.0,
4107,treatment,16.62,desktop,ID,0,0.0,
4108,treatment,15.91,mobile,ID,0,0.0,
4109,control,8.02,mobile,PH,0,0.0,
4110,treatment,52.83,desktop,VN,0,0.0,
4111,treatment,73.1,mobile,VN,0,0.0,
4112,treatment,9.6,mobile,PH,0,0.0,
4113,treatment,42.36,mobile,SG,0,0.0,
4114,control,27.44,mobile,SG,0,0.0,
4115,treatment,11.51,,SG,1,24.13,
4116,treatment,14.61,mobile,MY,0,0.0,
4117,control,6.39,desktop,MY,0,0.0,
4118,control,48.99,mobile,MY,0,0.0,
4119,control,67.08,mobile,MY,0,0.0,
4120,treatment,2.71,desktop,VN,0,0.0,
4121,treatment,11.45,desktop,SG,0,0.0,
4122,treatment,28.05,desktop,SG,1,38.04,
4123,control,12.34,desktop,SG,0,0.0,
4124,control,,mobile,VN,0,0.0,
4125,control,90.73,desktop,ID,0,0.0,
4126,treatment,24.04,desktop,MY,0,0.0,
4127,treatment,28.83,,VN,0,0.0,
4128,control,,desktop,ID,0,0.0,
4129,treatment,34.32,mobile,VN,0,0.0,
4130,treatment,44.61,mobile,ID,0,0.0,
4131,control,54.04,mobile,PH,0,0.0,
4132,control,7.84,mobile,ID,0,0.0,
4133,control,27.33,mobile,PH,0,0.0,
4134,control,68.84,,ID,0,0.0,
4135,control,36.45,mobile,ID,1,8.47,
4136,treatment,5.16,mobile,MY,0,0.0,
4137,control,14.59,mobile,SG,0,0.0,
4138,treatment,2.77,desktop,PH,0,0.0,
4139,treatment,48.6,mobile,ID,0,0.0,
4140,treatment,10.96,mobile,PH,0,0.0,
4141,treatment,13.75,desktop,ID,0,0.0,
4142,control,8.66,mobile,SG,0,0.0,
4143,control,43.96,mobile,SG,1,4.46,
4144,treatment,2.97,mobile,MY,0,0.0,
4145,treatment,34.48,mobile,SG,0,0.0,
4146,treatment,8.22,desktop,SG,0,0.0,
4147,control,30.23,mobile,MY,0,0.0,
4148,treatment,27.58,desktop,ID,1,9.68,
4149,treatment,76.44,mobile,VN,0,0.0,
4150,treatment,59.41,desktop,VN,0,0.0,
4151,treatment,50.7,desktop,MY,0,0.0,
4152,treatment,40.75,mobile,PH,0,0.0,
4153,treatment,14.29,mobile,SG,0,0.0,
4154,treatment,12.02,mobile,ID,1,38.18,
4155,control,3.67,mobile,VN,0,0.0,
4156,treatment,64.13,mobile,PH,0,0.0,
4157,control,13.57,desktop,SG,0,0.0,
4158,treatment,15.91,desktop,PH,0,0.0,
4159,control,6.51,mobile,ID,0,0.0,
4160,treatment,10.43,mobile,ID,0,0.0,
4161,control,15.69,mobile,SG,0,0.0,
4162,control,104.07,mobile,SG,0,0.0,
4163,control,15.17,mobile,ID,0,0.0,
4164,treatment,15.69,mobile,PH,0,0.0,
4165,treatment,,mobile,ID,0,0.0,
4166,control,39.28,mobile,MY,0,0.0,
4167,control,29.68,mobile,SG,0,0.0,
4168,treatment,25.95,mobile,ID,0,0.0,
4169,control,8.52,mobile,SG,0,0.0,
4170,control,5.19,mobile,MY,0,0.0,
4171,control,65.45,mobile,VN,1,13.68,
4172,treatment,,mobile,MY,0,0.0,
4173,control,13.16,desktop,ID,0,0.0,
4174,control,10.1,mobile,SG,0,0.0,
4175,treatment,,desktop,PH,1,22.48,
4176,treatment,32.88,desktop,PH,1,25.05,
4177,treatment,29.74,mobile,MY,1,11.08,
4178,control,22.14,mobile,SG,0,0.0,
4179,control,15.57,mobile,ID,0,0.0,
4180,treatment,18.81,,MY,0,0.0,
4181,control,22.52,mobile,SG,0,0.0,
4182,control,51.64,mobile,MY,0,0.0,
4183,treatment,4.16,desktop,PH,0,0.0,
4184,control,16.35,mobile,ID,0,0.0,
4185,treatment,21.05,mobile,ID,0,0.0,
4186,treatment,54.56,mobile,PH,0,0.0,
4187,control,40.83,mobile,PH,0,0.0,
4188,control,65.2,mobile,MY,0,0.0,
4189,control,25.79,desktop,PH,0,0.0,
4190,control,25.42,,ID,0,0.0,
4191,control,57.9,mobile,VN,0,0.0,
4192,treatment,31.16,mobile,PH,0,0.0,
4193,treatment,24.8,mobile,SG,0,0.0,
4194,treatment,15.57,mobile,ID,0,0.0,
4195,treatment,11.13,desktop,SG,0,0.0,
4196,treatment,33.37,mobile,SG,1,15.18,
4197,treatment,70.87,desktop,SG,1,48.01,
4198,control,23.13,mobile,SG,0,0.0,
4199,treatment,5.12,desktop,MY,0,0.0,
4200,treatment,25.57,desktop,PH,0,0.0,
4201,control,60.12,desktop,VN,0,0.0,
4202,control,39.58,mobile,PH,0,0.0,
4203,control,16.96,mobile,MY,0,0.0,
4204,control,34.86,mobile,MY,0,0.0,
4205,control,10.14,mobile,VN,0,0.0,
4206,treatment,41.88,mobile,ID,0,0.0,
4207,treatment,89.52,desktop,MY,1,51.85,
4208,control,18.41,mobile,ID,0,0.0,
4209,control,38.66,mobile,ID,0,0.0,
4210,treatment,,desktop,MY,1,35.65,
4211,control,32.63,desktop,MY,0,0.0,
4212,treatment,39.2,mobile,MY,0,0.0,
4213,control,21.64,mobile,ID,0,0.0,
4214,treatment,35.86,mobile,VN,0,0.0,
4215,treatment,28.79,mobile,ID,0,0.0,
4216,treatment,33.24,mobile,SG,1,47.94,
4217,control,28.58,desktop,MY,0,0.0,
4218,control,21.56,mobile,ID,0,0.0,
4219,control,,desktop,VN,0,0.0,
4220,treatment,59.05,mobile,SG,0,0.0,
4221,control,45.18,mobile,SG,0,0.0,
4222,control,39.61,mobile,SG,0,0.0,
4223,treatment,15.91,mobile,SG,0,0.0,
4224,treatment,13.15,desktop,SG,0,0.0,
4225,treatment,76.85,desktop,ID,0,0.0,
4226,treatment,9.74,desktop,MY,0,0.0,
4227,control,10.62,mobile,PH,0,0.0,
4228,treatment,46.48,,MY,0,0.0,
4229,treatment,28.24,desktop,MY,0,0.0,
4230,control,22.15,mobile,VN,0,0.0,
4231,control,,mobile,MY,0,0.0,
4232,control,39.06,mobile,SG,0,0.0,
4233,treatment,42.66,mobile,VN,0,0.0,
4234,control,32.26,,PH,0,0.0,
4235,treatment,,mobile,SG,0,0.0,
4236,control,58.25,mobile,MY,0,0.0,
4237,treatment,25.65,mobile,ID,0,0.0,
4238,treatment,21.47,mobile,SG,0,0.0,
4239,control,26.82,mobile,PH,0,0.0,
4240,treatment,22.21,mobile,PH,0,0.0,
4241,treatment,10.95,desktop,SG,0,0.0,
4242,treatment,120.23,desktop,MY,0,0.0,
4243,control,,mobile,SG,0,0.0,
4244,control,53.51,desktop,SG,0,0.0,
4245,control,21.76,mobile,PH,0,0.0,
4246,treatment,,mobile,PH,0,0.0,
4247,treatment,53.31,mobile,ID,0,0.0,
4248,control,12.65,mobile,MY,0,0.0,
4249,treatment,54.39,mobile,MY,1,13.87,
4250,treatment,9.6,mobile,ID,0,0.0,
4251,treatment,15.32,desktop,PH,0,0.0,
4252,control,99.17,mobile,VN,0,0.0,
4253,treatment,15.79,mobile,PH,0,0.0,
4254,treatment,20.75,desktop,MY,0,0.0,
4255,control,4.38,mobile,VN,0,0.0,
4256,treatment,45.8,mobile,SG,0,0.0,
4257,treatment,32.07,desktop,SG,0,0.0,
4258,treatment,11.41,desktop,ID,0,0.0,
4259,control,41.92,mobile,PH,0,0.0,
4260,control,34.72,mobile,SG,0,0.0,
4261,treatment,20.46,desktop,SG,0,0.0,
4262,treatment,54.53,desktop,ID,0,0.0,
4263,control,103.02,mobile,VN,0,0.0,
4264,treatment,50.14,mobile,ID,0,0.0,
4265,treatment,80.78,mobile,PH,1,20.92,
4266,treatment,6.67,mobile,ID,0,0.0,
4267,treatment,13.12,desktop,PH,1,42.25,
4268,treatment,33.8,desktop,SG,0,0.0,
4269,treatment,28.76,desktop,MY,0,0.0,
4270,treatment,13.03,mobile,ID,0,0.0,
4271,control,16.79,desktop,VN,0,0.0,
4272,control,26.01,mobile,MY,0,0.0,
4273,control,9.9,mobile,ID,0,0.0,
4274,control,22.94,desktop,ID,0,0.0,
4275,control,8.88,mobile,PH,0,0.0,
4276,control,5.41,mobile,ID,0,0.0,
4277,treatment,11.47,mobile,ID,0,0.0,
4278,control,32.1,desktop,MY,0,0.0,
4279,control,24.0,desktop,VN,0,0.0,
4280,treatment,15.86,mobile,PH,0,0.0,
4281,control,27.15,desktop,ID,0,0.0,
4282,control,97.79,mobile,ID,0,0.0,
4283,treatment,11.54,,VN,0,0.0,
4284,treatment,43.24,desktop,SG,1,20.51,
4285,treatment,15.48,mobile,ID,0,0.0,
4286,treatment,11.24,desktop,MY,0,0.0,
4287,treatment,13.64,desktop,MY,0,0.0,
4288,control,39.92,mobile,SG,0,0.0,
4289,control,25.53,mobile,SG,0,0.0,
4290,treatment,73.88,mobile,MY,0,0.0,
4291,treatment,61.37,mobile,PH,0,0.0,
4292,control,16.63,desktop,PH,0,0.0,
4293,treatment,38.59,mobile,PH,0,0.0,
4294,treatment,18.13,mobile,MY,0,0.0,
4295,control,54.15,mobile,VN,0,0.0,
4296,treatment,23.53,desktop,SG,0,0.0,
4297,control,49.4,mobile,MY,0,0.0,
4298,treatment,62.91,mobile,MY,0,0.0,
4299,control,41.26,mobile,ID,1,54.59,
4300,control,13.33,desktop,MY,0,0.0,
4301,control,48.31,desktop,ID,0,0.0,
4302,treatment,39.84,mobile,MY,0,0.0,
4303,control,46.93,mobile,MY,0,0.0,
4304,treatment,10.43,mobile,SG,0,0.0,
4305,treatment,57.65,mobile,MY,0,0.0,
4306,control,51.9,desktop,SG,1,7.15,
4307,control,59.6,mobile,PH,0,0.0,
4308,control,60.96,desktop,MY,0,0.0,
4309,treatment,7.84,mobile,ID,0,0.0,
4310,control,18.77,desktop,ID,0,0.0,
4311,control,23.23,mobile,SG,0,0.0,
4312,treatment,,desktop,VN,0,0.0,
4313,treatment,14.86,mobile,VN,0,0.0,
4314,control,11.26,mobile,SG,0,0.0,
4315,control,19.94,mobile,PH,0,0.0,
4316,control,46.04,mobile,VN,0,0.0,
4317,control,18.02,mobile,VN,0,0.0,
4318,treatment,84.41,desktop,VN,1,22.92,
4319,treatment,12.67,desktop,ID,0,0.0,
4320,treatment,22.16,mobile,PH,0,0.0,
4321,control,17.49,desktop,SG,0,0.0,
4322,treatment,36.14,mobile,PH,0,0.0,
4323,treatment,34.02,desktop,ID,0,0.0,
4324,treatment,22.03,mobile,MY,0,0.0,
4325,treatment,28.78,mobile,ID,0,0.0,
4326,control,5.62,mobile,PH,0,0.0,
4327,treatment,29.97,mobile,MY,0,0.0,
4328,control,,desktop,PH,0,0.0,
4329,control,55.03,mobile,VN,0,0.0,
4330,control,60.71,,MY,0,0.0,
4331,treatment,7.95,mobile,ID,0,0.0,
4332,control,47.45,desktop,MY,0,0.0,
4333,treatment,22.32,mobile,ID,1,44.67,
4334,control,32.87,mobile,ID,0,0.0,
4335,treatment,52.45,mobile,PH,0,0.0,
4336,control,,mobile,PH,0,0.0,
4337,treatment,,mobile,VN,0,0.0,
4338,treatment,10.41,,MY,0,0.0,
4339,treatment,36.53,mobile,PH,0,0.0,
4340,control,94.07,desktop,ID,1,38.0,
4341,control,29.39,desktop,VN,1,5.97,
4342,control,53.67,mobile,MY,0,0.0,
4343,control,25.75,desktop,MY,0,0.0,
4344,control,25.46,mobile,SG,0,0.0,
4345,treatment,41.45,desktop,SG,0,0.0,
4346,control,45.8,mobile,SG,0,0.0,
4347,treatment,39.7,desktop,MY,0,0.0,
4348,treatment,12.4,mobile,VN,0,0.0,
4349,treatment,25.55,mobile,MY,0,0.0,
4350,treatment,13.32,desktop,ID,0,0.0,
4351,treatment,,desktop,PH,0,0.0,
4352,treatment,7.08,mobile,SG,0,0.0,
4353,treatment,8.79,mobile,PH,0,0.0,
4354,control,27.08,mobile,SG,0,0.0,
4355,control,31.66,mobile,PH,0,0.0,
4356,treatment,35.03,desktop,VN,1,34.46,
4357,control,61.97,,ID,0,0.0,
4358,control,2.51,desktop,VN,0,0.0,
4359,treatment,44.72,desktop,VN,0,0.0,
4360,treatment,,desktop,MY,0,0.0,
4361,treatment,5.43,mobile,SG,0,0.0,
4362,control,36.57,mobile,PH,1,10.21,
4363,treatment,47.83,mobile,SG,1,15.77,
4364,treatment,6.59,mobile,SG,0,0.0,
4365,treatment,8.72,mobile,ID,1,12.9,
4366,control,33.14,,MY,0,0.0,
4367,control,10.57,mobile,ID,0,0.0,
4368,treatment,,mobile,SG,0,0.0,
4369,control,46.68,mobile,VN,0,0.0,
4370,control,37.43,mobile,SG,0,0.0,
4371,treatment,18.22,desktop,PH,0,0.0,
4372,treatment,5.81,mobile,SG,0,0.0,
4373,treatment,50.47,desktop,ID,0,0.0,
4374,control,12.62,mobile,MY,0,0.0,
4375,treatment,17.54,desktop,SG,1,97.19,
4376,control,8.91,mobile,MY,1,18.42,
4377,control,19.0,mobile,SG,0,0.0,
4378,control,18.76,mobile,SG,0,0.0,
4379,treatment,17.34,mobile,PH,0,0.0,
4380,treatment,53.11,mobile,PH,0,0.0,
4381,control,17.57,mobile,ID,0,0.0,
4382,control,1.87,,ID,0,0.0,
4383,treatment,52.67,mobile,ID,0,0.0,
4384,treatment,65.29,mobile,MY,0,0.0,
4385,control,11.5,desktop,ID,1,5.18,
4386,control,23.21,mobile,PH,0,0.0,
4387,treatment,21.68,desktop,ID,0,0.0,
4388,treatment,6.47,,PH,0,0.0,
4389,control,30.92,desktop,MY,0,0.0,
4390,control,60.93,mobile,SG,1,18.19,
4391,control,17.25,mobile,ID,1,3.44,
4392,treatment,29.01,mobile,MY,0,0.0,
4393,control,28.15,mobile,ID,1,19.14,
4394,control,,mobile,MY,0,0.0,
4395,treatment,5.02,desktop,SG,0,0.0,
4396,treatment,10.0,mobile,PH,0,0.0,
4397,control,21.36,mobile,MY,0,0.0,
4398,control,21.21,mobile,VN,0,0.0,
4399,treatment,,mobile,ID,0,0.0,
4400,control,14.88,desktop,PH,0,0.0,
4401,treatment,24.92,mobile,VN,0,0.0,
4402,treatment,2.32,mobile,VN,0,0.0,
4403,treatment,32.27,mobile,PH,0,0.0,
4404,treatment,12.3,desktop,ID,0,0.0,
4405,treatment,55.78,mobile,VN,0,0.0,
4406,control,19.38,desktop,ID,0,0.0,
4407,control,36.18,mobile,ID,0,0.0,
4408,treatment,23.07,mobile,MY,0,0.0,
4409,control,30.62,,MY,0,0.0,
4410,control,7.87,mobile,VN,0,0.0,
4411,treatment,40.07,mobile,VN,0,0.0,
4412,control,31.94,mobile,MY,0,0.0,
4413,control,18.3,mobile,ID,0,0.0,
4414,treatment,15.25,desktop,PH,0,0.0,
4415,treatment,43.19,mobile,ID,0,0.0,
4416,control,16.59,mobile,ID,0,0.0,
4417,treatment,27.54,desktop,SG,0,0.0,
4418,treatment,48.51,mobile,MY,1,5.53,
4419,control,12.53,desktop,MY,0,0.0,
4420,control,134.59,desktop,VN,0,0.0,
4421,control,16.51,mobile,MY,0,0.0,
4422,treatment,58.37,mobile,SG,1,7.8,
4423,treatment,10.93,desktop,VN,0,0.0,
4424,control,62.05,mobile,PH,0,0.0,
4425,treatment,31.07,mobile,PH,1,9.25,
4426,control,6.59,mobile,SG,0,0.0,
4427,control,10.79,desktop,SG,0,0.0,
4428,treatment,10.61,desktop,MY,0,0.0,
4429,control,3.53,desktop,SG,0,0.0,
4430,control,18.94,desktop,PH,1,7.74,
4431,treatment,41.52,mobile,VN,0,0.0,
4432,treatment,20.56,desktop,PH,0,0.0,
4433,control,9.54,mobile,SG,0,0.0,
4434,treatment,30.82,mobile,SG,0,0.0,
4435,control,5.81,mobile,PH,0,0.0,
4436,control,13.41,desktop,MY,0,0.0,
4437,treatment,19.38,mobile,PH,0,0.0,
4438,control,66.47,mobile,ID,0,0.0,
4439,control,,mobile,SG,0,0.0,
4440,control,10.61,desktop,VN,1,72.13,
4441,treatment,40.58,mobile,SG,0,0.0,
4442,control,,mobile,ID,0,0.0,
4443,treatment,,desktop,VN,0,0.0,
4444,control,,mobile,PH,0,0.0,
4445,control,31.69,mobile,SG,0,0.0,
4446,control,,mobile,SG,1,7.59,
4447,control,30.65,desktop,MY,0,0.0,
4448,control,30.55,desktop,MY,0,0.0,
4449,control,39.8,mobile,MY,0,0.0,
4450,treatment,6.68,mobile,MY,0,0.0,
4451,control,5.49,mobile,SG,0,0.0,
4452,treatment,18.04,desktop,MY,0,0.0,
4453,treatment,3.87,mobile,VN,0,0.0,
4454,treatment,14.26,desktop,SG,0,0.0,
4455,control,30.62,mobile,PH,0,0.0,
4456,treatment,52.29,desktop,ID,0,0.0,
4457,control,23.25,mobile,MY,0,0.0,
4458,control,13.28,mobile,ID,0,0.0,
4459,treatment,7.82,desktop,VN,0,0.0,
4460,control,61.39,mobile,SG,0,0.0,
4461,treatment,23.86,,SG,1,27.73,
4462,control,27.78,mobile,VN,0,0.0,
4463,control,26.97,mobile,ID,0,0.0,
4464,control,24.74,mobile,SG,1,9.92,
4465,treatment,32.46,mobile,SG,0,0.0,
4466,treatment,26.47,mobile,SG,0,0.0,
4467,control,54.97,mobile,ID,0,0.0,
4468,control,,mobile,SG,0,0.0,
4469,control,23.45,mobile,PH,1,33.87,
4470,treatment,11.56,mobile,ID,0,0.0,
4471,control,104.92,desktop,ID,1,16.74,
4472,control,9.51,mobile,ID,0,0.0,
4473,control,22.68,mobile,MY,0,0.0,
4474,control,10.77,mobile,MY,0,0.0,
4475,control,6.64,mobile,SG,0,0.0,
4476,control,14.76,mobile,ID,0,0.0,
4477,control,71.06,mobile,PH,0,0.0,
4478,treatment,2.16,mobile,PH,0,0.0,
4479,control,,mobile,ID,0,0.0,
4480,treatment,50.44,mobile,MY,0,0.0,
4481,control,8.21,mobile,VN,0,0.0,
4482,control,32.75,mobile,SG,0,0.0,
4483,treatment,70.28,mobile,MY,0,0.0,
4484,treatment,36.57,mobile,VN,0,0.0,
4485,treatment,32.09,desktop,ID,0,0.0,
4486,control,68.74,mobile,SG,0,0.0,
4487,control,,mobile,SG,1,48.81,
4488,treatment,9.6,desktop,VN,0,0.0,
4489,control,5.92,mobile,SG,0,0.0,
4490,control,28.95,desktop,PH,1,2.85,
4491,treatment,6.49,mobile,MY,0,0.0,
4492,control,19.04,desktop,SG,0,0.0,
4493,treatment,94.5,mobile,SG,0,0.0,
4494,control,15.22,desktop,PH,0,0.0,
4495,control,,desktop,ID,0,0.0,
4496,treatment,,desktop,PH,1,48.73,
4497,control,24.86,mobile,SG,0,0.0,
4498,treatment,50.12,mobile,MY,0,0.0,
4499,control,20.24,mobile,SG,0,0.0,
4500,control,40.11,mobile,VN,0,0.0,
4501,treatment,96.89,mobile,SG,0,0.0,
4502,treatment,44.53,desktop,ID,0,0.0,
4503,control,52.63,mobile,SG,1,19.13,
4504,treatment,,mobile,SG,0,0.0,
4505,treatment,,mobile,MY,0,0.0,
4506,control,4.59,desktop,MY,1,16.16,
4507,treatment,17.74,mobile,SG,0,0.0,
4508,treatment,27.53,mobile,SG,0,0.0,
4509,control,101.19,mobile,VN,0,0.0,
4510,treatment,34.26,mobile,PH,0,0.0,
4511,control,41.23,mobile,SG,0,0.0,
4512,control,9.51,desktop,PH,0,0.0,
4513,control,101.94,mobile,VN,0,0.0,
4514,control,4.77,mobile,SG,0,0.0,
4515,control,25.26,mobile,MY,1,5.38,
4516,treatment,9.07,desktop,ID,0,0.0,
4517,treatment,17.59,mobile,MY,0,0.0,
4518,treatment,5.78,mobile,MY,0,0.0,
4519,control,29.79,desktop,ID,0,0.0,
4520,control,14.11,desktop,VN,1,15.27,
4521,control,67.42,mobile,SG,0,0.0,
4522,control,,desktop,ID,0,0.0,
4523,control,50.05,mobile,PH,0,0.0,
4524,control,40.57,desktop,SG,0,0.0,
4525,treatment,20.25,mobile,SG,0,0.0,
4526,control,54.16,mobile,SG,0,0.0,
4527,control,18.85,desktop,SG,0,0.0,
4528,control,22.61,mobile,SG,0,0.0,
4529,treatment,25.08,desktop,MY,1,40.46,
4530,treatment,15.09,desktop,MY,0,0.0,
4531,treatment,14.69,mobile,VN,0,0.0,
4532,treatment,84.89,desktop,SG,0,0.0,
4533,treatment,27.04,mobile,MY,0,0.0,
4534,treatment,23.8,desktop,ID,0,0.0,
4535,control,11.99,mobile,VN,0,0.0,
4536,treatment,4.62,desktop,PH,0,0.0,
4537,control,13.87,desktop,MY,0,0.0,
4538,treatment,28.97,mobile,PH,1,42.51,
4539,treatment,6.68,mobile,ID,1,114.59,
4540,treatment,18.94,mobile,PH,0,0.0,
4541,control,11.41,mobile,VN,1,48.16,
4542,treatment,27.55,mobile,VN,0,0.0,
4543,treatment,29.17,mobile,MY,1,45.76,
4544,treatment,33.07,mobile,SG,0,0.0,
4545,control,,mobile,ID,0,0.0,
4546,control,16.63,mobile,PH,0,0.0,
4547,treatment,14.97,mobile,MY,0,0.0,
4548,treatment,24.17,mobile,SG,1,22.63,
4549,control,18.22,mobile,ID,0,0.0,
4550,treatment,43.14,mobile,MY,0,0.0,
4551,control,12.78,mobile,MY,0,0.0,
4552,control,24.64,mobile,SG,0,0.0,
4553,control,19.5,mobile,PH,0,0.0,
4554,treatment,30.9,mobile,VN,0,0.0,
4555,control,37.61,mobile,MY,0,0.0,
4556,control,10.96,mobile,SG,0,0.0,
4557,treatment,,mobile,SG,0,0.0,
4558,control,,desktop,SG,0,0.0,
4559,treatment,24.62,mobile,MY,0,0.0,
4560,control,42.05,mobile,ID,1,5.41,
4561,treatment,31.75,mobile,SG,0,0.0,
4562,control,5.44,mobile,ID,0,0.0,
4563,control,55.55,desktop,VN,0,0.0,
4564,control,16.98,mobile,MY,0,0.0,
4565,treatment,32.91,desktop,SG,0,0.0,
4566,control,17.78,mobile,SG,0,0.0,
4567,control,17.62,desktop,MY,0,0.0,
4568,control,7.39,mobile,VN,0,0.0,
4569,control,10.79,mobile,PH,0,0.0,
4570,control,50.55,desktop,ID,0,0.0,
4571,control,8.61,,ID,0,0.0,
4572,control,19.1,mobile,SG,0,0.0,
4573,control,13.6,mobile,MY,0,0.0,
4574,treatment,26.83,mobile,ID,0,0.0,
4575,treatment,16.48,mobile,SG,0,0.0,
4576,control,28.52,desktop,ID,0,0.0,
4577,treatment,11.4,mobile,SG,0,0.0,
4578,treatment,,mobile,SG,0,0.0,
4579,treatment,39.16,mobile,SG,0,0.0,
4580,control,21.88,mobile,ID,0,0.0,
4581,treatment,24.22,mobile,SG,0,0.0,
4582,control,32.37,desktop,SG,0,0.0,
4583,treatment,15.47,mobile,PH,0,0.0,
4584,treatment,6.14,mobile,PH,0,0.0,
4585,control,,mobile,ID,0,0.0,
4586,treatment,4.4,desktop,SG,0,0.0,
4587,treatment,14.5,desktop,ID,0,0.0,
4588,control,20.66,mobile,PH,0,0.0,
4589,control,,mobile,SG,1,36.08,
4590,treatment,10.78,mobile,ID,0,0.0,
4591,control,9.67,mobile,MY,0,0.0,
4592,treatment,27.29,mobile,SG,0,0.0,
4593,control,32.23,mobile,SG,1,13.34,
4594,treatment,38.44,mobile,ID,1,33.27,
4595,treatment,78.39,mobile,VN,1,31.74,
4596,treatment,60.91,mobile,MY,0,0.0,
4597,control,,mobile,VN,0,0.0,
4598,treatment,58.7,mobile,MY,0,0.0,
4599,treatment,33.75,desktop,ID,0,0.0,
4600,control,18.95,desktop,MY,0,0.0,
4601,treatment,27.85,desktop,PH,0,0.0,
4602,control,58.23,desktop,ID,0,0.0,
4603,treatment,20.94,mobile,ID,0,0.0,
4604,treatment,49.47,mobile,ID,0,0.0,
4605,control,50.37,desktop,VN,0,0.0,
4606,treatment,41.08,mobile,SG,0,0.0,
4607,treatment,16.09,mobile,ID,0,0.0,
4608,control,32.81,desktop,SG,0,0.0,
4609,control,17.75,mobile,SG,0,0.0,
4610,treatment,35.03,mobile,ID,0,0.0,
4611,treatment,37.0,desktop,PH,0,0.0,
4612,treatment,36.25,mobile,MY,0,0.0,
4613,treatment,17.91,mobile,SG,0,0.0,
4614,control,10.34,mobile,SG,0,0.0,
4615,treatment,34.8,,MY,0,0.0,
4616,treatment,57.53,desktop,MY,0,0.0,
4617,treatment,35.93,desktop,PH,1,23.85,
4618,treatment,26.2,desktop,ID,0,0.0,
4619,treatment,2.66,mobile,MY,0,0.0,
4620,treatment,30.34,mobile,ID,0,0.0,
4621,treatment,43.97,mobile,MY,0,0.0,
4622,control,12.22,mobile,MY,0,0.0,
4623,treatment,0.48,desktop,VN,0,0.0,
4624,treatment,16.38,mobile,SG,0,0.0,
4625,control,,mobile,ID,0,0.0,
4626,treatment,8.69,desktop,MY,0,0.0,
4627,control,24.15,desktop,MY,1,42.91,
4628,treatment,25.31,desktop,MY,0,0.0,
4629,treatment,48.37,,ID,0,0.0,
4630,control,32.87,mobile,SG,0,0.0,
4631,control,11.28,desktop,PH,0,0.0,
4632,control,13.4,desktop,SG,0,0.0,
4633,control,,mobile,VN,0,0.0,
4634,treatment,43.05,mobile,SG,0,0.0,
4635,control,18.57,desktop,SG,0,0.0,
4636,control,27.44,mobile,PH,0,0.0,
4637,treatment,34.53,desktop,MY,0,0.0,
4638,treatment,16.61,mobile,PH,0,0.0,
4639,control,5.23,mobile,MY,0,0.0,
4640,control,59.36,mobile,SG,0,0.0,
4641,treatment,19.18,mobile,SG,0,0.0,
4642,control,,desktop,SG,0,0.0,
4643,treatment,10.67,desktop,PH,0,0.0,
4644,control,55.61,,PH,1,34.37,
4645,control,20.11,desktop,MY,0,0.0,
4646,control,35.29,mobile,MY,0,0.0,
4647,control,11.38,,SG,0,0.0,
4648,control,36.98,mobile,VN,0,0.0,
4649,control,36.56,mobile,SG,0,0.0,
4650,treatment,26.04,mobile,PH,0,0.0,
4651,control,30.47,mobile,SG,0,0.0,
4652,control,5.02,mobile,SG,0,0.0,
4653,treatment,38.04,desktop,ID,0,0.0,
4654,control,30.1,mobile,MY,1,18.08,
4655,control,11.26,mobile,MY,0,0.0,
4656,treatment,85.93,desktop,VN,0,0.0,
4657,treatment,22.55,desktop,PH,0,0.0,
4658,control,32.47,mobile,SG,0,0.0,
4659,control,40.29,desktop,VN,1,18.59,
4660,control,25.18,mobile,PH,0,0.0,
4661,treatment,67.81,mobile,SG,0,0.0,
4662,control,37.44,mobile,ID,0,0.0,
4663,treatment,25.39,mobile,SG,0,0.0,
4664,treatment,14.53,mobile,MY,0,0.0,
4665,treatment,12.03,desktop,SG,0,0.0,
4666,control,1.51,mobile,ID,0,0.0,
4667,treatment,19.43,mobile,PH,0,0.0,
4668,control,39.63,mobile,ID,0,0.0,
4669,treatment,52.7,desktop,ID,0,0.0,
4670,treatment,41.76,mobile,MY,1,8.96,
4671,treatment,38.78,mobile,VN,0,0.0,
4672,control,7.5,mobile,PH,0,0.0,
4673,treatment,,desktop,ID,0,0.0,
4674,treatment,12.89,desktop,PH,0,0.0,
4675,treatment,45.67,mobile,VN,0,0.0,
4676,control,19.47,,SG,0,0.0,
4677,treatment,13.06,mobile,MY,0,0.0,
4678,treatment,28.38,,MY,0,0.0,
4679,control,,mobile,MY,0,0.0,
4680,treatment,48.26,mobile,SG,1,4.95,
4681,control,10.6,mobile,MY,0,0.0,
4682,treatment,23.85,desktop,MY,0,0.0,
4683,treatment,26.72,desktop,SG,1,24.71,
4684,control,23.98,mobile,VN,0,0.0,
4685,treatment,19.8,mobile,MY,0,0.0,
4686,treatment,37.3,mobile,ID,0,0.0,
4687,control,14.19,mobile,SG,0,0.0,
4688,treatment,16.25,desktop,PH,0,0.0,
4689,control,31.41,mobile,ID,1,38.27,
4690,treatment,32.39,mobile,SG,0,0.0,
4691,treatment,30.67,mobile,SG,0,0.0,
4692,control,46.91,mobile,ID,0,0.0,
4693,treatment,,desktop,PH,0,0.0,
4694,control,7.21,desktop,MY,0,0.0,
4695,control,18.38,mobile,MY,0,0.0,
4696,treatment,24.46,mobile,MY,0,0.0,
4697,control,50.99,mobile,MY,0,0.0,
4698,control,,desktop,MY,0,0.0,
4699,control,25.37,mobile,SG,0,0.0,
4700,control,17.95,,SG,1,9.09,
4701,control,,mobile,VN,0,0.0,
4702,treatment,66.25,mobile,ID,0,0.0,
4703,treatment,8.75,mobile,PH,1,30.47,
4704,control,31.58,mobile,MY,0,0.0,
4705,treatment,40.02,mobile,ID,0,0.0,
4706,control,41.42,desktop,MY,1,32.46,
4707,treatment,16.26,mobile,ID,0,0.0,
4708,control,36.32,mobile,PH,0,0.0,
4709,control,3.76,desktop,PH,0,0.0,
4710,treatment,60.61,,MY,0,0.0,
4711,treatment,36.23,mobile,ID,0,0.0,
4712,control,66.61,desktop,MY,0,0.0,
4713,control,29.21,mobile,VN,0,0.0,
4714,treatment,12.16,desktop,SG,0,0.0,
4715,control,21.43,desktop,ID,0,0.0,
4716,treatment,11.23,mobile,MY,0,0.0,
4717,control,56.27,mobile,SG,0,0.0,
4718,control,16.79,mobile,PH,0,0.0,
4719,treatment,22.28,mobile,MY,0,0.0,
4720,control,24.36,desktop,ID,0,0.0,
4721,control,49.22,mobile,ID,0,0.0,
4722,treatment,,mobile,MY,0,0.0,
4723,treatment,61.87,mobile,MY,0,0.0,
4724,control,43.54,mobile,ID,0,0.0,
4725,treatment,41.82,mobile,ID,1,33.55,
4726,control,41.05,mobile,ID,0,0.0,
4727,control,19.95,mobile,SG,0,0.0,
4728,control,5.74,mobile,VN,0,0.0,
4729,treatment,9.0,mobile,ID,0,0.0,
4730,treatment,35.28,,PH,0,0.0,
4731,control,32.98,desktop,SG,1,39.28,
4732,treatment,33.8,mobile,SG,0,0.0,
4733,treatment,41.08,desktop,SG,0,0.0,
4734,control,,mobile,SG,0,0.0,
4735,treatment,3.9,desktop,SG,1,18.23,
4736,control,11.17,mobile,ID,0,0.0,
4737,treatment,23.76,mobile,ID,1,38.4,
4738,treatment,21.31,mobile,SG,0,0.0,
4739,treatment,31.6,desktop,SG,0,0.0,
4740,treatment,19.41,mobile,VN,0,0.0,
4741,treatment,80.82,desktop,ID,0,0.0,
4742,control,42.65,mobile,VN,0,0.0,
4743,treatment,3.59,desktop,MY,0,0.0,
4744,treatment,13.94,mobile,PH,0,0.0,
4745,control,9.28,mobile,MY,0,0.0,
4746,treatment,9.48,desktop,MY,0,0.0,
4747,control,18.17,,ID,0,0.0,
4748,control,18.8,mobile,PH,0,0.0,
4749,treatment,12.94,mobile,ID,0,0.0,
4750,treatment,10.26,mobile,SG,0,0.0,
4751,treatment,,mobile,ID,0,0.0,
4752,control,3.7,desktop,SG,0,0.0,
4753,control,5.8,desktop,MY,0,0.0,
4754,control,21.39,desktop,ID,0,0.0,
4755,treatment,31.0,mobile,ID,0,0.0,
4756,control,16.01,desktop,MY,0,0.0,
4757,control,,desktop,ID,0,0.0,
4758,treatment,12.24,mobile,MY,0,0.0,
4759,control,21.52,mobile,MY,0,0.0,
4760,control,,mobile,SG,0,0.0,
4761,control,46.12,mobile,SG,0,0.0,
4762,treatment,5.1,desktop,VN,0,0.0,
4763,treatment,25.15,mobile,ID,0,0.0,
4764,treatment,57.18,mobile,PH,0,0.0,
4765,control,6.35,desktop,ID,0,0.0,
4766,control,36.72,mobile,PH,0,0.0,
4767,control,47.0,desktop,ID,0,0.0,
4768,control,8.81,mobile,PH,0,0.0,
4769,treatment,29.21,,ID,0,0.0,
4770,treatment,,mobile,MY,0,0.0,
4771,control,7.84,,ID,0,0.0,
4772,control,12.63,mobile,PH,0,0.0,
4773,treatment,17.17,mobile,SG,1,7.41,
4774,treatment,14.77,mobile,ID,0,0.0,
4775,treatment,34.37,mobile,VN,0,0.0,
4776,treatment,76.37,desktop,SG,0,0.0,
4777,treatment,59.96,mobile,MY,1,20.63,
4778,treatment,22.54,,SG,0,0.0,
4779,control,4.72,,MY,0,0.0,
4780,treatment,17.13,mobile,ID,0,0.0,
4781,control,42.37,,MY,0,0.0,
4782,treatment,7.58,mobile,MY,0,0.0,
4783,control,23.82,desktop,SG,0,0.0,
4784,treatment,61.98,desktop,SG,0,0.0,
4785,control,5.88,,SG,1,25.27,
4786,control,48.22,mobile,SG,0,0.0,
4787,control,7.14,desktop,MY,0,0.0,
4788,control,11.96,mobile,ID,0,0.0,
4789,control,28.22,mobile,ID,0,0.0,
4790,treatment,13.32,mobile,SG,0,0.0,
4791,control,7.75,desktop,ID,1,13.71,
4792,control,33.38,mobile,VN,0,0.0,
4793,treatment,26.0,desktop,SG,1,20.73,
4794,treatment,41.86,mobile,MY,0,0.0,
4795,treatment,28.34,mobile,MY,0,0.0,
4796,control,11.2,,ID,0,0.0,
4797,control,65.72,mobile,ID,0,0.0,
4798,control,45.14,desktop,SG,0,0.0,
4799,control,43.1,mobile,PH,0,0.0,
4800,control,13.21,mobile,SG,1,6.68,
4801,treatment,49.18,desktop,ID,0,0.0,
4802,treatment,10.93,desktop,SG,1,16.9,
4803,treatment,18.42,desktop,ID,0,0.0,
4804,control,30.71,,SG,0,0.0,
4805,control,27.36,desktop,ID,1,26.77,
4806,treatment,85.07,desktop,SG,0,0.0,
4807,control,,mobile,MY,1,17.41,
4808,treatment,2.52,mobile,VN,0,0.0,
4809,control,33.39,,ID,0,0.0,
4810,control,28.01,mobile,PH,0,0.0,
4811,control,,desktop,VN,0,0.0,
4812,control,15.82,desktop,SG,0,0.0,
4813,treatment,9.61,desktop,PH,1,22.51,
4814,treatment,19.32,mobile,PH,0,0.0,
4815,control,36.72,desktop,MY,0,0.0,
4816,treatment,6.22,mobile,SG,0,0.0,
4817,control,25.22,mobile,VN,0,0.0,
4818,control,,desktop,PH,0,0.0,
4819,control,25.93,desktop,ID,0,0.0,
4820,control,20.74,mobile,SG,0,0.0,
4821,treatment,39.45,desktop,ID,0,0.0,
4822,treatment,27.99,mobile,SG,0,0.0,
4823,control,65.44,mobile,MY,0,0.0,
4824,treatment,2.62,,PH,0,0.0,
4825,control,68.6,mobile,MY,0,0.0,
4826,treatment,6.8,mobile,VN,0,0.0,
4827,treatment,,desktop,PH,0,0.0,
4828,treatment,25.75,desktop,MY,0,0.0,
4829,treatment,38.94,desktop,ID,0,0.0,
4830,treatment,11.58,desktop,SG,0,0.0,
4831,treatment,8.07,mobile,SG,0,0.0,
4832,control,73.79,mobile,ID,0,0.0,
4833,control,10.1,mobile,MY,0,0.0,
4834,treatment,78.68,mobile,ID,0,0.0,
4835,control,24.67,mobile,ID,0,0.0,
4836,control,8.71,desktop,ID,0,0.0,
4837,treatment,34.03,mobile,VN,0,0.0,
4838,treatment,36.89,desktop,ID,0,0.0,
4839,treatment,6.85,desktop,SG,0,0.0,
4840,treatment,56.63,mobile,SG,0,0.0,
4841,treatment,34.23,desktop,ID,0,0.0,
4842,control,40.69,desktop,ID,0,0.0,
4843,control,30.48,mobile,MY,0,0.0,
4844,treatment,,desktop,SG,1,10.67,
4845,treatment,18.32,mobile,PH,0,0.0,
4846,control,27.55,mobile,ID,0,0.0,
4847,treatment,11.27,mobile,MY,0,0.0,
4848,treatment,27.38,,ID,0,0.0,
4849,control,20.95,mobile,SG,0,0.0,
4850,treatment,61.8,mobile,SG,0,0.0,
4851,treatment,35.47,desktop,MY,0,0.0,
4852,treatment,16.37,desktop,PH,0,0.0,
4853,control,3.61,desktop,ID,0,0.0,
4854,control,29.71,desktop,VN,0,0.0,
4855,treatment,40.31,desktop,SG,0,0.0,
4856,control,,desktop,SG,0,0.0,
4857,control,85.16,mobile,SG,1,6.25,
4858,control,17.93,,SG,0,0.0,
4859,treatment,4.44,desktop,PH,0,0.0,
4860,control,33.47,desktop,MY,0,0.0,
4861,treatment,73.33,mobile,ID,0,0.0,
4862,control,33.79,desktop,MY,0,0.0,
4863,treatment,67.21,mobile,MY,0,0.0,
4864,treatment,67.06,desktop,ID,0,0.0,
4865,control,36.52,mobile,VN,0,0.0,
4866,treatment,,mobile,PH,1,31.57,
4867,treatment,15.39,mobile,SG,0,0.0,
4868,treatment,11.99,mobile,ID,1,107.34,
4869,control,35.57,mobile,SG,0,0.0,
4870,treatment,13.81,mobile,SG,1,16.37,
4871,control,2.92,mobile,VN,0,0.0,
4872,control,,,SG,0,0.0,
4873,control,44.02,mobile,ID,0,0.0,
4874,treatment,96.83,mobile,ID,0,0.0,
4875,treatment,55.3,mobile,SG,1,17.38,
4876,control,34.98,mobile,SG,0,0.0,
4877,treatment,32.49,mobile,ID,0,0.0,
4878,treatment,62.61,desktop,PH,0,0.0,
4879,treatment,31.55,desktop,PH,0,0.0,
4880,treatment,46.57,desktop,SG,0,0.0,
4881,control,13.0,mobile,MY,0,0.0,
4882,treatment,23.49,mobile,VN,0,0.0,
4883,control,,mobile,MY,0,0.0,
4884,control,62.24,mobile,ID,0,0.0,
4885,treatment,,mobile,PH,0,0.0,
4886,treatment,,desktop,VN,0,0.0,
4887,treatment,13.95,mobile,SG,0,0.0,
4888,control,23.42,desktop,ID,0,0.0,
4889,control,27.15,desktop,ID,0,0.0,
4890,treatment,39.58,desktop,ID,0,0.0,
4891,control,30.69,,SG,0,0.0,
4892,control,28.31,desktop,PH,0,0.0,
4893,control,73.06,mobile,ID,0,0.0,
4894,treatment,7.25,mobile,SG,0,0.0,
4895,control,80.94,mobile,MY,1,6.96,
4896,control,54.5,mobile,MY,0,0.0,
4897,control,32.15,desktop,ID,0,0.0,
4898,control,39.67,mobile,MY,0,0.0,
4899,treatment,69.35,mobile,ID,0,0.0,
4900,treatment,29.97,mobile,MY,0,0.0,
4901,treatment,17.22,desktop,ID,0,0.0,
4902,treatment,57.56,mobile,SG,0,0.0,
4903,treatment,34.41,mobile,MY,0,0.0,
4904,control,2.54,mobile,ID,0,0.0,
4905,treatment,5.55,desktop,ID,0,0.0,
4906,treatment,32.67,desktop,SG,0,0.0,
4907,control,53.28,desktop,SG,0,0.0,
4908,control,43.25,desktop,MY,0,0.0,
4909,control,31.12,mobile,MY,0,0.0,
4910,treatment,51.51,mobile,SG,1,19.32,
4911,treatment,18.0,mobile,VN,0,0.0,
4912,control,10.96,mobile,VN,0,0.0,
4913,treatment,4.66,,ID,0,0.0,
4914,control,38.48,desktop,SG,0,0.0,
4915,control,30.99,mobile,MY,1,11.98,
4916,control,46.82,desktop,ID,1,17.82,
4917,control,35.76,mobile,MY,0,0.0,
4918,control,4.1,,MY,0,0.0,
4919,control,29.17,mobile,VN,0,0.0,
4920,treatment,66.72,desktop,ID,1,14.44,
4921,treatment,9.4,mobile,ID,0,0.0,
4922,treatment,74.66,mobile,ID,0,0.0,
4923,treatment,0.86,desktop,ID,0,0.0,
4924,treatment,28.59,desktop,MY,0,0.0,
4925,treatment,48.74,mobile,MY,0,0.0,
4926,treatment,28.97,desktop,ID,0,0.0,
4927,control,44.55,desktop,ID,1,20.56,
4928,treatment,58.14,mobile,VN,1,33.66,
4929,treatment,14.26,desktop,MY,0,0.0,
4930,treatment,13.87,desktop,MY,0,0.0,
4931,treatment,59.14,desktop,ID,1,12.7,
4932,treatment,1.97,mobile,PH,1,29.29,
4933,control,54.92,mobile,MY,0,0.0,
4934,control,66.94,mobile,ID,0,0.0,
4935,control,20.52,mobile,MY,0,0.0,
4936,treatment,,desktop,ID,0,0.0,
4937,treatment,,desktop,ID,0,0.0,
4938,control,,desktop,SG,0,0.0,
4939,treatment,16.03,desktop,MY,0,0.0,
4940,control,11.82,desktop,MY,1,50.15,
4941,treatment,32.25,mobile,SG,0,0.0,
4942,treatment,30.07,mobile,SG,0,0.0,
4943,control,30.37,desktop,SG,0,0.0,
4944,treatment,11.17,desktop,PH,0,0.0,
4945,control,64.16,desktop,ID,0,0.0,
4946,treatment,19.59,mobile,ID,0,0.0,
4947,treatment,19.28,mobile,VN,1,7.52,
4948,control,90.85,mobile,SG,1,12.61,
4949,treatment,24.79,mobile,SG,1,6.56,
4950,treatment,48.86,mobile,ID,0,0.0,
4951,control,74.54,desktop,SG,0,0.0,
4952,treatment,,,SG,0,0.0,
4953,treatment,32.3,,SG,0,0.0,
4954,treatment,76.41,mobile,MY,0,0.0,
4955,treatment,65.32,mobile,MY,1,43.78,
4956,treatment,,mobile,ID,0,0.0,
4957,treatment,56.63,,ID,0,0.0,
4958,treatment,36.67,desktop,ID,0,0.0,
4959,treatment,19.47,desktop,ID,0,0.0,
4960,treatment,21.77,mobile,SG,0,0.0,
4961,treatment,24.14,mobile,SG,0,0.0,
4962,treatment,,desktop,PH,0,0.0,
4963,treatment,73.94,mobile,PH,0,0.0,
4964,treatment,21.85,mobile,SG,0,0.0,
4965,control,14.8,,ID,0,0.0,
4966,treatment,28.21,desktop,MY,0,0.0,
4967,treatment,9.77,mobile,SG,1,32.84,
4968,control,28.52,mobile,ID,0,0.0,
4969,treatment,47.93,mobile,SG,0,0.0,
4970,treatment,39.72,desktop,SG,0,0.0,
4971,control,,mobile,PH,0,0.0,
4972,control,18.76,desktop,SG,0,0.0,
4973,control,28.53,mobile,ID,0,0.0,
4974,treatment,42.4,desktop,ID,1,16.77,
4975,treatment,51.89,desktop,MY,1,25.4,
4976,treatment,10.05,desktop,MY,0,0.0,
4977,treatment,18.01,mobile,ID,0,0.0,
4978,control,15.75,desktop,MY,0,0.0,
4979,treatment,22.84,,SG,0,0.0,
4980,control,13.67,mobile,SG,0,0.0,
4981,control,7.72,mobile,ID,0,0.0,
4982,control,2.11,desktop,PH,0,0.0,
4983,treatment,13.88,mobile,SG,0,0.0,
4984,treatment,11.0,,SG,1,22.96,
4985,control,,mobile,MY,0,0.0,
4986,treatment,59.24,mobile,SG,0,0.0,
4987,treatment,12.9,desktop,SG,0,0.0,
4988,treatment,18.0,mobile,VN,0,0.0,
4989,control,33.04,desktop,PH,1,23.23,
4990,treatment,20.58,desktop,ID,0,0.0,
4991,control,10.72,mobile,SG,0,0.0,
4992,treatment,22.56,mobile,SG,0,0.0,
4993,treatment,11.49,mobile,SG,0,0.0,
4994,treatment,,desktop,SG,1,31.87,
4995,treatment,48.22,desktop,MY,0,0.0,
4996,treatment,43.77,desktop,SG,0,0.0,
4997,control,19.66,desktop,ID,0,0.0,
4998,treatment,18.38,desktop,VN,0,0.0,
4999,treatment,6.81,mobile,VN,0,0.0,
999998,control,x,x,x,x,x,x,x,x,x,x,x,x
5000,control,20.98,mobile,MY,0,0.0,
5001,treatment,35.57,mobile,ID,0,0.0,
5002,treatment,53.92,,SG,1,22.47,
5003,control,9.37,mobile,ID,0,0.0,
5004,treatment,35.28,mobile,ID,1,14.4,
5005,control,32.83,desktop,MY,0,0.0,
5006,treatment,18.01,desktop,PH,1,62.12,
5007,control,37.74,desktop,PH,0,0.0,
5008,treatment,18.4,desktop,PH,0,0.0,
5009,control,18.27,mobile,SG,0,0.0,
5010,treatment,14.14,mobile,VN,1,63.42,
5011,treatment,,mobile,ID,0,0.0,
5012,control,16.46,desktop,SG,0,0.0,
5013,treatment,41.12,mobile,ID,0,0.0,
5014,treatment,2.96,mobile,SG,0,0.0,
5015,treatment,29.56,mobile,ID,0,0.0,
5016,control,37.28,mobile,PH,0,0.0,
5017,treatment,NULL,desktop,SG,0,0.0,
5018,control,35.53,desktop,PH,0,0.0,
5019,control,29.57,desktop,ID,0,0.0,
5020,treatment,27.2,desktop,SG,1,14.58,
5021,control,30.41,mobile,ID,0,0.0,
5022,treatment,,mobile,PH,1,22.38,
5023,control,56.29,mobile,ID,0,0.0,
5024,control,32.74,desktop,ID,0,0.0,
5025,treatment,25.69,mobile,SG,0,0.0,
5026,treatment,,mobile,ID,0,0.0,
5027,control,49.46,,ID,0,0.0,
5028,treatment,11.75,,ID,0,0.0,
5029,treatment,8.15,mobile,SG,0,0.0,
5030,treatment,17.68,mobile,MY,0,0.0,
5031,treatment,16.55,mobile,ID,0,0.0,
5032,treatment,50.65,,MY,0,0.0,
5033,control,24.34,mobile,ID,1,21.36,
5034,treatment,14.8,desktop,ID,0,0.0,
5035,control,40.88,mobile,MY,1,40.51,
5036,treatment,19.33,mobile,VN,0,0.0,
5037,treatment,18.14,desktop,PH,0,0.0,
5038,control,8.86,mobile,SG,0,0.0,
5039,treatment,22.16,desktop,MY,0,0.0,
5040,control,19.88,mobile,SG,0,0.0,
5041,control,75.09,desktop,PH,0,0.0,
5042,control,53.43,mobile,SG,0,0.0,
5043,treatment,17.59,mobile,MY,0,0.0,
5044,treatment,61.79,mobile,PH,1,20.25,
5045,control,73.19,mobile,VN,0,0.0,
5046,control,16.35,mobile,ID,0,0.0,
5047,control,43.27,mobile,VN,0,0.0,
5048,control,29.78,,ID,0,0.0,
5049,control,28.68,mobile,SG,0,0.0,
5050,treatment,38.62,desktop,ID,1,59.93,
5051,treatment,51.04,desktop,MY,0,0.0,
5052,treatment,15.45,desktop,ID,0,0.0,
5053,control,36.95,,MY,0,0.0,
5054,treatment,21.37,desktop,SG,1,5.52,
5055,treatment,34.86,desktop,VN,0,0.0,
5056,control,54.82,,MY,1,10.9,
5057,control,23.83,mobile,ID,0,0.0,
5058,treatment,37.93,desktop,ID,0,0.0,
5059,treatment,49.4,mobile,VN,0,0.0,
5060,control,16.1,desktop,SG,0,0.0,
5061,control,40.6,mobile,VN,1,4.28,
5062,control,5.24,desktop,ID,0,0.0,
5063,treatment,19.36,desktop,ID,0,0.0,
5064,control,29.97,mobile,SG,0,0.0,
5065,control,32.59,mobile,SG,0,0.0,
5066,control,47.89,mobile,VN,0,0.0,
5067,control,16.97,desktop,VN,0,0.0,
5068,treatment,19.48,mobile,VN,0,0.0,
5069,control,25.52,mobile,MY,0,0.0,
5070,treatment,13.03,mobile,MY,1,34.91,
5071,treatment,28.58,desktop,VN,0,0.0,
5072,control,21.52,mobile,PH,0,0.0,
5073,control,,mobile,ID,0,0.0,
5074,control,26.69,,ID,0,0.0,
5075,control,5.57,desktop,PH,0,0.0,
5076,control,25.29,desktop,ID,0,0.0,
5077,control,22.49,desktop,SG,0,0.0,
5078,control,31.93,desktop,MY,0,0.0,
5079,treatment,9.21,mobile,VN,0,0.0,
5080,treatment,58.47,mobile,SG,0,0.0,
5081,control,38.96,desktop,MY,1,38.6,
5082,treatment,55.44,mobile,SG,0,0.0,
5083,treatment,10.62,mobile,MY,0,0.0,
5084,treatment,9.03,desktop,PH,0,0.0,
5085,control,24.34,mobile,ID,0,0.0,
5086,treatment,67.02,mobile,SG,0,0.0,
5087,control,82.54,mobile,SG,0,0.0,
5088,control,27.96,mobile,VN,0,0.0,
5089,control,4.42,mobile,ID,0,0.0,
5090,control,7.04,mobile,SG,0,0.0,
5091,treatment,17.82,mobile,MY,0,0.0,
5092,control,20.87,desktop,PH,0,0.0,
5093,control,11.52,desktop,MY,0,0.0,
5094,treatment,41.73,desktop,SG,0,0.0,
5095,treatment,29.55,mobile,MY,1,39.49,
5096,treatment,5.5,mobile,ID,0,0.0,
5097,treatment,32.67,mobile,ID,0,0.0,
5098,control,31.25,mobile,PH,0,0.0,
5099,treatment,85.17,mobile,SG,0,0.0,
5100,treatment,44.89,mobile,MY,0,0.0,
5101,treatment,,mobile,SG,0,0.0,
5102,control,34.26,desktop,MY,0,0.0,
5103,treatment,32.52,mobile,ID,0,0.0,
5104,treatment,14.94,mobile,SG,0,0.0,
5105,control,52.25,mobile,SG,0,0.0,
5106,control,21.69,mobile,MY,0,0.0,
5107,treatment,24.88,mobile,SG,0,0.0,
5108,control,24.95,mobile,SG,0,0.0,
5109,treatment,37.66,,MY,1,22.77,
5110,control,8.7,mobile,ID,1,4.48,
5111,control,34.74,desktop,ID,1,14.29,
5112,treatment,37.92,mobile,MY,0,0.0,
5113,control,35.05,desktop,SG,1,18.75,
5114,control,15.53,mobile,MY,0,0.0,
5115,treatment,15.11,mobile,ID,0,0.0,
5116,control,22.75,desktop,ID,0,0.0,
5117,control,45.07,desktop,PH,0,0.0,
5118,control,13.11,mobile,ID,0,0.0,
5119,control,18.55,mobile,SG,0,0.0,
5120,treatment,38.74,mobile,VN,0,0.0,
5121,control,26.74,desktop,ID,1,47.37,
5122,control,12.03,mobile,VN,0,0.0,
5123,control,15.13,mobile,PH,0,0.0,
5124,treatment,8.88,mobile,ID,0,0.0,
5125,treatment,24.41,mobile,SG,0,0.0,
5126,treatment,15.81,mobile,MY,0,0.0,
5127,treatment,98.06,mobile,ID,0,0.0,
5128,control,4.2,desktop,SG,0,0.0,
5129,control,7.93,desktop,ID,0,0.0,
5130,treatment,14.58,desktop,SG,0,0.0,
5131,control,23.57,mobile,SG,0,0.0,
5132,control,47.49,desktop,SG,0,0.0,
5133,control,37.28,mobile,SG,1,19.81,
5134,control,6.55,desktop,ID,0,0.0,
5135,control,24.23,mobile,SG,0,0.0,
5136,control,47.38,desktop,MY,1,24.89,
5137,control,47.83,desktop,SG,1,42.98,
5138,control,19.3,mobile,PH,0,0.0,
5139,treatment,15.34,mobile,VN,1,16.83,
5140,treatment,13.56,desktop,ID,0,0.0,
5141,control,10.45,desktop,PH,0,0.0,
5142,treatment,10.33,desktop,PH,0,0.0,
5143,control,,desktop,PH,1,26.84,
5144,control,40.1,desktop,SG,1,29.66,
5145,treatment,27.03,desktop,VN,0,0.0,
5146,control,7.94,mobile,SG,0,0.0,
5147,treatment,46.61,desktop,SG,0,0.0,
5148,control,6.83,mobile,MY,0,0.0,
5149,treatment,14.7,desktop,SG,1,33.49,
5150,treatment,6.36,mobile,PH,0,0.0,
5151,treatment,28.66,desktop,VN,0,0.0,
5152,control,16.78,desktop,ID,0,0.0,
5153,control,,mobile,ID,0,0.0,
5154,control,,mobile,ID,0,0.0,
5155,treatment,25.14,mobile,PH,0,0.0,
5156,treatment,15.53,desktop,MY,1,34.94,
5157,treatment,16.53,,ID,1,22.71,
5158,treatment,29.5,desktop,SG,0,0.0,
5159,treatment,,desktop,SG,0,0.0,
5160,control,57.59,mobile,MY,0,0.0,
5161,control,17.45,desktop,MY,0,0.0,
5162,treatment,56.61,mobile,MY,0,0.0,
5163,control,18.99,desktop,ID,0,0.0,
5164,control,4.86,,ID,0,0.0,
5165,treatment,26.2,mobile,ID,0,0.0,
5166,treatment,30.67,mobile,PH,0,0.0,
5167,control,25.68,desktop,PH,0,0.0,
5168,treatment,18.84,mobile,SG,0,0.0,
5169,control,47.58,mobile,MY,0,0.0,
5170,treatment,39.55,,SG,0,0.0,
5171,control,18.52,mobile,ID,0,0.0,
5172,treatment,37.25,mobile,SG,0,0.0,
5173,control,24.95,mobile,ID,0,0.0,
5174,treatment,58.5,mobile,SG,0,0.0,
5175,treatment,8.83,mobile,ID,0,0.0,
5176,treatment,67.46,desktop,PH,0,0.0,
5177,treatment,14.88,mobile,SG,0,0.0,
5178,treatment,62.85,desktop,ID,0,0.0,
5179,control,22.83,mobile,SG,0,0.0,
5180,treatment,20.28,mobile,MY,0,0.0,
5181,control,36.4,mobile,SG,0,0.0,
5182,control,1.83,,MY,0,0.0,
5183,control,66.97,mobile,ID,0,0.0,
5184,control,42.27,mobile,ID,1,37.46,
5185,control,82.82,desktop,MY,0,0.0,
5186,control,40.69,mobile,MY,0,0.0,
5187,control,23.42,desktop,VN,0,0.0,
5188,treatment,,mobile,SG,0,0.0,
5189,treatment,16.22,desktop,SG,0,0.0,
5190,control,30.72,mobile,ID,0,0.0,
5191,treatment,26.36,mobile,SG,0,0.0,
5192,treatment,95.25,mobile,PH,0,0.0,
5193,control,52.83,desktop,SG,1,10.78,
5194,treatment,58.81,mobile,MY,0,0.0,
5195,control,79.08,mobile,MY,0,0.0,
5196,treatment,31.27,desktop,MY,0,0.0,
5197,control,30.68,mobile,SG,0,0.0,
5198,control,48.13,desktop,SG,1,8.92,
5199,control,2.37,mobile,VN,0,0.0,
5200,treatment,51.6,desktop,MY,0,0.0,
5201,treatment,33.94,mobile,VN,0,0.0,
5202,control,10.21,mobile,MY,0,0.0,
5203,control,13.79,mobile,SG,0,0.0,
5204,control,68.04,mobile,MY,0,0.0,
5205,treatment,30.11,mobile,SG,0,0.0,
5206,control,35.34,mobile,PH,0,0.0,
5207,treatment,15.34,mobile,ID,0,0.0,
5208,treatment,12.65,desktop,SG,0,0.0,
5209,treatment,43.73,desktop,VN,1,31.41,
5210,treatment,23.78,mobile,SG,0,0.0,
5211,treatment,12.45,desktop,ID,0,0.0,
5212,control,18.28,mobile,PH,1,41.58,
5213,control,2.17,desktop,MY,0,0.0,
5214,control,32.58,,SG,0,0.0,
5215,treatment,11.68,mobile,ID,0,0.0,
5216,control,6.94,mobile,ID,0,0.0,
5217,control,9.06,mobile,MY,0,0.0,
5218,treatment,63.93,mobile,ID,1,18.57,
5219,treatment,35.61,desktop,MY,1,32.78,
5220,treatment,51.66,mobile,ID,0,0.0,
5221,control,64.36,,PH,0,0.0,
5222,treatment,46.56,mobile,PH,0,0.0,
5223,treatment,50.36,mobile,SG,0,0.0,
5224,treatment,14.14,mobile,ID,0,0.0,
5225,control,22.48,mobile,ID,0,0.0,
5226,control,22.34,desktop,ID,0,0.0,
5227,control,65.11,mobile,SG,1,34.31,
5228,treatment,9.88,mobile,SG,0,0.0,
5229,control,49.96,desktop,PH,1,28.96,
5230,treatment,13.86,mobile,PH,0,0.0,
5231,treatment,60.47,desktop,SG,0,0.0,
5232,treatment,21.86,mobile,MY,1,73.04,
5233,control,62.01,mobile,VN,0,0.0,
5234,treatment,12.37,mobile,ID,0,0.0,
5235,treatment,41.35,desktop,VN,0,0.0,
5236,treatment,29.72,desktop,SG,0,0.0,
5237,treatment,44.42,mobile,ID,0,0.0,
5238,control,32.87,mobile,PH,0,0.0,
5239,treatment,,mobile,SG,0,0.0,
5240,treatment,14.03,desktop,SG,0,0.0,
5241,control,26.87,desktop,MY,0,0.0,
5242,control,22.58,desktop,ID,1,30.04,
5243,treatment,61.98,mobile,MY,0,0.0,
5244,treatment,18.64,mobile,ID,0,0.0,
5245,control,59.9,mobile,SG,1,23.66,
5246,control,31.91,mobile,PH,0,0.0,
5247,treatment,25.07,desktop,MY,0,0.0,
5248,control,46.9,mobile,PH,1,14.97,
5249,treatment,,desktop,VN,1,20.89,
5250,treatment,23.91,desktop,ID,1,29.29,
5251,control,12.73,mobile,MY,0,0.0,
5252,control,50.62,mobile,MY,0,0.0,
5253,treatment,25.99,mobile,MY,1,45.56,
5254,treatment,55.27,mobile,PH,0,0.0,
5255,control,27.74,mobile,ID,0,0.0,
5256,control,17.98,mobile,ID,0,0.0,
5257,treatment,13.4,mobile,ID,0,0.0,
5258,control,20.71,mobile,SG,1,27.59,
5259,control,,mobile,ID,1,4.24,
5260,control,22.44,mobile,SG,0,0.0,
5261,control,9.15,mobile,ID,0,0.0,
5262,treatment,58.11,desktop,VN,0,0.0,
5263,treatment,14.37,mobile,SG,1,30.53,
5264,treatment,58.51,desktop,SG,0,0.0,
5265,treatment,4.21,desktop,PH,1,14.97,
5266,control,132.2,mobile,SG,0,0.0,
5267,treatment,13.26,desktop,ID,0,0.0,
5268,treatment,8.32,mobile,MY,0,0.0,
5269,treatment,18.32,desktop,MY,0,0.0,
5270,treatment,44.63,desktop,SG,0,0.0,
5271,treatment,28.44,mobile,SG,0,0.0,
5272,treatment,62.53,desktop,SG,1,17.05,
5273,control,40.77,desktop,ID,0,0.0,
5274,control,3.36,mobile,MY,0,0.0,
5275,treatment,59.1,mobile,SG,0,0.0,
5276,control,30.84,mobile,SG,0,0.0,
5277,treatment,118.77,,SG,1,42.81,
5278,treatment,21.93,mobile,SG,0,0.0,
5279,treatment,16.85,desktop,SG,0,0.0,
5280,control,33.48,desktop,ID,0,0.0,
5281,treatment,38.37,mobile,ID,0,0.0,
5282,control,23.02,,PH,0,0.0,
5283,control,8.17,mobile,ID,0,0.0,
5284,control,22.63,mobile,MY,0,0.0,
5285,control,11.93,mobile,ID,0,0.0,
5286,treatment,11.12,desktop,ID,1,26.73,
5287,control,,desktop,SG,0,0.0,
5288,treatment,35.21,mobile,SG,0,0.0,
5289,control,40.97,mobile,SG,0,0.0,
5290,control,7.43,mobile,SG,0,0.0,
5291,control,6.17,desktop,MY,0,0.0,
5292,treatment,83.78,mobile,PH,0,0.0,
5293,control,,mobile,SG,0,0.0,
5294,treatment,14.17,mobile,SG,0,0.0,
5295,control,12.98,mobile,ID,0,0.0,
5296,treatment,,mobile,VN,0,0.0,
5297,treatment,,desktop,SG,0,0.0,
5298,control,43.91,mobile,SG,0,0.0,
5299,control,13.46,desktop,SG,0,0.0,
5300,control,17.76,mobile,ID,0,0.0,
5301,control,9.18,mobile,SG,0,0.0,
5302,control,45.18,mobile,ID,0,0.0,
5303,control,19.77,mobile,PH,0,0.0,
5304,treatment,60.63,mobile,SG,0,0.0,
5305,treatment,42.66,mobile,MY,0,0.0,
5306,control,16.35,mobile,PH,0,0.0,
5307,treatment,40.17,mobile,ID,0,0.0,
5308,treatment,10.17,mobile,PH,0,0.0,
5309,treatment,51.26,mobile,ID,0,0.0,
5310,control,52.29,mobile,SG,0,0.0,
5311,treatment,13.55,mobile,ID,0,0.0,
5312,control,12.16,mobile,PH,0,0.0,
5313,control,44.68,desktop,SG,0,0.0,
5314,treatment,35.18,desktop,SG,0,0.0,
5315,treatment,34.2,mobile,VN,0,0.0,
5316,control,25.42,mobile,MY,0,0.0,
5317,treatment,21.25,desktop,SG,0,0.0,
5318,control,16.83,mobile,SG,0,0.0,
5319,treatment,26.68,mobile,PH,0,0.0,
5320,control,52.11,desktop,MY,0,0.0,
5321,control,46.61,mobile,PH,0,0.0,
5322,control,6.9,mobile,MY,0,0.0,
5323,control,62.61,mobile,SG,0,0.0,
5324,treatment,,desktop,ID,1,17.5,
5325,treatment,24.44,mobile,PH,0,0.0,
5326,control,55.77,mobile,SG,0,0.0,
5327,control,54.14,desktop,MY,0,0.0,
5328,treatment,34.4,desktop,MY,0,0.0,
5329,control,7.35,mobile,SG,0,0.0,
5330,treatment,31.52,desktop,SG,0,0.0,
5331,treatment,47.51,mobile,PH,0,0.0,
5332,control,21.07,mobile,MY,0,0.0,
5333,treatment,30.41,,PH,1,18.19,
5334,treatment,38.92,,ID,0,0.0,
5335,control,29.02,desktop,ID,1,42.04,
5336,treatment,9.43,desktop,PH,0,0.0,
5337,control,20.88,mobile,ID,0,0.0,
5338,treatment,7.12,mobile,PH,1,39.7,
5339,control,36.41,mobile,ID,0,0.0,
5340,treatment,6.77,mobile,ID,0,0.0,
5341,treatment,3.39,mobile,ID,0,0.0,
5342,treatment,,mobile,SG,0,0.0,
5343,treatment,18.55,desktop,SG,0,0.0,
5344,treatment,9.5,mobile,MY,0,0.0,
5345,treatment,4.63,desktop,ID,0,0.0,
5346,treatment,41.11,,VN,1,16.21,
5347,control,,desktop,VN,0,0.0,
5348,control,34.9,desktop,ID,0,0.0,
5349,control,106.05,mobile,MY,0,0.0,
5350,control,33.17,desktop,VN,1,17.54,
5351,treatment,9.83,desktop,VN,0,0.0,
5352,control,16.07,mobile,MY,0,0.0,
5353,control,26.24,desktop,PH,0,0.0,
5354,control,11.71,mobile,SG,0,0.0,
5355,treatment,34.06,,ID,0,0.0,
5356,treatment,15.86,mobile,SG,0,0.0,
5357,control,,mobile,ID,0,0.0,
5358,control,45.11,mobile,MY,1,33.55,
5359,treatment,,desktop,SG,0,0.0,
5360,treatment,5.03,mobile,ID,0,0.0,
5361,treatment,49.04,desktop,ID,0,0.0,
5362,control,6.01,mobile,SG,0,0.0,
5363,control,31.96,mobile,ID,0,0.0,
5364,control,,mobile,ID,0,0.0,
5365,control,50.2,mobile,MY,0,0.0,
5366,control,33.25,mobile,PH,0,0.0,
5367,treatment,14.54,mobile,SG,0,0.0,
5368,control,6.51,mobile,SG,0,0.0,
5369,control,57.92,mobile,MY,0,0.0,
5370,control,12.39,mobile,SG,0,0.0,
5371,control,50.42,mobile,SG,0,0.0,
5372,treatment,57.55,mobile,SG,1,34.34,
5373,control,58.7,mobile,SG,1,14.62,
5374,control,70.72,mobile,MY,0,0.0,
5375,treatment,41.75,desktop,SG,0,0.0,
5376,treatment,13.51,mobile,SG,0,0.0,
5377,control,16.8,mobile,ID,0,0.0,
5378,control,21.49,,PH,1,18.32,
5379,control,32.61,,PH,0,0.0,
5380,control,17.8,mobile,PH,0,0.0,
5381,control,30.29,desktop,PH,0,0.0,
5382,control,10.84,mobile,ID,0,0.0,
5383,treatment,43.27,desktop,ID,0,0.0,
5384,treatment,7.24,desktop,ID,0,0.0,
5385,treatment,44.06,mobile,SG,0,0.0,
5386,control,18.11,mobile,SG,0,0.0,
5387,control,20.05,mobile,PH,0,0.0,
5388,treatment,9.44,desktop,PH,0,0.0,
5389,control,12.86,mobile,SG,0,0.0,
5390,control,,,PH,1,9.99,
5391,control,62.05,desktop,ID,0,0.0,
5392,treatment,16.93,mobile,PH,0,0.0,
5393,control,14.42,mobile,ID,0,0.0,
5394,treatment,8.28,desktop,SG,0,0.0,
5395,control,13.75,mobile,SG,0,0.0,
5396,control,57.29,mobile,SG,0,0.0,
5397,control,37.04,mobile,SG,0,0.0,
5398,treatment,34.97,mobile,SG,0,0.0,
5399,control,13.91,,SG,1,34.83,
5400,treatment,9.83,mobile,SG,0,0.0,
5401,treatment,17.26,mobile,SG,0,0.0,
5402,treatment,44.51,desktop,VN,0,0.0,
5403,treatment,34.67,mobile,ID,0,0.0,
5404,treatment,19.94,mobile,PH,0,0.0,
5405,control,64.72,desktop,MY,0,0.0,
5406,treatment,17.81,mobile,PH,0,0.0,
5407,treatment,14.66,mobile,SG,0,0.0,
5408,treatment,31.0,mobile,ID,0,0.0,
5409,treatment,11.38,mobile,PH,0,0.0,
5410,control,61.9,mobile,VN,0,0.0,
5411,treatment,51.29,desktop,ID,0,0.0,
5412,treatment,6.81,desktop,MY,0,0.0,
5413,treatment,,mobile,SG,0,0.0,
5414,treatment,30.9,mobile,PH,0,0.0,
5415,control,44.9,desktop,ID,0,0.0,
5416,control,28.4,mobile,PH,0,0.0,
5417,treatment,59.4,mobile,ID,1,6.28,
5418,control,11.15,mobile,MY,0,0.0,
5419,control,25.3,mobile,MY,0,0.0,
5420,treatment,26.16,,SG,0,0.0,
5421,treatment,13.21,desktop,PH,0,0.0,
5422,control,12.91,mobile,MY,0,0.0,
5423,control,32.8,mobile,SG,0,0.0,
5424,control,38.91,desktop,MY,0,0.0,
5425,control,44.47,desktop,ID,1,26.19,
5426,control,44.63,desktop,ID,0,0.0,
5427,control,5.64,mobile,VN,0,0.0,
5428,treatment,20.4,desktop,PH,0,0.0,
5429,control,37.51,desktop,VN,0,0.0,
5430,control,20.63,,MY,1,4.07,
5431,control,7.33,mobile,MY,0,0.0,
5432,control,43.48,mobile,ID,0,0.0,
5433,treatment,20.41,mobile,MY,0,0.0,
5434,treatment,26.13,mobile,MY,0,0.0,
5435,control,42.12,desktop,VN,0,0.0,
5436,control,2.76,desktop,ID,0,0.0,
5437,control,10.39,mobile,SG,0,0.0,
5438,control,41.99,mobile,MY,0,0.0,
5439,control,4.75,desktop,VN,0,0.0,
5440,treatment,26.29,desktop,ID,0,0.0,
5441,control,54.78,mobile,SG,0,0.0,
5442,treatment,95.48,,PH,1,25.2,
5443,control,31.5,mobile,SG,0,0.0,
5444,control,18.84,mobile,MY,0,0.0,
5445,control,33.22,mobile,MY,0,0.0,
5446,control,6.05,mobile,SG,0,0.0,
5447,treatment,,desktop,ID,0,0.0,
5448,control,29.74,mobile,VN,0,0.0,
5449,control,14.43,mobile,MY,0,0.0,
5450,treatment,65.93,desktop,SG,0,0.0,
5451,treatment,7.39,,ID,1,41.5,
5452,treatment,34.3,mobile,SG,0,0.0,
5453,control,23.53,desktop,VN,0,0.0,
5454,treatment,11.3,mobile,ID,0,0.0,
5455,treatment,26.14,mobile,MY,1,21.17,
5456,control,21.68,desktop,ID,1,30.23,
5457,control,28.37,mobile,MY,0,0.0,
5458,treatment,15.69,mobile,ID,0,0.0,
5459,control,99.37,mobile,SG,0,0.0,
5460,control,47.31,desktop,SG,0,0.0,
5461,control,14.56,mobile,MY,0,0.0,
5462,control,7.05,mobile,PH,0,0.0,
5463,control,18.59,desktop,SG,0,0.0,
5464,control,9.11,desktop,MY,1,19.51,
5465,control,16.37,mobile,VN,1,15.82,
5466,control,19.52,mobile,ID,0,0.0,
5467,control,25.02,mobile,SG,0,0.0,
5468,treatment,12.32,desktop,PH,0,0.0,
5469,treatment,49.03,mobile,ID,1,22.92,
5470,treatment,,mobile,ID,0,0.0,
5471,treatment,44.57,desktop,SG,0,0.0,
5472,control,21.59,mobile,PH,0,0.0,
5473,control,14.21,mobile,ID,0,0.0,
5474,treatment,45.81,mobile,MY,0,0.0,
5475,control,17.31,mobile,PH,0,0.0,
5476,control,13.65,mobile,VN,0,0.0,
5477,treatment,17.6,desktop,MY,0,0.0,
5478,control,11.25,mobile,SG,0,0.0,
5479,treatment,104.31,mobile,SG,0,0.0,
5480,treatment,61.72,mobile,VN,0,0.0,
5481,treatment,6.6,,MY,1,92.71,
5482,treatment,13.51,desktop,MY,0,0.0,
5483,control,10.85,mobile,SG,0,0.0,
5484,treatment,24.05,mobile,MY,1,24.34,
5485,control,90.66,mobile,SG,0,0.0,
5486,treatment,36.91,mobile,MY,0,0.0,
5487,treatment,9.26,desktop,MY,0,0.0,
5488,control,,desktop,SG,0,0.0,
5489,control,41.16,desktop,ID,1,43.97,
5490,control,16.07,mobile,PH,0,0.0,
5491,control,65.25,desktop,PH,1,39.3,
5492,treatment,34.81,desktop,ID,0,0.0,
5493,treatment,52.87,,MY,0,0.0,
5494,control,16.98,mobile,VN,0,0.0,
5495,treatment,38.79,mobile,PH,0,0.0,
5496,treatment,10.19,mobile,ID,0,0.0,
5497,treatment,26.14,mobile,PH,0,0.0,
5498,control,13.55,desktop,SG,1,7.04,
5499,control,41.17,mobile,MY,0,0.0,
5500,treatment,34.97,,MY,0,0.0,
5501,treatment,23.03,mobile,PH,0,0.0,
5502,control,,mobile,ID,0,0.0,
5503,treatment,57.06,,SG,0,0.0,
5504,control,34.17,mobile,ID,0,0.0,
5505,treatment,17.94,mobile,PH,0,0.0,
5506,treatment,18.83,mobile,MY,0,0.0,
5507,control,8.89,desktop,ID,1,44.2,
5508,treatment,27.37,mobile,PH,0,0.0,
5509,treatment,8.31,desktop,MY,0,0.0,
5510,control,19.76,mobile,ID,0,0.0,
5511,treatment,24.8,desktop,PH,0,0.0,
5512,control,49.88,mobile,PH,1,4.99,
5513,control,26.79,desktop,MY,1,21.14,
5514,treatment,11.23,mobile,SG,0,0.0,
5515,control,4.56,mobile,ID,0,0.0,
5516,control,9.6,mobile,ID,0,0.0,
5517,treatment,18.7,mobile,SG,1,28.15,
5518,treatment,,desktop,SG,1,35.52,
5519,treatment,57.35,mobile,PH,0,0.0,
5520,control,47.96,mobile,PH,1,19.45,
5521,control,3.25,desktop,PH,0,0.0,
5522,treatment,59.52,mobile,SG,0,0.0,
5523,control,42.39,mobile,VN,0,0.0,
5524,control,20.92,mobile,ID,0,0.0,
5525,control,14.31,mobile,SG,0,0.0,
5526,treatment,25.13,desktop,ID,0,0.0,
5527,control,35.82,desktop,ID,0,0.0,
5528,treatment,36.2,desktop,PH,0,0.0,
5529,control,42.92,mobile,SG,0,0.0,
5530,treatment,5.39,desktop,PH,0,0.0,
5531,treatment,44.77,desktop,SG,0,0.0,
5532,treatment,22.8,desktop,MY,1,103.63,
5533,control,17.13,mobile,ID,0,0.0,
5534,control,33.21,mobile,SG,1,37.31,
5535,control,6.91,mobile,PH,0,0.0,
5536,control,102.36,mobile,ID,1,42.38,
5537,control,19.14,mobile,ID,0,0.0,
5538,treatment,56.84,mobile,PH,0,0.0,
5539,control,,desktop,ID,0,0.0,
5540,control,46.44,mobile,SG,0,0.0,
5541,treatment,53.74,mobile,PH,0,0.0,
5542,control,,desktop,PH,0,0.0,
5543,treatment,48.13,mobile,VN,1,34.35,
5544,control,35.9,mobile,MY,0,0.0,
5545,treatment,,mobile,VN,0,0.0,
5546,treatment,12.97,mobile,PH,0,0.0,
5547,control,36.82,desktop,ID,0,0.0,
5548,control,17.29,,ID,0,0.0,
5549,treatment,12.55,mobile,SG,0,0.0,
5550,treatment,50.92,mobile,MY,0,0.0,
5551,control,24.72,mobile,SG,0,0.0,
5552,treatment,69.92,desktop,PH,0,0.0,
5553,treatment,24.43,mobile,MY,0,0.0,
5554,treatment,,desktop,ID,0,0.0,
5555,control,49.7,mobile,SG,0,0.0,
5556,treatment,42.33,desktop,SG,0,0.0,
5557,control,,mobile,SG,0,0.0,
5558,treatment,30.96,,ID,0,0.0,
5559,control,2.32,desktop,VN,0,0.0,
5560,control,68.25,mobile,MY,0,0.0,
5561,treatment,32.57,mobile,ID,0,0.0,
5562,control,21.78,mobile,MY,0,0.0,
5563,treatment,105.96,mobile,SG,0,0.0,
5564,control,39.73,mobile,ID,0,0.0,
5565,control,24.38,desktop,PH,0,0.0,
5566,treatment,11.98,desktop,SG,0,0.0,
5567,treatment,15.6,desktop,ID,1,16.39,
5568,control,,mobile,ID,0,0.0,
5569,control,37.1,mobile,ID,0,0.0,
5570,control,75.01,mobile,VN,0,0.0,
5571,control,45.1,mobile,VN,1,24.09,
5572,control,50.24,mobile,ID,0,0.0,
5573,control,61.14,desktop,ID,0,0.0,
5574,control,28.88,desktop,ID,0,0.0,
5575,treatment,13.64,mobile,ID,0,0.0,
5576,control,,desktop,MY,0,0.0,
5577,control,13.48,desktop,SG,0,0.0,
5578,control,,mobile,SG,0,0.0,
5579,treatment,11.01,desktop,PH,0,0.0,
5580,treatment,22.23,desktop,SG,0,0.0,
5581,treatment,47.5,desktop,SG,0,0.0,
5582,treatment,10.92,mobile,PH,0,0.0,
5583,treatment,14.81,mobile,VN,0,0.0,
5584,treatment,50.05,desktop,SG,1,14.02,
5585,treatment,20.54,desktop,MY,0,0.0,
5586,treatment,6.63,desktop,SG,0,0.0,
5587,treatment,24.45,mobile,MY,0,0.0,
5588,treatment,19.84,mobile,MY,1,15.41,
5589,treatment,35.91,desktop,SG,0,0.0,
5590,treatment,17.82,mobile,VN,0,0.0,
5591,control,5.31,mobile,ID,0,0.0,
5592,control,13.85,desktop,PH,0,0.0,
5593,treatment,,mobile,ID,0,0.0,
5594,control,23.93,mobile,ID,0,0.0,
5595,treatment,35.12,mobile,MY,0,0.0,
5596,treatment,25.64,desktop,ID,0,0.0,
5597,treatment,29.76,desktop,MY,0,0.0,
5598,control,14.95,mobile,SG,0,0.0,
5599,treatment,6.91,mobile,SG,0,0.0,
5600,control,26.15,mobile,MY,0,0.0,
5601,control,57.99,mobile,PH,1,16.4,
5602,treatment,39.81,mobile,MY,0,0.0,
5603,treatment,43.56,mobile,SG,0,0.0,
5604,treatment,17.61,mobile,MY,0,0.0,
5605,treatment,34.12,desktop,ID,0,0.0,
5606,control,11.33,mobile,SG,0,0.0,
5607,control,34.13,mobile,PH,0,0.0,
5608,treatment,23.78,mobile,MY,0,0.0,
5609,treatment,,mobile,MY,0,0.0,
5610,control,16.26,desktop,VN,0,0.0,
5611,control,87.91,desktop,MY,0,0.0,
5612,treatment,22.33,mobile,MY,0,0.0,
5613,treatment,19.96,mobile,PH,0,0.0,
5614,control,5.77,mobile,PH,0,0.0,
5615,control,48.23,desktop,ID,0,0.0,
5616,treatment,10.55,mobile,MY,0,0.0,
5617,treatment,42.26,mobile,MY,0,0.0,
5618,treatment,33.37,desktop,VN,0,0.0,
5619,control,17.49,,ID,0,0.0,
5620,control,25.71,desktop,VN,0,0.0,
5621,control,32.1,mobile,SG,0,0.0,
5622,control,6.27,mobile,MY,0,0.0,
5623,treatment,28.48,desktop,VN,0,0.0,
5624,treatment,37.91,mobile,ID,0,0.0,
5625,control,9.44,desktop,SG,0,0.0,
5626,control,33.96,,MY,0,0.0,
5627,control,24.51,mobile,SG,0,0.0,
5628,control,20.25,desktop,MY,0,0.0,
5629,control,48.79,mobile,ID,0,0.0,
5630,treatment,7.32,,MY,0,0.0,
5631,treatment,44.64,mobile,ID,0,0.0,
5632,treatment,7.39,desktop,ID,0,0.0,
5633,control,,mobile,PH,0,0.0,
5634,treatment,9.84,mobile,ID,0,0.0,
5635,control,4.54,mobile,VN,0,0.0,
5636,control,21.95,mobile,PH,1,98.37,
5637,control,27.29,mobile,SG,0,0.0,
5638,treatment,10.42,desktop,SG,0,0.0,
5639,treatment,39.55,mobile,SG,0,0.0,
5640,treatment,39.19,,SG,1,13.76,
5641,control,17.9,desktop,SG,0,0.0,
5642,treatment,41.06,desktop,SG,0,0.0,
5643,control,25.71,,PH,0,0.0,
5644,treatment,20.32,desktop,PH,0,0.0,
5645,treatment,42.37,desktop,PH,0,0.0,
5646,control,11.08,,PH,0,0.0,
5647,treatment,,desktop,ID,0,0.0,
5648,control,24.36,desktop,MY,0,0.0,
5649,treatment,32.08,mobile,MY,1,16.75,
5650,control,,mobile,MY,0,0.0,
5651,control,38.32,desktop,ID,0,0.0,
5652,treatment,41.5,mobile,MY,0,0.0,
5653,treatment,28.25,mobile,ID,0,0.0,
5654,treatment,32.14,mobile,MY,0,0.0,
5655,treatment,,mobile,PH,1,16.28,
5656,control,8.46,mobile,PH,0,0.0,
5657,control,,mobile,ID,0,0.0,
5658,control,31.82,mobile,ID,0,0.0,
5659,control,21.0,mobile,ID,0,0.0,
5660,control,,mobile,SG,0,0.0,
5661,control,8.75,mobile,MY,0,0.0,
5662,control,19.04,mobile,ID,0,0.0,
5663,treatment,8.7,mobile,MY,0,0.0,
5664,control,5.65,desktop,PH,0,0.0,
5665,treatment,14.35,mobile,SG,1,51.83,
5666,control,38.32,,MY,1,53.28,
5667,control,17.44,desktop,SG,0,0.0,
5668,treatment,21.3,mobile,VN,1,53.45,
5669,control,56.1,desktop,ID,0,0.0,
5670,control,54.17,mobile,SG,0,0.0,
5671,control,,mobile,MY,0,0.0,
5672,treatment,19.49,desktop,PH,0,0.0,
5673,treatment,6.62,mobile,MY,0,0.0,
5674,control,48.41,mobile,SG,0,0.0,
5675,treatment,,desktop,ID,1,22.04,
5676,treatment,11.89,desktop,MY,0,0.0,
5677,treatment,,mobile,PH,0,0.0,
5678,control,28.14,mobile,PH,1,41.44,
5679,control,54.15,mobile,SG,0,0.0,
5680,control,2.74,desktop,SG,1,9.97,
5681,control,53.94,mobile,ID,0,0.0,
5682,treatment,21.67,mobile,SG,0,0.0,
5683,treatment,18.48,desktop,PH,0,0.0,
5684,treatment,34.07,mobile,MY,1,9.9,
5685,treatment,5.29,mobile,VN,1,22.73,
5686,control,54.99,mobile,PH,1,70.13,
5687,control,12.73,mobile,MY,0,0.0,
5688,treatment,36.49,mobile,PH,0,0.0,
5689,control,9.44,desktop,ID,0,0.0,
5690,treatment,10.8,desktop,PH,1,11.21,
5691,treatment,,mobile,MY,0,0.0,
5692,treatment,3.54,mobile,ID,0,0.0,
5693,treatment,11.3,desktop,PH,0,0.0,
5694,treatment,66.82,mobile,ID,0,0.0,
5695,treatment,29.79,mobile,MY,0,0.0,
5696,control,12.64,mobile,ID,0,0.0,
5697,treatment,8.52,mobile,ID,0,0.0,
5698,control,23.66,mobile,SG,0,0.0,
5699,control,82.33,mobile,SG,0,0.0,
5700,treatment,10.69,mobile,SG,0,0.0,
5701,control,12.88,mobile,SG,1,42.46,
5702,control,4.87,desktop,PH,0,0.0,
5703,control,23.12,desktop,ID,0,0.0,
5704,treatment,67.71,desktop,VN,0,0.0,
5705,treatment,13.76,mobile,SG,0,0.0,
5706,treatment,16.88,mobile,ID,0,0.0,
5707,treatment,,desktop,MY,0,0.0,
5708,control,37.96,desktop,MY,0,0.0,
5709,control,19.11,mobile,SG,0,0.0,
5710,control,25.93,mobile,ID,0,0.0,
5711,control,20.35,desktop,VN,1,15.73,
5712,control,18.18,mobile,PH,0,0.0,
5713,control,8.86,mobile,ID,0,0.0,
5714,control,ERROR,desktop,MY,0,0.0,
5715,treatment,39.89,desktop,ID,0,0.0,
5716,treatment,6.93,mobile,ID,0,0.0,
5717,treatment,87.41,mobile,MY,0,0.0,
5718,control,46.39,mobile,MY,0,0.0,
5719,treatment,20.87,mobile,SG,0,0.0,
5720,control,53.35,mobile,SG,0,0.0,
5721,treatment,18.18,desktop,ID,0,0.0,
5722,treatment,10.01,mobile,MY,0,0.0,
5723,control,62.23,,SG,0,0.0,
5724,treatment,43.73,mobile,MY,0,0.0,
5725,control,19.42,mobile,ID,0,0.0,
5726,treatment,,mobile,SG,0,0.0,
5727,control,,mobile,SG,0,0.0,
5728,control,35.28,desktop,MY,0,0.0,
5729,control,5.08,mobile,PH,0,0.0,
5730,treatment,40.94,,SG,0,0.0,
5731,treatment,15.78,,SG,0,0.0,
5732,treatment,17.95,mobile,SG,0,0.0,
5733,control,13.43,desktop,VN,0,0.0,
5734,treatment,42.78,desktop,PH,1,51.09,
5735,treatment,10.44,mobile,VN,1,16.76,
5736,treatment,37.12,mobile,SG,1,15.98,
5737,treatment,6.25,desktop,SG,0,0.0,
5738,control,22.86,mobile,MY,0,0.0,
5739,treatment,43.26,,ID,1,17.9,
5740,control,18.67,,PH,0,0.0,
5741,control,26.22,desktop,MY,1,10.46,
5742,control,26.84,mobile,SG,0,0.0,
5743,control,,mobile,VN,1,14.73,
5744,control,9.99,mobile,ID,0,0.0,
5745,treatment,91.9,,SG,1,48.58,
5746,control,43.3,mobile,SG,0,0.0,
5747,control,6.23,mobile,SG,1,81.55,
5748,control,18.52,mobile,PH,0,0.0,
5749,treatment,77.96,desktop,MY,0,0.0,
5750,treatment,26.23,mobile,ID,0,0.0,
5751,control,29.86,mobile,ID,0,0.0,
5752,treatment,7.71,desktop,SG,0,0.0,
5753,control,16.07,mobile,SG,0,0.0,
5754,treatment,23.53,mobile,ID,1,34.83,
5755,treatment,,mobile,ID,0,0.0,
5756,control,6.38,desktop,ID,0,0.0,
5757,control,10.88,mobile,SG,0,0.0,
5758,control,13.83,mobile,ID,0,0.0,
5759,control,25.92,desktop,ID,0,0.0,
5760,control,11.88,,VN,0,0.0,
5761,control,13.56,mobile,ID,0,0.0,
5762,treatment,33.83,mobile,VN,0,0.0,
5763,control,38.72,,ID,0,0.0,
5764,treatment,10.82,desktop,PH,1,12.28,
5765,treatment,21.94,mobile,MY,0,0.0,
5766,control,43.14,mobile,ID,0,0.0,
5767,control,21.48,mobile,ID,0,0.0,
5768,control,10.28,desktop,SG,0,0.0,
5769,treatment,18.42,mobile,SG,0,0.0,
5770,control,46.87,mobile,SG,0,0.0,
5771,control,47.24,mobile,ID,0,0.0,
5772,treatment,17.79,mobile,SG,0,0.0,
5773,control,49.48,mobile,ID,0,0.0,
5774,treatment,24.49,desktop,ID,0,0.0,
5775,treatment,40.66,mobile,SG,0,0.0,
5776,treatment,10.67,mobile,MY,0,0.0,
5777,treatment,17.33,mobile,MY,0,0.0,
5778,control,12.58,desktop,SG,0,0.0,
5779,control,,mobile,PH,1,26.66,
5780,control,16.18,desktop,MY,0,0.0,
5781,control,50.71,mobile,ID,0,0.0,
5782,treatment,11.66,mobile,SG,0,0.0,
5783,control,6.91,desktop,SG,0,0.0,
5784,treatment,28.08,desktop,SG,0,0.0,
5785,control,4.29,mobile,VN,0,0.0,
5786,control,75.54,desktop,MY,0,0.0,
5787,treatment,11.89,desktop,SG,1,10.6,
5788,treatment,11.41,desktop,SG,0,0.0,
5789,control,10.15,mobile,VN,0,0.0,
5790,control,16.45,mobile,MY,1,22.32,
5791,control,22.35,desktop,SG,0,0.0,
5792,treatment,48.21,desktop,PH,0,0.0,
5793,control,43.22,mobile,VN,0,0.0,
5794,control,6.56,mobile,MY,0,0.0,
5795,treatment,35.48,desktop,ID,0,0.0,
5796,treatment,9.22,mobile,SG,0,0.0,
5797,treatment,51.98,mobile,ID,0,0.0,
5798,control,8.12,mobile,MY,0,0.0,
5799,treatment,43.73,desktop,MY,1,15.82,
5800,treatment,8.84,mobile,VN,0,0.0,
5801,control,4.9,mobile,ID,0,0.0,
5802,control,31.55,desktop,PH,1,27.83,
5803,treatment,35.1,mobile,PH,0,0.0,
5804,control,15.02,mobile,SG,1,27.23,
5805,control,60.35,mobile,MY,0,0.0,
5806,treatment,28.75,desktop,MY,0,0.0,
5807,treatment,14.85,mobile,MY,0,0.0,
5808,treatment,40.13,desktop,SG,0,0.0,
5809,treatment,33.38,mobile,ID,0,0.0,
5810,control,13.94,mobile,MY,1,27.88,
5811,control,18.49,desktop,SG,0,0.0,
5812,control,2.93,mobile,ID,0,0.0,
5813,control,28.26,mobile,MY,0,0.0,
5814,control,,desktop,PH,0,0.0,
5815,control,34.14,mobile,PH,0,0.0,
5816,control,,mobile,PH,0,0.0,
5817,control,,desktop,ID,0,0.0,
5818,control,12.55,desktop,PH,0,0.0,
5819,treatment,54.41,desktop,MY,0,0.0,
5820,control,108.39,mobile,ID,0,0.0,
5821,treatment,36.86,desktop,PH,1,4.82,
5822,control,24.68,desktop,SG,0,0.0,
5823,control,5.18,mobile,VN,0,0.0,
5824,control,36.31,desktop,MY,0,0.0,
5825,treatment,49.98,mobile,SG,0,0.0,
5826,control,19.29,,ID,0,0.0,
5827,control,38.59,mobile,SG,1,41.94,
5828,control,2.28,,PH,0,0.0,
5829,treatment,33.54,mobile,PH,1,24.25,
5830,treatment,,mobile,MY,0,0.0,
5831,control,,mobile,ID,0,0.0,
5832,treatment,35.75,desktop,MY,0,0.0,
5833,control,15.54,mobile,ID,1,21.04,
5834,control,35.11,mobile,SG,0,0.0,
5835,control,17.64,desktop,SG,0,0.0,
5836,control,6.48,desktop,ID,1,15.5,
5837,control,24.06,mobile,PH,0,0.0,
5838,treatment,27.46,desktop,PH,0,0.0,
5839,treatment,,desktop,SG,0,0.0,
5840,control,37.04,desktop,ID,0,0.0,
5841,control,16.59,mobile,SG,0,0.0,
5842,control,17.19,mobile,SG,1,31.33,
5843,treatment,12.13,desktop,MY,1,31.24,
5844,control,19.34,desktop,MY,0,0.0,
5845,control,14.17,desktop,ID,0,0.0,
5846,control,36.27,desktop,SG,0,0.0,
5847,treatment,42.37,mobile,VN,0,0.0,
5848,treatment,45.61,mobile,SG,0,0.0,
5849,control,3.3,mobile,ID,0,0.0,
5850,treatment,12.07,desktop,SG,0,0.0,
5851,treatment,57.68,mobile,SG,0,0.0,
5852,treatment,8.68,desktop,VN,0,0.0,
5853,treatment,44.94,desktop,MY,0,0.0,
5854,treatment,14.44,desktop,ID,0,0.0,
5855,control,46.39,mobile,MY,0,0.0,
5856,treatment,21.37,desktop,MY,0,0.0,
5857,treatment,67.41,mobile,MY,0,0.0,
5858,treatment,39.77,desktop,MY,1,25.96,
5859,treatment,49.7,mobile,ID,0,0.0,
5860,treatment,72.77,mobile,VN,0,0.0,
5861,treatment,29.13,mobile,SG,0,0.0,
5862,treatment,20.98,mobile,MY,0,0.0,
5863,control,29.48,,SG,0,0.0,
5864,treatment,24.7,desktop,VN,0,0.0,
5865,treatment,89.25,desktop,ID,0,0.0,
5866,treatment,9.07,desktop,MY,0,0.0,
5867,control,41.53,mobile,ID,1,14.73,
5868,control,,desktop,PH,0,0.0,
5869,treatment,44.04,mobile,ID,0,0.0,
5870,control,23.24,mobile,ID,0,0.0,
5871,control,69.42,desktop,SG,0,0.0,
5872,treatment,17.91,mobile,PH,0,0.0,
5873,control,47.56,mobile,SG,1,31.74,
5874,treatment,15.43,desktop,SG,0,0.0,
5875,control,17.41,mobile,MY,0,0.0,
5876,control,31.96,,ID,1,26.35,
5877,control,17.17,,SG,1,32.51,
5878,treatment,3.08,mobile,ID,0,0.0,
5879,control,7.48,mobile,PH,0,0.0,
5880,control,9.03,mobile,MY,0,0.0,
5881,control,21.99,desktop,SG,0,0.0,
5882,control,15.98,desktop,ID,0,0.0,
5883,treatment,,desktop,ID,0,0.0,
5884,control,11.35,mobile,ID,0,0.0,
5885,treatment,9.21,desktop,SG,0,0.0,
5886,control,18.52,mobile,ID,0,0.0,
5887,control,105.85,mobile,SG,0,0.0,
5888,treatment,39.13,mobile,SG,0,0.0,
5889,control,,mobile,ID,0,0.0,
5890,treatment,56.66,mobile,SG,0,0.0,
5891,control,27.54,mobile,ID,0,0.0,
5892,treatment,12.84,mobile,SG,0,0.0,
5893,treatment,13.3,desktop,MY,0,0.0,
5894,treatment,8.7,desktop,SG,0,0.0,
5895,control,46.26,mobile,SG,0,0.0,
5896,treatment,9.45,desktop,SG,0,0.0,
5897,control,53.24,mobile,VN,1,11.97,
5898,control,85.05,,MY,0,0.0,
5899,treatment,80.02,desktop,MY,0,0.0,
5900,control,8.96,desktop,PH,0,0.0,
5901,control,7.13,desktop,VN,0,0.0,
5902,control,49.58,desktop,VN,0,0.0,
5903,control,12.59,mobile,ID,1,9.67,
5904,control,13.34,desktop,VN,0,0.0,
5905,treatment,9.19,mobile,SG,0,0.0,
5906,treatment,14.18,mobile,MY,0,0.0,
5907,treatment,32.89,mobile,SG,0,0.0,
5908,control,23.12,mobile,MY,0,0.0,
5909,treatment,17.1,mobile,PH,0,0.0,
5910,control,28.58,mobile,SG,0,0.0,
5911,treatment,52.38,desktop,ID,0,0.0,
5912,treatment,50.1,mobile,PH,0,0.0,
5913,treatment,11.59,desktop,PH,0,0.0,
5914,control,2.25,mobile,PH,0,0.0,
5915,control,20.47,desktop,MY,0,0.0,
5916,treatment,37.13,desktop,MY,0,0.0,
5917,control,30.74,mobile,ID,1,19.43,
5918,treatment,14.41,desktop,SG,1,10.9,
5919,treatment,42.25,desktop,ID,0,0.0,
5920,control,3.92,,VN,0,0.0,
5921,control,2.49,mobile,MY,0,0.0,
5922,control,28.07,desktop,MY,0,0.0,
5923,treatment,31.89,desktop,MY,0,0.0,
5924,treatment,36.4,desktop,SG,0,0.0,
5925,treatment,13.02,mobile,ID,0,0.0,
5926,treatment,7.98,mobile,ID,0,0.0,
5927,control,24.09,desktop,MY,0,0.0,
5928,control,17.48,,MY,0,0.0,
5929,treatment,8.06,mobile,PH,0,0.0,
5930,control,76.17,desktop,ID,0,0.0,
5931,treatment,11.52,desktop,MY,0,0.0,
5932,control,155.44,desktop,ID,1,6.94,
5933,control,35.7,mobile,MY,0,0.0,
5934,treatment,41.83,desktop,VN,0,0.0,
5935,treatment,,mobile,ID,0,0.0,
5936,treatment,31.52,desktop,PH,0,0.0,
5937,control,4.11,mobile,ID,0,0.0,
5938,control,14.17,,MY,0,0.0,
5939,control,42.69,mobile,VN,0,0.0,
5940,control,93.92,mobile,ID,0,0.0,
5941,control,12.34,,MY,0,0.0,
5942,treatment,21.41,mobile,ID,1,17.73,
5943,treatment,44.65,mobile,SG,0,0.0,
5944,control,10.55,desktop,ID,1,29.05,
5945,treatment,66.44,desktop,PH,0,0.0,
5946,control,12.03,mobile,MY,0,0.0,
5947,treatment,49.08,mobile,SG,1,8.07,
5948,control,26.18,mobile,SG,0,0.0,
5949,treatment,39.43,mobile,PH,0,0.0,
5950,treatment,29.27,mobile,PH,1,20.71,
5951,control,14.5,desktop,ID,0,0.0,
5952,control,70.68,desktop,SG,0,0.0,
5953,treatment,21.42,desktop,PH,0,0.0,
5954,treatment,8.31,mobile,MY,0,0.0,
5955,treatment,42.93,mobile,SG,0,0.0,
5956,control,30.06,mobile,ID,0,0.0,
5957,control,48.17,desktop,VN,0,0.0,
5958,treatment,11.56,desktop,SG,1,23.76,
5959,treatment,4.09,mobile,SG,0,0.0,
5960,control,61.46,mobile,ID,1,4.9,
5961,control,13.87,mobile,ID,0,0.0,
5962,control,40.31,desktop,ID,0,0.0,
5963,treatment,18.14,mobile,SG,0,0.0,
5964,treatment,41.61,desktop,VN,0,0.0,
5965,control,,mobile,MY,0,0.0,
5966,control,11.84,mobile,VN,0,0.0,
5967,control,28.54,mobile,ID,0,0.0,
5968,control,19.25,,ID,0,0.0,
5969,treatment,19.39,mobile,SG,0,0.0,
5970,treatment,29.55,mobile,SG,0,0.0,
5971,control,48.84,mobile,ID,0,0.0,
5972,treatment,,mobile,ID,0,0.0,
5973,treatment,,mobile,PH,0,0.0,
5974,control,50.61,mobile,PH,0,0.0,
5975,control,41.0,mobile,PH,0,0.0,
5976,control,2.09,mobile,ID,1,42.71,
5977,treatment,66.05,,PH,1,19.03,
5978,treatment,10.27,mobile,SG,0,0.0,
5979,treatment,34.58,desktop,VN,0,0.0,
5980,control,43.81,desktop,PH,0,0.0,
5981,control,101.36,desktop,SG,0,0.0,
5982,control,12.21,mobile,PH,0,0.0,
5983,control,62.3,desktop,MY,0,0.0,
5984,treatment,23.5,mobile,ID,0,0.0,
5985,treatment,,desktop,MY,0,0.0,
5986,treatment,65.81,mobile,ID,0,0.0,
5987,control,52.96,mobile,SG,0,0.0,
5988,treatment,55.39,desktop,ID,0,0.0,
5989,control,24.2,mobile,PH,1,14.68,
5990,control,23.35,desktop,MY,0,0.0,
5991,control,10.19,mobile,ID,0,0.0,
5992,control,20.95,mobile,MY,1,31.27,
5993,control,52.97,mobile,SG,0,0.0,
5994,control,23.95,mobile,PH,0,0.0,
5995,treatment,24.59,mobile,SG,0,0.0,
5996,treatment,8.07,desktop,PH,0,0.0,
5997,treatment,18.66,mobile,MY,0,0.0,
5998,control,19.09,desktop,ID,0,0.0,
5999,treatment,27.94,mobile,SG,0,0.0,
6000,treatment,12.76,mobile,ID,0,0.0,
6001,treatment,21.26,mobile,MY,0,0.0,
6002,treatment,19.53,mobile,SG,0,0.0,
6003,treatment,,mobile,VN,0,0.0,
6004,control,56.57,mobile,VN,0,0.0,
6005,treatment,23.75,mobile,SG,0,0.0,
6006,treatment,49.51,desktop,ID,0,0.0,
6007,treatment,,mobile,MY,0,0.0,
6008,treatment,22.95,desktop,VN,0,0.0,
6009,control,51.19,mobile,ID,0,0.0,
6010,control,7.46,mobile,PH,0,0.0,
6011,treatment,44.12,mobile,MY,0,0.0,
6012,treatment,24.7,mobile,SG,0,0.0,
6013,control,18.27,desktop,ID,0,0.0,
6014,control,31.94,mobile,SG,0,0.0,
6015,treatment,17.75,mobile,MY,0,0.0,
6016,control,15.32,mobile,ID,0,0.0,
6017,treatment,79.56,desktop,ID,1,13.01,
6018,control,40.15,mobile,MY,0,0.0,
6019,control,23.87,mobile,SG,1,37.17,
6020,control,39.02,mobile,SG,0,0.0,
6021,control,11.46,desktop,ID,0,0.0,
6022,treatment,47.51,mobile,SG,0,0.0,
6023,treatment,31.38,desktop,MY,0,0.0,
6024,control,26.4,mobile,PH,1,52.55,
6025,control,9.12,mobile,SG,0,0.0,
6026,treatment,3.68,desktop,SG,0,0.0,
6027,treatment,5.98,desktop,ID,0,0.0,
6028,treatment,16.96,desktop,ID,0,0.0,
6029,treatment,25.21,mobile,SG,0,0.0,
6030,control,23.8,desktop,VN,0,0.0,
6031,control,16.97,desktop,VN,0,0.0,
6032,treatment,50.99,mobile,PH,0,0.0,
6033,control,72.61,mobile,ID,0,0.0,
6034,control,32.9,mobile,MY,0,0.0,
6035,treatment,25.65,mobile,SG,0,0.0,
6036,control,51.27,mobile,MY,0,0.0,
6037,treatment,20.67,desktop,VN,0,0.0,
6038,treatment,52.68,mobile,ID,0,0.0,
6039,control,8.74,desktop,MY,0,0.0,
6040,treatment,62.0,desktop,ID,1,44.68,
6041,treatment,40.09,mobile,SG,0,0.0,
6042,treatment,33.73,desktop,MY,0,0.0,
6043,treatment,7.18,desktop,SG,0,0.0,
6044,control,8.24,mobile,ID,1,49.43,
6045,treatment,47.2,desktop,VN,0,0.0,
6046,control,16.19,mobile,ID,1,7.37,
6047,control,16.65,mobile,MY,0,0.0,
6048,treatment,30.97,desktop,VN,0,0.0,
6049,control,47.3,mobile,MY,0,0.0,
6050,treatment,141.21,mobile,SG,0,0.0,
6051,control,21.17,mobile,SG,0,0.0,
6052,treatment,21.16,desktop,SG,0,0.0,
6053,treatment,11.38,mobile,SG,0,0.0,
6054,control,48.23,mobile,ID,0,0.0,
6055,control,22.76,mobile,SG,0,0.0,
6056,treatment,25.53,desktop,MY,0,0.0,
6057,treatment,19.88,mobile,PH,0,0.0,
6058,control,16.87,desktop,ID,0,0.0,
6059,treatment,17.17,mobile,SG,1,30.7,
6060,control,17.28,mobile,PH,0,0.0,
6061,control,17.75,desktop,SG,1,3.94,
6062,treatment,0.6,mobile,SG,0,0.0,
6063,control,42.85,mobile,PH,0,0.0,
6064,control,45.11,mobile,MY,0,0.0,
6065,control,15.9,mobile,ID,0,0.0,
6066,control,11.68,mobile,ID,0,0.0,
6067,treatment,9.4,mobile,PH,0,0.0,
6068,treatment,13.78,desktop,PH,0,0.0,
6069,control,39.45,desktop,ID,0,0.0,
6070,treatment,22.72,desktop,PH,0,0.0,
6071,control,6.43,desktop,SG,0,0.0,
6072,treatment,22.59,desktop,PH,0,0.0,
6073,treatment,29.47,desktop,VN,0,0.0,
6074,control,27.8,mobile,ID,0,0.0,
6075,control,69.35,desktop,ID,0,0.0,
6076,treatment,21.97,mobile,SG,0,0.0,
6077,control,63.11,mobile,SG,1,28.05,
6078,treatment,33.88,desktop,ID,0,0.0,
6079,treatment,36.19,mobile,MY,0,0.0,
6080,control,,,PH,0,0.0,
6081,control,48.15,desktop,SG,0,0.0,
6082,control,39.46,mobile,MY,0,0.0,
6083,treatment,21.12,mobile,SG,0,0.0,
6084,control,26.82,mobile,ID,0,0.0,
6085,treatment,32.01,,PH,0,0.0,
6086,control,19.85,desktop,ID,0,0.0,
6087,treatment,,desktop,SG,0,0.0,
6088,treatment,16.01,mobile,SG,0,0.0,
6089,treatment,18.2,mobile,ID,0,0.0,
6090,control,22.32,desktop,MY,0,0.0,
6091,control,,mobile,MY,0,0.0,
6092,control,29.23,mobile,SG,0,0.0,
6093,control,11.89,mobile,SG,0,0.0,
6094,treatment,33.15,mobile,MY,1,22.11,
6095,control,5.67,mobile,MY,0,0.0,
6096,control,10.79,mobile,SG,0,0.0,
6097,treatment,16.69,desktop,SG,0,0.0,
6098,treatment,13.99,mobile,MY,0,0.0,
6099,treatment,34.01,mobile,MY,0,0.0,
6100,treatment,7.93,mobile,PH,0,0.0,
6101,control,30.26,mobile,ID,0,0.0,
6102,treatment,18.27,mobile,SG,0,0.0,
6103,control,42.99,mobile,PH,0,0.0,
6104,control,53.0,mobile,PH,0,0.0,
6105,control,43.83,mobile,VN,1,6.58,
6106,treatment,6.42,desktop,MY,0,0.0,
6107,control,18.05,desktop,ID,0,0.0,
6108,control,24.96,mobile,MY,0,0.0,
6109,treatment,27.05,mobile,MY,0,0.0,
6110,control,3.32,mobile,SG,0,0.0,
6111,control,31.62,mobile,ID,1,8.97,
6112,treatment,88.57,desktop,MY,0,0.0,
6113,treatment,26.51,desktop,ID,0,0.0,
6114,treatment,71.94,mobile,SG,0,0.0,
6115,control,12.86,desktop,PH,0,0.0,
6116,treatment,7.38,desktop,SG,0,0.0,
6117,treatment,22.52,desktop,VN,0,0.0,
6118,control,43.26,mobile,VN,0,0.0,
6119,control,27.99,mobile,ID,0,0.0,
6120,treatment,19.82,desktop,PH,0,0.0,
6121,treatment,51.23,mobile,SG,0,0.0,
6122,treatment,7.29,desktop,VN,0,0.0,
6123,treatment,45.43,mobile,ID,1,31.79,
6124,control,45.41,mobile,ID,0,0.0,
6125,treatment,17.57,mobile,SG,0,0.0,
6126,control,7.26,mobile,SG,0,0.0,
6127,control,63.82,mobile,PH,0,0.0,
6128,control,98.19,mobile,ID,0,0.0,
6129,control,35.37,mobile,SG,0,0.0,
6130,treatment,33.39,mobile,MY,1,36.47,
6131,treatment,40.0,desktop,MY,0,0.0,
6132,treatment,52.73,mobile,PH,1,21.52,
6133,control,,mobile,VN,0,0.0,
6134,control,11.87,desktop,PH,0,0.0,
6135,treatment,71.69,desktop,MY,0,0.0,
6136,control,5.91,mobile,SG,0,0.0,
6137,control,34.62,desktop,PH,0,0.0,
6138,control,,mobile,SG,0,0.0,
6139,treatment,18.27,mobile,ID,1,48.11,
6140,control,25.01,mobile,PH,1,25.05,
6141,control,19.38,desktop,ID,0,0.0,
6142,control,47.86,desktop,PH,0,0.0,
6143,treatment,26.94,mobile,SG,0,0.0,
6144,control,41.81,desktop,SG,0,0.0,
6145,treatment,46.46,desktop,MY,0,0.0,
6146,treatment,23.14,desktop,ID,0,0.0,
6147,treatment,37.53,mobile,ID,0,0.0,
6148,control,23.61,mobile,SG,1,12.82,
6149,control,8.39,mobile,SG,0,0.0,
6150,control,12.75,mobile,MY,0,0.0,
6151,control,,mobile,MY,1,46.29,
6152,treatment,35.02,mobile,MY,1,16.53,
6153,control,26.32,mobile,PH,0,0.0,
6154,treatment,11.17,mobile,VN,0,0.0,
6155,treatment,30.67,mobile,MY,0,0.0,
6156,treatment,27.55,desktop,PH,0,0.0,
6157,control,13.77,,VN,0,0.0,
6158,control,11.43,mobile,PH,0,0.0,
6159,treatment,,mobile,ID,1,5.82,
6160,control,53.58,desktop,MY,0,0.0,
6161,treatment,76.04,mobile,SG,0,0.0,
6162,control,38.24,mobile,SG,0,0.0,
6163,control,15.29,desktop,SG,0,0.0,
6164,treatment,25.17,mobile,PH,0,0.0,
6165,treatment,55.18,mobile,SG,0,0.0,
6166,control,50.58,mobile,ID,0,0.0,
6167,treatment,39.05,mobile,PH,1,64.52,
6168,treatment,8.58,mobile,MY,0,0.0,
6169,treatment,13.86,mobile,ID,0,0.0,
6170,control,15.47,mobile,VN,0,0.0,
6171,control,41.29,desktop,VN,0,0.0,
6172,control,93.8,mobile,PH,0,0.0,
6173,treatment,,desktop,SG,0,0.0,
6174,control,53.53,mobile,SG,0,0.0,
6175,control,37.58,desktop,PH,0,0.0,
6176,control,26.04,mobile,PH,0,0.0,
6177,control,57.14,mobile,VN,0,0.0,
6178,control,20.67,mobile,SG,0,0.0,
6179,treatment,42.57,mobile,PH,0,0.0,
6180,treatment,36.29,desktop,PH,0,0.0,
6181,control,38.79,mobile,SG,0,0.0,
6182,control,9.71,desktop,MY,0,0.0,
6183,control,12.35,mobile,ID,0,0.0,
6184,treatment,50.5,mobile,SG,0,0.0,
6185,treatment,30.43,,PH,0,0.0,
6186,control,23.69,desktop,PH,0,0.0,
6187,control,40.21,mobile,SG,1,26.68,
6188,control,28.14,mobile,MY,0,0.0,
6189,treatment,13.99,mobile,ID,0,0.0,
6190,control,,desktop,ID,0,0.0,
6191,treatment,6.33,mobile,PH,0,0.0,
6192,control,23.26,mobile,ID,0,0.0,
6193,control,,desktop,VN,1,50.13,
6194,control,4.77,mobile,SG,0,0.0,
6195,control,37.5,mobile,SG,1,14.14,
6196,control,17.37,desktop,MY,0,0.0,
6197,control,21.99,mobile,MY,0,0.0,
6198,control,,mobile,VN,1,14.04,
6199,control,31.29,desktop,PH,1,37.95,
6200,control,2.17,mobile,ID,0,0.0,
6201,control,51.12,mobile,MY,0,0.0,
6202,treatment,4.26,mobile,SG,1,28.76,
6203,control,40.44,mobile,PH,1,20.43,
6204,control,55.25,mobile,VN,0,0.0,
6205,treatment,27.09,desktop,MY,0,0.0,
6206,control,17.8,mobile,ID,0,0.0,
6207,treatment,64.68,mobile,PH,1,50.58,
6208,treatment,41.93,mobile,PH,0,0.0,
6209,control,,mobile,ID,0,0.0,
6210,control,14.22,mobile,ID,0,0.0,
6211,treatment,17.05,mobile,VN,0,0.0,
6212,control,43.21,mobile,PH,0,0.0,
6213,treatment,30.29,mobile,SG,0,0.0,
6214,treatment,33.58,desktop,PH,1,40.3,
6215,control,39.42,mobile,MY,0,0.0,
6216,treatment,,mobile,ID,0,0.0,
6217,treatment,5.83,mobile,ID,0,0.0,
6218,control,13.85,desktop,VN,0,0.0,
6219,treatment,33.88,mobile,ID,0,0.0,
6220,control,9.2,mobile,SG,0,0.0,
6221,control,9.13,desktop,SG,0,0.0,
6222,treatment,29.24,mobile,PH,1,7.09,
6223,treatment,56.6,desktop,ID,1,14.34,
6224,control,45.67,desktop,SG,0,0.0,
6225,control,32.21,mobile,ID,0,0.0,
6226,control,15.3,mobile,SG,0,0.0,
6227,treatment,52.22,mobile,ID,0,0.0,
6228,treatment,7.19,mobile,VN,0,0.0,
6229,control,4.08,mobile,ID,0,0.0,
6230,treatment,9.02,desktop,MY,1,37.61,
6231,control,42.71,mobile,VN,0,0.0,
6232,treatment,,desktop,MY,0,0.0,
6233,treatment,5.01,mobile,MY,0,0.0,
6234,control,,desktop,ID,0,0.0,
6235,treatment,61.13,mobile,ID,0,0.0,
6236,treatment,10.68,desktop,ID,0,0.0,
6237,control,35.87,mobile,MY,0,0.0,
6238,control,17.92,mobile,SG,0,0.0,
6239,control,,mobile,ID,0,0.0,
6240,control,29.49,desktop,PH,0,0.0,
6241,control,,mobile,PH,0,0.0,
6242,treatment,29.6,desktop,SG,0,0.0,
6243,treatment,28.82,mobile,SG,0,0.0,
6244,treatment,7.36,mobile,ID,0,0.0,
6245,treatment,33.93,mobile,MY,0,0.0,
6246,control,10.14,mobile,VN,0,0.0,
6247,control,59.7,mobile,ID,0,0.0,
6248,control,19.7,mobile,SG,0,0.0,
6249,treatment,2.92,desktop,PH,0,0.0,
6250,control,13.7,mobile,ID,0,0.0,
6251,treatment,21.67,mobile,SG,0,0.0,
6252,treatment,25.02,mobile,SG,0,0.0,
6253,control,9.66,mobile,VN,0,0.0,
6254,treatment,44.41,mobile,ID,0,0.0,
6255,treatment,18.37,mobile,ID,0,0.0,
6256,control,11.86,mobile,SG,0,0.0,
6257,control,36.98,mobile,PH,0,0.0,
6258,treatment,23.42,desktop,MY,1,22.17,
6259,treatment,63.63,mobile,VN,0,0.0,
6260,treatment,38.75,mobile,PH,0,0.0,
6261,control,72.18,mobile,VN,0,0.0,
6262,control,31.84,mobile,MY,0,0.0,
6263,control,59.38,mobile,SG,0,0.0,
6264,control,33.01,desktop,ID,0,0.0,
6265,treatment,57.59,mobile,VN,0,0.0,
6266,treatment,17.23,mobile,ID,0,0.0,
6267,control,19.06,desktop,SG,0,0.0,
6268,treatment,38.08,desktop,MY,1,23.28,
6269,treatment,3.57,mobile,SG,0,0.0,
6270,control,27.8,mobile,SG,0,0.0,
6271,treatment,10.51,mobile,SG,0,0.0,
6272,treatment,10.28,mobile,MY,1,28.97,
6273,control,29.75,mobile,ID,0,0.0,
6274,treatment,16.65,desktop,MY,1,12.04,
6275,control,34.77,mobile,MY,0,0.0,
6276,control,50.83,desktop,MY,0,0.0,
6277,control,29.72,mobile,ID,0,0.0,
6278,treatment,71.54,mobile,SG,0,0.0,
6279,treatment,47.31,desktop,VN,0,0.0,
6280,control,3.4,desktop,PH,0,0.0,
6281,treatment,90.01,desktop,SG,0,0.0,
6282,treatment,12.37,mobile,SG,1,33.31,
6283,control,25.6,mobile,ID,0,0.0,
6284,treatment,44.43,mobile,SG,0,0.0,
6285,treatment,12.1,mobile,ID,0,0.0,
6286,treatment,35.71,mobile,SG,0,0.0,
6287,control,34.82,mobile,SG,0,0.0,
6288,control,44.93,desktop,PH,1,6.1,
6289,control,42.18,mobile,PH,0,0.0,
6290,control,16.5,mobile,ID,0,0.0,
6291,treatment,19.09,mobile,MY,0,0.0,
6292,treatment,16.29,mobile,MY,0,0.0,
6293,treatment,6.27,desktop,MY,1,40.69,
6294,treatment,54.86,mobile,PH,0,0.0,
6295,treatment,25.39,desktop,SG,0,0.0,
6296,treatment,15.91,mobile,SG,0,0.0,
6297,control,6.03,desktop,VN,0,0.0,
6298,treatment,12.52,desktop,ID,0,0.0,
6299,treatment,17.68,desktop,MY,0,0.0,
6300,treatment,22.68,desktop,SG,0,0.0,
6301,treatment,29.99,mobile,VN,0,0.0,
6302,treatment,6.77,mobile,SG,0,0.0,
6303,treatment,45.21,mobile,MY,0,0.0,
6304,treatment,25.95,mobile,MY,1,20.34,
6305,control,10.01,mobile,ID,0,0.0,
6306,treatment,11.74,desktop,SG,0,0.0,
6307,control,31.86,,MY,0,0.0,
6308,treatment,39.79,mobile,ID,0,0.0,
6309,treatment,52.43,desktop,VN,0,0.0,
6310,control,16.79,desktop,SG,0,0.0,
6311,control,,desktop,VN,0,0.0,
6312,treatment,23.6,mobile,SG,1,14.41,
6313,treatment,43.86,mobile,PH,0,0.0,
6314,control,46.19,mobile,ID,0,0.0,
6315,treatment,18.44,,PH,0,0.0,
6316,treatment,19.34,desktop,ID,0,0.0,
6317,treatment,24.77,mobile,PH,0,0.0,
6318,treatment,6.86,desktop,SG,0,0.0,
6319,treatment,,mobile,SG,0,0.0,
6320,control,12.92,mobile,ID,0,0.0,
6321,control,43.17,mobile,PH,0,0.0,
6322,control,14.46,,MY,0,0.0,
6323,treatment,39.22,mobile,MY,0,0.0,
6324,control,9.97,mobile,ID,0,0.0,
6325,control,57.68,mobile,SG,1,13.19,
6326,control,30.28,mobile,VN,0,0.0,
6327,treatment,12.08,desktop,SG,0,0.0,
6328,treatment,3.14,mobile,MY,0,0.0,
6329,treatment,29.95,desktop,PH,0,0.0,
6330,treatment,20.27,mobile,ID,0,0.0,
6331,treatment,47.74,mobile,MY,0,0.0,
6332,control,23.25,mobile,SG,0,0.0,
6333,treatment,76.4,mobile,VN,0,0.0,
6334,control,49.91,desktop,MY,1,4.5,
6335,treatment,13.67,mobile,SG,0,0.0,
6336,treatment,47.67,mobile,MY,0,0.0,
6337,treatment,20.9,mobile,SG,1,17.17,
6338,control,42.34,desktop,ID,0,0.0,
6339,control,15.63,mobile,PH,0,0.0,
6340,treatment,10.98,mobile,PH,1,16.51,
6341,treatment,,mobile,VN,0,0.0,
6342,treatment,19.78,mobile,ID,0,0.0,
6343,control,59.49,mobile,PH,1,47.12,
6344,control,16.94,mobile,SG,1,8.67,
6345,control,4.71,desktop,PH,0,0.0,
6346,control,11.64,mobile,PH,0,0.0,
6347,control,56.84,mobile,ID,1,14.95,
6348,treatment,,desktop,ID,0,0.0,
6349,control,48.22,mobile,SG,1,12.01,
6350,treatment,15.96,mobile,VN,1,16.63,
6351,treatment,14.68,desktop,SG,0,0.0,
6352,treatment,5.68,mobile,SG,0,0.0,
6353,treatment,3.97,desktop,SG,0,0.0,
6354,treatment,54.95,mobile,PH,0,0.0,
6355,treatment,4.28,mobile,MY,0,0.0,
6356,treatment,21.35,mobile,ID,0,0.0,
6357,treatment,8.22,mobile,MY,0,0.0,
6358,treatment,,mobile,PH,0,0.0,
6359,control,38.07,desktop,ID,0,0.0,
6360,control,67.52,desktop,SG,0,0.0,
6361,treatment,13.46,desktop,SG,0,0.0,
6362,control,19.63,mobile,ID,0,0.0,
6363,control,34.01,mobile,ID,0,0.0,
6364,treatment,12.4,mobile,SG,0,0.0,
6365,treatment,,mobile,SG,0,0.0,
6366,control,82.77,mobile,ID,1,26.81,
6367,treatment,24.93,mobile,SG,0,0.0,
6368,treatment,71.11,mobile,MY,0,0.0,
6369,control,22.51,desktop,VN,1,26.59,
6370,treatment,32.06,mobile,VN,0,0.0,
6371,control,30.52,mobile,SG,0,0.0,
6372,treatment,8.67,desktop,VN,0,0.0,
6373,treatment,,,PH,0,0.0,
6374,treatment,31.55,desktop,PH,0,0.0,
6375,treatment,33.75,mobile,SG,0,0.0,
6376,treatment,3.72,desktop,ID,0,0.0,
6377,control,23.81,desktop,SG,0,0.0,
6378,control,43.41,mobile,PH,0,0.0,
6379,treatment,40.38,desktop,SG,1,13.32,
6380,control,14.92,desktop,SG,0,0.0,
6381,treatment,25.19,desktop,MY,0,0.0,
6382,treatment,18.49,desktop,ID,1,16.06,
6383,control,15.55,desktop,PH,0,0.0,
6384,control,5.99,mobile,ID,0,0.0,
6385,control,42.13,mobile,SG,1,38.08,
6386,treatment,15.21,mobile,ID,0,0.0,
6387,control,26.35,mobile,MY,0,0.0,
6388,control,36.13,mobile,PH,0,0.0,
6389,treatment,18.37,desktop,SG,0,0.0,
6390,treatment,50.53,mobile,SG,0,0.0,
6391,treatment,12.88,desktop,MY,0,0.0,
6392,treatment,9.78,desktop,PH,0,0.0,
6393,treatment,3.5,mobile,VN,0,0.0,
6394,treatment,23.55,,SG,0,0.0,
6395,control,31.5,mobile,VN,0,0.0,
6396,control,41.22,mobile,SG,0,0.0,
6397,treatment,65.78,mobile,ID,0,0.0,
6398,treatment,34.33,desktop,MY,1,21.26,
6399,treatment,17.72,mobile,MY,1,47.28,
6400,treatment,44.95,desktop,MY,0,0.0,
6401,control,5.85,mobile,SG,0,0.0,
6402,control,20.32,desktop,PH,1,5.75,
6403,control,55.3,mobile,MY,0,0.0,
6404,treatment,8.56,mobile,ID,0,0.0,
6405,control,19.11,mobile,ID,1,33.13,
6406,control,1.54,mobile,VN,0,0.0,
6407,treatment,8.13,mobile,ID,0,0.0,
6408,control,20.16,mobile,MY,0,0.0,
6409,control,7.21,mobile,SG,0,0.0,
6410,control,24.2,mobile,ID,0,0.0,
6411,treatment,73.65,mobile,SG,0,0.0,
6412,control,15.33,mobile,VN,0,0.0,
6413,treatment,9.21,desktop,ID,0,0.0,
6414,control,19.46,desktop,ID,0,0.0,
6415,control,32.75,desktop,ID,0,0.0,
6416,treatment,19.4,desktop,MY,1,66.51,
6417,control,70.9,mobile,VN,0,0.0,
6418,treatment,40.82,mobile,ID,0,0.0,
6419,treatment,30.38,desktop,SG,0,0.0,
6420,control,13.42,desktop,PH,0,0.0,
6421,treatment,39.1,,SG,0,0.0,
6422,treatment,48.21,mobile,ID,0,0.0,
6423,control,0.88,mobile,SG,0,0.0,
6424,treatment,6.87,mobile,SG,0,0.0,
6425,control,37.25,mobile,ID,0,0.0,
6426,control,16.55,mobile,VN,0,0.0,
6427,treatment,3.82,mobile,VN,0,0.0,
6428,control,34.94,mobile,MY,0,0.0,
6429,treatment,89.31,mobile,SG,0,0.0,
6430,treatment,13.67,,SG,0,0.0,
6431,treatment,66.27,mobile,PH,1,18.93,
6432,control,4.1,desktop,ID,0,0.0,
6433,control,36.99,mobile,SG,0,0.0,
6434,treatment,10.64,desktop,PH,0,0.0,
6435,treatment,34.51,mobile,SG,0,0.0,
6436,treatment,52.99,mobile,SG,0,0.0,
6437,treatment,29.39,desktop,ID,0,0.0,
6438,control,59.83,desktop,SG,0,0.0,
6439,control,15.86,mobile,SG,0,0.0,
6440,control,10.36,,SG,0,0.0,
6441,treatment,12.83,mobile,PH,0,0.0,
6442,control,45.76,mobile,MY,0,0.0,
6443,control,11.29,mobile,ID,0,0.0,
6444,control,,mobile,VN,0,0.0,
6445,treatment,29.43,mobile,PH,1,14.89,
6446,treatment,,desktop,PH,0,0.0,
6447,treatment,50.68,mobile,PH,0,0.0,
6448,control,12.53,desktop,ID,0,0.0,
6449,treatment,36.19,mobile,SG,0,0.0,
6450,control,72.09,desktop,SG,1,11.34,
6451,treatment,38.52,desktop,ID,0,0.0,
6452,control,41.1,desktop,MY,1,24.07,
6453,control,9.67,desktop,SG,0,0.0,
6454,treatment,32.89,desktop,SG,0,0.0,
6455,treatment,4.9,desktop,SG,0,0.0,
6456,treatment,7.7,desktop,MY,0,0.0,
6457,control,15.38,mobile,SG,0,0.0,
6458,control,5.65,desktop,VN,0,0.0,
6459,treatment,53.88,desktop,MY,0,0.0,
6460,treatment,5.86,desktop,SG,0,0.0,
6461,treatment,32.92,desktop,ID,1,10.18,
6462,control,33.55,mobile,VN,0,0.0,
6463,treatment,15.93,mobile,MY,1,20.94,
6464,control,12.18,desktop,MY,0,0.0,
6465,control,12.53,mobile,MY,0,0.0,
6466,control,33.61,mobile,VN,1,9.28,
6467,control,4.43,desktop,MY,0,0.0,
6468,control,,desktop,ID,0,0.0,
6469,control,39.58,mobile,SG,0,0.0,
6470,control,48.37,mobile,MY,0,0.0,
6471,treatment,,,MY,0,0.0,
6472,control,23.91,mobile,SG,0,0.0,
6473,treatment,62.15,desktop,MY,1,73.63,
6474,treatment,43.41,mobile,SG,1,67.08,
6475,control,,mobile,ID,0,0.0,
6476,treatment,27.76,mobile,VN,1,4.09,
6477,control,21.03,mobile,VN,0,0.0,
6478,treatment,53.33,desktop,SG,0,0.0,
6479,treatment,12.36,desktop,ID,0,0.0,
6480,control,90.75,mobile,VN,0,0.0,
6481,treatment,37.86,mobile,PH,1,25.19,
6482,control,31.93,desktop,PH,0,0.0,
6483,control,,desktop,PH,0,0.0,
6484,treatment,32.61,mobile,SG,1,21.53,
6485,control,26.66,desktop,PH,1,9.99,
6486,control,15.3,mobile,MY,0,0.0,
6487,treatment,19.26,mobile,MY,0,0.0,
6488,control,,mobile,MY,0,0.0,
6489,control,24.2,desktop,ID,0,0.0,
6490,treatment,5.51,,SG,0,0.0,
6491,control,16.05,desktop,ID,0,0.0,
6492,treatment,11.04,desktop,SG,0,0.0,
6493,control,31.39,desktop,SG,0,0.0,
6494,control,,mobile,ID,0,0.0,
6495,control,41.39,mobile,PH,0,0.0,
6496,control,4.73,mobile,VN,0,0.0,
6497,control,21.66,desktop,VN,0,0.0,
6498,treatment,28.66,mobile,ID,0,0.0,
6499,treatment,16.24,desktop,VN,0,0.0,
6500,control,59.33,mobile,MY,0,0.0,
6501,control,25.97,mobile,PH,0,0.0,
6502,treatment,20.16,mobile,PH,1,28.55,
6503,treatment,25.42,mobile,ID,0,0.0,
6504,control,35.87,mobile,SG,0,0.0,
6505,control,56.06,desktop,SG,0,0.0,
6506,treatment,,desktop,PH,0,0.0,
6507,treatment,24.62,mobile,ID,0,0.0,
6508,control,1.79,,MY,0,0.0,
6509,control,23.7,mobile,SG,1,19.73,
6510,treatment,13.52,mobile,SG,0,0.0,
6511,control,31.78,desktop,SG,1,13.91,
6512,control,5.79,mobile,MY,0,0.0,
6513,control,27.52,mobile,ID,0,0.0,
6514,control,16.04,mobile,SG,0,0.0,
6515,treatment,39.91,mobile,SG,0,0.0,
6516,control,24.09,mobile,SG,0,0.0,
6517,control,14.63,mobile,ID,0,0.0,
6518,treatment,14.95,desktop,VN,1,27.24,
6519,treatment,37.0,mobile,SG,0,0.0,
6520,control,19.64,mobile,SG,0,0.0,
6521,control,16.29,,PH,0,0.0,
6522,treatment,17.23,mobile,MY,1,14.57,
6523,control,5.05,desktop,MY,0,0.0,
6524,treatment,32.67,desktop,MY,0,0.0,
6525,control,7.13,mobile,PH,0,0.0,
6526,control,38.94,desktop,MY,1,19.18,
6527,treatment,32.23,desktop,PH,0,0.0,
6528,control,22.27,mobile,ID,0,0.0,
6529,control,25.27,mobile,SG,0,0.0,
6530,treatment,13.27,mobile,ID,0,0.0,
6531,treatment,49.96,desktop,SG,0,0.0,
6532,treatment,11.14,desktop,ID,1,30.63,
6533,control,14.42,mobile,ID,0,0.0,
6534,treatment,13.34,mobile,VN,0,0.0,
6535,treatment,31.4,mobile,ID,0,0.0,
6536,treatment,3.73,mobile,PH,0,0.0,
6537,treatment,37.77,desktop,VN,0,0.0,
6538,treatment,27.61,mobile,SG,0,0.0,
6539,control,30.58,mobile,MY,0,0.0,
6540,control,37.17,mobile,ID,1,13.01,
6541,control,29.95,mobile,PH,0,0.0,
6542,control,15.44,mobile,PH,0,0.0,
6543,treatment,34.71,desktop,PH,0,0.0,
6544,control,5.21,desktop,ID,0,0.0,
6545,treatment,4.72,desktop,MY,0,0.0,
6546,treatment,,desktop,ID,0,0.0,
6547,treatment,32.87,mobile,ID,0,0.0,
6548,control,48.8,desktop,VN,0,0.0,
6549,treatment,,desktop,ID,0,0.0,
6550,treatment,31.76,desktop,MY,0,0.0,
6551,control,73.94,mobile,PH,0,0.0,
6552,control,7.31,mobile,ID,0,0.0,
6553,control,12.47,mobile,SG,0,0.0,
6554,treatment,5.75,mobile,SG,0,0.0,
6555,control,33.74,desktop,VN,0,0.0,
6556,control,30.71,mobile,PH,0,0.0,
6557,control,,desktop,PH,0,0.0,
6558,control,37.65,mobile,PH,0,0.0,
6559,control,35.51,mobile,MY,0,0.0,
6560,control,29.53,desktop,VN,0,0.0,
6561,treatment,12.33,mobile,MY,0,0.0,
6562,treatment,4.41,mobile,MY,0,0.0,
6563,treatment,18.54,mobile,MY,0,0.0,
6564,treatment,14.79,mobile,SG,0,0.0,
6565,treatment,32.2,mobile,ID,1,36.66,
6566,treatment,57.47,mobile,PH,0,0.0,
6567,treatment,38.4,,PH,0,0.0,
6568,treatment,21.12,mobile,PH,0,0.0,
6569,control,47.3,mobile,SG,0,0.0,
6570,treatment,35.88,,PH,0,0.0,
6571,control,51.5,mobile,MY,0,0.0,
6572,control,59.56,mobile,MY,0,0.0,
6573,treatment,24.47,desktop,SG,0,0.0,
6574,control,37.53,mobile,MY,0,0.0,
6575,control,26.62,mobile,PH,0,0.0,
6576,control,,mobile,PH,0,0.0,
6577,control,68.46,mobile,VN,0,0.0,
6578,control,46.67,mobile,MY,0,0.0,
6579,treatment,62.49,desktop,SG,0,0.0,
6580,treatment,35.37,desktop,VN,0,0.0,
6581,control,51.6,mobile,MY,0,0.0,
6582,control,10.54,desktop,MY,0,0.0,
6583,treatment,74.03,mobile,SG,0,0.0,
6584,treatment,,mobile,SG,0,0.0,
6585,control,7.74,mobile,ID,0,0.0,
6586,control,19.26,mobile,VN,0,0.0,
6587,control,7.82,desktop,ID,1,13.49,
6588,treatment,24.93,desktop,SG,0,0.0,
6589,treatment,34.98,desktop,PH,0,0.0,
6590,control,23.77,mobile,VN,0,0.0,
6591,control,60.3,desktop,SG,0,0.0,
6592,treatment,58.54,mobile,ID,0,0.0,
6593,control,25.93,mobile,PH,0,0.0,
6594,treatment,3.88,mobile,VN,1,33.23,
6595,treatment,19.57,,ID,0,0.0,
6596,treatment,13.04,mobile,ID,0,0.0,
6597,control,6.65,mobile,MY,0,0.0,
6598,treatment,25.02,desktop,ID,0,0.0,
6599,treatment,27.4,mobile,PH,0,0.0,
6600,treatment,45.23,desktop,SG,1,65.92,
6601,control,23.4,desktop,ID,0,0.0,
6602,treatment,13.92,desktop,SG,0,0.0,
6603,treatment,13.16,mobile,ID,0,0.0,
6604,control,14.8,mobile,SG,0,0.0,
6605,control,53.78,mobile,MY,0,0.0,
6606,treatment,29.18,mobile,SG,1,50.2,
6607,treatment,10.4,desktop,PH,0,0.0,
6608,control,7.53,mobile,PH,0,0.0,
6609,control,15.5,desktop,MY,0,0.0,
6610,control,28.33,mobile,ID,0,0.0,
6611,control,,mobile,VN,0,0.0,
6612,control,19.99,mobile,PH,0,0.0,
6613,treatment,21.98,desktop,PH,0,0.0,
6614,treatment,11.86,desktop,ID,0,0.0,
6615,control,57.47,mobile,SG,0,0.0,
6616,control,,mobile,ID,0,0.0,
6617,control,15.83,mobile,SG,1,7.52,
6618,control,29.91,,MY,1,36.6,
6619,treatment,41.03,mobile,PH,1,38.8,
6620,treatment,,mobile,MY,0,0.0,
6621,control,65.8,mobile,SG,0,0.0,
6622,treatment,18.39,mobile,PH,0,0.0,
6623,control,29.4,mobile,SG,0,0.0,
6624,treatment,12.42,mobile,PH,0,0.0,
6625,treatment,20.8,mobile,MY,0,0.0,
6626,control,5.6,desktop,MY,0,0.0,
6627,control,25.18,mobile,VN,0,0.0,
6628,control,41.73,mobile,ID,0,0.0,
6629,treatment,35.1,desktop,PH,1,50.88,
6630,control,25.53,mobile,SG,0,0.0,
6631,control,,mobile,MY,0,0.0,
6632,control,9.83,mobile,VN,0,0.0,
6633,treatment,13.73,mobile,VN,0,0.0,
6634,control,32.95,mobile,PH,0,0.0,
6635,treatment,7.42,desktop,SG,0,0.0,
6636,control,,desktop,VN,0,0.0,
6637,treatment,20.32,desktop,MY,1,27.64,
6638,treatment,9.98,mobile,PH,0,0.0,
6639,treatment,45.91,mobile,SG,0,0.0,
6640,control,38.67,mobile,ID,0,0.0,
6641,control,5.29,desktop,SG,0,0.0,
6642,control,29.29,mobile,ID,0,0.0,
6643,control,,mobile,ID,0,0.0,
6644,control,17.03,desktop,SG,0,0.0,
6645,treatment,,mobile,SG,0,0.0,
6646,control,23.54,mobile,MY,0,0.0,
6647,control,6.83,desktop,PH,0,0.0,
6648,treatment,42.68,desktop,ID,0,0.0,
6649,treatment,15.77,mobile,PH,0,0.0,
6650,control,17.63,mobile,SG,0,0.0,
6651,control,6.74,desktop,ID,0,0.0,
6652,treatment,21.3,mobile,VN,0,0.0,
6653,treatment,20.74,mobile,PH,0,0.0,
6654,treatment,40.33,mobile,SG,0,0.0,
6655,treatment,,desktop,SG,0,0.0,
6656,treatment,24.78,mobile,MY,0,0.0,
6657,treatment,,desktop,ID,0,0.0,
6658,control,9.53,desktop,ID,0,0.0,
6659,treatment,17.11,mobile,SG,0,0.0,
6660,treatment,11.82,mobile,ID,0,0.0,
6661,control,22.91,mobile,ID,0,0.0,
6662,control,10.15,mobile,ID,0,0.0,
6663,treatment,46.99,mobile,PH,0,0.0,
6664,treatment,17.01,mobile,SG,0,0.0,
6665,control,11.53,desktop,SG,0,0.0,
6666,treatment,,mobile,MY,0,0.0,
6667,control,65.12,mobile,PH,0,0.0,
6668,control,71.53,mobile,MY,0,0.0,
6669,control,15.43,desktop,SG,0,0.0,
6670,treatment,32.13,,ID,0,0.0,
6671,control,42.98,desktop,SG,0,0.0,
6672,treatment,19.77,mobile,PH,0,0.0,
6673,treatment,47.52,mobile,PH,0,0.0,
6674,control,1.73,mobile,MY,0,0.0,
6675,treatment,29.3,desktop,SG,0,0.0,
6676,control,,mobile,ID,0,0.0,
6677,treatment,12.31,mobile,SG,1,37.3,
6678,treatment,89.0,mobile,SG,0,0.0,
6679,control,28.67,desktop,ID,0,0.0,
6680,treatment,61.05,desktop,ID,1,23.43,
6681,control,47.73,desktop,MY,0,0.0,
6682,treatment,21.78,mobile,SG,0,0.0,
6683,control,90.18,mobile,SG,0,0.0,
6684,treatment,18.55,mobile,SG,0,0.0,
6685,treatment,34.65,mobile,ID,0,0.0,
6686,control,13.2,mobile,SG,0,0.0,
6687,control,94.89,mobile,SG,0,0.0,
6688,control,14.18,desktop,MY,0,0.0,
6689,control,69.78,mobile,SG,0,0.0,
6690,control,,desktop,ID,0,0.0,
6691,control,23.3,,SG,1,6.82,
6692,control,8.76,mobile,VN,0,0.0,
6693,control,33.85,mobile,PH,0,0.0,
6694,control,30.33,desktop,MY,0,0.0,
6695,control,,desktop,ID,0,0.0,
6696,control,23.97,mobile,ID,0,0.0,
6697,control,18.69,desktop,VN,0,0.0,
6698,control,9.33,mobile,PH,1,21.17,
6699,treatment,49.89,mobile,VN,0,0.0,
6700,treatment,8.17,mobile,ID,0,0.0,
6701,treatment,56.58,mobile,MY,0,0.0,
6702,control,25.71,desktop,VN,0,0.0,
6703,control,7.73,mobile,SG,0,0.0,
6704,control,8.48,mobile,SG,0,0.0,
6705,treatment,21.88,mobile,MY,0,0.0,
6706,treatment,26.66,mobile,MY,0,0.0,
6707,treatment,32.78,mobile,ID,0,0.0,
6708,control,12.92,desktop,VN,0,0.0,
6709,treatment,33.96,desktop,ID,1,76.74,
6710,treatment,49.89,mobile,PH,0,0.0,
6711,control,5.55,desktop,SG,0,0.0,
6712,treatment,3.35,mobile,VN,0,0.0,
6713,control,4.97,mobile,SG,0,0.0,
6714,treatment,25.83,desktop,SG,0,0.0,
6715,control,,mobile,VN,0,0.0,
6716,treatment,12.78,mobile,VN,0,0.0,
6717,control,8.78,desktop,PH,0,0.0,
6718,control,38.17,desktop,MY,0,0.0,
6719,control,6.34,mobile,MY,0,0.0,
6720,treatment,21.97,desktop,SG,0,0.0,
6721,treatment,12.79,mobile,PH,0,0.0,
6722,control,11.6,desktop,ID,1,35.91,
6723,treatment,,mobile,PH,0,0.0,
6724,treatment,,mobile,VN,0,0.0,
6725,control,4.5,desktop,MY,0,0.0,
6726,treatment,30.96,desktop,MY,0,0.0,
6727,control,23.52,mobile,MY,0,0.0,
6728,treatment,10.66,desktop,VN,0,0.0,
6729,treatment,24.41,mobile,ID,0,0.0,
6730,treatment,73.45,mobile,SG,0,0.0,
6731,control,8.13,mobile,ID,0,0.0,
6732,treatment,9.12,desktop,ID,1,49.19,
6733,treatment,28.31,desktop,SG,0,0.0,
6734,control,69.01,mobile,ID,0,0.0,
6735,control,31.31,mobile,PH,0,0.0,
6736,control,46.84,mobile,PH,0,0.0,
6737,treatment,25.03,desktop,SG,1,4.83,
6738,control,75.29,mobile,PH,1,5.94,
6739,treatment,5.62,mobile,SG,0,0.0,
6740,treatment,36.77,mobile,ID,0,0.0,
6741,treatment,17.48,desktop,ID,1,36.29,
6742,treatment,8.26,mobile,SG,1,46.47,
6743,treatment,4.54,mobile,ID,1,24.15,
6744,treatment,,mobile,ID,0,0.0,
6745,treatment,7.02,desktop,VN,0,0.0,
6746,control,13.72,,ID,0,0.0,
6747,control,36.77,mobile,ID,0,0.0,
6748,control,16.71,desktop,MY,0,0.0,
6749,control,11.1,mobile,PH,0,0.0,
6750,treatment,36.41,mobile,SG,0,0.0,
6751,control,6.02,mobile,MY,0,0.0,
6752,treatment,39.6,,SG,0,0.0,
6753,treatment,60.65,mobile,MY,0,0.0,
6754,control,8.61,desktop,PH,0,0.0,
6755,control,51.4,mobile,ID,1,19.62,
6756,treatment,13.68,desktop,ID,1,13.3,
6757,treatment,31.35,mobile,SG,1,5.74,
6758,control,28.24,mobile,SG,0,0.0,
6759,treatment,,desktop,MY,0,0.0,
6760,control,48.82,desktop,MY,0,0.0,
6761,treatment,26.1,mobile,SG,0,0.0,
6762,treatment,,desktop,VN,0,0.0,
6763,control,23.56,desktop,ID,0,0.0,
6764,treatment,27.72,mobile,MY,0,0.0,
6765,treatment,26.16,mobile,VN,0,0.0,
6766,control,33.52,mobile,ID,0,0.0,
6767,control,46.57,desktop,PH,0,0.0,
6768,control,45.11,mobile,SG,1,27.15,
6769,treatment,22.97,mobile,MY,0,0.0,
6770,treatment,66.57,mobile,PH,0,0.0,
6771,control,48.04,mobile,MY,0,0.0,
6772,control,21.8,mobile,SG,0,0.0,
6773,treatment,16.39,mobile,MY,0,0.0,
6774,treatment,29.11,desktop,VN,0,0.0,
6775,control,,desktop,PH,0,0.0,
6776,control,2.93,mobile,SG,0,0.0,
6777,control,34.11,desktop,SG,0,0.0,
6778,treatment,11.34,mobile,PH,0,0.0,
6779,control,38.41,desktop,SG,0,0.0,
6780,treatment,24.39,mobile,SG,0,0.0,
6781,treatment,74.12,mobile,VN,0,0.0,
6782,treatment,22.27,mobile,ID,0,0.0,
6783,control,15.63,desktop,MY,0,0.0,
6784,treatment,27.12,mobile,MY,0,0.0,
6785,treatment,35.61,desktop,MY,1,5.01,
6786,treatment,40.17,mobile,ID,0,0.0,
6787,treatment,15.62,mobile,MY,0,0.0,
6788,treatment,27.46,mobile,MY,0,0.0,
6789,treatment,28.39,mobile,MY,1,28.59,
6790,treatment,94.46,mobile,PH,1,26.22,
6791,control,46.51,desktop,ID,0,0.0,
6792,control,30.98,mobile,VN,0,0.0,
6793,treatment,31.7,desktop,ID,0,0.0,
6794,treatment,16.39,mobile,ID,1,29.62,
6795,treatment,44.36,mobile,ID,0,0.0,
6796,control,37.52,mobile,VN,0,0.0,
6797,control,18.72,desktop,SG,0,0.0,
6798,treatment,20.69,mobile,VN,0,0.0,
6799,treatment,21.41,mobile,MY,1,18.64,
6800,treatment,22.16,desktop,PH,0,0.0,
6801,control,72.56,mobile,ID,0,0.0,
6802,control,7.73,mobile,VN,0,0.0,
6803,control,,desktop,SG,0,0.0,
6804,treatment,27.24,mobile,MY,0,0.0,
6805,control,23.78,desktop,PH,0,0.0,
6806,control,9.18,mobile,ID,0,0.0,
6807,control,3.25,mobile,PH,0,0.0,
6808,treatment,19.75,desktop,ID,0,0.0,
6809,treatment,33.56,desktop,PH,0,0.0,
6810,control,32.53,desktop,MY,0,0.0,
6811,treatment,30.02,mobile,ID,1,49.92,
6812,treatment,5.94,desktop,ID,0,0.0,
6813,control,10.4,desktop,PH,0,0.0,
6814,control,12.6,desktop,MY,0,0.0,
6815,treatment,52.75,desktop,SG,1,12.77,
6816,control,24.33,mobile,SG,0,0.0,
6817,control,59.02,desktop,MY,0,0.0,
6818,control,29.6,mobile,SG,0,0.0,
6819,treatment,56.27,mobile,PH,0,0.0,
6820,treatment,25.45,mobile,PH,0,0.0,
6821,control,15.14,mobile,MY,0,0.0,
6822,treatment,18.11,mobile,VN,1,6.07,
6823,treatment,32.69,mobile,ID,0,0.0,
6824,control,98.54,mobile,ID,0,0.0,
6825,control,,desktop,MY,1,6.42,
6826,control,27.47,mobile,SG,0,0.0,
6827,control,19.24,desktop,MY,0,0.0,
6828,control,4.75,mobile,SG,0,0.0,
6829,control,34.48,desktop,MY,0,0.0,
6830,treatment,31.59,mobile,PH,0,0.0,
6831,treatment,48.07,mobile,SG,0,0.0,
6832,treatment,21.01,mobile,SG,1,38.19,
6833,control,1.52,mobile,SG,0,0.0,
6834,treatment,18.26,desktop,MY,0,0.0,
6835,treatment,43.01,mobile,SG,1,19.14,
6836,control,,mobile,SG,0,0.0,
6837,control,6.23,mobile,ID,0,0.0,
6838,control,52.82,mobile,SG,0,0.0,
6839,treatment,,mobile,SG,0,0.0,
6840,control,66.91,mobile,SG,0,0.0,
6841,control,4.58,mobile,PH,0,0.0,
6842,treatment,6.06,mobile,MY,0,0.0,
6843,treatment,32.49,desktop,ID,0,0.0,
6844,treatment,34.98,desktop,ID,0,0.0,
6845,control,11.95,desktop,MY,0,0.0,
6846,control,17.86,desktop,MY,0,0.0,
6847,treatment,27.21,mobile,SG,0,0.0,
6848,treatment,43.93,desktop,ID,0,0.0,
6849,treatment,16.37,mobile,ID,0,0.0,
6850,control,36.17,mobile,SG,0,0.0,
6851,treatment,27.67,desktop,SG,0,0.0,
6852,treatment,28.05,mobile,PH,1,23.8,
6853,control,23.08,mobile,SG,1,12.94,
6854,control,28.8,mobile,SG,0,0.0,
6855,control,,mobile,PH,0,0.0,
6856,treatment,33.84,mobile,MY,0,0.0,
6857,treatment,29.16,mobile,PH,0,0.0,
6858,control,16.82,mobile,MY,0,0.0,
6859,treatment,16.88,desktop,ID,0,0.0,
6860,treatment,11.47,mobile,PH,0,0.0,
6861,control,21.5,desktop,PH,0,0.0,
6862,treatment,55.68,desktop,ID,0,0.0,
6863,control,58.51,desktop,PH,0,0.0,
6864,treatment,18.5,,ID,1,16.43,
6865,treatment,54.2,desktop,PH,0,0.0,
6866,control,71.92,desktop,ID,0,0.0,
6867,control,18.81,mobile,VN,0,0.0,
6868,treatment,25.7,desktop,MY,0,0.0,
6869,treatment,,mobile,SG,0,0.0,
6870,control,7.89,,SG,0,0.0,
6871,treatment,34.87,mobile,MY,0,0.0,
6872,control,73.5,mobile,VN,0,0.0,
6873,treatment,,mobile,MY,0,0.0,
6874,treatment,30.65,mobile,ID,1,44.61,
6875,treatment,6.16,mobile,SG,0,0.0,
6876,treatment,2.98,mobile,SG,0,0.0,
6877,control,83.72,mobile,VN,0,0.0,
6878,control,,mobile,SG,0,0.0,
6879,control,38.29,mobile,SG,0,0.0,
6880,treatment,2.62,mobile,VN,0,0.0,
6881,control,15.77,mobile,VN,0,0.0,
6882,treatment,29.98,desktop,SG,0,0.0,
6883,treatment,31.7,desktop,PH,0,0.0,
6884,control,5.29,mobile,ID,0,0.0,
6885,control,10.94,mobile,ID,0,0.0,
6886,treatment,20.59,desktop,SG,0,0.0,
6887,control,8.05,desktop,MY,0,0.0,
6888,treatment,,desktop,MY,0,0.0,
6889,treatment,,mobile,PH,0,0.0,
6890,control,50.33,desktop,PH,0,0.0,
6891,control,29.36,mobile,SG,0,0.0,
6892,treatment,47.14,mobile,MY,0,0.0,
6893,control,26.91,,MY,0,0.0,
6894,treatment,2.2,mobile,ID,0,0.0,
6895,treatment,46.16,mobile,SG,0,0.0,
6896,control,75.51,desktop,VN,0,0.0,
6897,control,6.12,mobile,PH,0,0.0,
6898,control,12.89,,MY,1,17.14,
6899,control,11.88,mobile,PH,0,0.0,
6900,control,8.36,desktop,SG,0,0.0,
6901,control,5.65,mobile,VN,0,0.0,
6902,control,4.71,mobile,SG,0,0.0,
6903,control,9.5,mobile,VN,0,0.0,
6904,treatment,13.74,desktop,ID,0,0.0,
6905,treatment,4.92,desktop,SG,0,0.0,
6906,control,,desktop,PH,0,0.0,
6907,control,40.23,mobile,SG,0,0.0,
6908,treatment,53.53,desktop,MY,1,23.16,
6909,control,22.01,mobile,SG,0,0.0,
6910,treatment,58.21,desktop,PH,0,0.0,
6911,treatment,12.35,mobile,PH,0,0.0,
6912,control,29.4,desktop,SG,0,0.0,
6913,treatment,69.71,mobile,SG,1,23.49,
6914,control,34.56,mobile,VN,0,0.0,
6915,control,10.17,mobile,SG,0,0.0,
6916,control,123.53,mobile,SG,0,0.0,
6917,control,25.14,mobile,SG,0,0.0,
6918,treatment,61.43,mobile,MY,0,0.0,
6919,treatment,49.69,desktop,MY,0,0.0,
6920,control,6.51,mobile,MY,0,0.0,
6921,control,32.45,desktop,SG,1,1.8,
6922,treatment,44.09,mobile,MY,0,0.0,
6923,control,56.54,mobile,PH,0,0.0,
6924,treatment,4.43,mobile,SG,0,0.0,
6925,treatment,17.33,mobile,VN,1,14.07,
6926,treatment,,desktop,SG,0,0.0,
6927,treatment,79.42,desktop,MY,0,0.0,
6928,treatment,40.28,desktop,SG,0,0.0,
6929,treatment,35.0,mobile,ID,0,0.0,
6930,control,12.97,desktop,SG,0,0.0,
6931,treatment,13.63,mobile,VN,0,0.0,
6932,treatment,47.44,desktop,SG,0,0.0,
6933,treatment,45.4,mobile,VN,1,37.82,
6934,control,,mobile,ID,0,0.0,
6935,treatment,17.07,mobile,ID,0,0.0,
6936,control,41.12,desktop,VN,0,0.0,
6937,treatment,,mobile,MY,0,0.0,
6938,treatment,21.8,,ID,0,0.0,
6939,treatment,19.73,mobile,MY,0,0.0,
6940,control,10.06,mobile,SG,0,0.0,
6941,control,28.83,desktop,PH,0,0.0,
6942,control,6.88,mobile,VN,0,0.0,
6943,treatment,2.53,mobile,SG,0,0.0,
6944,treatment,8.74,mobile,MY,0,0.0,
6945,control,38.48,mobile,SG,0,0.0,
6946,control,,desktop,ID,1,7.8,
6947,control,52.82,desktop,ID,0,0.0,
6948,control,6.32,mobile,VN,0,0.0,
6949,control,31.09,mobile,SG,0,0.0,
6950,control,6.94,desktop,ID,0,0.0,
6951,treatment,23.68,desktop,SG,1,22.63,
6952,control,,mobile,MY,0,0.0,
6953,control,23.59,mobile,ID,0,0.0,
6954,treatment,8.09,desktop,SG,0,0.0,
6955,treatment,41.84,mobile,PH,0,0.0,
6956,control,30.01,mobile,VN,0,0.0,
6957,treatment,16.06,,VN,0,0.0,
6958,control,16.82,desktop,PH,0,0.0,
6959,control,15.72,desktop,ID,0,0.0,
6960,treatment,35.74,desktop,PH,0,0.0,
6961,control,31.81,mobile,ID,0,0.0,
6962,control,5.66,mobile,PH,0,0.0,
6963,treatment,14.79,mobile,SG,0,0.0,
6964,treatment,17.01,desktop,VN,0,0.0,
6965,control,50.6,mobile,VN,0,0.0,
6966,control,22.83,mobile,ID,0,0.0,
6967,control,17.31,mobile,ID,0,0.0,
6968,control,28.08,mobile,ID,1,11.83,
6969,treatment,25.21,mobile,ID,0,0.0,
6970,treatment,,mobile,ID,0,0.0,
6971,treatment,,desktop,SG,0,0.0,
6972,control,54.2,mobile,ID,0,0.0,
6973,control,31.92,mobile,PH,0,0.0,
6974,treatment,5.93,mobile,PH,0,0.0,
6975,treatment,34.04,mobile,ID,0,0.0,
6976,treatment,12.74,desktop,SG,1,24.23,
6977,treatment,35.64,,VN,0,0.0,
6978,control,27.07,mobile,ID,1,21.07,
6979,control,63.73,desktop,PH,1,19.22,
6980,control,30.4,desktop,ID,0,0.0,
6981,treatment,41.01,mobile,MY,0,0.0,
6982,treatment,21.88,mobile,MY,0,0.0,
6983,treatment,30.16,desktop,MY,0,0.0,
6984,control,69.34,mobile,ID,0,0.0,
6985,treatment,27.14,mobile,SG,1,21.98,
6986,treatment,13.5,mobile,SG,0,0.0,
6987,control,,desktop,PH,0,0.0,
6988,control,21.2,mobile,SG,0,0.0,
6989,treatment,49.5,desktop,MY,0,0.0,
6990,control,7.6,mobile,ID,0,0.0,
6991,treatment,2.01,mobile,MY,0,0.0,
6992,control,21.05,mobile,ID,0,0.0,
6993,treatment,28.97,desktop,MY,0,0.0,
6994,treatment,29.98,,ID,1,15.64,
6995,control,2.03,desktop,MY,0,0.0,
6996,control,31.79,mobile,SG,0,0.0,
6997,treatment,4.84,mobile,ID,0,0.0,
6998,treatment,20.84,desktop,SG,1,20.35,
6999,control,48.54,mobile,ID,0,0.0,
7000,treatment,31.9,desktop,MY,0,0.0,
7001,control,14.18,mobile,SG,0,0.0,
7002,control,28.37,mobile,VN,0,0.0,
7003,treatment,3.49,mobile,VN,0,0.0,
7004,control,36.86,mobile,ID,0,0.0,
7005,control,19.39,desktop,MY,0,0.0,
7006,treatment,45.95,mobile,SG,0,0.0,
7007,control,9.99,,SG,0,0.0,
7008,control,23.48,mobile,ID,0,0.0,
7009,control,17.91,mobile,ID,0,0.0,
7010,treatment,24.9,mobile,SG,0,0.0,
7011,treatment,6.59,desktop,ID,0,0.0,
7012,control,14.81,mobile,SG,0,0.0,
7013,control,37.11,desktop,MY,1,14.83,
7014,control,43.02,mobile,PH,0,0.0,
7015,control,19.93,mobile,MY,0,0.0,
7016,treatment,6.82,desktop,ID,0,0.0,
7017,control,13.21,mobile,MY,0,0.0,
7018,treatment,9.84,desktop,SG,0,0.0,
7019,control,48.79,desktop,PH,0,0.0,
7020,treatment,19.29,desktop,SG,0,0.0,
7021,treatment,72.94,mobile,MY,0,0.0,
7022,treatment,25.6,desktop,ID,0,0.0,
7023,control,7.15,mobile,MY,0,0.0,
7024,treatment,37.38,mobile,ID,0,0.0,
7025,treatment,27.65,mobile,ID,1,33.6,
7026,treatment,43.18,mobile,ID,0,0.0,
7027,treatment,26.78,mobile,PH,0,0.0,
7028,treatment,5.53,mobile,VN,1,21.22,
7029,treatment,14.79,mobile,VN,0,0.0,
7030,treatment,11.41,mobile,ID,0,0.0,
7031,treatment,11.19,mobile,SG,0,0.0,
7032,control,,mobile,SG,0,0.0,
7033,treatment,30.73,desktop,ID,0,0.0,
7034,control,23.26,mobile,SG,0,0.0,
7035,control,15.68,mobile,PH,0,0.0,
7036,control,55.7,mobile,VN,0,0.0,
7037,treatment,55.18,desktop,SG,0,0.0,
7038,treatment,65.55,mobile,ID,0,0.0,
7039,control,19.32,mobile,ID,0,0.0,
7040,treatment,27.92,mobile,PH,0,0.0,
7041,treatment,44.85,desktop,PH,0,0.0,
7042,control,21.9,mobile,ID,0,0.0,
7043,control,12.83,mobile,SG,0,0.0,
7044,treatment,16.82,desktop,SG,0,0.0,
7045,treatment,3.46,desktop,PH,0,0.0,
7046,control,,mobile,ID,0,0.0,
7047,control,38.72,mobile,SG,0,0.0,
7048,treatment,14.45,mobile,PH,0,0.0,
7049,treatment,5.53,mobile,ID,0,0.0,
7050,control,32.25,mobile,ID,0,0.0,
7051,treatment,31.41,mobile,SG,0,0.0,
7052,treatment,26.38,desktop,PH,0,0.0,
7053,control,,desktop,ID,1,45.09,
7054,treatment,21.54,mobile,MY,1,10.78,
7055,treatment,43.24,mobile,ID,0,0.0,
7056,control,38.02,mobile,MY,0,0.0,
7057,control,24.43,mobile,MY,0,0.0,
7058,control,25.28,mobile,ID,0,0.0,
7059,treatment,,mobile,MY,0,0.0,
7060,control,30.8,desktop,SG,0,0.0,
7061,control,,desktop,VN,0,0.0,
7062,treatment,20.08,mobile,SG,0,0.0,
7063,control,7.36,mobile,SG,0,0.0,
7064,treatment,81.72,desktop,SG,1,23.84,
7065,treatment,23.46,mobile,VN,0,0.0,
7066,treatment,38.27,desktop,ID,1,9.5,
7067,control,52.6,mobile,MY,0,0.0,
7068,control,16.46,mobile,SG,0,0.0,
7069,control,29.63,mobile,SG,0,0.0,
7070,control,29.65,desktop,SG,0,0.0,
7071,control,34.28,mobile,PH,0,0.0,
7072,control,14.46,mobile,MY,0,0.0,
7073,control,21.29,mobile,MY,0,0.0,
7074,control,21.28,desktop,ID,0,0.0,
7075,control,45.65,mobile,SG,0,0.0,
7076,control,72.5,mobile,SG,0,0.0,
7077,control,27.79,desktop,SG,0,0.0,
7078,control,52.98,desktop,PH,0,0.0,
7079,control,11.91,mobile,VN,0,0.0,
7080,control,48.14,mobile,MY,0,0.0,
7081,control,43.61,mobile,PH,1,4.76,
7082,control,9.92,mobile,SG,0,0.0,
7083,treatment,,mobile,PH,0,0.0,
7084,treatment,42.78,mobile,SG,0,0.0,
7085,control,20.29,mobile,PH,0,0.0,
7086,treatment,16.99,mobile,SG,0,0.0,
7087,control,48.23,desktop,ID,0,0.0,
7088,control,14.17,mobile,VN,0,0.0,
7089,treatment,5.0,mobile,PH,0,0.0,
7090,control,6.65,mobile,ID,0,0.0,
7091,treatment,19.13,mobile,SG,0,0.0,
7092,control,,desktop,MY,0,0.0,
7093,treatment,15.18,desktop,PH,0,0.0,
7094,control,19.17,mobile,ID,0,0.0,
7095,treatment,1.14,mobile,ID,0,0.0,
7096,control,,mobile,VN,0,0.0,
7097,treatment,23.1,mobile,VN,0,0.0,
7098,treatment,23.34,desktop,SG,1,6.06,
7099,treatment,40.49,mobile,PH,0,0.0,
7100,control,28.63,desktop,ID,0,0.0,
7101,treatment,65.85,mobile,VN,1,41.56,
7102,control,,mobile,MY,0,0.0,
7103,control,18.0,desktop,SG,0,0.0,
7104,treatment,8.4,desktop,ID,0,0.0,
7105,treatment,18.12,mobile,ID,0,0.0,
7106,control,14.95,desktop,SG,0,0.0,
7107,control,8.77,desktop,SG,1,13.99,
7108,control,20.83,mobile,VN,0,0.0,
7109,treatment,6.78,mobile,SG,1,15.76,
7110,control,24.25,desktop,MY,0,0.0,
7111,treatment,44.59,mobile,PH,0,0.0,
7112,control,88.54,mobile,SG,0,0.0,
7113,control,18.82,mobile,SG,0,0.0,
7114,control,,mobile,MY,0,0.0,
7115,treatment,37.37,,VN,0,0.0,
7116,control,16.24,mobile,VN,1,11.2,
7117,control,28.01,,SG,0,0.0,
7118,control,35.62,,ID,0,0.0,
7119,control,4.17,mobile,ID,0,0.0,
7120,control,11.86,mobile,MY,0,0.0,
7121,control,45.57,desktop,SG,0,0.0,
7122,control,25.73,desktop,MY,0,0.0,
7123,treatment,,mobile,PH,0,0.0,
7124,control,42.88,mobile,MY,0,0.0,
7125,treatment,25.86,mobile,PH,0,0.0,
7126,treatment,15.29,mobile,SG,0,0.0,
7127,control,,desktop,MY,0,0.0,
7128,treatment,31.33,mobile,MY,0,0.0,
7129,treatment,10.45,desktop,ID,0,0.0,
7130,control,30.75,mobile,VN,0,0.0,
7131,treatment,64.3,mobile,MY,0,0.0,
7132,treatment,7.23,mobile,ID,0,0.0,
7133,treatment,1.53,mobile,VN,0,0.0,
7134,treatment,27.92,mobile,MY,0,0.0,
7135,treatment,37.73,mobile,MY,0,0.0,
7136,treatment,46.77,mobile,MY,0,0.0,
7137,control,7.76,desktop,SG,0,0.0,
7138,treatment,19.38,desktop,ID,0,0.0,
7139,treatment,81.97,mobile,VN,0,0.0,
7140,treatment,12.01,desktop,MY,0,0.0,
7141,control,39.93,desktop,MY,0,0.0,
7142,control,32.89,desktop,MY,0,0.0,
7143,control,54.66,mobile,MY,0,0.0,
7144,treatment,32.88,desktop,SG,1,19.76,
7145,control,33.65,desktop,SG,0,0.0,
7146,control,5.23,mobile,ID,0,0.0,
7147,control,16.14,mobile,VN,0,0.0,
7148,treatment,26.54,mobile,ID,0,0.0,
7149,control,22.93,mobile,ID,0,0.0,
7150,control,10.47,desktop,MY,1,27.24,
7151,control,,mobile,SG,0,0.0,
7152,treatment,22.73,mobile,PH,0,0.0,
7153,control,31.03,mobile,MY,0,0.0,
7154,treatment,56.16,mobile,ID,0,0.0,
7155,control,24.87,mobile,SG,0,0.0,
7156,treatment,,desktop,MY,1,49.56,
7157,control,42.1,mobile,PH,0,0.0,
7158,control,17.28,desktop,MY,0,0.0,
7159,treatment,41.02,mobile,ID,0,0.0,
7160,control,12.99,mobile,ID,0,0.0,
7161,control,,mobile,SG,0,0.0,
7162,treatment,10.37,mobile,VN,1,21.5,
7163,control,11.78,mobile,ID,0,0.0,
7164,control,21.15,desktop,SG,0,0.0,
7165,control,23.0,mobile,SG,0,0.0,
7166,treatment,,,PH,0,0.0,
7167,treatment,28.63,,PH,0,0.0,
7168,treatment,57.31,mobile,SG,0,0.0,
7169,control,11.64,mobile,MY,0,0.0,
7170,control,39.57,mobile,VN,0,0.0,
7171,control,11.82,mobile,ID,0,0.0,
7172,treatment,92.66,desktop,ID,0,0.0,
7173,treatment,58.77,mobile,PH,0,0.0,
7174,control,28.36,mobile,SG,0,0.0,
7175,control,17.56,mobile,PH,0,0.0,
7176,control,13.08,desktop,SG,0,0.0,
7177,control,45.92,desktop,MY,0,0.0,
7178,treatment,,mobile,SG,0,0.0,
7179,control,18.18,mobile,MY,0,0.0,
7180,treatment,76.92,mobile,PH,1,10.78,
7181,control,,desktop,PH,0,0.0,
7182,control,73.55,,MY,0,0.0,
7183,control,6.43,mobile,ID,0,0.0,
7184,control,,desktop,SG,0,0.0,
7185,treatment,6.02,mobile,SG,0,0.0,
7186,treatment,63.92,mobile,PH,0,0.0,
7187,control,27.96,desktop,SG,1,21.82,
7188,treatment,10.99,mobile,ID,1,8.32,
7189,control,119.96,mobile,PH,1,44.16,
7190,control,9.29,desktop,SG,0,0.0,
7191,treatment,19.4,mobile,MY,0,0.0,
7192,control,34.09,desktop,PH,0,0.0,
7193,treatment,42.87,mobile,ID,0,0.0,
7194,control,55.97,mobile,MY,0,0.0,
7195,treatment,29.18,mobile,SG,0,0.0,
7196,treatment,17.09,desktop,SG,0,0.0,
7197,control,18.24,mobile,PH,0,0.0,
7198,treatment,23.62,mobile,ID,0,0.0,
7199,control,12.97,mobile,SG,0,0.0,
7200,control,28.11,desktop,MY,0,0.0,
7201,control,,desktop,MY,0,0.0,
7202,control,64.56,desktop,PH,0,0.0,
7203,treatment,18.76,mobile,PH,0,0.0,
7204,control,56.08,mobile,PH,0,0.0,
7205,control,21.36,desktop,MY,0,0.0,
7206,treatment,14.67,mobile,PH,0,0.0,
7207,treatment,17.62,desktop,ID,0,0.0,
7208,control,34.73,desktop,VN,0,0.0,
7209,treatment,32.52,mobile,SG,0,0.0,
7210,control,19.86,desktop,PH,1,4.4,
7211,control,66.78,desktop,SG,0,0.0,
7212,treatment,56.44,mobile,SG,1,87.61,
7213,treatment,28.81,mobile,PH,0,0.0,
7214,control,12.05,mobile,ID,0,0.0,
7215,treatment,5.4,mobile,PH,0,0.0,
7216,treatment,4.06,mobile,ID,0,0.0,
7217,treatment,,,SG,0,0.0,
7218,treatment,19.21,desktop,MY,1,20.74,
7219,treatment,6.35,mobile,ID,0,0.0,
7220,treatment,11.87,mobile,SG,0,0.0,
7221,control,19.57,,VN,0,0.0,
7222,control,,mobile,SG,0,0.0,
7223,treatment,20.58,desktop,SG,0,0.0,
7224,control,30.69,desktop,ID,0,0.0,
7225,control,54.2,mobile,VN,0,0.0,
7226,control,28.82,desktop,SG,0,0.0,
7227,control,42.06,mobile,SG,0,0.0,
7228,treatment,50.33,desktop,VN,1,19.26,
7229,treatment,12.35,mobile,PH,0,0.0,
7230,treatment,36.69,mobile,SG,0,0.0,
7231,treatment,10.81,mobile,ID,0,0.0,
7232,treatment,22.96,mobile,MY,1,19.2,
7233,control,14.0,mobile,ID,1,13.84,
7234,treatment,14.16,desktop,PH,0,0.0,
7235,control,65.84,mobile,MY,0,0.0,
7236,treatment,27.38,desktop,VN,0,0.0,
7237,treatment,19.71,desktop,PH,0,0.0,
7238,treatment,4.93,mobile,SG,0,0.0,
7239,control,11.37,mobile,SG,0,0.0,
7240,treatment,26.13,desktop,ID,0,0.0,
7241,treatment,,mobile,PH,0,0.0,
7242,control,53.53,desktop,VN,0,0.0,
7243,treatment,15.46,desktop,ID,1,6.91,
7244,control,27.85,mobile,PH,0,0.0,
7245,control,37.7,mobile,ID,0,0.0,
7246,treatment,23.47,mobile,SG,0,0.0,
7247,treatment,37.55,mobile,SG,0,0.0,
7248,treatment,5.7,mobile,SG,0,0.0,
7249,control,,mobile,MY,1,22.76,
7250,control,19.64,mobile,SG,0,0.0,
7251,control,92.4,mobile,SG,0,0.0,
7252,control,86.62,mobile,ID,0,0.0,
7253,treatment,34.06,mobile,VN,0,0.0,
7254,control,,mobile,PH,0,0.0,
7255,treatment,8.92,mobile,SG,0,0.0,
7256,control,16.25,mobile,ID,0,0.0,
7257,treatment,,desktop,SG,0,0.0,
7258,control,13.22,desktop,ID,1,14.61,
7259,treatment,28.25,mobile,SG,0,0.0,
7260,control,33.38,desktop,ID,1,12.94,
7261,control,28.16,mobile,ID,0,0.0,
7262,control,11.46,mobile,ID,0,0.0,
7263,control,66.47,desktop,ID,1,49.82,
7264,treatment,60.68,desktop,MY,0,0.0,
7265,control,14.38,desktop,ID,0,0.0,
7266,control,,mobile,ID,0,0.0,
7267,control,,mobile,SG,0,0.0,
7268,control,,mobile,MY,0,0.0,
7269,control,41.96,desktop,ID,0,0.0,
7270,treatment,18.97,mobile,ID,0,0.0,
7271,treatment,32.62,mobile,ID,0,0.0,
7272,treatment,24.98,mobile,ID,0,0.0,
7273,control,40.81,mobile,MY,0,0.0,
7274,control,16.77,mobile,MY,0,0.0,
7275,control,19.43,mobile,ID,0,0.0,
7276,control,24.3,mobile,PH,0,0.0,
7277,treatment,9.37,mobile,VN,0,0.0,
7278,treatment,,mobile,MY,0,0.0,
7279,treatment,,desktop,PH,0,0.0,
7280,treatment,6.8,mobile,SG,1,9.86,
7281,control,2.21,,ID,0,0.0,
7282,treatment,16.27,desktop,SG,0,0.0,
7283,treatment,44.83,mobile,VN,0,0.0,
7284,control,42.66,mobile,ID,0,0.0,
7285,control,8.0,desktop,ID,0,0.0,
7286,control,20.01,desktop,PH,0,0.0,
7287,treatment,11.65,mobile,ID,0,0.0,
7288,control,12.17,mobile,MY,0,0.0,
7289,control,65.36,mobile,MY,0,0.0,
7290,control,23.65,mobile,VN,0,0.0,
7291,treatment,,mobile,ID,0,0.0,
7292,treatment,36.66,desktop,MY,1,12.49,
7293,treatment,2.57,mobile,SG,0,0.0,
7294,treatment,74.14,desktop,MY,0,0.0,
7295,control,6.03,mobile,SG,0,0.0,
7296,control,51.28,mobile,ID,0,0.0,
7297,treatment,13.47,desktop,ID,0,0.0,
7298,treatment,,mobile,SG,0,0.0,
7299,control,7.49,desktop,PH,0,0.0,
7300,control,81.22,mobile,MY,0,0.0,
7301,control,35.28,mobile,SG,0,0.0,
7302,control,39.83,mobile,SG,0,0.0,
7303,treatment,8.65,mobile,PH,0,0.0,
7304,control,41.58,mobile,ID,0,0.0,
7305,treatment,,mobile,MY,0,0.0,
7306,treatment,49.56,desktop,ID,0,0.0,
7307,control,81.72,mobile,MY,0,0.0,
7308,control,24.83,mobile,PH,0,0.0,
7309,control,15.31,desktop,VN,0,0.0,
7310,treatment,,mobile,ID,0,0.0,
7311,treatment,22.19,mobile,MY,0,0.0,
7312,control,83.14,mobile,PH,0,0.0,
7313,control,24.48,mobile,SG,0,0.0,
7314,treatment,,desktop,VN,0,0.0,
7315,treatment,64.81,mobile,MY,0,0.0,
7316,control,14.0,mobile,SG,1,36.09,
7317,treatment,13.39,desktop,ID,0,0.0,
7318,control,27.15,mobile,SG,0,0.0,
7319,treatment,21.8,mobile,SG,0,0.0,
7320,control,1.99,desktop,SG,0,0.0,
7321,control,34.37,desktop,MY,0,0.0,
7322,treatment,24.54,mobile,SG,0,0.0,
7323,treatment,56.3,mobile,SG,0,0.0,
7324,treatment,20.79,desktop,SG,0,0.0,
7325,control,18.84,mobile,PH,0,0.0,
7326,control,44.98,mobile,PH,0,0.0,
7327,treatment,37.99,desktop,ID,0,0.0,
7328,control,43.74,mobile,SG,0,0.0,
7329,treatment,32.98,mobile,SG,0,0.0,
7330,control,18.11,desktop,SG,0,0.0,
7331,control,47.71,mobile,MY,1,19.52,
7332,treatment,34.46,mobile,SG,0,0.0,
7333,control,45.98,desktop,PH,0,0.0,
7334,treatment,,mobile,SG,0,0.0,
7335,treatment,79.84,desktop,ID,1,16.75,
7336,treatment,2.04,mobile,PH,0,0.0,
7337,control,70.68,mobile,VN,0,0.0,
7338,treatment,31.45,mobile,MY,0,0.0,
7339,control,27.62,mobile,ID,0,0.0,
7340,treatment,42.01,mobile,PH,0,0.0,
7341,control,14.61,desktop,MY,0,0.0,
7342,control,5.32,desktop,SG,0,0.0,
7343,control,20.86,desktop,PH,0,0.0,
7344,treatment,19.68,mobile,VN,0,0.0,
7345,treatment,49.19,mobile,PH,0,0.0,
7346,control,10.23,mobile,SG,0,0.0,
7347,control,45.3,desktop,MY,0,0.0,
7348,control,16.67,desktop,VN,1,11.68,
7349,control,16.79,mobile,ID,0,0.0,
7350,control,20.16,mobile,SG,0,0.0,
7351,control,5.98,desktop,PH,0,0.0,
7352,treatment,103.27,mobile,SG,1,41.22,
7353,treatment,4.68,mobile,SG,0,0.0,
7354,control,,mobile,SG,0,0.0,
7355,control,,desktop,ID,0,0.0,
7356,control,15.91,mobile,ID,0,0.0,
7357,treatment,9.73,mobile,SG,1,12.96,
7358,control,65.41,mobile,SG,0,0.0,
7359,treatment,27.04,mobile,VN,0,0.0,
7360,control,55.04,mobile,PH,0,0.0,
7361,control,77.39,mobile,VN,0,0.0,
7362,treatment,28.37,desktop,ID,0,0.0,
7363,control,,mobile,SG,0,0.0,
7364,treatment,14.98,desktop,SG,0,0.0,
7365,control,,desktop,MY,0,0.0,
7366,control,13.51,mobile,SG,1,66.26,
7367,control,16.28,mobile,SG,0,0.0,
7368,control,27.28,mobile,ID,0,0.0,
7369,control,16.67,desktop,ID,0,0.0,
7370,control,4.55,mobile,MY,0,0.0,
7371,control,20.68,desktop,MY,0,0.0,
7372,treatment,18.66,mobile,PH,0,0.0,
7373,control,27.34,desktop,ID,0,0.0,
7374,control,,mobile,MY,0,0.0,
7375,treatment,22.0,desktop,MY,0,0.0,
7376,control,38.46,mobile,MY,0,0.0,
7377,control,10.1,mobile,MY,0,0.0,
7378,control,36.24,mobile,ID,0,0.0,
7379,treatment,41.4,mobile,SG,0,0.0,
7380,treatment,38.36,mobile,SG,0,0.0,
7381,treatment,63.43,mobile,MY,0,0.0,
7382,treatment,5.14,mobile,VN,0,0.0,
7383,control,32.64,desktop,PH,0,0.0,
7384,control,47.26,mobile,MY,0,0.0,
7385,treatment,36.46,mobile,MY,0,0.0,
7386,treatment,8.99,mobile,PH,0,0.0,
7387,control,10.31,mobile,ID,0,0.0,
7388,treatment,27.49,mobile,SG,0,0.0,
7389,control,8.56,mobile,SG,0,0.0,
7390,control,,mobile,PH,0,0.0,
7391,treatment,35.73,desktop,SG,0,0.0,
7392,treatment,14.86,,MY,0,0.0,
7393,treatment,90.0,desktop,MY,0,0.0,
7394,treatment,32.66,desktop,SG,0,0.0,
7395,treatment,,desktop,MY,0,0.0,
7396,control,35.39,mobile,PH,0,0.0,
7397,control,32.05,mobile,ID,0,0.0,
7398,control,46.56,desktop,VN,0,0.0,
7399,control,,mobile,SG,0,0.0,
7400,control,33.05,mobile,MY,0,0.0,
7401,control,48.57,mobile,MY,0,0.0,
7402,control,24.62,desktop,SG,1,50.14,
7403,treatment,28.71,,MY,0,0.0,
7404,treatment,54.43,mobile,MY,0,0.0,
7405,treatment,33.57,mobile,SG,0,0.0,
7406,control,72.3,desktop,ID,0,0.0,
7407,treatment,63.26,mobile,ID,0,0.0,
7408,treatment,23.06,mobile,MY,0,0.0,
7409,treatment,56.19,mobile,SG,0,0.0,
7410,treatment,9.13,,SG,0,0.0,
7411,control,7.68,mobile,PH,0,0.0,
7412,treatment,78.17,desktop,PH,0,0.0,
7413,control,12.68,mobile,SG,0,0.0,
7414,control,8.48,mobile,MY,0,0.0,
7415,control,71.04,desktop,PH,0,0.0,
7416,treatment,53.14,desktop,MY,0,0.0,
7417,control,26.55,mobile,PH,0,0.0,
7418,treatment,17.87,desktop,MY,0,0.0,
7419,treatment,50.71,,ID,0,0.0,
7420,control,27.42,mobile,SG,0,0.0,
7421,control,20.35,desktop,VN,0,0.0,
7422,control,42.12,desktop,SG,0,0.0,
7423,control,60.58,mobile,ID,1,27.74,
7424,control,81.67,desktop,MY,1,36.8,
7425,treatment,38.1,mobile,PH,0,0.0,
7426,control,28.94,desktop,PH,0,0.0,
7427,control,17.46,mobile,SG,0,0.0,
7428,treatment,26.24,mobile,ID,0,0.0,
7429,treatment,96.07,mobile,PH,0,0.0,
7430,control,,mobile,SG,0,0.0,
7431,treatment,23.72,mobile,ID,0,0.0,
7432,treatment,36.72,mobile,VN,0,0.0,
7433,control,28.78,mobile,MY,0,0.0,
7434,treatment,,desktop,SG,0,0.0,
7435,treatment,14.27,mobile,PH,0,0.0,
7436,control,11.27,mobile,ID,0,0.0,
7437,control,21.87,mobile,VN,0,0.0,
7438,treatment,38.84,desktop,SG,0,0.0,
7439,treatment,28.12,mobile,PH,0,0.0,
7440,treatment,28.97,desktop,VN,0,0.0,
7441,control,35.19,,MY,0,0.0,
7442,control,18.77,desktop,SG,0,0.0,
7443,control,40.2,desktop,SG,0,0.0,
7444,control,17.82,mobile,ID,0,0.0,
7445,control,7.65,desktop,MY,0,0.0,
7446,control,39.16,mobile,MY,0,0.0,
7447,control,46.84,mobile,SG,0,0.0,
7448,treatment,9.1,mobile,MY,0,0.0,
7449,treatment,30.33,mobile,VN,0,0.0,
7450,treatment,61.31,,ID,0,0.0,
7451,treatment,38.13,mobile,PH,0,0.0,
7452,treatment,48.27,desktop,ID,0,0.0,
7453,control,47.48,mobile,MY,0,0.0,
7454,treatment,72.87,desktop,MY,0,0.0,
7455,treatment,20.68,desktop,SG,0,0.0,
7456,control,25.43,desktop,ID,0,0.0,
7457,treatment,46.06,desktop,SG,0,0.0,
7458,treatment,17.1,desktop,PH,1,38.5,
7459,control,25.05,mobile,SG,1,10.77,
7460,treatment,36.26,mobile,SG,0,0.0,
7461,treatment,105.51,mobile,PH,0,0.0,
7462,treatment,,mobile,SG,1,19.49,
7463,control,34.36,,ID,0,0.0,
7464,treatment,43.02,mobile,VN,0,0.0,
7465,treatment,2.02,mobile,SG,0,0.0,
7466,control,28.12,desktop,VN,0,0.0,
7467,control,3.74,mobile,ID,0,0.0,
7468,control,,desktop,SG,0,0.0,
7469,treatment,19.76,mobile,SG,0,0.0,
7470,treatment,9.14,desktop,VN,0,0.0,
7471,treatment,30.59,mobile,ID,1,12.27,
7472,control,8.58,mobile,SG,0,0.0,
7473,control,3.43,desktop,MY,0,0.0,
7474,treatment,17.67,desktop,SG,0,0.0,
7475,treatment,6.03,mobile,ID,0,0.0,
7476,control,23.94,mobile,PH,0,0.0,
7477,treatment,17.85,desktop,ID,0,0.0,
7478,treatment,20.74,desktop,PH,0,0.0,
7479,control,10.24,mobile,SG,0,0.0,
7480,control,40.61,desktop,ID,0,0.0,
7481,treatment,21.5,desktop,SG,1,12.76,
7482,control,11.52,desktop,ID,0,0.0,
7483,control,12.56,mobile,VN,0,0.0,
7484,treatment,13.37,desktop,MY,1,17.21,
7485,control,,mobile,ID,0,0.0,
7486,treatment,41.52,mobile,VN,0,0.0,
7487,control,10.17,,ID,0,0.0,
7488,control,13.59,mobile,MY,0,0.0,
7489,control,7.82,mobile,SG,0,0.0,
7490,treatment,92.29,mobile,SG,1,41.96,
7491,treatment,10.22,mobile,MY,0,0.0,
7492,control,18.01,mobile,VN,0,0.0,
7493,treatment,28.93,mobile,ID,0,0.0,
7494,treatment,77.0,,PH,0,0.0,
7495,control,12.78,mobile,ID,0,0.0,
7496,treatment,16.73,mobile,VN,0,0.0,
7497,control,,mobile,SG,0,0.0,
7498,treatment,20.09,desktop,ID,0,0.0,
7499,control,33.48,desktop,SG,0,0.0,
7500,control,,desktop,ID,0,0.0,
7501,treatment,100.23,desktop,SG,1,15.02,
7502,treatment,1.05,mobile,MY,0,0.0,
7503,treatment,1.71,desktop,ID,0,0.0,
7504,treatment,27.81,desktop,VN,0,0.0,
7505,control,60.52,desktop,VN,0,0.0,
7506,control,17.32,mobile,MY,0,0.0,
7507,treatment,29.55,desktop,MY,0,0.0,
7508,treatment,9.49,desktop,ID,0,0.0,
7509,control,65.84,mobile,ID,0,0.0,
7510,control,33.67,mobile,SG,1,27.3,
7511,control,18.96,mobile,ID,0,0.0,
7512,control,76.58,mobile,PH,0,0.0,
7513,control,27.93,mobile,MY,0,0.0,
7514,treatment,12.61,,VN,0,0.0,
7515,treatment,30.85,mobile,ID,0,0.0,
7516,treatment,,desktop,MY,1,4.07,
7517,treatment,12.27,mobile,ID,1,33.18,
7518,control,89.03,mobile,ID,0,0.0,
7519,control,44.13,mobile,SG,0,0.0,
7520,control,28.3,desktop,ID,0,0.0,
7521,treatment,13.95,mobile,PH,0,0.0,
7522,treatment,34.06,desktop,PH,0,0.0,
7523,treatment,53.53,mobile,ID,0,0.0,
7524,treatment,18.5,mobile,VN,0,0.0,
7525,control,17.97,mobile,ID,0,0.0,
7526,control,63.02,mobile,SG,0,0.0,
7527,control,11.58,desktop,SG,0,0.0,
7528,control,51.8,mobile,MY,0,0.0,
7529,control,18.02,mobile,MY,0,0.0,
7530,control,27.15,mobile,VN,1,34.72,
7531,treatment,44.82,desktop,ID,1,24.85,
7532,control,41.56,mobile,ID,0,0.0,
7533,control,,mobile,SG,0,0.0,
7534,treatment,45.6,desktop,SG,0,0.0,
7535,control,15.14,,SG,0,0.0,
7536,control,28.11,desktop,VN,0,0.0,
7537,treatment,32.51,,MY,0,0.0,
7538,treatment,35.65,mobile,PH,0,0.0,
7539,treatment,10.9,mobile,PH,0,0.0,
7540,treatment,,desktop,SG,0,0.0,
7541,treatment,17.05,desktop,SG,0,0.0,
7542,control,,desktop,SG,1,31.47,
7543,control,1.42,mobile,MY,0,0.0,
7544,treatment,10.4,mobile,VN,0,0.0,
7545,control,18.64,mobile,ID,0,0.0,
7546,treatment,,mobile,MY,0,0.0,
7547,treatment,20.2,desktop,VN,0,0.0,
7548,treatment,,mobile,VN,0,0.0,
7549,control,26.88,desktop,MY,0,0.0,
7550,treatment,30.41,desktop,ID,0,0.0,
7551,treatment,46.28,mobile,ID,0,0.0,
7552,control,16.31,desktop,MY,1,32.02,
7553,control,42.93,mobile,PH,0,0.0,
7554,control,5.63,desktop,MY,0,0.0,
7555,treatment,29.18,desktop,ID,0,0.0,
7556,treatment,44.85,desktop,ID,1,28.82,
7557,treatment,27.55,mobile,SG,0,0.0,
7558,control,38.62,mobile,SG,0,0.0,
7559,treatment,24.29,mobile,ID,0,0.0,
7560,control,14.02,mobile,ID,0,0.0,
7561,treatment,42.45,mobile,ID,0,0.0,
7562,treatment,16.73,mobile,SG,0,0.0,
7563,control,26.48,mobile,SG,0,0.0,
7564,control,30.68,mobile,VN,1,7.86,
7565,treatment,15.38,mobile,ID,0,0.0,
7566,control,20.93,mobile,SG,0,0.0,
7567,control,,desktop,ID,0,0.0,
7568,treatment,6.75,mobile,ID,0,0.0,
7569,control,32.46,desktop,VN,0,0.0,
7570,control,14.1,mobile,SG,0,0.0,
7571,control,21.9,desktop,SG,0,0.0,
7572,control,,mobile,MY,0,0.0,
7573,control,,desktop,ID,0,0.0,
7574,control,11.74,mobile,SG,0,0.0,
7575,control,,mobile,ID,0,0.0,
7576,control,15.8,desktop,ID,0,0.0,
7577,control,24.06,desktop,SG,1,76.94,
7578,control,37.06,mobile,ID,0,0.0,
7579,treatment,46.69,mobile,PH,1,9.71,
7580,treatment,22.36,mobile,VN,0,0.0,
7581,control,81.62,mobile,VN,0,0.0,
7582,control,8.02,mobile,SG,0,0.0,
7583,control,13.6,mobile,PH,0,0.0,
7584,control,13.34,mobile,SG,0,0.0,
7585,control,3.07,desktop,ID,0,0.0,
7586,control,10.45,mobile,VN,0,0.0,
7587,treatment,6.19,desktop,MY,0,0.0,
7588,treatment,21.32,mobile,MY,1,31.47,
7589,treatment,4.77,desktop,SG,1,20.08,
7590,treatment,44.26,mobile,SG,0,0.0,
7591,treatment,11.74,,SG,1,10.9,
7592,control,44.79,desktop,SG,0,0.0,
7593,control,22.09,desktop,PH,0,0.0,
7594,control,4.31,mobile,SG,0,0.0,
7595,treatment,15.96,mobile,PH,0,0.0,
7596,treatment,32.84,mobile,SG,0,0.0,
7597,control,73.99,mobile,SG,0,0.0,
7598,control,19.74,mobile,MY,0,0.0,
7599,control,8.22,mobile,SG,0,0.0,
7600,control,70.19,mobile,MY,0,0.0,
7601,treatment,29.27,mobile,PH,0,0.0,
7602,control,20.71,,MY,0,0.0,
7603,treatment,52.17,mobile,SG,0,0.0,
7604,control,83.67,desktop,PH,0,0.0,
7605,treatment,,mobile,ID,0,0.0,
7606,control,,desktop,SG,1,20.87,
7607,treatment,23.49,desktop,MY,0,0.0,
7608,control,21.03,mobile,VN,0,0.0,
7609,control,29.4,mobile,SG,0,0.0,
7610,control,46.68,mobile,SG,0,0.0,
7611,treatment,38.68,mobile,VN,0,0.0,
7612,treatment,6.64,mobile,ID,1,19.89,
7613,control,194.16,mobile,ID,0,0.0,
7614,treatment,25.32,mobile,MY,0,0.0,
7615,treatment,68.11,mobile,VN,0,0.0,
7616,treatment,5.4,mobile,SG,0,0.0,
7617,control,22.62,mobile,MY,0,0.0,
7618,treatment,44.52,mobile,MY,0,0.0,
7619,treatment,36.53,mobile,SG,0,0.0,
7620,control,36.15,mobile,MY,0,0.0,
7621,control,70.83,,MY,0,0.0,
7622,control,45.49,desktop,ID,0,0.0,
7623,control,52.05,mobile,SG,0,0.0,
7624,control,,,SG,1,7.69,
7625,treatment,4.84,desktop,MY,0,0.0,
7626,treatment,47.66,mobile,ID,0,0.0,
7627,treatment,27.31,mobile,ID,0,0.0,
7628,control,62.43,mobile,SG,0,0.0,
7629,treatment,6.57,mobile,VN,0,0.0,
7630,treatment,,desktop,MY,0,0.0,
7631,treatment,13.39,desktop,SG,0,0.0,
7632,control,7.35,desktop,SG,0,0.0,
7633,control,,mobile,SG,0,0.0,
7634,treatment,13.88,mobile,SG,0,0.0,
7635,control,31.63,mobile,MY,0,0.0,
7636,control,75.95,desktop,SG,0,0.0,
7637,treatment,29.07,desktop,ID,0,0.0,
7638,control,7.61,mobile,PH,0,0.0,
7639,control,50.38,mobile,SG,0,0.0,
7640,treatment,11.25,mobile,PH,0,0.0,
7641,control,,desktop,ID,0,0.0,
7642,treatment,27.22,mobile,MY,0,0.0,
7643,control,14.33,mobile,ID,0,0.0,
7644,treatment,28.32,desktop,SG,0,0.0,
7645,control,,,ID,0,0.0,
7646,treatment,10.09,desktop,VN,0,0.0,
7647,treatment,22.28,mobile,ID,0,0.0,
7648,treatment,41.67,,ID,0,0.0,
7649,treatment,45.99,desktop,SG,1,45.06,
7650,control,25.22,mobile,MY,0,0.0,
7651,control,47.31,mobile,ID,0,0.0,
7652,control,81.98,desktop,MY,0,0.0,
7653,treatment,20.96,mobile,PH,0,0.0,
7654,treatment,22.72,mobile,ID,0,0.0,
7655,treatment,51.08,desktop,SG,0,0.0,
7656,treatment,22.76,desktop,SG,0,0.0,
7657,control,83.64,desktop,PH,0,0.0,
7658,treatment,15.34,mobile,ID,0,0.0,
7659,treatment,,mobile,SG,0,0.0,
7660,control,24.64,desktop,PH,0,0.0,
7661,treatment,5.5,desktop,VN,0,0.0,
7662,control,4.93,desktop,MY,0,0.0,
7663,treatment,55.67,mobile,SG,0,0.0,
7664,control,61.46,mobile,PH,0,0.0,
7665,control,52.92,desktop,ID,0,0.0,
7666,control,14.81,mobile,SG,0,0.0,
7667,control,,mobile,VN,0,0.0,
7668,treatment,15.68,desktop,MY,0,0.0,
7669,treatment,49.99,mobile,PH,0,0.0,
7670,control,57.48,desktop,PH,1,23.04,
7671,control,,desktop,ID,0,0.0,
7672,control,29.75,desktop,MY,0,0.0,
7673,control,17.21,mobile,ID,0,0.0,
7674,treatment,50.45,mobile,MY,0,0.0,
7675,control,39.56,mobile,SG,0,0.0,
7676,control,25.48,mobile,SG,0,0.0,
7677,treatment,46.82,desktop,MY,0,0.0,
7678,treatment,,desktop,PH,0,0.0,
7679,treatment,18.47,desktop,ID,0,0.0,
7680,treatment,11.95,mobile,SG,0,0.0,
7681,control,15.36,desktop,ID,0,0.0,
7682,control,14.29,mobile,ID,0,0.0,
7683,control,5.98,mobile,MY,0,0.0,
7684,control,32.75,desktop,SG,0,0.0,
7685,treatment,27.63,mobile,SG,0,0.0,
7686,control,37.88,desktop,ID,0,0.0,
7687,control,39.45,mobile,ID,0,0.0,
7688,control,30.48,desktop,SG,0,0.0,
7689,control,49.78,mobile,ID,0,0.0,
7690,control,21.52,mobile,SG,0,0.0,
7691,control,18.35,desktop,ID,1,18.22,
7692,control,29.25,mobile,ID,0,0.0,
7693,control,30.51,desktop,MY,0,0.0,
7694,control,28.21,mobile,SG,0,0.0,
7695,treatment,6.65,mobile,ID,0,0.0,
7696,treatment,7.0,desktop,SG,1,9.21,
7697,treatment,68.7,desktop,PH,0,0.0,
7698,treatment,4.85,mobile,VN,0,0.0,
7699,control,15.62,mobile,MY,0,0.0,
7700,treatment,33.52,mobile,MY,0,0.0,
7701,treatment,,desktop,ID,0,0.0,
7702,treatment,13.86,mobile,SG,0,0.0,
7703,treatment,40.12,mobile,SG,0,0.0,
7704,treatment,11.52,desktop,MY,0,0.0,
7705,treatment,42.99,mobile,MY,0,0.0,
7706,treatment,34.66,mobile,SG,0,0.0,
7707,control,44.53,mobile,ID,0,0.0,
7708,treatment,,desktop,PH,0,0.0,
7709,control,7.72,mobile,MY,0,0.0,
7710,treatment,77.2,mobile,MY,1,14.95,
7711,control,31.74,mobile,ID,0,0.0,
7712,control,42.13,mobile,SG,0,0.0,
7713,control,28.64,mobile,PH,0,0.0,
7714,treatment,33.63,mobile,VN,0,0.0,
7715,treatment,10.54,mobile,SG,0,0.0,
7716,treatment,48.74,desktop,VN,1,10.59,
7717,treatment,30.33,mobile,SG,1,41.3,
7718,control,59.27,desktop,SG,0,0.0,
7719,treatment,27.27,mobile,ID,0,0.0,
7720,treatment,5.75,mobile,ID,0,0.0,
7721,treatment,14.42,mobile,ID,0,0.0,
7722,treatment,36.47,mobile,MY,0,0.0,
7723,control,3.3,mobile,PH,0,0.0,
7724,treatment,20.15,mobile,SG,0,0.0,
7725,treatment,17.04,mobile,PH,0,0.0,
7726,control,19.26,mobile,MY,0,0.0,
7727,control,32.71,mobile,PH,0,0.0,
7728,control,13.04,mobile,SG,0,0.0,
7729,control,43.36,desktop,ID,0,0.0,
7730,control,51.68,desktop,PH,0,0.0,
7731,control,12.59,mobile,MY,0,0.0,
7732,treatment,16.78,mobile,ID,0,0.0,
7733,control,11.52,mobile,ID,0,0.0,
7734,control,,desktop,SG,0,0.0,
7735,control,120.11,mobile,ID,0,0.0,
7736,treatment,13.96,mobile,ID,0,0.0,
7737,control,19.38,,ID,0,0.0,
7738,control,34.58,mobile,SG,0,0.0,
7739,treatment,39.24,mobile,VN,0,0.0,
7740,control,22.75,mobile,PH,0,0.0,
7741,control,14.25,desktop,ID,0,0.0,
7742,control,37.35,desktop,PH,0,0.0,
7743,treatment,34.38,mobile,SG,1,14.36,
7744,control,24.25,mobile,MY,0,0.0,
7745,control,11.49,desktop,ID,0,0.0,
7746,treatment,3.55,desktop,VN,0,0.0,
7747,control,40.29,mobile,VN,0,0.0,
7748,control,62.97,mobile,SG,1,23.22,
7749,control,9.72,mobile,SG,0,0.0,
7750,treatment,9.21,desktop,SG,0,0.0,
7751,treatment,13.84,mobile,SG,0,0.0,
7752,treatment,14.86,desktop,SG,0,0.0,
7753,treatment,9.25,mobile,VN,0,0.0,
7754,treatment,33.27,mobile,MY,0,0.0,
7755,control,24.77,mobile,MY,0,0.0,
7756,control,23.59,mobile,ID,0,0.0,
7757,control,33.11,mobile,ID,0,0.0,
7758,control,21.95,mobile,ID,0,0.0,
7759,treatment,42.24,desktop,PH,1,27.17,
7760,treatment,21.52,desktop,ID,1,28.88,
7761,treatment,,mobile,VN,0,0.0,
7762,control,95.32,mobile,PH,0,0.0,
7763,control,90.26,mobile,MY,0,0.0,
7764,control,76.3,mobile,ID,0,0.0,
7765,control,6.6,,SG,0,0.0,
7766,control,23.43,mobile,ID,0,0.0,
7767,treatment,16.18,desktop,VN,0,0.0,
7768,control,29.32,desktop,SG,0,0.0,
7769,treatment,11.04,,SG,0,0.0,
7770,control,2.45,mobile,ID,0,0.0,
7771,treatment,29.64,mobile,ID,0,0.0,
7772,control,47.12,mobile,SG,0,0.0,
7773,control,25.62,mobile,ID,0,0.0,
7774,treatment,45.32,,SG,1,20.49,
7775,treatment,13.12,mobile,MY,0,0.0,
7776,control,5.52,desktop,SG,1,19.14,
7777,control,38.65,desktop,SG,0,0.0,
7778,treatment,26.53,mobile,SG,1,39.6,
7779,treatment,65.55,mobile,SG,0,0.0,
7780,treatment,63.71,desktop,ID,0,0.0,
7781,treatment,49.51,mobile,SG,0,0.0,
7782,control,8.74,desktop,ID,0,0.0,
7783,treatment,17.88,mobile,VN,1,17.72,
7784,control,14.49,mobile,SG,1,65.78,
7785,treatment,15.01,mobile,SG,1,27.7,
7786,control,4.68,mobile,ID,0,0.0,
7787,control,19.19,mobile,SG,0,0.0,
7788,treatment,18.8,desktop,SG,0,0.0,
7789,treatment,30.72,desktop,MY,0,0.0,
7790,control,,desktop,MY,0,0.0,
7791,control,18.65,desktop,MY,1,16.22,
7792,control,26.81,desktop,PH,0,0.0,
7793,treatment,18.55,mobile,ID,0,0.0,
7794,treatment,18.48,desktop,ID,0,0.0,
7795,treatment,20.91,mobile,ID,0,0.0,
7796,treatment,26.05,mobile,MY,0,0.0,
7797,control,61.57,desktop,MY,0,0.0,
7798,treatment,15.48,mobile,SG,0,0.0,
7799,treatment,38.81,mobile,SG,0,0.0,
7800,control,26.99,mobile,SG,0,0.0,
7801,control,15.37,mobile,SG,0,0.0,
7802,control,14.83,mobile,SG,0,0.0,
7803,treatment,16.43,mobile,ID,0,0.0,
7804,treatment,21.84,desktop,ID,0,0.0,
7805,control,55.5,mobile,VN,0,0.0,
7806,treatment,37.24,mobile,SG,0,0.0,
7807,treatment,44.18,desktop,ID,0,0.0,
7808,control,,mobile,PH,0,0.0,
7809,control,3.99,mobile,ID,0,0.0,
7810,treatment,29.79,mobile,ID,0,0.0,
7811,treatment,,desktop,SG,0,0.0,
7812,treatment,,mobile,MY,0,0.0,
7813,control,20.76,mobile,MY,0,0.0,
7814,treatment,37.01,mobile,ID,0,0.0,
7815,control,26.8,mobile,VN,0,0.0,
7816,control,41.03,desktop,ID,0,0.0,
7817,control,5.12,mobile,MY,1,38.68,
7818,control,13.55,mobile,ID,0,0.0,
7819,treatment,46.8,desktop,MY,0,0.0,
7820,treatment,48.35,mobile,SG,0,0.0,
7821,treatment,27.27,mobile,MY,0,0.0,
7822,treatment,8.04,desktop,SG,1,9.38,
7823,treatment,12.87,desktop,SG,0,0.0,
7824,control,49.13,mobile,MY,0,0.0,
7825,control,39.2,desktop,ID,0,0.0,
7826,control,6.71,mobile,PH,0,0.0,
7827,control,6.11,mobile,PH,0,0.0,
7828,treatment,76.64,desktop,PH,0,0.0,
7829,control,5.81,mobile,SG,0,0.0,
7830,treatment,27.37,desktop,SG,0,0.0,
7831,control,15.25,mobile,SG,0,0.0,
7832,control,43.37,mobile,PH,0,0.0,
7833,control,27.81,mobile,SG,0,0.0,
7834,treatment,21.5,mobile,ID,0,0.0,
7835,control,4.48,mobile,SG,1,16.36,
7836,control,64.98,desktop,ID,1,44.91,
7837,treatment,105.46,mobile,SG,0,0.0,
7838,control,49.17,desktop,SG,1,53.86,
7839,control,16.85,,SG,0,0.0,
7840,control,12.01,mobile,PH,0,0.0,
7841,control,59.84,mobile,SG,1,20.66,
7842,control,12.42,desktop,ID,1,26.15,
7843,control,76.61,desktop,MY,0,0.0,
7844,control,28.36,mobile,SG,0,0.0,
7845,control,55.36,mobile,ID,0,0.0,
7846,treatment,16.53,mobile,MY,0,0.0,
7847,control,1.69,,ID,1,12.43,
7848,treatment,48.85,desktop,SG,0,0.0,
7849,control,22.99,mobile,SG,0,0.0,
7850,treatment,,mobile,MY,0,0.0,
7851,control,4.22,mobile,PH,0,0.0,
7852,control,25.25,mobile,SG,0,0.0,
7853,control,21.33,desktop,MY,1,42.59,
7854,treatment,18.75,desktop,ID,0,0.0,
7855,treatment,39.36,desktop,SG,0,0.0,
7856,treatment,178.65,mobile,MY,0,0.0,
7857,control,6.37,mobile,SG,0,0.0,
7858,control,17.73,desktop,ID,0,0.0,
7859,control,13.37,desktop,ID,0,0.0,
7860,treatment,26.09,mobile,PH,0,0.0,
7861,treatment,12.25,mobile,ID,0,0.0,
7862,treatment,68.69,mobile,ID,0,0.0,
7863,treatment,29.47,mobile,MY,0,0.0,
7864,control,72.5,,ID,0,0.0,
7865,control,7.66,desktop,PH,1,54.66,
7866,control,,mobile,MY,0,0.0,
7867,control,40.79,desktop,ID,0,0.0,
7868,treatment,19.34,mobile,PH,0,0.0,
7869,control,31.28,mobile,PH,0,0.0,
7870,treatment,5.82,desktop,MY,0,0.0,
7871,treatment,19.33,mobile,SG,0,0.0,
7872,treatment,67.73,mobile,VN,0,0.0,
7873,control,60.09,mobile,SG,0,0.0,
7874,control,22.91,mobile,SG,0,0.0,
7875,control,21.97,desktop,MY,0,0.0,
7876,control,27.63,mobile,ID,0,0.0,
7877,treatment,15.19,desktop,MY,1,27.36,
7878,control,34.77,desktop,VN,0,0.0,
7879,control,32.0,mobile,PH,0,0.0,
7880,treatment,44.58,mobile,SG,0,0.0,
7881,treatment,,mobile,ID,0,0.0,
7882,treatment,12.77,mobile,ID,0,0.0,
7883,treatment,42.86,mobile,ID,1,30.91,
7884,control,,desktop,MY,0,0.0,
7885,treatment,24.62,desktop,SG,0,0.0,
7886,treatment,5.31,mobile,MY,0,0.0,
7887,control,35.91,mobile,ID,0,0.0,
7888,treatment,35.14,mobile,VN,0,0.0,
7889,control,18.14,desktop,VN,0,0.0,
7890,treatment,54.64,mobile,ID,0,0.0,
7891,treatment,20.96,desktop,MY,0,0.0,
7892,treatment,,mobile,MY,0,0.0,
7893,control,18.49,desktop,MY,0,0.0,
7894,treatment,17.28,mobile,SG,0,0.0,
7895,treatment,70.14,mobile,MY,0,0.0,
7896,control,5.97,mobile,SG,0,0.0,
7897,control,23.17,desktop,SG,0,0.0,
7898,control,26.19,,VN,0,0.0,
7899,control,12.89,mobile,VN,0,0.0,
7900,treatment,43.42,desktop,MY,0,0.0,
7901,treatment,34.9,mobile,ID,0,0.0,
7902,treatment,96.96,mobile,PH,0,0.0,
7903,treatment,41.94,mobile,SG,0,0.0,
7904,control,20.8,mobile,VN,0,0.0,
7905,treatment,31.44,mobile,MY,1,14.95,
7906,treatment,33.52,mobile,ID,1,10.26,
7907,control,11.01,mobile,PH,0,0.0,
7908,treatment,80.14,desktop,ID,0,0.0,
7909,control,39.78,mobile,MY,0,0.0,
7910,treatment,,mobile,VN,0,0.0,
7911,treatment,3.79,mobile,SG,0,0.0,
7912,control,38.74,mobile,MY,0,0.0,
7913,control,8.04,mobile,SG,0,0.0,
7914,treatment,11.08,desktop,SG,0,0.0,
7915,treatment,29.49,mobile,MY,0,0.0,
7916,control,33.47,mobile,SG,0,0.0,
7917,treatment,36.53,desktop,ID,0,0.0,
7918,control,59.83,mobile,PH,1,55.42,
7919,control,8.74,mobile,SG,0,0.0,
7920,treatment,27.93,desktop,SG,0,0.0,
7921,treatment,25.01,desktop,MY,0,0.0,
7922,treatment,88.01,,ID,0,0.0,
7923,control,67.3,mobile,PH,1,30.11,
7924,control,6.65,mobile,PH,0,0.0,
7925,treatment,4.07,desktop,SG,0,0.0,
7926,control,45.46,mobile,ID,0,0.0,
7927,control,8.53,,ID,1,26.81,
7928,control,0.55,mobile,MY,0,0.0,
7929,control,34.37,mobile,SG,0,0.0,
7930,control,23.37,desktop,SG,0,0.0,
7931,control,40.17,mobile,ID,0,0.0,
7932,treatment,14.24,mobile,SG,0,0.0,
7933,treatment,40.52,mobile,MY,0,0.0,
7934,control,30.76,mobile,ID,0,0.0,
7935,treatment,18.85,mobile,ID,0,0.0,
7936,control,47.47,mobile,ID,0,0.0,
7937,treatment,43.26,mobile,SG,1,46.37,
7938,treatment,19.58,mobile,MY,0,0.0,
7939,control,71.15,desktop,ID,0,0.0,
7940,control,9.85,mobile,PH,0,0.0,
7941,treatment,16.84,mobile,PH,1,7.8,
7942,control,15.21,mobile,ID,1,23.86,
7943,treatment,46.12,,MY,0,0.0,
7944,treatment,95.29,mobile,MY,1,10.36,
7945,treatment,48.62,mobile,ID,0,0.0,
7946,control,15.61,desktop,ID,0,0.0,
7947,treatment,32.83,mobile,VN,0,0.0,
7948,control,15.19,mobile,SG,0,0.0,
7949,treatment,8.25,mobile,SG,0,0.0,
7950,control,35.64,mobile,PH,0,0.0,
7951,treatment,32.88,mobile,SG,0,0.0,
7952,treatment,21.4,mobile,ID,0,0.0,
7953,control,21.31,mobile,ID,1,9.32,
7954,control,30.74,desktop,ID,0,0.0,
7955,control,55.4,mobile,ID,0,0.0,
7956,treatment,26.01,mobile,MY,0,0.0,
7957,control,12.91,mobile,SG,1,26.78,
7958,treatment,31.78,desktop,MY,0,0.0,
7959,control,30.89,mobile,ID,0,0.0,
7960,treatment,7.9,desktop,ID,0,0.0,
7961,treatment,16.33,mobile,ID,0,0.0,
7962,treatment,45.44,desktop,VN,0,0.0,
7963,control,12.75,mobile,MY,1,5.41,
7964,treatment,38.57,mobile,ID,0,0.0,
7965,control,21.71,desktop,MY,0,0.0,
7966,treatment,,mobile,SG,0,0.0,
7967,treatment,4.49,mobile,SG,1,15.07,
7968,treatment,56.78,desktop,ID,0,0.0,
7969,control,53.95,desktop,PH,0,0.0,
7970,treatment,3.53,mobile,PH,1,33.75,
7971,control,70.91,mobile,ID,0,0.0,
7972,treatment,21.35,mobile,VN,1,40.24,
7973,control,17.31,mobile,ID,0,0.0,
7974,control,,mobile,ID,0,0.0,
7975,treatment,,mobile,ID,0,0.0,
7976,control,75.52,mobile,SG,0,0.0,
7977,treatment,23.79,mobile,SG,0,0.0,
7978,treatment,43.06,desktop,MY,0,0.0,
7979,control,4.61,desktop,VN,0,0.0,
7980,treatment,30.78,mobile,SG,0,0.0,
7981,control,13.87,mobile,VN,0,0.0,
7982,treatment,46.8,mobile,MY,0,0.0,
7983,control,27.9,mobile,ID,0,0.0,
7984,treatment,17.01,mobile,VN,0,0.0,
7985,treatment,8.96,mobile,MY,1,20.41,
7986,control,8.76,mobile,PH,0,0.0,
7987,treatment,16.66,mobile,ID,0,0.0,
7988,treatment,33.41,mobile,ID,0,0.0,
7989,control,36.96,mobile,MY,0,0.0,
7990,treatment,14.59,mobile,SG,0,0.0,
7991,control,134.09,,ID,0,0.0,
7992,treatment,54.78,mobile,PH,1,19.26,
7993,treatment,34.88,mobile,SG,0,0.0,
7994,treatment,,desktop,SG,1,10.94,
7995,treatment,17.83,mobile,ID,0,0.0,
7996,control,64.22,mobile,SG,0,0.0,
7997,control,24.35,desktop,ID,0,0.0,
7998,treatment,37.04,desktop,ID,0,0.0,
7999,treatment,32.37,mobile,SG,0,0.0,
8000,treatment,95.1,mobile,SG,0,0.0,
8001,control,43.05,desktop,ID,0,0.0,
8002,control,83.83,mobile,SG,0,0.0,
8003,control,52.99,mobile,MY,1,18.45,
8004,control,4.88,desktop,SG,0,0.0,
8005,control,10.61,,MY,0,0.0,
8006,treatment,55.28,desktop,SG,0,0.0,
8007,control,14.36,desktop,PH,0,0.0,
8008,control,23.67,desktop,SG,0,0.0,
8009,control,20.89,mobile,ID,0,0.0,
8010,control,15.37,mobile,VN,0,0.0,
8011,treatment,18.93,mobile,ID,0,0.0,
8012,treatment,16.66,mobile,SG,0,0.0,
8013,control,24.53,mobile,SG,1,41.73,
8014,control,21.48,mobile,PH,0,0.0,
8015,control,63.7,mobile,VN,0,0.0,
8016,treatment,22.98,mobile,MY,0,0.0,
8017,treatment,,mobile,MY,1,24.21,
8018,control,35.67,desktop,ID,0,0.0,
8019,treatment,29.51,mobile,MY,0,0.0,
8020,control,4.38,mobile,PH,0,0.0,
8021,control,19.28,mobile,MY,0,0.0,
8022,control,58.42,desktop,SG,1,10.83,
8023,control,37.16,mobile,ID,0,0.0,
8024,treatment,48.89,mobile,SG,0,0.0,
8025,treatment,,mobile,MY,0,0.0,
8026,treatment,66.61,mobile,ID,0,0.0,
8027,treatment,26.45,mobile,ID,0,0.0,
8028,control,23.69,mobile,ID,0,0.0,
8029,treatment,19.95,mobile,MY,0,0.0,
8030,control,25.35,,MY,0,0.0,
8031,control,9.89,mobile,ID,0,0.0,
8032,treatment,14.83,desktop,VN,0,0.0,
8033,control,10.88,desktop,ID,0,0.0,
8034,treatment,26.17,mobile,SG,0,0.0,
8035,treatment,15.28,desktop,PH,0,0.0,
8036,control,2.58,desktop,ID,0,0.0,
8037,control,5.81,mobile,SG,0,0.0,
8038,treatment,86.91,,SG,0,0.0,
8039,control,71.09,,VN,1,17.65,
8040,treatment,42.42,mobile,SG,1,5.14,
8041,control,34.62,mobile,SG,0,0.0,
8042,treatment,,desktop,MY,0,0.0,
8043,control,28.16,mobile,PH,0,0.0,
8044,treatment,13.32,mobile,MY,0,0.0,
8045,treatment,39.72,mobile,ID,0,0.0,
8046,treatment,22.14,mobile,ID,0,0.0,
8047,control,22.81,mobile,ID,1,23.38,
8048,control,16.47,desktop,SG,0,0.0,
8049,control,33.08,mobile,SG,1,37.87,
8050,control,29.77,desktop,SG,0,0.0,
8051,treatment,6.34,desktop,SG,0,0.0,
8052,control,,mobile,MY,0,0.0,
8053,control,4.74,mobile,SG,0,0.0,
8054,treatment,,mobile,SG,1,24.75,
8055,control,42.61,mobile,ID,0,0.0,
8056,treatment,,desktop,SG,0,0.0,
8057,control,49.02,desktop,MY,1,14.66,
8058,treatment,12.76,mobile,ID,0,0.0,
8059,control,20.61,mobile,SG,0,0.0,
8060,treatment,31.06,mobile,MY,1,22.3,
8061,treatment,28.56,mobile,MY,1,15.22,
8062,control,49.04,desktop,MY,1,43.41,
8063,treatment,18.13,mobile,ID,0,0.0,
8064,treatment,13.19,mobile,SG,0,0.0,
8065,treatment,36.62,,SG,0,0.0,
8066,treatment,6.98,mobile,SG,0,0.0,
8067,treatment,14.35,desktop,MY,0,0.0,
8068,treatment,31.62,,ID,0,0.0,
8069,control,39.0,desktop,PH,0,0.0,
8070,treatment,11.11,desktop,PH,0,0.0,
8071,control,6.42,mobile,ID,0,0.0,
8072,treatment,9.94,mobile,ID,1,20.34,
8073,treatment,1.81,desktop,MY,1,24.01,
8074,control,10.0,mobile,ID,1,35.63,
8075,treatment,34.21,desktop,MY,0,0.0,
8076,treatment,8.54,desktop,VN,0,0.0,
8077,control,43.26,,MY,0,0.0,
8078,control,47.09,mobile,MY,0,0.0,
8079,treatment,8.92,desktop,MY,1,102.45,
8080,treatment,36.7,mobile,MY,0,0.0,
8081,control,33.67,mobile,SG,0,0.0,
8082,treatment,31.37,mobile,MY,0,0.0,
8083,treatment,17.07,desktop,SG,0,0.0,
8084,treatment,20.74,,SG,0,0.0,
8085,control,81.32,desktop,SG,1,36.26,
8086,treatment,15.91,mobile,SG,0,0.0,
8087,treatment,5.32,desktop,SG,0,0.0,
8088,control,11.98,desktop,ID,0,0.0,
8089,control,15.87,mobile,MY,0,0.0,
8090,control,26.25,mobile,PH,0,0.0,
8091,control,70.68,mobile,PH,0,0.0,
8092,treatment,44.52,mobile,MY,1,32.92,
8093,treatment,31.94,mobile,MY,0,0.0,
8094,treatment,68.94,desktop,ID,0,0.0,
8095,treatment,48.43,mobile,ID,0,0.0,
8096,treatment,39.12,mobile,ID,0,0.0,
8097,treatment,50.92,desktop,SG,0,0.0,
8098,control,46.63,mobile,ID,1,28.01,
8099,treatment,8.11,mobile,ID,0,0.0,
8100,control,41.3,mobile,MY,1,18.87,
8101,control,,mobile,ID,0,0.0,
8102,control,11.95,mobile,ID,0,0.0,
8103,control,32.05,mobile,ID,0,0.0,
8104,control,33.17,mobile,PH,0,0.0,
8105,treatment,31.21,mobile,PH,1,26.18,
8106,control,17.14,desktop,MY,0,0.0,
8107,control,,mobile,ID,1,15.79,
8108,control,48.45,mobile,VN,0,0.0,
8109,control,36.0,mobile,MY,0,0.0,
8110,treatment,37.65,mobile,SG,0,0.0,
8111,treatment,49.33,mobile,SG,0,0.0,
8112,treatment,6.2,mobile,VN,1,26.43,
8113,treatment,21.89,desktop,ID,0,0.0,
8114,treatment,55.49,,SG,1,36.43,
8115,treatment,56.46,desktop,SG,0,0.0,
8116,control,15.07,mobile,ID,0,0.0,
8117,treatment,3.16,mobile,MY,0,0.0,
8118,treatment,22.84,mobile,ID,0,0.0,
8119,control,,desktop,SG,0,0.0,
8120,control,15.78,mobile,VN,0,0.0,
8121,control,41.08,mobile,VN,0,0.0,
8122,control,7.49,mobile,SG,0,0.0,
8123,control,,mobile,MY,0,0.0,
8124,control,24.17,desktop,ID,0,0.0,
8125,control,14.17,mobile,SG,1,1.83,
8126,treatment,27.53,desktop,MY,0,0.0,
8127,treatment,,mobile,SG,0,0.0,
8128,control,45.97,mobile,ID,0,0.0,
8129,treatment,18.94,mobile,SG,0,0.0,
8130,control,6.85,,SG,0,0.0,
8131,treatment,17.03,desktop,MY,1,7.28,
8132,treatment,4.85,desktop,VN,0,0.0,
8133,control,,mobile,SG,0,0.0,
8134,treatment,65.03,mobile,SG,0,0.0,
8135,treatment,9.57,mobile,PH,1,19.87,
8136,control,29.59,desktop,ID,0,0.0,
8137,control,15.78,mobile,ID,0,0.0,
8138,treatment,35.3,,PH,0,0.0,
8139,control,45.4,mobile,ID,0,0.0,
8140,control,22.99,desktop,ID,0,0.0,
8141,control,72.67,mobile,SG,0,0.0,
8142,treatment,51.5,desktop,ID,0,0.0,
8143,control,1.65,mobile,ID,0,0.0,
8144,treatment,52.4,mobile,MY,0,0.0,
8145,treatment,14.0,desktop,ID,0,0.0,
8146,control,66.86,mobile,SG,0,0.0,
8147,treatment,16.15,desktop,SG,0,0.0,
8148,control,12.65,mobile,VN,0,0.0,
8149,control,28.75,mobile,PH,0,0.0,
8150,treatment,,desktop,ID,0,0.0,
8151,control,14.79,mobile,VN,0,0.0,
8152,treatment,6.53,desktop,MY,0,0.0,
8153,control,15.97,desktop,SG,0,0.0,
8154,control,23.72,desktop,SG,1,4.29,
8155,treatment,13.33,mobile,MY,0,0.0,
8156,control,65.23,mobile,SG,0,0.0,
8157,control,84.7,mobile,MY,0,0.0,
8158,control,40.41,mobile,ID,1,11.97,
8159,treatment,,mobile,ID,0,0.0,
8160,treatment,32.49,desktop,VN,0,0.0,
8161,control,,mobile,VN,0,0.0,
8162,treatment,40.34,desktop,SG,0,0.0,
8163,treatment,61.55,mobile,ID,0,0.0,
8164,treatment,83.2,mobile,ID,0,0.0,
8165,control,4.07,mobile,SG,0,0.0,
8166,control,12.91,mobile,MY,1,29.05,
8167,treatment,17.78,mobile,PH,1,49.17,
8168,treatment,8.71,mobile,PH,0,0.0,
8169,treatment,44.55,,MY,0,0.0,
8170,control,25.76,mobile,MY,0,0.0,
8171,control,16.29,mobile,SG,0,0.0,
8172,control,43.91,desktop,PH,0,0.0,
8173,control,12.27,mobile,PH,1,27.75,
8174,treatment,51.56,mobile,SG,0,0.0,
8175,treatment,18.36,mobile,MY,0,0.0,
8176,control,73.51,desktop,ID,0,0.0,
8177,treatment,19.63,mobile,SG,0,0.0,
8178,treatment,81.84,mobile,SG,0,0.0,
8179,treatment,18.17,,SG,0,0.0,
8180,control,18.54,mobile,PH,0,0.0,
8181,treatment,21.96,mobile,ID,0,0.0,
8182,treatment,31.48,mobile,SG,0,0.0,
8183,control,80.07,mobile,MY,0,0.0,
8184,treatment,,mobile,MY,1,30.28,
8185,treatment,7.89,mobile,SG,0,0.0,
8186,treatment,20.36,mobile,ID,0,0.0,
8187,treatment,25.52,,VN,0,0.0,
8188,treatment,19.01,mobile,MY,0,0.0,
8189,control,55.83,desktop,MY,0,0.0,
8190,control,16.04,mobile,MY,0,0.0,
8191,control,,mobile,ID,0,0.0,
8192,control,16.33,mobile,VN,0,0.0,
8193,treatment,20.94,mobile,PH,0,0.0,
8194,control,14.22,desktop,MY,0,0.0,
8195,control,36.98,mobile,PH,0,0.0,
8196,treatment,7.48,desktop,MY,0,0.0,
8197,treatment,23.58,mobile,VN,0,0.0,
8198,control,27.95,mobile,MY,0,0.0,
8199,treatment,13.87,desktop,ID,0,0.0,
8200,treatment,51.53,mobile,MY,1,30.63,
8201,control,20.82,mobile,MY,0,0.0,
8202,treatment,4.27,desktop,PH,0,0.0,
8203,treatment,18.99,desktop,ID,0,0.0,
8204,control,8.09,mobile,ID,0,0.0,
8205,control,23.26,desktop,PH,0,0.0,
8206,treatment,28.4,mobile,SG,0,0.0,
8207,control,6.16,mobile,ID,0,0.0,
8208,control,31.16,desktop,ID,0,0.0,
8209,control,19.98,mobile,SG,1,27.98,
8210,treatment,13.24,mobile,VN,1,18.3,
8211,control,45.42,mobile,SG,0,0.0,
8212,control,36.22,desktop,MY,0,0.0,
8213,treatment,,,SG,0,0.0,
8214,treatment,5.16,,ID,0,0.0,
8215,control,3.78,desktop,MY,0,0.0,
8216,control,28.45,mobile,MY,1,34.98,
8217,treatment,,mobile,MY,0,0.0,
8218,control,37.46,desktop,SG,0,0.0,
8219,treatment,49.14,mobile,SG,0,0.0,
8220,control,27.85,mobile,PH,0,0.0,
8221,control,9.52,mobile,SG,0,0.0,
8222,treatment,9.65,mobile,VN,0,0.0,
8223,control,,desktop,ID,0,0.0,
8224,treatment,,desktop,ID,1,14.41,
8225,treatment,10.42,desktop,ID,0,0.0,
8226,control,21.6,mobile,MY,0,0.0,
8227,control,58.04,mobile,SG,0,0.0,
8228,control,42.63,desktop,ID,1,13.44,
8229,treatment,30.05,mobile,SG,0,0.0,
8230,treatment,38.24,mobile,VN,0,0.0,
8231,control,17.47,desktop,ID,0,0.0,
8232,treatment,82.93,desktop,ID,0,0.0,
8233,treatment,13.87,desktop,MY,0,0.0,
8234,treatment,20.26,desktop,PH,0,0.0,
8235,control,10.55,mobile,SG,0,0.0,
8236,treatment,,mobile,MY,0,0.0,
8237,control,39.29,mobile,SG,1,29.81,
8238,treatment,32.19,mobile,MY,0,0.0,
8239,control,61.3,desktop,SG,0,0.0,
8240,treatment,92.32,mobile,SG,0,0.0,
8241,treatment,11.24,mobile,SG,0,0.0,
8242,control,29.07,desktop,SG,0,0.0,
8243,treatment,7.63,mobile,MY,0,0.0,
8244,control,29.38,desktop,ID,0,0.0,
8245,treatment,29.14,desktop,SG,0,0.0,
8246,control,11.92,mobile,PH,0,0.0,
8247,control,10.87,mobile,PH,0,0.0,
8248,treatment,55.59,,ID,0,0.0,
8249,treatment,33.62,mobile,PH,0,0.0,
8250,control,36.15,mobile,PH,0,0.0,
8251,control,15.32,desktop,ID,0,0.0,
8252,control,14.84,desktop,SG,0,0.0,
8253,treatment,25.22,mobile,VN,0,0.0,
8254,treatment,,desktop,ID,0,0.0,
8255,control,41.11,mobile,ID,0,0.0,
8256,treatment,69.9,desktop,MY,0,0.0,
8257,control,17.26,mobile,ID,0,0.0,
8258,control,167.67,mobile,ID,0,0.0,
8259,treatment,18.76,desktop,MY,0,0.0,
8260,control,37.06,mobile,ID,0,0.0,
8261,treatment,,mobile,ID,0,0.0,
8262,control,60.35,,SG,0,0.0,
8263,control,31.78,desktop,MY,0,0.0,
8264,treatment,,desktop,SG,0,0.0,
8265,treatment,20.08,mobile,ID,0,0.0,
8266,control,29.2,mobile,PH,0,0.0,
8267,control,15.32,mobile,SG,0,0.0,
8268,control,12.14,mobile,MY,0,0.0,
8269,treatment,36.02,mobile,SG,0,0.0,
8270,treatment,13.39,mobile,MY,0,0.0,
8271,control,31.01,desktop,ID,0,0.0,
8272,control,28.91,mobile,ID,1,22.85,
8273,control,29.4,mobile,ID,0,0.0,
8274,control,25.91,desktop,SG,0,0.0,
8275,control,42.82,mobile,SG,0,0.0,
8276,control,8.2,mobile,SG,0,0.0,
8277,treatment,36.25,mobile,VN,0,0.0,
8278,control,5.39,desktop,SG,0,0.0,
8279,control,17.2,,SG,0,0.0,
8280,treatment,24.02,mobile,MY,0,0.0,
8281,control,5.52,mobile,ID,0,0.0,
8282,treatment,52.48,desktop,MY,1,33.95,
8283,control,,desktop,MY,0,0.0,
8284,control,56.75,mobile,ID,0,0.0,
8285,treatment,100.17,mobile,PH,0,0.0,
8286,treatment,20.29,mobile,VN,1,48.78,
8287,treatment,47.26,mobile,MY,0,0.0,
8288,treatment,78.65,mobile,ID,0,0.0,
8289,control,10.49,mobile,PH,0,0.0,
8290,control,52.93,desktop,VN,1,18.67,
8291,control,26.86,mobile,MY,0,0.0,
8292,control,21.39,desktop,PH,0,0.0,
8293,treatment,50.0,desktop,SG,0,0.0,
8294,treatment,13.38,desktop,VN,1,25.46,
8295,treatment,23.76,desktop,VN,0,0.0,
8296,treatment,19.83,mobile,PH,0,0.0,
8297,treatment,32.59,mobile,VN,0,0.0,
8298,treatment,20.96,,MY,0,0.0,
8299,control,27.21,mobile,SG,0,0.0,
8300,treatment,14.11,mobile,ID,1,11.11,
8301,treatment,5.21,mobile,ID,0,0.0,
8302,treatment,21.52,mobile,MY,0,0.0,
8303,treatment,10.54,desktop,SG,0,0.0,
8304,treatment,35.42,mobile,PH,0,0.0,
8305,treatment,19.06,desktop,ID,0,0.0,
8306,control,9.35,mobile,VN,0,0.0,
8307,treatment,17.52,desktop,SG,0,0.0,
8308,treatment,,mobile,ID,0,0.0,
8309,treatment,59.19,desktop,SG,0,0.0,
8310,control,7.17,mobile,MY,0,0.0,
8311,treatment,19.6,,SG,0,0.0,
8312,control,38.61,mobile,SG,0,0.0,
8313,control,52.89,mobile,VN,0,0.0,
8314,control,58.12,desktop,PH,0,0.0,
8315,treatment,31.55,mobile,PH,0,0.0,
8316,treatment,45.57,mobile,SG,0,0.0,
8317,treatment,38.81,mobile,SG,0,0.0,
8318,treatment,105.37,desktop,SG,1,42.57,
8319,treatment,23.36,mobile,SG,0,0.0,
8320,control,31.92,mobile,ID,0,0.0,
8321,treatment,47.7,,MY,0,0.0,
8322,treatment,16.4,mobile,SG,1,15.85,
8323,control,7.43,mobile,VN,0,0.0,
8324,control,28.98,mobile,SG,0,0.0,
8325,control,25.23,mobile,ID,0,0.0,
8326,treatment,7.11,,SG,0,0.0,
8327,treatment,,desktop,SG,0,0.0,
8328,treatment,7.15,desktop,SG,0,0.0,
8329,treatment,29.2,desktop,PH,0,0.0,
8330,treatment,20.32,mobile,PH,0,0.0,
8331,treatment,34.21,mobile,SG,0,0.0,
8332,treatment,25.94,mobile,SG,1,7.38,
8333,treatment,19.88,mobile,MY,0,0.0,
8334,control,9.1,mobile,MY,0,0.0,
8335,treatment,28.15,mobile,SG,1,13.02,
8336,control,23.05,desktop,SG,0,0.0,
8337,control,16.46,,MY,0,0.0,
8338,treatment,43.36,desktop,SG,0,0.0,
8339,treatment,14.19,mobile,VN,0,0.0,
8340,control,59.23,mobile,MY,0,0.0,
8341,control,37.09,mobile,VN,0,0.0,
8342,control,22.41,desktop,VN,0,0.0,
8343,control,63.23,desktop,PH,0,0.0,
8344,treatment,33.5,desktop,VN,0,0.0,
8345,control,12.09,desktop,SG,0,0.0,
8346,treatment,70.03,desktop,PH,0,0.0,
8347,treatment,24.89,mobile,VN,0,0.0,
8348,treatment,14.98,mobile,SG,0,0.0,
8349,control,7.59,desktop,MY,0,0.0,
8350,treatment,40.82,mobile,SG,0,0.0,
8351,control,44.95,mobile,ID,0,0.0,
8352,treatment,96.86,desktop,SG,0,0.0,
8353,control,23.33,mobile,MY,0,0.0,
8354,treatment,32.52,mobile,SG,0,0.0,
8355,treatment,38.17,mobile,MY,0,0.0,
8356,control,48.21,mobile,ID,0,0.0,
8357,control,15.88,desktop,MY,0,0.0,
8358,control,14.99,,PH,0,0.0,
8359,treatment,5.35,desktop,ID,0,0.0,
8360,treatment,13.53,mobile,MY,0,0.0,
8361,treatment,37.43,mobile,PH,0,0.0,
8362,treatment,29.17,mobile,SG,1,19.11,
8363,control,35.36,mobile,ID,0,0.0,
8364,control,33.93,mobile,MY,0,0.0,
8365,treatment,3.54,mobile,SG,1,14.05,
8366,treatment,29.82,desktop,PH,0,0.0,
8367,control,71.25,mobile,MY,0,0.0,
8368,control,75.93,desktop,VN,0,0.0,
8369,treatment,55.29,mobile,MY,1,17.04,
8370,control,,mobile,VN,0,0.0,
8371,control,12.69,mobile,ID,0,0.0,
8372,treatment,,mobile,ID,0,0.0,
8373,treatment,5.85,mobile,MY,0,0.0,
8374,control,45.31,mobile,PH,0,0.0,
8375,treatment,4.08,mobile,SG,0,0.0,
8376,control,7.81,,SG,0,0.0,
8377,control,25.97,mobile,ID,0,0.0,
8378,control,,mobile,ID,0,0.0,
8379,treatment,40.42,mobile,MY,0,0.0,
8380,treatment,22.13,mobile,PH,0,0.0,
8381,treatment,15.64,desktop,MY,0,0.0,
8382,control,17.48,mobile,SG,0,0.0,
8383,treatment,13.49,mobile,PH,0,0.0,
8384,control,16.3,mobile,MY,0,0.0,
8385,control,19.25,desktop,PH,0,0.0,
8386,control,15.87,desktop,PH,1,17.98,
8387,control,22.52,mobile,PH,0,0.0,
8388,control,6.18,mobile,SG,0,0.0,
8389,control,63.06,desktop,PH,0,0.0,
8390,treatment,24.87,mobile,SG,0,0.0,
8391,control,32.94,,SG,0,0.0,
8392,treatment,40.81,mobile,VN,0,0.0,
8393,treatment,28.98,mobile,MY,0,0.0,
8394,control,28.13,desktop,ID,0,0.0,
8395,treatment,20.29,mobile,ID,1,30.06,
8396,treatment,33.07,mobile,VN,1,9.4,
8397,control,73.36,mobile,PH,1,55.32,
8398,treatment,39.41,desktop,MY,1,11.96,
8399,treatment,14.83,,PH,1,74.21,
8400,treatment,31.68,mobile,PH,0,0.0,
8401,treatment,48.93,desktop,ID,0,0.0,
8402,control,40.11,mobile,PH,0,0.0,
8403,treatment,,mobile,MY,0,0.0,
8404,control,10.14,mobile,SG,0,0.0,
8405,control,7.02,mobile,MY,0,0.0,
8406,control,19.88,desktop,ID,0,0.0,
8407,treatment,29.77,mobile,SG,0,0.0,
8408,treatment,,desktop,SG,0,0.0,
8409,treatment,44.31,mobile,MY,0,0.0,
8410,control,14.69,desktop,PH,0,0.0,
8411,control,61.57,mobile,SG,0,0.0,
8412,treatment,45.71,desktop,PH,1,14.01,
8413,control,30.52,mobile,SG,0,0.0,
8414,treatment,13.9,desktop,PH,0,0.0,
8415,treatment,27.44,mobile,ID,0,0.0,
8416,treatment,62.99,mobile,ID,0,0.0,
8417,control,,mobile,SG,0,0.0,
8418,treatment,18.21,,VN,0,0.0,
8419,control,113.57,desktop,ID,0,0.0,
8420,control,18.73,desktop,PH,0,0.0,
8421,treatment,75.07,mobile,PH,0,0.0,
8422,treatment,11.8,mobile,VN,0,0.0,
8423,control,16.73,mobile,SG,0,0.0,
8424,control,53.12,mobile,ID,0,0.0,
8425,control,6.99,mobile,PH,0,0.0,
8426,control,43.53,desktop,MY,1,32.13,
8427,treatment,31.23,mobile,SG,0,0.0,
8428,treatment,16.74,mobile,VN,0,0.0,
8429,control,55.57,mobile,MY,0,0.0,
8430,treatment,34.89,mobile,MY,0,0.0,
8431,control,36.21,desktop,VN,0,0.0,
8432,control,71.5,desktop,SG,0,0.0,
8433,treatment,31.66,mobile,ID,0,0.0,
8434,treatment,14.9,desktop,ID,0,0.0,
8435,treatment,40.75,mobile,VN,0,0.0,
8436,treatment,54.69,mobile,PH,1,16.05,
8437,control,,mobile,SG,0,0.0,
8438,control,4.93,mobile,ID,0,0.0,
8439,control,28.48,mobile,ID,0,0.0,
8440,treatment,16.78,mobile,MY,0,0.0,
8441,treatment,,desktop,SG,0,0.0,
8442,control,50.17,desktop,MY,0,0.0,
8443,control,,mobile,ID,0,0.0,
8444,control,27.67,mobile,SG,0,0.0,
8445,control,16.46,mobile,MY,0,0.0,
8446,treatment,4.19,desktop,ID,0,0.0,
8447,control,31.19,desktop,PH,0,0.0,
8448,treatment,21.58,mobile,MY,0,0.0,
8449,control,16.65,mobile,ID,0,0.0,
8450,treatment,22.73,mobile,SG,0,0.0,
8451,treatment,5.47,mobile,SG,0,0.0,
8452,control,31.21,desktop,MY,0,0.0,
8453,treatment,39.38,desktop,ID,0,0.0,
8454,control,22.94,mobile,MY,0,0.0,
8455,control,4.91,desktop,ID,1,15.97,
8456,treatment,,mobile,MY,0,0.0,
8457,treatment,,desktop,MY,0,0.0,
8458,control,17.93,desktop,ID,0,0.0,
8459,control,9.26,desktop,VN,0,0.0,
8460,control,6.4,mobile,ID,0,0.0,
8461,treatment,16.1,mobile,ID,0,0.0,
8462,treatment,15.92,desktop,SG,0,0.0,
8463,control,14.43,desktop,SG,0,0.0,
8464,control,54.01,desktop,SG,0,0.0,
8465,treatment,,mobile,VN,0,0.0,
8466,control,22.03,mobile,VN,1,16.61,
8467,control,17.59,mobile,MY,0,0.0,
8468,control,54.1,mobile,SG,0,0.0,
8469,treatment,13.49,mobile,PH,1,43.95,
8470,treatment,22.71,,MY,0,0.0,
8471,control,32.33,mobile,ID,0,0.0,
8472,control,,mobile,SG,0,0.0,
8473,control,11.54,mobile,SG,0,0.0,
8474,control,57.21,mobile,SG,0,0.0,
8475,treatment,24.43,mobile,ID,0,0.0,
8476,treatment,,desktop,SG,0,0.0,
8477,treatment,20.19,desktop,PH,0,0.0,
8478,control,34.69,mobile,SG,0,0.0,
8479,treatment,29.77,mobile,SG,0,0.0,
8480,treatment,9.91,desktop,ID,1,9.54,
8481,treatment,27.81,mobile,ID,0,0.0,
8482,treatment,12.49,mobile,MY,1,36.19,
8483,treatment,39.1,mobile,ID,0,0.0,
8484,treatment,39.01,mobile,MY,0,0.0,
8485,treatment,70.96,desktop,VN,0,0.0,
8486,treatment,50.44,desktop,SG,0,0.0,
8487,treatment,40.38,desktop,SG,0,0.0,
8488,control,44.24,mobile,PH,0,0.0,
8489,control,35.62,mobile,ID,0,0.0,
8490,control,1.91,mobile,PH,0,0.0,
8491,treatment,,mobile,PH,0,0.0,
8492,treatment,12.54,desktop,ID,0,0.0,
8493,treatment,21.53,desktop,PH,0,0.0,
8494,control,25.55,mobile,PH,0,0.0,
8495,treatment,5.75,mobile,MY,0,0.0,
8496,treatment,7.13,,VN,0,0.0,
8497,treatment,20.9,desktop,SG,0,0.0,
8498,control,44.31,mobile,PH,0,0.0,
8499,treatment,16.19,mobile,SG,0,0.0,
8500,treatment,22.01,,SG,0,0.0,
8501,control,6.51,mobile,MY,0,0.0,
8502,treatment,24.97,mobile,MY,0,0.0,
8503,control,4.97,mobile,ID,0,0.0,
8504,treatment,14.74,desktop,PH,0,0.0,
8505,treatment,83.63,mobile,ID,0,0.0,
8506,control,4.63,mobile,ID,0,0.0,
8507,control,16.97,mobile,VN,0,0.0,
8508,treatment,27.7,mobile,ID,0,0.0,
8509,control,27.53,mobile,PH,0,0.0,
8510,treatment,32.53,desktop,ID,0,0.0,
8511,control,20.31,desktop,MY,0,0.0,
8512,treatment,19.74,mobile,PH,0,0.0,
8513,control,27.29,mobile,SG,1,34.03,
8514,control,17.3,mobile,VN,0,0.0,
8515,treatment,19.57,desktop,SG,1,20.77,
8516,treatment,49.61,mobile,MY,0,0.0,
8517,control,30.31,mobile,VN,0,0.0,
8518,control,60.71,mobile,ID,0,0.0,
8519,treatment,5.67,mobile,MY,0,0.0,
8520,treatment,7.3,desktop,VN,0,0.0,
8521,treatment,51.58,mobile,PH,0,0.0,
8522,treatment,6.36,mobile,MY,0,0.0,
8523,control,,,MY,0,0.0,
8524,treatment,14.91,desktop,SG,0,0.0,
8525,treatment,22.94,desktop,ID,1,12.1,
8526,treatment,44.99,mobile,ID,0,0.0,
8527,control,5.57,mobile,PH,0,0.0,
8528,treatment,15.56,mobile,SG,0,0.0,
8529,treatment,19.13,,MY,0,0.0,
8530,treatment,7.36,mobile,SG,0,0.0,
8531,control,42.04,mobile,MY,0,0.0,
8532,treatment,25.22,,PH,0,0.0,
8533,treatment,12.51,desktop,SG,1,12.76,
8534,control,15.81,desktop,MY,0,0.0,
8535,treatment,35.21,mobile,PH,1,27.04,
8536,treatment,,mobile,PH,0,0.0,
8537,treatment,96.32,mobile,SG,0,0.0,
8538,treatment,,desktop,ID,1,24.0,
8539,treatment,21.18,desktop,ID,0,0.0,
8540,treatment,4.44,desktop,ID,0,0.0,
8541,treatment,21.35,mobile,MY,0,0.0,
8542,control,14.92,mobile,PH,0,0.0,
8543,treatment,27.2,desktop,PH,0,0.0,
8544,control,9.68,mobile,SG,0,0.0,
8545,control,55.4,desktop,SG,0,0.0,
8546,control,73.42,desktop,SG,0,0.0,
8547,treatment,22.17,mobile,ID,0,0.0,
8548,treatment,,mobile,MY,0,0.0,
8549,control,36.64,desktop,MY,1,28.53,
8550,treatment,16.27,mobile,PH,0,0.0,
8551,treatment,3.93,mobile,SG,0,0.0,
8552,treatment,14.03,mobile,PH,0,0.0,
8553,control,27.46,mobile,SG,0,0.0,
8554,control,48.79,desktop,ID,0,0.0,
8555,treatment,55.71,,VN,0,0.0,
8556,treatment,58.1,mobile,VN,1,35.44,
8557,control,38.75,mobile,MY,0,0.0,
8558,control,30.1,desktop,SG,0,0.0,
8559,treatment,11.53,,MY,0,0.0,
8560,control,52.82,mobile,SG,0,0.0,
8561,control,37.42,desktop,SG,0,0.0,
8562,treatment,15.19,mobile,ID,0,0.0,
8563,control,62.84,desktop,SG,0,0.0,
8564,control,28.08,desktop,MY,0,0.0,
8565,treatment,34.98,mobile,SG,0,0.0,
8566,control,5.17,mobile,PH,0,0.0,
8567,treatment,49.38,desktop,ID,0,0.0,
8568,control,6.63,desktop,ID,0,0.0,
8569,treatment,,mobile,SG,0,0.0,
8570,control,,desktop,SG,0,0.0,
8571,control,,desktop,ID,0,0.0,
8572,control,32.98,mobile,ID,0,0.0,
8573,control,21.38,mobile,MY,0,0.0,
8574,treatment,22.02,desktop,ID,0,0.0,
8575,control,59.28,,ID,0,0.0,
8576,treatment,31.12,mobile,SG,0,0.0,
8577,control,11.07,,MY,0,0.0,
8578,control,31.46,desktop,ID,0,0.0,
8579,treatment,48.82,desktop,MY,1,15.03,
8580,treatment,41.11,desktop,MY,0,0.0,
8581,treatment,,mobile,PH,0,0.0,
8582,treatment,12.9,mobile,SG,0,0.0,
8583,control,12.67,mobile,SG,0,0.0,
8584,control,,mobile,VN,0,0.0,
8585,treatment,34.93,mobile,PH,0,0.0,
8586,control,1.22,mobile,MY,0,0.0,
8587,control,7.96,mobile,SG,0,0.0,
8588,treatment,,desktop,SG,0,0.0,
8589,treatment,2.85,desktop,MY,1,41.69,
8590,treatment,23.36,mobile,SG,0,0.0,
8591,treatment,48.42,mobile,SG,0,0.0,
8592,control,64.33,desktop,ID,0,0.0,
8593,treatment,33.71,mobile,SG,1,11.08,
8594,treatment,,mobile,MY,0,0.0,
8595,treatment,23.8,mobile,PH,0,0.0,
8596,control,15.48,mobile,SG,0,0.0,
8597,control,15.66,desktop,MY,0,0.0,
8598,control,3.67,mobile,PH,0,0.0,
8599,treatment,34.5,desktop,PH,0,0.0,
8600,control,42.78,mobile,MY,0,0.0,
8601,treatment,8.48,mobile,SG,0,0.0,
8602,treatment,18.76,mobile,ID,0,0.0,
8603,control,55.52,mobile,MY,1,26.39,
8604,control,12.06,mobile,SG,0,0.0,
8605,treatment,9.84,,ID,0,0.0,
8606,treatment,12.44,desktop,PH,0,0.0,
8607,control,26.9,desktop,ID,0,0.0,
8608,treatment,16.95,mobile,PH,0,0.0,
8609,control,2.63,desktop,PH,0,0.0,
8610,control,140.74,mobile,VN,0,0.0,
8611,control,58.77,,SG,0,0.0,
8612,treatment,10.67,desktop,VN,0,0.0,
8613,treatment,28.87,mobile,SG,0,0.0,
8614,treatment,30.27,mobile,ID,0,0.0,
8615,treatment,6.54,mobile,ID,0,0.0,
8616,control,33.25,mobile,VN,0,0.0,
8617,treatment,44.44,desktop,ID,0,0.0,
8618,treatment,12.29,mobile,PH,0,0.0,
8619,treatment,29.11,mobile,VN,0,0.0,
8620,control,37.35,mobile,SG,0,0.0,
8621,treatment,52.56,mobile,SG,0,0.0,
8622,treatment,,mobile,ID,0,0.0,
8623,treatment,56.48,mobile,PH,0,0.0,
8624,control,15.96,mobile,MY,0,0.0,
8625,control,27.3,desktop,SG,1,31.0,
8626,treatment,96.98,mobile,ID,1,12.15,
8627,treatment,1.73,mobile,SG,0,0.0,
8628,control,20.12,mobile,SG,0,0.0,
8629,control,24.49,mobile,PH,0,0.0,
8630,treatment,12.85,mobile,ID,0,0.0,
8631,treatment,81.02,mobile,MY,0,0.0,
8632,control,,desktop,SG,0,0.0,
8633,control,48.57,mobile,ID,0,0.0,
8634,treatment,26.22,,MY,0,0.0,
8635,control,47.6,mobile,ID,0,0.0,
8636,treatment,57.22,desktop,ID,0,0.0,
8637,control,8.62,desktop,SG,0,0.0,
8638,control,20.85,mobile,PH,0,0.0,
8639,control,46.55,mobile,ID,0,0.0,
8640,control,21.52,mobile,ID,0,0.0,
8641,control,8.48,mobile,SG,0,0.0,
8642,treatment,,mobile,ID,0,0.0,
8643,control,11.54,mobile,ID,1,38.14,
8644,control,6.05,desktop,ID,0,0.0,
8645,control,44.16,mobile,PH,0,0.0,
8646,treatment,38.42,mobile,SG,0,0.0,
8647,treatment,6.33,desktop,SG,0,0.0,
8648,treatment,25.64,mobile,MY,0,0.0,
8649,control,30.91,mobile,SG,0,0.0,
8650,treatment,40.43,mobile,MY,0,0.0,
8651,treatment,34.76,mobile,SG,1,12.84,
8652,treatment,15.34,mobile,VN,0,0.0,
8653,treatment,29.63,mobile,SG,0,0.0,
8654,control,70.14,mobile,ID,0,0.0,
8655,treatment,71.0,mobile,SG,0,0.0,
8656,control,,mobile,MY,0,0.0,
8657,treatment,18.69,mobile,ID,0,0.0,
8658,control,37.47,desktop,SG,0,0.0,
8659,control,8.95,desktop,SG,0,0.0,
8660,treatment,42.61,mobile,MY,1,10.51,
8661,treatment,32.52,,ID,1,19.24,
8662,control,20.47,desktop,SG,0,0.0,
8663,control,35.98,,SG,0,0.0,
8664,control,1.44,mobile,VN,0,0.0,
8665,treatment,51.88,desktop,PH,1,48.4,
8666,control,6.5,mobile,PH,0,0.0,
8667,treatment,30.12,desktop,SG,0,0.0,
8668,treatment,,mobile,SG,0,0.0,
8669,treatment,27.33,desktop,VN,0,0.0,
8670,treatment,16.04,mobile,SG,0,0.0,
8671,control,12.32,mobile,ID,0,0.0,
8672,treatment,17.35,,VN,0,0.0,
8673,control,69.19,mobile,VN,1,26.88,
8674,treatment,32.42,desktop,SG,1,20.15,
8675,treatment,2.07,mobile,MY,0,0.0,
8676,control,6.29,desktop,ID,0,0.0,
8677,treatment,73.48,mobile,ID,0,0.0,
8678,treatment,7.26,,PH,0,0.0,
8679,treatment,7.43,mobile,ID,0,0.0,
8680,control,22.66,mobile,MY,0,0.0,
8681,treatment,,mobile,SG,0,0.0,
8682,control,42.74,mobile,VN,0,0.0,
8683,control,6.62,mobile,SG,0,0.0,
8684,treatment,9.97,desktop,MY,0,0.0,
8685,treatment,15.16,desktop,SG,0,0.0,
8686,treatment,17.18,desktop,ID,0,0.0,
8687,control,20.14,mobile,ID,0,0.0,
8688,control,30.02,mobile,SG,0,0.0,
8689,control,4.28,mobile,ID,0,0.0,
8690,control,4.31,mobile,PH,0,0.0,
8691,treatment,16.42,desktop,ID,1,32.1,
8692,treatment,79.03,mobile,SG,0,0.0,
8693,treatment,26.99,desktop,SG,0,0.0,
8694,treatment,18.87,desktop,SG,0,0.0,
8695,control,,mobile,MY,0,0.0,
8696,treatment,13.64,desktop,ID,1,54.8,
8697,control,11.8,,SG,0,0.0,
8698,treatment,15.84,mobile,ID,1,56.43,
8699,control,,mobile,MY,0,0.0,
8700,treatment,16.54,desktop,ID,1,8.49,
8701,treatment,,mobile,ID,0,0.0,
8702,treatment,27.79,desktop,PH,0,0.0,
8703,control,93.82,mobile,ID,0,0.0,
8704,treatment,60.23,mobile,PH,0,0.0,
8705,treatment,,mobile,SG,0,0.0,
8706,control,33.42,desktop,MY,0,0.0,
8707,treatment,14.6,,MY,1,10.62,
8708,treatment,2.52,mobile,ID,0,0.0,
8709,treatment,22.18,mobile,ID,0,0.0,
8710,control,101.35,desktop,ID,0,0.0,
8711,treatment,40.38,mobile,ID,0,0.0,
8712,control,10.06,mobile,SG,0,0.0,
8713,treatment,24.46,mobile,PH,0,0.0,
8714,control,41.35,,VN,0,0.0,
8715,treatment,7.47,mobile,SG,0,0.0,
8716,treatment,63.01,mobile,ID,0,0.0,
8717,treatment,8.33,desktop,VN,0,0.0,
8718,control,4.75,mobile,PH,0,0.0,
8719,control,13.47,desktop,SG,0,0.0,
8720,treatment,40.03,mobile,MY,0,0.0,
8721,control,48.43,mobile,ID,0,0.0,
8722,control,,desktop,MY,0,0.0,
8723,treatment,13.43,mobile,PH,0,0.0,
8724,control,14.87,mobile,VN,0,0.0,
8725,control,16.63,mobile,PH,0,0.0,
8726,treatment,2.01,desktop,SG,0,0.0,
8727,control,44.6,mobile,MY,0,0.0,
8728,treatment,73.86,mobile,ID,0,0.0,
8729,control,35.4,mobile,VN,0,0.0,
8730,treatment,52.82,desktop,MY,1,17.9,
8731,control,38.95,desktop,SG,0,0.0,
8732,control,77.19,desktop,SG,1,14.08,
8733,treatment,11.63,desktop,PH,0,0.0,
8734,control,17.02,mobile,SG,0,0.0,
8735,treatment,26.08,mobile,PH,0,0.0,
8736,control,18.9,mobile,SG,0,0.0,
8737,control,45.84,mobile,SG,0,0.0,
8738,control,45.81,desktop,MY,0,0.0,
8739,treatment,31.68,mobile,ID,0,0.0,
8740,control,14.64,mobile,SG,0,0.0,
8741,treatment,15.48,,ID,0,0.0,
8742,treatment,17.59,mobile,SG,0,0.0,
8743,control,89.79,desktop,SG,0,0.0,
8744,control,10.59,desktop,SG,0,0.0,
8745,control,38.44,mobile,ID,0,0.0,
8746,treatment,52.73,mobile,SG,0,0.0,
8747,control,56.53,desktop,ID,0,0.0,
8748,treatment,10.26,mobile,SG,0,0.0,
8749,treatment,44.8,mobile,ID,0,0.0,
8750,treatment,27.85,desktop,ID,0,0.0,
8751,treatment,17.22,mobile,VN,0,0.0,
8752,treatment,11.06,mobile,ID,0,0.0,
8753,treatment,35.13,desktop,VN,0,0.0,
8754,control,45.81,mobile,SG,0,0.0,
8755,treatment,23.14,mobile,MY,0,0.0,
8756,control,4.5,mobile,ID,0,0.0,
8757,control,33.33,mobile,VN,0,0.0,
8758,control,32.4,mobile,MY,0,0.0,
8759,control,27.58,desktop,SG,0,0.0,
8760,treatment,39.05,mobile,PH,0,0.0,
8761,control,,mobile,MY,0,0.0,
8762,control,22.37,desktop,MY,1,27.7,
8763,treatment,,desktop,VN,1,31.13,
8764,treatment,19.87,mobile,SG,1,25.74,
8765,treatment,15.08,mobile,SG,1,27.84,
8766,control,12.73,mobile,MY,0,0.0,
8767,control,16.87,mobile,ID,0,0.0,
8768,control,56.28,mobile,SG,0,0.0,
8769,control,10.44,mobile,SG,1,54.56,
8770,control,11.18,desktop,SG,0,0.0,
8771,control,22.54,desktop,MY,0,0.0,
8772,control,6.77,desktop,MY,0,0.0,
8773,treatment,73.88,mobile,MY,0,0.0,
8774,control,,desktop,SG,0,0.0,
8775,control,14.82,mobile,SG,0,0.0,
8776,control,18.65,desktop,MY,0,0.0,
8777,control,18.37,desktop,MY,0,0.0,
8778,control,,mobile,VN,0,0.0,
8779,treatment,36.33,desktop,ID,0,0.0,
8780,control,24.03,mobile,SG,0,0.0,
8781,treatment,17.43,mobile,ID,0,0.0,
8782,treatment,45.44,desktop,PH,0,0.0,
8783,control,9.25,desktop,ID,0,0.0,
8784,control,1.58,mobile,SG,0,0.0,
8785,treatment,43.3,mobile,SG,0,0.0,
8786,treatment,18.54,desktop,SG,0,0.0,
8787,control,75.28,mobile,VN,0,0.0,
8788,treatment,24.34,desktop,MY,0,0.0,
8789,control,46.61,mobile,MY,0,0.0,
8790,control,49.02,mobile,PH,0,0.0,
8791,control,60.35,mobile,VN,0,0.0,
8792,treatment,19.8,desktop,ID,0,0.0,
8793,control,9.66,mobile,MY,0,0.0,
8794,treatment,42.92,desktop,MY,0,0.0,
8795,treatment,49.2,mobile,PH,1,31.51,
8796,treatment,41.22,mobile,VN,0,0.0,
8797,treatment,34.75,mobile,SG,1,11.21,
8798,treatment,37.15,mobile,ID,0,0.0,
8799,control,15.01,mobile,SG,0,0.0,
8800,control,21.05,mobile,MY,0,0.0,
8801,treatment,14.36,mobile,ID,0,0.0,
8802,treatment,59.48,mobile,SG,0,0.0,
8803,treatment,38.4,mobile,ID,0,0.0,
8804,control,63.73,mobile,SG,0,0.0,
8805,control,49.31,desktop,ID,0,0.0,
8806,control,6.19,mobile,VN,0,0.0,
8807,control,,mobile,VN,0,0.0,
8808,treatment,72.86,mobile,MY,1,7.67,
8809,control,17.96,desktop,PH,0,0.0,
8810,treatment,18.61,desktop,ID,0,0.0,
8811,treatment,8.24,desktop,MY,0,0.0,
8812,control,18.69,desktop,SG,1,7.88,
8813,treatment,53.97,mobile,PH,1,14.88,
8814,treatment,,mobile,PH,0,0.0,
8815,control,18.45,mobile,PH,0,0.0,
8816,control,25.81,desktop,MY,0,0.0,
8817,treatment,92.01,mobile,VN,0,0.0,
8818,treatment,29.69,mobile,SG,0,0.0,
8819,control,13.8,mobile,ID,0,0.0,
8820,treatment,26.21,desktop,MY,0,0.0,
8821,treatment,35.92,desktop,ID,0,0.0,
8822,control,30.38,mobile,SG,1,37.73,
8823,control,,desktop,SG,1,11.9,
8824,control,11.29,desktop,MY,0,0.0,
8825,treatment,42.95,mobile,ID,1,20.45,
8826,control,34.85,mobile,VN,0,0.0,
8827,treatment,71.76,mobile,VN,1,44.26,
8828,control,41.34,,MY,1,32.25,
8829,control,33.45,mobile,PH,0,0.0,
8830,treatment,50.16,desktop,MY,0,0.0,
8831,treatment,20.65,mobile,ID,0,0.0,
8832,control,17.93,mobile,SG,0,0.0,
8833,treatment,38.04,mobile,ID,1,44.93,
8834,control,22.63,mobile,ID,1,12.33,
8835,treatment,6.4,mobile,MY,0,0.0,
8836,control,,desktop,SG,0,0.0,
8837,treatment,60.32,,MY,0,0.0,
8838,control,13.3,mobile,MY,0,0.0,
8839,control,44.93,mobile,PH,1,11.24,
8840,control,22.88,mobile,ID,0,0.0,
8841,control,15.36,desktop,PH,0,0.0,
8842,treatment,9.11,mobile,PH,1,22.2,
8843,treatment,39.42,mobile,PH,1,18.84,
8844,control,13.79,mobile,SG,0,0.0,
8845,treatment,10.84,desktop,VN,0,0.0,
8846,treatment,,mobile,MY,0,0.0,
8847,treatment,24.32,desktop,ID,1,7.22,
8848,control,10.64,mobile,SG,0,0.0,
8849,treatment,12.17,mobile,PH,0,0.0,
8850,treatment,32.87,mobile,PH,0,0.0,
8851,control,10.59,mobile,PH,0,0.0,
8852,control,66.46,mobile,SG,0,0.0,
8853,treatment,38.28,mobile,SG,0,0.0,
8854,control,10.14,mobile,ID,1,9.68,
8855,control,29.25,mobile,VN,0,0.0,
8856,control,18.44,desktop,MY,1,29.87,
8857,treatment,5.49,desktop,ID,0,0.0,
8858,treatment,11.88,mobile,ID,0,0.0,
8859,treatment,18.15,mobile,ID,0,0.0,
8860,treatment,3.9,mobile,ID,0,0.0,
8861,control,34.36,desktop,MY,0,0.0,
8862,treatment,12.99,desktop,SG,0,0.0,
8863,treatment,12.69,mobile,SG,0,0.0,
8864,control,3.11,mobile,ID,1,17.51,
8865,treatment,66.02,desktop,SG,0,0.0,
8866,treatment,16.03,mobile,VN,0,0.0,
8867,treatment,9.42,desktop,PH,1,22.73,
8868,treatment,23.76,desktop,ID,0,0.0,
8869,control,0.94,desktop,MY,0,0.0,
8870,treatment,52.68,mobile,ID,0,0.0,
8871,treatment,22.15,desktop,ID,0,0.0,
8872,treatment,20.19,mobile,SG,0,0.0,
8873,control,14.74,mobile,MY,0,0.0,
8874,control,,desktop,SG,0,0.0,
8875,treatment,27.32,mobile,ID,0,0.0,
8876,treatment,46.43,mobile,MY,1,29.94,
8877,treatment,64.5,desktop,SG,0,0.0,
8878,treatment,9.01,desktop,MY,1,19.96,
8879,treatment,28.92,mobile,MY,0,0.0,
8880,control,2.31,desktop,VN,0,0.0,
8881,treatment,46.62,mobile,ID,0,0.0,
8882,control,7.22,,MY,1,1.38,
8883,control,24.61,mobile,ID,1,22.94,
8884,control,11.76,mobile,SG,0,0.0,
8885,treatment,16.39,mobile,ID,0,0.0,
8886,control,9.59,mobile,SG,0,0.0,
8887,treatment,46.3,desktop,SG,0,0.0,
8888,treatment,17.1,desktop,SG,1,20.9,
8889,control,24.3,mobile,MY,0,0.0,
8890,control,14.35,desktop,MY,0,0.0,
8891,control,17.46,mobile,SG,1,25.73,
8892,control,11.94,mobile,ID,0,0.0,
8893,control,47.97,mobile,MY,0,0.0,
8894,treatment,33.71,mobile,SG,0,0.0,
8895,treatment,7.11,mobile,MY,0,0.0,
8896,treatment,8.98,desktop,PH,0,0.0,
8897,control,37.28,desktop,MY,1,33.79,
8898,treatment,28.4,mobile,ID,0,0.0,
8899,control,20.75,mobile,MY,0,0.0,
8900,treatment,1.83,desktop,SG,0,0.0,
8901,treatment,2.32,mobile,SG,0,0.0,
8902,control,7.54,desktop,ID,0,0.0,
8903,treatment,20.32,mobile,PH,1,35.32,
8904,control,43.85,mobile,MY,0,0.0,
8905,control,,mobile,PH,0,0.0,
8906,control,43.09,mobile,ID,0,0.0,
8907,control,18.38,desktop,VN,1,42.26,
8908,treatment,17.75,mobile,ID,1,11.61,
8909,treatment,21.46,,ID,0,0.0,
8910,treatment,3.37,mobile,ID,0,0.0,
8911,treatment,52.54,desktop,ID,0,0.0,
8912,control,29.09,desktop,MY,0,0.0,
8913,treatment,30.65,desktop,SG,0,0.0,
8914,treatment,71.76,desktop,SG,0,0.0,
8915,treatment,14.75,desktop,SG,0,0.0,
8916,treatment,14.61,mobile,ID,1,15.58,
8917,treatment,36.94,mobile,ID,1,6.72,
8918,treatment,5.91,mobile,ID,0,0.0,
8919,treatment,2.92,mobile,SG,0,0.0,
8920,control,12.89,desktop,VN,1,35.49,
8921,control,34.47,mobile,PH,0,0.0,
8922,control,41.15,desktop,SG,1,7.87,
8923,treatment,,mobile,ID,0,0.0,
8924,treatment,47.14,desktop,ID,0,0.0,
8925,control,16.15,mobile,VN,0,0.0,
8926,treatment,122.03,desktop,MY,0,0.0,
8927,control,,mobile,VN,0,0.0,
8928,treatment,29.22,mobile,MY,0,0.0,
8929,control,23.43,desktop,MY,0,0.0,
8930,treatment,8.14,mobile,SG,0,0.0,
8931,control,9.49,desktop,SG,0,0.0,
8932,treatment,68.37,mobile,MY,0,0.0,
8933,control,79.23,mobile,MY,0,0.0,
8934,treatment,11.83,desktop,VN,0,0.0,
8935,treatment,27.9,mobile,VN,0,0.0,
8936,control,4.35,mobile,PH,1,4.93,
8937,treatment,17.87,desktop,MY,0,0.0,
8938,control,20.06,desktop,PH,0,0.0,
8939,control,34.38,mobile,PH,1,36.34,
8940,control,61.2,desktop,ID,0,0.0,
8941,treatment,19.91,desktop,PH,0,0.0,
8942,treatment,13.81,desktop,ID,0,0.0,
8943,treatment,25.83,mobile,SG,0,0.0,
8944,treatment,24.03,desktop,PH,1,38.54,
8945,treatment,,mobile,ID,1,19.17,
8946,treatment,15.54,,ID,0,0.0,
8947,treatment,45.49,desktop,PH,0,0.0,
8948,treatment,21.04,mobile,ID,0,0.0,
8949,control,19.46,mobile,ID,0,0.0,
8950,treatment,38.98,mobile,PH,0,0.0,
8951,treatment,29.52,mobile,MY,1,95.58,
8952,control,24.79,mobile,ID,0,0.0,
8953,control,25.55,mobile,ID,1,1.01,
8954,control,31.91,desktop,SG,0,0.0,
8955,treatment,21.58,mobile,SG,0,0.0,
8956,treatment,28.38,desktop,MY,0,0.0,
8957,control,10.8,mobile,VN,0,0.0,
8958,control,3.38,mobile,SG,0,0.0,
8959,treatment,33.3,mobile,ID,0,0.0,
8960,treatment,23.3,mobile,SG,0,0.0,
8961,treatment,,mobile,ID,0,0.0,
8962,control,21.7,mobile,SG,0,0.0,
8963,control,17.23,mobile,PH,1,29.13,
8964,treatment,7.3,desktop,ID,0,0.0,
8965,control,53.33,desktop,PH,0,0.0,
8966,treatment,21.7,,ID,1,6.46,
8967,treatment,47.56,desktop,PH,1,11.56,
8968,control,16.4,mobile,SG,0,0.0,
8969,control,11.47,mobile,VN,0,0.0,
8970,treatment,11.55,desktop,VN,0,0.0,
8971,treatment,9.93,mobile,PH,0,0.0,
8972,treatment,20.45,desktop,ID,0,0.0,
8973,treatment,1.91,mobile,ID,0,0.0,
8974,control,8.53,mobile,ID,0,0.0,
8975,treatment,45.55,desktop,SG,1,60.28,
8976,control,36.74,mobile,PH,1,42.71,
8977,control,39.28,desktop,ID,0,0.0,
8978,control,15.46,mobile,PH,0,0.0,
8979,treatment,49.11,mobile,SG,0,0.0,
8980,treatment,8.3,,MY,0,0.0,
8981,treatment,,mobile,ID,0,0.0,
8982,control,18.22,mobile,SG,0,0.0,
8983,control,18.81,,ID,0,0.0,
8984,treatment,26.67,mobile,ID,0,0.0,
8985,control,24.82,mobile,SG,0,0.0,
8986,control,7.17,mobile,SG,0,0.0,
8987,treatment,120.79,desktop,MY,0,0.0,
8988,control,13.81,mobile,SG,0,0.0,
8989,control,53.81,mobile,PH,1,6.72,
8990,treatment,12.81,mobile,VN,0,0.0,
8991,treatment,18.72,mobile,VN,0,0.0,
8992,treatment,39.21,desktop,SG,0,0.0,
8993,control,15.73,mobile,PH,0,0.0,
8994,control,38.56,desktop,ID,0,0.0,
8995,control,8.71,mobile,MY,0,0.0,
8996,control,16.69,mobile,SG,0,0.0,
8997,treatment,39.93,,PH,0,0.0,
8998,control,,mobile,MY,0,0.0,
not,a,valid,row,extra,extra,extra,extra,extra,extra,extra,extra
8999,treatment,37.1,mobile,ID,0,0.0,
9000,control,,mobile,ID,1,21.48,
9001,control,7.92,,PH,0,0.0,
9002,control,15.68,desktop,SG,0,0.0,
9003,control,78.77,mobile,SG,0,0.0,
9004,control,30.12,mobile,MY,0,0.0,
9005,treatment,70.2,desktop,MY,0,0.0,
9006,control,11.12,mobile,ID,0,0.0,
9007,treatment,4.13,mobile,MY,1,41.65,
9008,control,33.3,mobile,VN,0,0.0,
9009,treatment,18.96,mobile,MY,0,0.0,
9010,control,34.48,mobile,SG,0,0.0,
9011,treatment,5.87,desktop,ID,0,0.0,
9012,treatment,14.66,desktop,SG,0,0.0,
9013,control,21.2,desktop,SG,0,0.0,
9014,control,22.81,desktop,MY,0,0.0,
9015,control,9.91,desktop,PH,0,0.0,
9016,treatment,22.37,mobile,ID,0,0.0,
9017,control,12.54,mobile,ID,0,0.0,
9018,treatment,62.76,desktop,MY,0,0.0,
9019,control,83.83,mobile,ID,0,0.0,
9020,control,,mobile,ID,0,0.0,
9021,treatment,14.73,desktop,MY,0,0.0,
9022,control,18.43,mobile,PH,0,0.0,
9023,control,30.03,desktop,PH,0,0.0,
9024,treatment,22.9,mobile,SG,0,0.0,
9025,treatment,93.71,mobile,MY,0,0.0,
9026,treatment,59.81,mobile,ID,0,0.0,
9027,control,1.65,mobile,MY,0,0.0,
9028,control,26.35,mobile,SG,0,0.0,
9029,treatment,36.28,desktop,VN,0,0.0,
9030,treatment,54.72,mobile,VN,0,0.0,
9031,control,,mobile,ID,1,19.14,
9032,treatment,47.11,mobile,MY,0,0.0,
9033,control,12.84,mobile,ID,0,0.0,
9034,treatment,29.31,mobile,MY,0,0.0,
9035,treatment,6.4,mobile,MY,0,0.0,
9036,control,54.37,desktop,SG,0,0.0,
9037,treatment,10.89,desktop,SG,0,0.0,
9038,treatment,31.98,mobile,ID,0,0.0,
9039,treatment,3.75,desktop,ID,0,0.0,
9040,control,48.09,mobile,ID,0,0.0,
9041,control,7.4,mobile,PH,0,0.0,
9042,control,,mobile,PH,0,0.0,
9043,treatment,34.97,mobile,SG,0,0.0,
9044,control,8.37,mobile,ID,0,0.0,
9045,control,52.01,mobile,SG,0,0.0,
9046,treatment,8.88,desktop,MY,0,0.0,
9047,treatment,56.63,desktop,PH,0,0.0,
9048,treatment,30.26,mobile,SG,0,0.0,
9049,treatment,25.59,desktop,ID,0,0.0,
9050,treatment,,desktop,ID,1,7.52,
9051,control,31.45,mobile,ID,0,0.0,
9052,treatment,68.56,desktop,SG,0,0.0,
9053,control,99.44,mobile,ID,0,0.0,
9054,treatment,17.77,desktop,SG,0,0.0,
9055,treatment,34.45,mobile,SG,0,0.0,
9056,treatment,57.62,desktop,PH,0,0.0,
9057,treatment,25.92,desktop,PH,0,0.0,
9058,treatment,20.53,desktop,VN,0,0.0,
9059,treatment,,mobile,PH,0,0.0,
9060,control,16.54,mobile,ID,0,0.0,
9061,control,4.73,,SG,0,0.0,
9062,control,24.04,mobile,VN,0,0.0,
9063,control,24.89,mobile,ID,0,0.0,
9064,treatment,18.89,mobile,MY,0,0.0,
9065,treatment,5.45,desktop,ID,0,0.0,
9066,control,30.53,mobile,ID,0,0.0,
9067,treatment,11.86,mobile,MY,0,0.0,
9068,treatment,15.4,mobile,PH,0,0.0,
9069,treatment,12.67,mobile,SG,0,0.0,
9070,treatment,64.88,mobile,MY,1,46.86,
9071,control,26.78,desktop,ID,0,0.0,
9072,treatment,10.3,mobile,PH,1,14.87,
9073,control,42.21,desktop,MY,0,0.0,
9074,treatment,44.21,desktop,ID,0,0.0,
9075,treatment,,desktop,SG,1,25.78,
9076,treatment,17.98,mobile,PH,0,0.0,
9077,treatment,4.33,mobile,SG,0,0.0,
9078,control,21.99,desktop,PH,0,0.0,
9079,treatment,34.79,mobile,SG,0,0.0,
9080,control,43.46,desktop,MY,0,0.0,
9081,treatment,52.66,mobile,ID,0,0.0,
9082,treatment,34.13,mobile,SG,1,9.31,
9083,treatment,47.3,,ID,0,0.0,
9084,treatment,70.73,mobile,ID,1,14.53,
9085,treatment,,mobile,SG,0,0.0,
9086,control,,mobile,SG,0,0.0,
9087,treatment,2.04,desktop,VN,0,0.0,
9088,treatment,27.45,mobile,VN,0,0.0,
9089,treatment,24.12,mobile,SG,0,0.0,
9090,control,25.15,desktop,MY,0,0.0,
9091,treatment,11.73,mobile,SG,0,0.0,
9092,control,79.97,mobile,ID,1,15.49,
9093,treatment,8.47,mobile,PH,1,57.98,
9094,treatment,11.24,mobile,ID,0,0.0,
9095,control,12.83,mobile,PH,0,0.0,
9096,treatment,10.09,desktop,PH,0,0.0,
9097,control,15.47,desktop,SG,0,0.0,
9098,treatment,35.33,mobile,PH,0,0.0,
9099,control,20.54,mobile,VN,0,0.0,
9100,treatment,36.79,mobile,SG,1,18.68,
9101,treatment,13.71,desktop,ID,0,0.0,
9102,control,6.36,mobile,SG,0,0.0,
9103,treatment,20.92,mobile,SG,1,40.27,
9104,treatment,,mobile,MY,0,0.0,
9105,control,3.93,desktop,MY,0,0.0,
9106,treatment,14.4,mobile,SG,1,3.86,
9107,treatment,64.64,desktop,PH,0,0.0,
9108,treatment,19.51,desktop,PH,0,0.0,
9109,control,40.9,mobile,ID,1,22.59,
9110,control,37.78,desktop,PH,0,0.0,
9111,treatment,10.26,mobile,MY,0,0.0,
9112,treatment,34.59,mobile,ID,0,0.0,
9113,control,20.14,mobile,VN,0,0.0,
9114,control,19.33,mobile,SG,0,0.0,
9115,control,53.08,desktop,SG,0,0.0,
9116,control,53.33,desktop,MY,0,0.0,
9117,treatment,12.17,desktop,SG,1,41.39,
9118,control,7.3,mobile,ID,0,0.0,
9119,control,29.46,desktop,MY,0,0.0,
9120,control,4.12,desktop,VN,0,0.0,
9121,treatment,4.06,desktop,SG,0,0.0,
9122,control,21.31,mobile,PH,0,0.0,
9123,treatment,8.26,mobile,SG,0,0.0,
9124,control,25.36,desktop,ID,0,0.0,
9125,control,32.62,desktop,VN,0,0.0,
9126,control,6.85,desktop,ID,0,0.0,
9127,control,28.92,,SG,0,0.0,
9128,control,21.12,mobile,ID,0,0.0,
9129,treatment,12.64,desktop,VN,0,0.0,
9130,control,14.28,mobile,PH,0,0.0,
9131,treatment,40.15,mobile,VN,1,28.25,
9132,treatment,18.21,mobile,SG,0,0.0,
9133,treatment,,mobile,PH,0,0.0,
9134,control,41.36,desktop,MY,0,0.0,
9135,treatment,43.45,desktop,VN,0,0.0,
9136,control,54.02,mobile,ID,0,0.0,
9137,treatment,20.63,mobile,MY,0,0.0,
9138,control,69.75,desktop,ID,1,15.41,
9139,control,19.31,mobile,SG,0,0.0,
9140,control,64.92,mobile,SG,0,0.0,
9141,treatment,8.04,mobile,MY,0,0.0,
9142,treatment,52.35,mobile,VN,1,18.81,
9143,treatment,39.15,mobile,PH,0,0.0,
9144,treatment,29.89,mobile,PH,0,0.0,
9145,control,16.74,desktop,VN,0,0.0,
9146,control,41.28,desktop,ID,0,0.0,
9147,treatment,56.72,desktop,PH,0,0.0,
9148,treatment,19.46,desktop,ID,0,0.0,
9149,control,,mobile,MY,0,0.0,
9150,control,49.48,mobile,PH,0,0.0,
9151,treatment,12.17,desktop,SG,0,0.0,
9152,control,22.8,mobile,SG,0,0.0,
9153,treatment,26.91,mobile,VN,0,0.0,
9154,control,44.09,desktop,SG,0,0.0,
9155,control,15.14,mobile,PH,0,0.0,
9156,control,41.47,mobile,SG,0,0.0,
9157,control,54.48,mobile,ID,0,0.0,
9158,control,28.37,desktop,SG,0,0.0,
9159,treatment,25.73,mobile,PH,0,0.0,
9160,treatment,62.14,mobile,SG,0,0.0,
9161,treatment,37.91,mobile,PH,0,0.0,
9162,treatment,11.99,,VN,0,0.0,
9163,control,34.23,mobile,ID,0,0.0,
9164,control,19.92,,ID,0,0.0,
9165,control,98.85,mobile,SG,1,3.93,
9166,control,57.69,mobile,SG,0,0.0,
9167,treatment,48.64,,ID,0,0.0,
9168,control,14.16,mobile,PH,0,0.0,
9169,treatment,14.7,desktop,PH,0,0.0,
9170,treatment,18.86,mobile,VN,0,0.0,
9171,control,11.53,mobile,MY,1,21.83,
9172,treatment,,desktop,MY,0,0.0,
9173,treatment,,mobile,SG,0,0.0,
9174,treatment,46.97,mobile,MY,0,0.0,
9175,treatment,32.62,mobile,SG,1,21.61,
9176,control,28.68,mobile,ID,0,0.0,
9177,treatment,5.98,mobile,ID,0,0.0,
9178,treatment,5.19,mobile,PH,0,0.0,
9179,control,37.33,desktop,MY,0,0.0,
9180,treatment,27.01,mobile,PH,0,0.0,
9181,control,20.6,mobile,PH,0,0.0,
9182,treatment,40.13,mobile,ID,0,0.0,
9183,treatment,19.22,mobile,SG,0,0.0,
9184,control,12.31,mobile,MY,0,0.0,
9185,treatment,2.55,mobile,ID,0,0.0,
9186,treatment,29.93,mobile,SG,0,0.0,
9187,control,49.79,,PH,0,0.0,
9188,treatment,6.29,mobile,PH,1,6.27,
9189,control,25.1,,ID,0,0.0,
9190,treatment,32.55,mobile,SG,0,0.0,
9191,control,66.51,,PH,0,0.0,
9192,treatment,45.14,,MY,0,0.0,
9193,treatment,,mobile,ID,0,0.0,
9194,treatment,18.48,,SG,0,0.0,
9195,control,3.44,desktop,ID,0,0.0,
9196,treatment,,desktop,SG,0,0.0,
9197,control,30.4,desktop,SG,0,0.0,
9198,treatment,44.52,mobile,ID,0,0.0,
9199,control,60.67,mobile,VN,0,0.0,
9200,treatment,52.23,mobile,ID,0,0.0,
9201,treatment,56.21,mobile,MY,0,0.0,
9202,control,10.42,,SG,0,0.0,
9203,control,26.36,mobile,SG,0,0.0,
9204,control,7.99,mobile,ID,0,0.0,
9205,control,54.96,,MY,1,20.15,
9206,control,42.14,desktop,MY,0,0.0,
9207,treatment,14.61,mobile,ID,0,0.0,
9208,control,14.32,desktop,ID,0,0.0,
9209,treatment,20.74,mobile,ID,0,0.0,
9210,control,23.98,mobile,SG,0,0.0,
9211,treatment,1.99,mobile,SG,0,0.0,
9212,control,4.05,desktop,PH,0,0.0,
9213,control,47.85,desktop,MY,0,0.0,
9214,control,23.46,mobile,SG,0,0.0,
9215,treatment,44.66,desktop,SG,0,0.0,
9216,treatment,20.91,mobile,SG,0,0.0,
9217,treatment,,desktop,ID,0,0.0,
9218,control,62.82,desktop,SG,0,0.0,
9219,treatment,33.29,mobile,SG,0,0.0,
9220,control,34.74,mobile,SG,0,0.0,
9221,control,,mobile,ID,0,0.0,
9222,control,34.19,mobile,SG,0,0.0,
9223,control,19.49,desktop,PH,0,0.0,
9224,control,43.39,mobile,MY,0,0.0,
9225,treatment,26.57,mobile,SG,0,0.0,
9226,control,28.18,mobile,PH,0,0.0,
9227,control,23.73,mobile,VN,0,0.0,
9228,treatment,14.55,mobile,MY,0,0.0,
9229,treatment,14.57,mobile,SG,0,0.0,
9230,treatment,20.98,,ID,1,36.78,
9231,control,19.74,mobile,SG,0,0.0,
9232,treatment,79.93,mobile,MY,0,0.0,
9233,control,57.42,mobile,ID,0,0.0,
9234,control,17.49,desktop,ID,0,0.0,
9235,treatment,29.92,desktop,ID,1,38.51,
9236,treatment,85.08,mobile,PH,0,0.0,
9237,control,22.11,desktop,ID,0,0.0,
9238,control,11.28,mobile,VN,0,0.0,
9239,control,21.32,desktop,SG,0,0.0,
9240,control,22.1,desktop,VN,0,0.0,
9241,control,19.0,mobile,MY,0,0.0,
9242,treatment,21.2,desktop,MY,0,0.0,
9243,control,22.59,desktop,VN,0,0.0,
9244,control,40.4,mobile,ID,0,0.0,
9245,treatment,39.21,mobile,SG,1,19.72,
9246,treatment,16.81,mobile,SG,0,0.0,
9247,treatment,23.7,mobile,SG,0,0.0,
9248,treatment,7.14,mobile,MY,1,33.01,
9249,control,12.68,mobile,SG,0,0.0,
9250,control,16.11,mobile,VN,0,0.0,
9251,treatment,6.15,mobile,ID,0,0.0,
9252,treatment,7.93,desktop,VN,0,0.0,
9253,treatment,13.18,mobile,SG,0,0.0,
9254,treatment,13.96,,MY,0,0.0,
9255,control,10.23,desktop,ID,0,0.0,
9256,treatment,,desktop,PH,0,0.0,
9257,treatment,19.28,mobile,SG,0,0.0,
9258,treatment,46.89,,MY,0,0.0,
9259,treatment,20.22,,SG,0,0.0,
9260,treatment,42.49,desktop,MY,0,0.0,
9261,control,28.25,desktop,SG,0,0.0,
9262,treatment,33.65,mobile,SG,0,0.0,
9263,control,,desktop,PH,0,0.0,
9264,treatment,54.61,mobile,SG,1,20.9,
9265,control,75.44,mobile,SG,0,0.0,
9266,control,77.18,desktop,MY,0,0.0,
9267,treatment,17.87,mobile,SG,1,24.25,
9268,treatment,20.09,mobile,VN,1,10.44,
9269,control,37.25,mobile,SG,0,0.0,
9270,treatment,4.8,mobile,MY,0,0.0,
9271,control,22.25,mobile,ID,0,0.0,
9272,treatment,18.07,mobile,SG,1,31.26,
9273,treatment,,desktop,SG,1,10.53,
9274,control,44.55,mobile,ID,0,0.0,
9275,control,,desktop,SG,0,0.0,
9276,control,48.0,mobile,SG,0,0.0,
9277,control,,mobile,SG,0,0.0,
9278,control,15.39,desktop,SG,0,0.0,
9279,treatment,35.47,mobile,ID,0,0.0,
9280,treatment,65.66,mobile,SG,1,34.72,
9281,control,31.66,desktop,ID,0,0.0,
9282,control,10.14,desktop,VN,0,0.0,
9283,control,1.82,mobile,PH,0,0.0,
9284,treatment,39.36,desktop,SG,0,0.0,
9285,treatment,16.75,desktop,VN,0,0.0,
9286,control,20.86,mobile,MY,0,0.0,
9287,treatment,19.88,mobile,MY,0,0.0,
9288,treatment,20.09,desktop,VN,0,0.0,
9289,treatment,17.16,mobile,MY,0,0.0,
9290,control,27.7,mobile,SG,0,0.0,
9291,control,42.69,mobile,SG,0,0.0,
9292,control,20.41,desktop,PH,0,0.0,
9293,treatment,13.9,desktop,ID,0,0.0,
9294,treatment,45.91,mobile,ID,0,0.0,
9295,control,45.88,desktop,MY,0,0.0,
9296,control,39.84,mobile,SG,0,0.0,
9297,control,41.11,desktop,SG,0,0.0,
9298,treatment,25.08,desktop,SG,0,0.0,
9299,control,28.42,mobile,SG,0,0.0,
9300,control,4.68,mobile,SG,0,0.0,
9301,control,40.73,desktop,SG,0,0.0,
9302,control,25.11,mobile,SG,0,0.0,
9303,treatment,,mobile,SG,0,0.0,
9304,treatment,14.11,desktop,VN,1,18.8,
9305,treatment,12.31,mobile,SG,0,0.0,
9306,control,39.35,desktop,SG,0,0.0,
9307,control,8.59,mobile,PH,1,6.59,
9308,control,,desktop,MY,0,0.0,
9309,control,13.44,mobile,ID,0,0.0,
9310,control,34.2,desktop,SG,1,24.82,
9311,control,28.74,mobile,SG,0,0.0,
9312,control,3.12,mobile,ID,1,5.88,
9313,control,29.54,mobile,PH,0,0.0,
9314,treatment,1.7,,PH,0,0.0,
9315,treatment,37.62,mobile,SG,0,0.0,
9316,control,,mobile,VN,0,0.0,
9317,control,46.34,mobile,PH,0,0.0,
9318,treatment,52.51,mobile,MY,0,0.0,
9319,control,21.67,mobile,ID,0,0.0,
9320,control,9.9,mobile,SG,1,24.45,
9321,control,3.85,mobile,SG,0,0.0,
9322,treatment,27.1,mobile,VN,0,0.0,
9323,treatment,,mobile,VN,0,0.0,
9324,control,3.91,desktop,VN,0,0.0,
9325,control,79.98,desktop,MY,0,0.0,
9326,treatment,59.62,mobile,MY,0,0.0,
9327,treatment,19.37,mobile,PH,1,17.13,
9328,control,30.5,mobile,SG,0,0.0,
9329,treatment,41.51,mobile,ID,0,0.0,
9330,control,15.47,mobile,SG,0,0.0,
9331,control,8.25,desktop,ID,0,0.0,
9332,treatment,85.94,mobile,ID,0,0.0,
9333,control,18.66,mobile,SG,0,0.0,
9334,treatment,21.55,mobile,ID,0,0.0,
9335,control,35.19,mobile,VN,1,16.21,
9336,treatment,69.34,desktop,ID,0,0.0,
9337,control,44.5,mobile,ID,0,0.0,
9338,control,38.8,mobile,SG,0,0.0,
9339,treatment,38.98,mobile,PH,0,0.0,
9340,treatment,26.98,mobile,MY,1,15.7,
9341,control,6.1,mobile,SG,0,0.0,
9342,control,31.4,mobile,PH,0,0.0,
9343,treatment,9.38,,ID,1,25.97,
9344,treatment,,mobile,VN,0,0.0,
9345,treatment,44.67,mobile,SG,0,0.0,
9346,treatment,19.86,mobile,SG,1,17.96,
9347,control,50.69,mobile,SG,0,0.0,
9348,treatment,6.96,mobile,MY,0,0.0,
9349,control,41.35,mobile,PH,0,0.0,
9350,control,4.49,mobile,MY,0,0.0,
9351,treatment,12.58,mobile,VN,0,0.0,
9352,treatment,6.19,desktop,SG,0,0.0,
9353,treatment,12.06,desktop,SG,1,15.41,
9354,treatment,31.34,mobile,VN,0,0.0,
9355,control,33.77,mobile,ID,0,0.0,
9356,control,5.57,mobile,MY,0,0.0,
9357,treatment,40.3,desktop,SG,0,0.0,
9358,control,69.64,desktop,PH,0,0.0,
9359,control,,mobile,SG,0,0.0,
9360,treatment,23.49,mobile,SG,0,0.0,
9361,control,,mobile,ID,0,0.0,
9362,treatment,88.99,mobile,PH,0,0.0,
9363,control,24.68,mobile,PH,0,0.0,
9364,control,38.59,mobile,ID,0,0.0,
9365,treatment,11.39,desktop,PH,0,0.0,
9366,control,9.32,mobile,PH,0,0.0,
9367,treatment,7.99,mobile,VN,0,0.0,
9368,control,3.35,mobile,PH,0,0.0,
9369,control,12.75,mobile,MY,0,0.0,
9370,control,72.72,desktop,VN,0,0.0,
9371,treatment,35.76,desktop,ID,1,19.58,
9372,treatment,12.34,desktop,MY,0,0.0,
9373,treatment,,mobile,MY,0,0.0,
9374,control,75.79,desktop,SG,0,0.0,
9375,control,77.44,mobile,SG,1,29.86,
9376,control,30.32,mobile,MY,0,0.0,
9377,control,,desktop,SG,0,0.0,
9378,treatment,11.99,mobile,SG,0,0.0,
9379,control,38.89,,SG,0,0.0,
9380,treatment,19.51,mobile,ID,0,0.0,
9381,control,31.84,mobile,MY,0,0.0,
9382,control,8.81,desktop,ID,0,0.0,
9383,treatment,,mobile,MY,0,0.0,
9384,treatment,36.28,desktop,SG,1,54.36,
9385,control,28.65,desktop,VN,1,9.99,
9386,control,38.52,mobile,MY,0,0.0,
9387,control,8.63,mobile,ID,0,0.0,
9388,treatment,3.61,mobile,ID,0,0.0,
9389,control,35.02,mobile,SG,0,0.0,
9390,control,ERROR,mobile,PH,0,0.0,
9391,control,10.2,mobile,ID,0,0.0,
9392,treatment,18.66,mobile,VN,0,0.0,
9393,treatment,16.37,desktop,MY,0,0.0,
9394,control,14.23,mobile,SG,0,0.0,
9395,control,41.26,desktop,VN,0,0.0,
9396,treatment,22.34,desktop,ID,0,0.0,
9397,treatment,48.17,desktop,SG,0,0.0,
9398,treatment,14.98,desktop,ID,0,0.0,
9399,control,3.43,desktop,SG,0,0.0,
9400,control,12.9,mobile,ID,0,0.0,
9401,control,131.59,desktop,PH,0,0.0,
9402,control,47.64,desktop,SG,0,0.0,
9403,treatment,17.46,desktop,SG,0,0.0,
9404,treatment,25.51,mobile,MY,0,0.0,
9405,control,21.69,mobile,SG,0,0.0,
9406,treatment,34.1,desktop,ID,1,4.88,
9407,control,61.98,mobile,PH,0,0.0,
9408,control,13.18,desktop,SG,0,0.0,
9409,control,39.28,mobile,ID,0,0.0,
9410,control,22.26,mobile,VN,0,0.0,
9411,treatment,36.08,mobile,ID,0,0.0,
9412,treatment,,mobile,VN,0,0.0,
9413,control,18.12,,MY,0,0.0,
9414,treatment,4.4,desktop,SG,0,0.0,
9415,treatment,51.75,mobile,SG,0,0.0,
9416,control,31.26,desktop,ID,0,0.0,
9417,treatment,62.49,mobile,MY,0,0.0,
9418,control,75.02,mobile,SG,0,0.0,
9419,treatment,8.24,mobile,SG,0,0.0,
9420,control,53.91,desktop,MY,1,16.54,
9421,control,6.2,mobile,ID,0,0.0,
9422,treatment,51.22,mobile,MY,1,14.34,
9423,treatment,11.62,desktop,SG,0,0.0,
9424,control,76.29,mobile,SG,1,66.32,
9425,treatment,34.16,mobile,MY,0,0.0,
9426,treatment,15.11,desktop,ID,0,0.0,
9427,control,19.65,desktop,MY,0,0.0,
9428,treatment,9.89,desktop,ID,0,0.0,
9429,control,13.01,mobile,SG,0,0.0,
9430,treatment,70.11,desktop,MY,1,25.61,
9431,treatment,27.41,mobile,ID,0,0.0,
9432,control,22.91,desktop,PH,0,0.0,
9433,control,40.58,mobile,ID,0,0.0,
9434,control,29.03,mobile,SG,0,0.0,
9435,treatment,10.74,desktop,ID,1,40.37,
9436,control,4.76,mobile,SG,0,0.0,
9437,control,7.97,mobile,PH,0,0.0,
9438,control,46.33,mobile,VN,0,0.0,
9439,control,76.7,mobile,ID,0,0.0,
9440,treatment,,mobile,ID,0,0.0,
9441,treatment,33.32,desktop,PH,1,30.55,
9442,treatment,3.96,mobile,SG,0,0.0,
9443,control,29.49,,SG,0,0.0,
9444,control,40.89,desktop,PH,0,0.0,
9445,treatment,5.38,desktop,MY,0,0.0,
9446,treatment,19.73,mobile,SG,0,0.0,
9447,treatment,66.74,mobile,PH,0,0.0,
9448,treatment,19.67,desktop,MY,0,0.0,
9449,treatment,56.71,mobile,ID,1,9.26,
9450,control,16.73,mobile,ID,0,0.0,
9451,treatment,3.28,desktop,ID,0,0.0,
9452,control,5.04,mobile,PH,0,0.0,
9453,treatment,62.67,mobile,MY,0,0.0,
9454,control,47.33,desktop,MY,0,0.0,
9455,control,28.3,mobile,MY,0,0.0,
9456,control,5.76,desktop,PH,0,0.0,
9457,control,29.57,mobile,ID,0,0.0,
9458,treatment,32.21,mobile,VN,0,0.0,
9459,treatment,34.71,mobile,MY,0,0.0,
9460,control,25.01,mobile,SG,0,0.0,
9461,treatment,70.86,desktop,ID,1,43.92,
9462,treatment,40.16,mobile,SG,0,0.0,
9463,treatment,29.36,mobile,PH,0,0.0,
9464,control,,mobile,SG,0,0.0,
9465,control,14.63,mobile,SG,0,0.0,
9466,treatment,28.09,mobile,SG,0,0.0,
9467,control,6.47,desktop,SG,0,0.0,
9468,treatment,25.43,mobile,PH,0,0.0,
9469,treatment,2.55,mobile,MY,0,0.0,
9470,treatment,43.73,desktop,SG,0,0.0,
9471,control,47.22,mobile,ID,1,31.05,
9472,control,8.04,mobile,SG,0,0.0,
9473,treatment,46.62,desktop,SG,0,0.0,
9474,control,90.15,desktop,ID,0,0.0,
9475,control,4.65,mobile,PH,0,0.0,
9476,control,6.03,,PH,0,0.0,
9477,treatment,12.77,mobile,ID,0,0.0,
9478,control,16.9,desktop,PH,0,0.0,
9479,control,18.78,mobile,SG,0,0.0,
9480,treatment,11.59,mobile,MY,0,0.0,
9481,treatment,13.52,mobile,PH,0,0.0,
9482,control,16.82,mobile,ID,0,0.0,
9483,control,38.07,mobile,MY,0,0.0,
9484,treatment,69.52,mobile,ID,1,4.44,
9485,treatment,17.34,mobile,MY,0,0.0,
9486,treatment,51.6,desktop,ID,1,15.69,
9487,treatment,67.01,desktop,MY,1,11.88,
9488,treatment,18.84,mobile,SG,0,0.0,
9489,treatment,23.99,mobile,SG,0,0.0,
9490,treatment,24.46,mobile,SG,0,0.0,
9491,control,3.92,,MY,0,0.0,
9492,control,,desktop,MY,0,0.0,
9493,control,27.19,mobile,SG,0,0.0,
9494,treatment,19.48,mobile,ID,0,0.0,
9495,control,11.2,desktop,ID,0,0.0,
9496,treatment,22.93,,ID,0,0.0,
9497,treatment,27.66,mobile,ID,0,0.0,
9498,control,31.1,desktop,ID,0,0.0,
9499,treatment,,mobile,PH,0,0.0,
9500,control,21.26,mobile,ID,0,0.0,
9501,control,13.02,desktop,PH,0,0.0,
9502,treatment,23.18,,SG,0,0.0,
9503,treatment,17.61,desktop,ID,1,37.42,
9504,control,,desktop,SG,0,0.0,
9505,treatment,31.1,mobile,ID,0,0.0,
9506,control,27.39,mobile,SG,0,0.0,
9507,treatment,17.12,mobile,SG,0,0.0,
9508,treatment,20.77,desktop,ID,0,0.0,
9509,treatment,35.78,,SG,0,0.0,
9510,treatment,18.65,mobile,VN,0,0.0,
9511,treatment,39.15,desktop,ID,0,0.0,
9512,control,24.13,desktop,MY,0,0.0,
9513,treatment,33.19,desktop,SG,0,0.0,
9514,treatment,28.69,mobile,SG,1,16.27,
9515,treatment,17.58,desktop,SG,0,0.0,
9516,treatment,45.78,mobile,MY,0,0.0,
9517,control,16.76,desktop,VN,0,0.0,
9518,treatment,18.19,mobile,SG,0,0.0,
9519,control,23.97,desktop,SG,0,0.0,
9520,control,14.53,mobile,ID,0,0.0,
9521,treatment,7.84,desktop,SG,0,0.0,
9522,treatment,8.17,mobile,SG,0,0.0,
9523,control,15.89,,PH,0,0.0,
9524,control,19.48,desktop,ID,0,0.0,
9525,treatment,19.26,,MY,0,0.0,
9526,control,10.03,mobile,SG,0,0.0,
9527,control,16.78,mobile,MY,0,0.0,
9528,control,51.15,desktop,MY,0,0.0,
9529,treatment,19.69,mobile,ID,0,0.0,
9530,treatment,20.3,mobile,MY,0,0.0,
9531,control,7.59,desktop,ID,0,0.0,
9532,treatment,15.88,mobile,ID,0,0.0,
9533,control,77.9,desktop,VN,0,0.0,
9534,control,19.14,desktop,SG,0,0.0,
9535,control,24.32,mobile,PH,0,0.0,
9536,treatment,23.27,mobile,ID,0,0.0,
9537,control,20.07,mobile,PH,0,0.0,
9538,control,4.38,mobile,VN,0,0.0,
9539,control,,desktop,SG,0,0.0,
9540,treatment,40.38,desktop,SG,0,0.0,
9541,control,36.1,mobile,MY,0,0.0,
9542,control,32.76,mobile,ID,0,0.0,
9543,control,23.85,mobile,SG,0,0.0,
9544,treatment,22.09,mobile,ID,1,35.97,
9545,control,46.93,mobile,SG,0,0.0,
9546,treatment,41.41,mobile,PH,0,0.0,
9547,control,,mobile,ID,0,0.0,
9548,treatment,26.88,mobile,ID,1,22.15,
9549,control,15.3,desktop,MY,1,7.79,
9550,treatment,32.9,mobile,ID,0,0.0,
9551,control,75.51,mobile,PH,0,0.0,
9552,treatment,18.91,desktop,MY,1,14.2,
9553,control,29.31,desktop,ID,1,8.23,
9554,control,39.41,mobile,SG,0,0.0,
9555,treatment,,mobile,ID,0,0.0,
9556,treatment,19.3,mobile,VN,0,0.0,
9557,control,37.18,desktop,ID,0,0.0,
9558,control,10.04,desktop,PH,0,0.0,
9559,treatment,,desktop,SG,0,0.0,
9560,control,46.12,mobile,PH,0,0.0,
9561,treatment,18.69,mobile,SG,0,0.0,
9562,treatment,18.45,desktop,VN,0,0.0,
9563,control,65.0,desktop,VN,0,0.0,
9564,control,42.16,mobile,VN,0,0.0,
9565,treatment,,mobile,VN,0,0.0,
9566,treatment,24.89,mobile,ID,1,102.38,
9567,treatment,65.91,mobile,ID,1,35.0,
9568,treatment,9.93,desktop,SG,0,0.0,
9569,control,20.09,,SG,0,0.0,
9570,treatment,32.39,mobile,SG,1,41.62,
9571,control,,mobile,PH,0,0.0,
9572,control,31.64,mobile,SG,0,0.0,
9573,control,23.77,,ID,0,0.0,
9574,treatment,15.48,desktop,ID,0,0.0,
9575,control,27.66,mobile,VN,1,36.52,
9576,control,,mobile,SG,1,18.44,
9577,control,89.92,mobile,ID,0,0.0,
9578,control,32.53,desktop,ID,0,0.0,
9579,control,46.47,desktop,VN,0,0.0,
9580,treatment,12.92,mobile,SG,0,0.0,
9581,treatment,8.58,mobile,MY,0,0.0,
9582,control,28.08,mobile,SG,0,0.0,
9583,control,34.84,desktop,SG,0,0.0,
9584,treatment,26.46,mobile,ID,0,0.0,
9585,control,11.58,desktop,ID,0,0.0,
9586,treatment,30.35,,ID,0,0.0,
9587,treatment,18.89,,MY,0,0.0,
9588,control,15.2,mobile,ID,0,0.0,
9589,control,15.47,mobile,ID,1,65.58,
9590,control,16.95,mobile,PH,0,0.0,
9591,control,38.08,mobile,ID,0,0.0,
9592,treatment,13.34,mobile,ID,0,0.0,
9593,control,10.21,,PH,0,0.0,
9594,treatment,91.69,mobile,PH,0,0.0,
9595,control,32.55,mobile,ID,0,0.0,
9596,treatment,32.23,desktop,VN,0,0.0,
9597,treatment,72.01,mobile,ID,1,7.04,
9598,treatment,45.83,mobile,ID,0,0.0,
9599,treatment,,desktop,MY,0,0.0,
9600,control,62.73,mobile,SG,0,0.0,
9601,control,49.93,mobile,ID,0,0.0,
9602,control,68.79,mobile,SG,0,0.0,
9603,control,43.83,desktop,SG,0,0.0,
9604,control,15.61,desktop,SG,0,0.0,
9605,treatment,52.17,mobile,SG,0,0.0,
9606,treatment,36.68,mobile,MY,0,0.0,
9607,treatment,21.9,mobile,PH,0,0.0,
9608,treatment,,mobile,SG,0,0.0,
9609,control,26.75,desktop,SG,0,0.0,
9610,treatment,37.19,desktop,SG,0,0.0,
9611,treatment,62.97,mobile,PH,0,0.0,
9612,control,56.75,desktop,PH,0,0.0,
9613,treatment,41.92,mobile,ID,0,0.0,
9614,control,55.36,desktop,ID,0,0.0,
9615,treatment,22.36,mobile,PH,0,0.0,
9616,control,30.29,desktop,MY,0,0.0,
9617,control,24.89,mobile,PH,0,0.0,
9618,treatment,15.28,mobile,VN,0,0.0,
9619,treatment,8.24,mobile,SG,0,0.0,
9620,treatment,17.31,mobile,PH,1,11.41,
9621,treatment,20.58,desktop,MY,0,0.0,
9622,control,77.17,mobile,MY,0,0.0,
9623,control,61.06,mobile,VN,0,0.0,
9624,control,21.53,mobile,VN,0,0.0,
9625,control,32.46,desktop,MY,0,0.0,
9626,control,37.28,desktop,SG,0,0.0,
9627,treatment,10.47,mobile,PH,0,0.0,
9628,control,71.11,desktop,SG,0,0.0,
9629,control,5.99,mobile,MY,0,0.0,
9630,control,25.76,desktop,SG,0,0.0,
9631,control,,mobile,PH,1,11.31,
9632,treatment,14.38,desktop,MY,0,0.0,
9633,control,7.55,desktop,SG,0,0.0,
9634,treatment,22.12,mobile,VN,0,0.0,
9635,control,10.1,mobile,SG,0,0.0,
9636,control,8.49,desktop,ID,0,0.0,
9637,treatment,14.57,desktop,SG,0,0.0,
9638,control,10.87,mobile,SG,0,0.0,
9639,control,61.49,mobile,MY,1,32.18,
9640,control,3.68,mobile,VN,0,0.0,
9641,control,9.75,mobile,VN,0,0.0,
9642,treatment,16.22,desktop,ID,0,0.0,
9643,treatment,33.66,desktop,MY,0,0.0,
9644,control,30.19,mobile,SG,0,0.0,
9645,treatment,28.48,desktop,PH,0,0.0,
9646,control,50.15,desktop,ID,0,0.0,
9647,treatment,17.41,,ID,0,0.0,
9648,treatment,25.81,mobile,SG,0,0.0,
9649,control,14.59,mobile,SG,0,0.0,
9650,treatment,15.51,,ID,0,0.0,
9651,control,29.23,desktop,PH,1,25.44,
9652,treatment,30.91,mobile,SG,0,0.0,
9653,control,,mobile,ID,0,0.0,
9654,treatment,99.43,mobile,ID,1,15.47,
9655,treatment,9.24,mobile,VN,0,0.0,
9656,control,20.33,mobile,SG,0,0.0,
9657,treatment,36.08,desktop,ID,1,43.21,
9658,control,,desktop,MY,1,42.07,
9659,control,60.7,mobile,PH,0,0.0,
9660,treatment,49.12,mobile,ID,0,0.0,
9661,control,21.11,mobile,ID,0,0.0,
9662,control,56.27,mobile,ID,1,6.71,
9663,control,28.3,mobile,MY,0,0.0,
9664,treatment,39.1,desktop,SG,1,7.08,
9665,treatment,21.91,mobile,PH,0,0.0,
9666,treatment,19.8,desktop,SG,0,0.0,
9667,treatment,45.83,desktop,ID,0,0.0,
9668,treatment,9.74,mobile,MY,1,38.95,
9669,treatment,31.91,mobile,SG,0,0.0,
9670,control,90.69,desktop,ID,1,45.89,
9671,control,42.1,mobile,VN,1,7.87,
9672,control,20.16,mobile,MY,1,34.01,
9673,treatment,12.28,mobile,SG,1,61.16,
9674,control,5.27,mobile,ID,0,0.0,
9675,control,,desktop,MY,0,0.0,
9676,control,42.54,mobile,MY,1,27.42,
9677,treatment,97.94,desktop,ID,1,14.62,
9678,control,,desktop,SG,0,0.0,
9679,control,70.78,mobile,MY,0,0.0,
9680,treatment,31.44,mobile,PH,0,0.0,
9681,treatment,67.26,mobile,PH,1,22.11,
9682,treatment,24.97,mobile,SG,0,0.0,
9683,control,70.5,desktop,MY,0,0.0,
9684,treatment,12.11,desktop,VN,0,0.0,
9685,control,29.36,desktop,VN,0,0.0,
9686,control,28.23,desktop,SG,0,0.0,
9687,control,34.75,mobile,SG,0,0.0,
9688,control,68.73,mobile,VN,0,0.0,
9689,treatment,42.9,desktop,VN,1,8.38,
9690,control,25.48,mobile,SG,0,0.0,
9691,treatment,61.55,mobile,ID,0,0.0,
9692,control,24.96,mobile,VN,0,0.0,
9693,control,49.54,mobile,SG,0,0.0,
9694,control,38.8,mobile,VN,0,0.0,
9695,control,16.96,mobile,VN,0,0.0,
9696,treatment,,desktop,MY,1,10.83,
9697,control,4.03,mobile,PH,0,0.0,
9698,treatment,,desktop,VN,0,0.0,
9699,treatment,42.58,mobile,MY,0,0.0,
9700,control,44.99,desktop,ID,1,41.97,
9701,treatment,3.72,mobile,VN,0,0.0,
9702,control,53.68,desktop,VN,0,0.0,
9703,treatment,,mobile,SG,0,0.0,
9704,control,,mobile,MY,0,0.0,
9705,control,24.29,desktop,VN,0,0.0,
9706,control,0.44,desktop,ID,0,0.0,
9707,control,9.19,mobile,ID,0,0.0,
9708,control,25.23,mobile,ID,0,0.0,
9709,treatment,9.5,mobile,ID,0,0.0,
9710,control,,mobile,MY,0,0.0,
9711,control,40.7,mobile,ID,0,0.0,
9712,treatment,,mobile,MY,0,0.0,
9713,control,,mobile,SG,0,0.0,
9714,control,37.31,desktop,SG,0,0.0,
9715,control,,mobile,SG,0,0.0,
9716,treatment,24.78,desktop,MY,0,0.0,
9717,control,19.57,mobile,PH,0,0.0,
9718,treatment,53.6,desktop,SG,0,0.0,
9719,control,22.93,desktop,MY,1,34.06,
9720,treatment,33.88,mobile,MY,0,0.0,
9721,treatment,,mobile,VN,0,0.0,
9722,treatment,15.24,mobile,ID,0,0.0,
9723,treatment,28.88,desktop,PH,0,0.0,
9724,treatment,46.38,mobile,ID,1,8.78,
9725,control,9.77,,ID,0,0.0,
9726,treatment,7.67,mobile,PH,0,0.0,
9727,treatment,40.07,desktop,MY,0,0.0,
9728,control,8.11,mobile,VN,0,0.0,
9729,control,45.41,mobile,MY,0,0.0,
9730,control,11.13,desktop,PH,0,0.0,
9731,treatment,50.13,mobile,ID,0,0.0,
9732,treatment,27.63,mobile,PH,0,0.0,
9733,control,,mobile,VN,0,0.0,
9734,treatment,3.63,mobile,MY,0,0.0,
9735,control,28.52,,PH,0,0.0,
9736,treatment,,desktop,ID,0,0.0,
9737,treatment,,desktop,MY,0,0.0,
9738,control,157.86,mobile,ID,1,43.91,
9739,treatment,20.17,desktop,SG,1,45.18,
9740,control,38.07,mobile,MY,0,0.0,
9741,treatment,23.13,,VN,0,0.0,
9742,control,31.36,mobile,SG,0,0.0,
9743,treatment,75.18,mobile,SG,0,0.0,
9744,control,22.51,mobile,ID,0,0.0,
9745,control,10.81,mobile,SG,0,0.0,
9746,control,21.9,,PH,1,50.74,
9747,treatment,55.3,mobile,PH,0,0.0,
9748,control,11.8,desktop,SG,1,17.56,
9749,control,17.31,mobile,MY,0,0.0,
9750,treatment,13.23,mobile,SG,1,34.92,
9751,treatment,53.04,desktop,MY,0,0.0,
9752,treatment,56.93,desktop,PH,1,31.87,
9753,treatment,11.51,desktop,VN,0,0.0,
9754,control,13.49,mobile,SG,0,0.0,
9755,treatment,6.96,desktop,ID,0,0.0,
9756,treatment,10.57,desktop,SG,1,11.65,
9757,control,29.55,desktop,MY,0,0.0,
9758,treatment,30.94,mobile,MY,1,56.88,
9759,control,13.57,mobile,SG,0,0.0,
9760,control,,mobile,ID,0,0.0,
9761,control,12.99,mobile,PH,0,0.0,
9762,control,3.33,mobile,SG,0,0.0,
9763,treatment,1.22,,SG,0,0.0,
9764,treatment,22.36,desktop,MY,0,0.0,
9765,control,53.68,mobile,SG,0,0.0,
9766,control,56.14,mobile,ID,0,0.0,
9767,control,6.52,mobile,PH,0,0.0,
9768,control,22.38,desktop,MY,0,0.0,
9769,control,49.53,desktop,MY,1,14.35,
9770,control,52.61,mobile,MY,0,0.0,
9771,control,17.89,desktop,MY,0,0.0,
9772,treatment,14.57,desktop,SG,1,42.64,
9773,control,23.92,mobile,ID,0,0.0,
9774,treatment,49.84,mobile,SG,0,0.0,
9775,treatment,25.11,desktop,PH,0,0.0,
9776,treatment,9.41,mobile,MY,0,0.0,
9777,control,19.37,mobile,ID,0,0.0,
9778,treatment,29.34,desktop,SG,0,0.0,
9779,control,47.35,mobile,SG,0,0.0,
9780,control,12.3,mobile,MY,0,0.0,
9781,treatment,33.97,mobile,PH,1,14.23,
9782,control,31.65,mobile,SG,0,0.0,
9783,treatment,45.6,mobile,ID,0,0.0,
9784,control,19.48,mobile,SG,1,25.17,
9785,treatment,28.23,desktop,VN,0,0.0,
9786,control,25.99,desktop,VN,0,0.0,
9787,control,46.65,desktop,MY,0,0.0,
9788,treatment,34.38,mobile,ID,0,0.0,
9789,treatment,45.42,mobile,MY,0,0.0,
9790,treatment,36.11,mobile,MY,1,21.04,
9791,control,17.62,mobile,SG,0,0.0,
9792,control,12.22,mobile,SG,0,0.0,
9793,control,40.58,mobile,PH,0,0.0,
9794,treatment,11.32,desktop,ID,0,0.0,
9795,treatment,13.9,mobile,ID,0,0.0,
9796,control,13.94,mobile,MY,0,0.0,
9797,treatment,17.98,mobile,MY,1,11.96,
9798,treatment,55.68,mobile,MY,0,0.0,
9799,control,36.93,,MY,1,100.81,
9800,treatment,14.16,mobile,ID,0,0.0,
9801,control,10.39,mobile,PH,0,0.0,
9802,control,15.28,mobile,ID,0,0.0,
9803,control,52.92,mobile,ID,0,0.0,
9804,treatment,42.01,mobile,PH,0,0.0,
9805,control,,mobile,SG,1,13.8,
9806,control,29.41,desktop,SG,0,0.0,
9807,control,9.67,mobile,SG,0,0.0,
9808,treatment,22.63,desktop,SG,0,0.0,
9809,treatment,7.51,mobile,MY,0,0.0,
9810,treatment,15.08,desktop,PH,0,0.0,
9811,treatment,29.05,mobile,VN,0,0.0,
9812,control,16.17,mobile,ID,1,9.21,
9813,control,34.76,mobile,PH,0,0.0,
9814,treatment,14.33,mobile,SG,1,33.07,
9815,treatment,44.62,desktop,SG,0,0.0,
9816,control,36.42,,SG,0,0.0,
9817,treatment,9.68,mobile,SG,0,0.0,
9818,treatment,41.49,mobile,PH,0,0.0,
9819,treatment,33.48,mobile,ID,1,14.14,
9820,treatment,28.71,mobile,MY,0,0.0,
9821,treatment,18.43,,SG,1,13.93,
9822,control,20.42,desktop,MY,0,0.0,
9823,control,14.66,desktop,ID,0,0.0,
9824,control,43.16,mobile,PH,0,0.0,
9825,control,18.89,mobile,ID,0,0.0,
9826,control,12.28,mobile,SG,0,0.0,
9827,treatment,,desktop,MY,0,0.0,
9828,treatment,19.94,desktop,ID,1,27.83,
9829,control,18.12,mobile,PH,0,0.0,
9830,control,16.51,mobile,ID,0,0.0,
9831,treatment,8.96,mobile,ID,0,0.0,
9832,treatment,15.14,mobile,PH,0,0.0,
9833,treatment,46.73,desktop,MY,0,0.0,
9834,treatment,52.77,desktop,SG,0,0.0,
9835,treatment,3.95,desktop,ID,0,0.0,
9836,control,43.7,mobile,ID,0,0.0,
9837,control,47.96,mobile,MY,0,0.0,
9838,control,56.98,mobile,MY,0,0.0,
9839,control,43.31,desktop,MY,0,0.0,
9840,treatment,7.05,desktop,SG,0,0.0,
9841,control,5.24,mobile,ID,0,0.0,
9842,control,5.89,mobile,MY,0,0.0,
9843,control,59.96,mobile,MY,0,0.0,
9844,control,21.5,mobile,SG,0,0.0,
9845,control,22.38,mobile,SG,0,0.0,
9846,treatment,48.78,mobile,PH,1,41.98,
9847,treatment,28.83,mobile,MY,0,0.0,
9848,control,24.12,mobile,ID,0,0.0,
9849,treatment,66.47,mobile,SG,0,0.0,
9850,control,47.36,mobile,SG,0,0.0,
9851,treatment,62.36,,MY,0,0.0,
9852,control,22.28,desktop,ID,0,0.0,
9853,treatment,17.83,mobile,VN,0,0.0,
9854,control,54.41,desktop,MY,0,0.0,
9855,treatment,61.94,mobile,ID,0,0.0,
9856,treatment,21.61,mobile,MY,0,0.0,
9857,control,71.33,mobile,SG,0,0.0,
9858,control,80.24,mobile,MY,0,0.0,
9859,treatment,31.95,mobile,SG,0,0.0,
9860,treatment,8.39,mobile,ID,0,0.0,
9861,control,,mobile,SG,0,0.0,
9862,control,7.01,desktop,ID,0,0.0,
9863,treatment,13.85,mobile,MY,0,0.0,
9864,treatment,8.23,desktop,MY,0,0.0,
9865,treatment,31.38,desktop,MY,0,0.0,
9866,treatment,34.38,mobile,SG,0,0.0,
9867,control,34.43,desktop,ID,0,0.0,
9868,treatment,34.43,mobile,MY,0,0.0,
9869,treatment,0.51,mobile,SG,0,0.0,
9870,control,12.48,mobile,VN,0,0.0,
9871,control,44.3,,MY,1,15.98,
9872,treatment,29.45,mobile,PH,0,0.0,
9873,treatment,4.53,mobile,MY,1,15.67,
9874,control,20.01,mobile,VN,0,0.0,
9875,control,32.41,mobile,ID,1,22.65,
9876,treatment,9.27,mobile,ID,0,0.0,
9877,treatment,12.37,desktop,PH,0,0.0,
9878,control,36.85,mobile,SG,0,0.0,
9879,control,14.48,mobile,SG,1,48.22,
9880,treatment,13.23,desktop,SG,0,0.0,
9881,control,23.38,mobile,ID,0,0.0,
9882,treatment,23.76,mobile,PH,0,0.0,
9883,control,21.13,mobile,SG,0,0.0,
9884,treatment,56.72,mobile,MY,0,0.0,
9885,control,11.71,mobile,PH,0,0.0,
9886,control,30.18,mobile,MY,0,0.0,
9887,control,40.14,mobile,PH,1,31.72,
9888,control,,,MY,0,0.0,
9889,treatment,84.69,mobile,PH,0,0.0,
9890,control,31.57,desktop,ID,0,0.0,
9891,control,16.8,desktop,ID,0,0.0,
9892,control,47.69,,SG,0,0.0,
9893,treatment,49.38,mobile,MY,0,0.0,
9894,treatment,41.2,desktop,ID,0,0.0,
9895,control,33.16,mobile,MY,1,14.6,
9896,control,20.76,desktop,ID,1,6.36,
9897,treatment,16.17,mobile,MY,1,22.88,
9898,control,25.76,,SG,0,0.0,
9899,control,27.81,mobile,VN,0,0.0,
9900,control,34.47,desktop,SG,0,0.0,
9901,treatment,38.95,desktop,ID,1,24.57,
9902,control,13.74,desktop,ID,0,0.0,
9903,control,22.24,desktop,SG,0,0.0,
9904,control,44.96,mobile,ID,0,0.0,
9905,treatment,15.34,mobile,MY,1,19.96,
9906,treatment,28.72,mobile,ID,0,0.0,
9907,control,35.1,mobile,MY,0,0.0,
9908,treatment,8.05,mobile,ID,0,0.0,
9909,control,,desktop,ID,0,0.0,
9910,control,102.89,mobile,ID,0,0.0,
9911,control,18.27,mobile,MY,0,0.0,
9912,control,12.86,mobile,SG,0,0.0,
9913,treatment,66.35,mobile,SG,0,0.0,
9914,treatment,11.61,desktop,MY,0,0.0,
9915,control,7.02,mobile,ID,0,0.0,
9916,control,26.27,mobile,ID,0,0.0,
9917,control,25.74,,ID,0,0.0,
9918,control,11.88,desktop,PH,0,0.0,
9919,control,62.23,,ID,0,0.0,
9920,control,15.06,mobile,SG,1,30.49,
9921,treatment,,mobile,ID,1,23.94,
9922,control,24.25,mobile,ID,0,0.0,
9923,control,27.04,mobile,MY,1,12.28,
9924,treatment,25.03,mobile,SG,0,0.0,
9925,treatment,18.97,mobile,VN,0,0.0,
9926,control,56.61,desktop,ID,1,23.46,
9927,control,25.82,mobile,MY,0,0.0,
9928,treatment,15.03,mobile,MY,0,0.0,
9929,control,20.42,mobile,MY,0,0.0,
9930,control,3.39,mobile,SG,0,0.0,
9931,control,57.02,mobile,ID,0,0.0,
9932,treatment,16.28,mobile,SG,0,0.0,
9933,control,26.18,desktop,PH,0,0.0,
9934,control,12.12,,MY,0,0.0,
9935,treatment,20.78,desktop,SG,1,44.87,
9936,control,46.59,mobile,MY,0,0.0,
9937,treatment,13.31,mobile,ID,0,0.0,
9938,treatment,44.67,desktop,MY,0,0.0,
9939,control,22.09,mobile,SG,0,0.0,
9940,treatment,4.39,mobile,MY,0,0.0,
9941,control,31.16,desktop,SG,0,0.0,
9942,control,,mobile,PH,0,0.0,
9943,control,43.19,mobile,MY,0,0.0,
9944,treatment,42.53,mobile,ID,0,0.0,
9945,control,33.28,desktop,MY,0,0.0,
9946,treatment,106.43,mobile,SG,0,0.0,
9947,control,24.35,desktop,PH,0,0.0,
9948,control,21.88,desktop,ID,1,34.54,
9949,treatment,26.43,mobile,MY,0,0.0,
9950,control,15.6,mobile,VN,0,0.0,
9951,treatment,11.48,mobile,MY,1,7.21,
9952,treatment,32.5,mobile,PH,0,0.0,
9953,treatment,22.31,mobile,ID,0,0.0,
9954,treatment,39.66,desktop,SG,0,0.0,
9955,control,7.79,desktop,VN,0,0.0,
9956,control,45.32,desktop,ID,0,0.0,
9957,control,1.57,mobile,MY,0,0.0,
9958,treatment,11.86,desktop,SG,0,0.0,
9959,control,,mobile,MY,0,0.0,
9960,control,19.28,mobile,SG,0,0.0,
9961,control,39.28,desktop,ID,0,0.0,
9962,treatment,12.32,mobile,SG,0,0.0,
9963,treatment,,desktop,SG,0,0.0,
9964,control,37.33,mobile,ID,0,0.0,
9965,treatment,8.48,mobile,ID,0,0.0,
9966,treatment,24.56,desktop,SG,0,0.0,
9967,control,20.2,desktop,ID,0,0.0,
9968,control,11.39,,MY,0,0.0,
9969,control,34.85,mobile,SG,0,0.0,
9970,control,6.29,mobile,ID,0,0.0,
9971,treatment,4.76,mobile,SG,0,0.0,
9972,control,25.2,mobile,ID,0,0.0,
9973,treatment,69.1,mobile,MY,0,0.0,
9974,treatment,61.25,,ID,0,0.0,
9975,control,6.56,mobile,MY,1,34.29,
9976,control,13.95,mobile,MY,0,0.0,
9977,treatment,18.02,mobile,ID,1,28.91,
9978,control,78.15,desktop,ID,0,0.0,
9979,treatment,20.11,desktop,SG,0,0.0,
9980,control,44.33,,MY,0,0.0,
9981,treatment,23.88,desktop,MY,0,0.0,
9982,control,,desktop,ID,0,0.0,
9983,control,,mobile,MY,0,0.0,
9984,treatment,22.25,desktop,MY,0,0.0,
9985,treatment,24.73,desktop,VN,0,0.0,
9986,control,27.68,mobile,MY,0,0.0,
9987,control,53.85,mobile,ID,0,0.0,
9988,treatment,17.75,mobile,ID,0,0.0,
9989,control,,desktop,PH,0,0.0,
9990,control,40.56,mobile,SG,0,0.0,
9991,treatment,74.96,mobile,MY,0,0.0,
9992,treatment,,mobile,SG,0,0.0,
9993,control,14.56,desktop,MY,0,0.0,
9994,treatment,55.74,desktop,VN,0,0.0,
9995,treatment,5.99,mobile,SG,0,0.0,
9996,control,31.45,mobile,MY,0,0.0,
9997,treatment,58.54,,MY,1,22.89,
9998,control,,mobile,ID,0,0.0,
9999,treatment,34.34,desktop,ID,0,0.0,
10000,control,4.0,,MY,0,0.0,
10001,treatment,,mobile,SG,0,0.0,
10002,treatment,6.19,desktop,PH,0,0.0,
10003,treatment,,,SG,0,0.0,
10004,control,34.07,mobile,VN,0,0.0,
10005,control,58.53,desktop,ID,0,0.0,
10006,treatment,18.48,desktop,SG,0,0.0,
10007,control,36.49,mobile,ID,0,0.0,
10008,treatment,78.55,desktop,ID,1,8.51,
10009,treatment,62.45,mobile,VN,0,0.0,
10010,treatment,9.91,mobile,VN,0,0.0,
10011,control,56.32,mobile,PH,0,0.0,
10012,control,16.26,mobile,PH,0,0.0,
10013,treatment,74.45,mobile,SG,0,0.0,
10014,treatment,53.7,mobile,ID,0,0.0,
10015,treatment,7.63,mobile,SG,0,0.0,
10016,treatment,NULL,mobile,MY,1,64.83,
10017,treatment,29.81,mobile,VN,0,0.0,
10018,treatment,36.01,desktop,ID,1,17.48,
10019,treatment,25.94,mobile,VN,0,0.0,
10020,treatment,17.19,desktop,SG,0,0.0,
10021,treatment,12.56,desktop,VN,0,0.0,
10022,treatment,5.47,desktop,ID,0,0.0,
10023,treatment,29.54,desktop,PH,0,0.0,
10024,treatment,,mobile,MY,0,0.0,
10025,control,81.49,desktop,PH,0,0.0,
10026,control,20.54,desktop,SG,0,0.0,
10027,control,117.3,desktop,MY,0,0.0,
10028,treatment,46.96,mobile,ID,0,0.0,
10029,treatment,73.13,,PH,0,0.0,
10030,control,21.1,mobile,VN,0,0.0,
10031,control,41.12,mobile,VN,1,27.01,
10032,control,31.19,mobile,VN,0,0.0,
10033,control,46.67,mobile,ID,0,0.0,
10034,control,25.96,mobile,PH,0,0.0,
10035,treatment,21.48,mobile,SG,1,15.0,
10036,control,10.42,desktop,PH,0,0.0,
10037,control,33.9,mobile,ID,0,0.0,
10038,treatment,37.17,desktop,VN,0,0.0,
10039,control,18.7,mobile,PH,0,0.0,
10040,control,,,SG,0,0.0,
10041,treatment,12.42,mobile,ID,0,0.0,
10042,control,24.1,desktop,SG,0,0.0,
10043,control,15.76,desktop,ID,0,0.0,
10044,control,34.38,mobile,SG,0,0.0,
10045,treatment,19.98,mobile,SG,0,0.0,
10046,treatment,9.2,mobile,SG,0,0.0,
10047,control,20.26,desktop,SG,1,4.75,
10048,treatment,24.99,desktop,SG,0,0.0,
10049,control,35.14,mobile,ID,0,0.0,
10050,control,13.46,mobile,PH,1,51.63,
10051,treatment,70.63,mobile,ID,0,0.0,
10052,control,58.41,mobile,SG,0,0.0,
10053,control,18.6,desktop,ID,0,0.0,
10054,treatment,17.6,mobile,PH,0,0.0,
10055,control,89.11,,ID,1,22.42,
10056,control,43.0,desktop,VN,0,0.0,
10057,treatment,,desktop,SG,0,0.0,
10058,treatment,43.15,desktop,ID,0,0.0,
10059,treatment,27.4,mobile,SG,0,0.0,
10060,treatment,26.7,mobile,SG,1,9.99,
10061,treatment,6.52,desktop,SG,0,0.0,
10062,control,22.66,,VN,0,0.0,
10063,treatment,71.67,mobile,ID,0,0.0,
10064,control,8.66,mobile,VN,0,0.0,
10065,treatment,10.77,mobile,PH,0,0.0,
10066,treatment,22.07,mobile,SG,0,0.0,
10067,treatment,34.65,desktop,SG,0,0.0,
10068,control,17.14,desktop,SG,0,0.0,
10069,treatment,58.73,mobile,SG,0,0.0,
10070,treatment,,mobile,SG,0,0.0,
10071,treatment,16.86,desktop,VN,0,0.0,
10072,control,68.85,mobile,PH,0,0.0,
10073,treatment,26.24,mobile,ID,0,0.0,
10074,treatment,19.26,mobile,PH,1,15.94,
10075,treatment,6.74,mobile,SG,0,0.0,
10076,control,14.64,mobile,PH,1,28.4,
10077,treatment,23.93,mobile,SG,0,0.0,
10078,treatment,76.41,mobile,VN,0,0.0,
10079,control,8.84,mobile,ID,0,0.0,
10080,treatment,36.65,desktop,ID,0,0.0,
10081,treatment,22.77,desktop,SG,0,0.0,
10082,control,34.86,mobile,MY,0,0.0,
10083,treatment,15.0,desktop,ID,0,0.0,
10084,treatment,12.11,mobile,SG,1,16.66,
10085,control,5.92,mobile,SG,0,0.0,
10086,control,23.85,mobile,VN,1,19.95,
10087,treatment,24.92,mobile,ID,0,0.0,
10088,treatment,42.15,mobile,MY,0,0.0,
10089,treatment,5.15,mobile,SG,0,0.0,
10090,treatment,32.99,mobile,MY,1,26.42,
10091,treatment,,mobile,PH,0,0.0,
10092,control,23.64,mobile,VN,0,0.0,
10093,treatment,37.63,desktop,ID,0,0.0,
10094,treatment,33.8,desktop,ID,0,0.0,
10095,control,33.89,desktop,SG,0,0.0,
10096,control,82.63,mobile,ID,0,0.0,
10097,control,33.01,mobile,ID,0,0.0,
10098,treatment,24.55,mobile,MY,0,0.0,
10099,control,39.88,mobile,PH,0,0.0,
10100,treatment,16.22,desktop,PH,0,0.0,
10101,treatment,1.64,mobile,ID,0,0.0,
10102,control,25.07,mobile,SG,0,0.0,
10103,treatment,30.66,desktop,PH,0,0.0,
10104,control,62.35,desktop,PH,0,0.0,
10105,control,6.44,mobile,SG,0,0.0,
10106,treatment,27.37,mobile,PH,0,0.0,
10107,control,28.02,mobile,MY,0,0.0,
10108,control,11.69,mobile,MY,0,0.0,
10109,control,63.64,mobile,ID,1,12.53,
10110,control,25.69,mobile,SG,0,0.0,
10111,treatment,30.81,mobile,SG,0,0.0,
10112,control,8.89,desktop,VN,0,0.0,
10113,control,48.86,desktop,MY,0,0.0,
10114,treatment,46.78,mobile,ID,0,0.0,
10115,control,1.14,,ID,0,0.0,
10116,treatment,29.58,mobile,SG,1,31.94,
10117,treatment,30.51,desktop,SG,0,0.0,
10118,treatment,14.46,desktop,MY,0,0.0,
10119,control,33.52,desktop,MY,0,0.0,
10120,control,24.64,desktop,SG,0,0.0,
10121,control,18.58,mobile,MY,0,0.0,
10122,treatment,5.13,desktop,MY,0,0.0,
10123,control,8.69,desktop,SG,0,0.0,
10124,control,45.35,mobile,MY,0,0.0,
10125,control,23.98,desktop,MY,0,0.0,
10126,control,26.13,desktop,MY,0,0.0,
10127,control,6.44,desktop,VN,0,0.0,
10128,treatment,14.11,mobile,MY,0,0.0,
10129,control,6.43,desktop,MY,0,0.0,
10130,control,72.36,mobile,MY,0,0.0,
10131,treatment,,mobile,SG,0,0.0,
10132,control,17.01,mobile,MY,0,0.0,
10133,control,23.89,mobile,MY,0,0.0,
10134,treatment,36.0,desktop,PH,0,0.0,
10135,control,74.17,mobile,SG,0,0.0,
10136,treatment,,mobile,SG,0,0.0,
10137,treatment,33.19,desktop,VN,0,0.0,
10138,control,46.64,mobile,ID,1,16.44,
10139,control,38.45,mobile,SG,0,0.0,
10140,control,20.34,,SG,0,0.0,
10141,control,8.43,desktop,SG,0,0.0,
10142,treatment,64.42,mobile,VN,0,0.0,
10143,control,28.58,mobile,SG,0,0.0,
10144,control,17.08,mobile,SG,0,0.0,
10145,treatment,16.83,mobile,ID,0,0.0,
10146,control,,mobile,VN,0,0.0,
10147,control,16.78,mobile,MY,0,0.0,
10148,control,64.58,mobile,SG,0,0.0,
10149,control,22.97,mobile,SG,0,0.0,
10150,control,11.06,desktop,SG,0,0.0,
10151,control,56.67,mobile,MY,0,0.0,
10152,treatment,28.98,mobile,PH,0,0.0,
10153,control,20.78,desktop,ID,1,11.74,
10154,treatment,3.74,mobile,MY,0,0.0,
10155,control,7.54,desktop,VN,0,0.0,
10156,treatment,45.67,mobile,ID,0,0.0,
10157,control,7.12,desktop,MY,0,0.0,
10158,treatment,30.68,mobile,SG,0,0.0,
10159,control,33.61,desktop,VN,1,29.32,
10160,control,39.31,mobile,SG,0,0.0,
10161,control,43.8,desktop,ID,0,0.0,
10162,treatment,,desktop,PH,0,0.0,
10163,treatment,24.85,mobile,PH,0,0.0,
10164,control,37.5,mobile,MY,0,0.0,
10165,control,8.04,mobile,VN,0,0.0,
10166,control,79.9,mobile,MY,0,0.0,
10167,treatment,87.81,mobile,VN,0,0.0,
10168,control,5.11,desktop,SG,0,0.0,
10169,control,69.14,desktop,VN,1,83.64,
10170,control,18.51,mobile,MY,0,0.0,
10171,control,20.0,desktop,SG,0,0.0,
10172,treatment,15.95,mobile,MY,1,31.14,
10173,control,34.88,mobile,MY,0,0.0,
10174,treatment,,mobile,VN,1,56.36,
10175,treatment,13.45,desktop,SG,0,0.0,
10176,treatment,71.74,mobile,ID,0,0.0,
10177,control,20.11,desktop,PH,0,0.0,
10178,treatment,26.39,desktop,ID,1,13.08,
10179,control,37.22,mobile,SG,0,0.0,
10180,control,8.32,mobile,SG,0,0.0,
10181,control,11.86,desktop,ID,0,0.0,
10182,treatment,34.46,mobile,ID,0,0.0,
10183,treatment,57.11,mobile,VN,1,57.41,
10184,treatment,44.62,desktop,ID,0,0.0,
10185,treatment,12.82,mobile,VN,1,23.56,
10186,treatment,50.37,mobile,SG,0,0.0,
10187,treatment,24.94,mobile,SG,0,0.0,
10188,treatment,18.44,mobile,PH,0,0.0,
10189,treatment,23.27,desktop,SG,0,0.0,
10190,control,53.93,desktop,SG,0,0.0,
10191,control,50.14,mobile,ID,0,0.0,
10192,treatment,25.46,desktop,ID,0,0.0,
10193,control,,,SG,0,0.0,
10194,control,3.4,mobile,MY,1,17.44,
10195,control,41.04,mobile,PH,0,0.0,
10196,treatment,24.44,mobile,SG,0,0.0,
10197,control,8.57,desktop,MY,0,0.0,
10198,control,12.54,mobile,ID,0,0.0,
10199,treatment,15.35,desktop,VN,0,0.0,
10200,control,45.04,mobile,SG,0,0.0,
10201,treatment,30.8,desktop,PH,0,0.0,
10202,control,37.24,mobile,PH,0,0.0,
10203,control,30.98,,SG,0,0.0,
10204,control,13.3,mobile,MY,0,0.0,
10205,control,31.52,mobile,MY,0,0.0,
10206,treatment,,mobile,PH,0,0.0,
10207,treatment,7.75,mobile,VN,0,0.0,
10208,control,13.03,desktop,VN,1,30.34,
10209,treatment,14.6,desktop,VN,0,0.0,
10210,treatment,23.79,desktop,SG,0,0.0,
10211,treatment,30.15,mobile,ID,0,0.0,
10212,treatment,34.51,mobile,ID,0,0.0,
10213,treatment,,mobile,SG,0,0.0,
10214,treatment,2.84,mobile,SG,0,0.0,
10215,control,41.58,mobile,MY,0,0.0,
10216,treatment,10.14,mobile,SG,0,0.0,
10217,treatment,22.72,mobile,ID,0,0.0,
10218,treatment,46.84,mobile,SG,0,0.0,
10219,treatment,2.72,mobile,MY,1,3.71,
10220,treatment,6.03,mobile,MY,0,0.0,
10221,control,42.29,desktop,SG,0,0.0,
10222,treatment,54.48,desktop,MY,1,34.52,
10223,treatment,12.96,mobile,SG,0,0.0,
10224,control,,mobile,ID,0,0.0,
10225,treatment,8.89,mobile,MY,0,0.0,
10226,control,39.69,mobile,MY,0,0.0,
10227,treatment,20.98,mobile,SG,1,54.33,
10228,treatment,62.24,mobile,ID,1,22.78,
10229,control,10.5,mobile,SG,0,0.0,
10230,treatment,32.23,desktop,ID,0,0.0,
10231,control,32.41,mobile,MY,0,0.0,
10232,treatment,,desktop,VN,0,0.0,
10233,treatment,22.1,desktop,ID,0,0.0,
10234,control,31.92,desktop,ID,0,0.0,
10235,control,,,ID,0,0.0,
10236,treatment,4.01,desktop,MY,0,0.0,
10237,control,10.45,mobile,ID,0,0.0,
10238,treatment,53.61,desktop,VN,0,0.0,
10239,control,62.48,desktop,MY,0,0.0,
10240,control,39.1,,SG,0,0.0,
10241,treatment,54.56,desktop,MY,0,0.0,
10242,control,13.97,mobile,ID,0,0.0,
10243,treatment,65.23,mobile,ID,0,0.0,
10244,control,20.94,desktop,PH,0,0.0,
10245,control,45.02,mobile,ID,0,0.0,
10246,treatment,3.88,desktop,MY,0,0.0,
10247,treatment,19.34,mobile,ID,0,0.0,
10248,control,31.97,mobile,SG,0,0.0,
10249,treatment,1.25,mobile,MY,0,0.0,
10250,treatment,23.49,mobile,SG,0,0.0,
10251,control,17.54,mobile,VN,0,0.0,
10252,control,56.84,desktop,ID,0,0.0,
10253,control,34.65,mobile,PH,0,0.0,
10254,treatment,21.02,desktop,PH,0,0.0,
10255,treatment,29.81,mobile,MY,0,0.0,
10256,treatment,58.19,mobile,SG,0,0.0,
10257,treatment,8.59,desktop,SG,0,0.0,
10258,control,22.96,desktop,MY,0,0.0,
10259,control,45.85,desktop,ID,0,0.0,
10260,control,17.4,mobile,ID,0,0.0,
10261,control,15.94,desktop,MY,0,0.0,
10262,control,33.96,mobile,MY,0,0.0,
10263,treatment,64.77,mobile,ID,0,0.0,
10264,treatment,,desktop,SG,0,0.0,
10265,control,13.52,mobile,PH,0,0.0,
10266,control,6.61,mobile,PH,0,0.0,
10267,treatment,,desktop,ID,0,0.0,
10268,control,27.72,desktop,ID,0,0.0,
10269,control,13.98,mobile,ID,0,0.0,
10270,treatment,40.81,mobile,ID,0,0.0,
10271,treatment,59.37,mobile,PH,0,0.0,
10272,treatment,6.65,desktop,SG,0,0.0,
10273,treatment,29.39,mobile,SG,0,0.0,
10274,treatment,13.95,mobile,SG,0,0.0,
10275,treatment,99.64,mobile,PH,0,0.0,
10276,treatment,50.91,desktop,PH,0,0.0,
10277,control,13.25,mobile,MY,0,0.0,
10278,control,37.31,mobile,MY,1,42.08,
10279,treatment,49.04,desktop,VN,0,0.0,
10280,control,8.24,desktop,SG,0,0.0,
10281,control,17.37,mobile,ID,0,0.0,
10282,control,31.54,mobile,VN,0,0.0,
10283,treatment,14.7,mobile,ID,1,58.82,
10284,control,53.56,mobile,PH,0,0.0,
10285,control,98.71,mobile,SG,0,0.0,
10286,control,28.99,desktop,MY,0,0.0,
10287,treatment,38.61,mobile,SG,0,0.0,
10288,treatment,14.24,mobile,MY,0,0.0,
10289,treatment,18.32,mobile,VN,1,24.52,
10290,control,42.68,mobile,PH,0,0.0,
10291,treatment,38.41,desktop,MY,0,0.0,
10292,control,22.93,desktop,ID,1,66.46,
10293,control,25.27,mobile,ID,0,0.0,
10294,treatment,10.39,mobile,VN,0,0.0,
10295,control,17.38,mobile,SG,0,0.0,
10296,treatment,4.09,mobile,VN,0,0.0,
10297,control,4.92,mobile,MY,0,0.0,
10298,treatment,24.76,mobile,ID,0,0.0,
10299,control,45.43,desktop,PH,0,0.0,
10300,control,30.37,desktop,SG,1,26.54,
10301,treatment,37.32,mobile,ID,0,0.0,
10302,control,18.62,mobile,ID,0,0.0,
10303,treatment,,desktop,VN,0,0.0,
10304,treatment,5.06,mobile,MY,1,29.08,
10305,treatment,,desktop,SG,1,18.56,
10306,treatment,29.98,desktop,ID,0,0.0,
10307,control,13.31,mobile,PH,0,0.0,
10308,control,34.52,,VN,0,0.0,
10309,treatment,15.51,desktop,ID,0,0.0,
10310,treatment,46.82,desktop,PH,0,0.0,
10311,treatment,21.59,desktop,SG,0,0.0,
10312,control,14.22,mobile,PH,0,0.0,
10313,treatment,88.75,desktop,SG,1,34.64,
10314,control,59.2,mobile,SG,1,27.03,
10315,control,22.88,desktop,MY,1,6.87,
10316,control,45.55,mobile,SG,0,0.0,
10317,treatment,9.96,mobile,MY,0,0.0,
10318,control,17.11,desktop,VN,0,0.0,
10319,control,11.39,desktop,MY,0,0.0,
10320,treatment,,mobile,MY,0,0.0,
10321,control,35.75,desktop,PH,0,0.0,
10322,treatment,40.05,mobile,SG,0,0.0,
10323,control,20.89,desktop,MY,0,0.0,
10324,treatment,,mobile,VN,0,0.0,
10325,control,20.66,desktop,VN,0,0.0,
10326,control,44.8,desktop,SG,0,0.0,
10327,control,67.54,,SG,0,0.0,
10328,control,17.28,mobile,PH,0,0.0,
10329,treatment,64.53,desktop,SG,0,0.0,
10330,control,17.23,desktop,ID,1,43.37,
10331,treatment,62.76,mobile,SG,0,0.0,
10332,control,13.09,desktop,SG,0,0.0,
10333,control,34.83,desktop,MY,0,0.0,
10334,treatment,38.85,mobile,PH,0,0.0,
10335,treatment,17.45,mobile,SG,0,0.0,
10336,treatment,18.97,desktop,SG,0,0.0,
10337,control,65.42,desktop,SG,0,0.0,
10338,control,6.93,desktop,ID,0,0.0,
10339,control,51.79,mobile,SG,0,0.0,
10340,treatment,8.28,mobile,SG,0,0.0,
10341,treatment,13.89,desktop,ID,0,0.0,
10342,treatment,14.57,mobile,ID,0,0.0,
10343,treatment,6.53,,PH,0,0.0,
10344,control,18.34,mobile,SG,0,0.0,
10345,control,62.52,mobile,VN,0,0.0,
10346,control,16.1,desktop,MY,0,0.0,
10347,treatment,28.68,mobile,MY,0,0.0,
10348,treatment,6.97,mobile,SG,0,0.0,
10349,treatment,16.05,mobile,PH,0,0.0,
10350,control,14.45,mobile,SG,0,0.0,
10351,treatment,10.81,mobile,ID,0,0.0,
10352,control,26.12,mobile,ID,0,0.0,
10353,control,13.52,desktop,ID,0,0.0,
10354,treatment,42.32,mobile,SG,0,0.0,
10355,control,20.04,desktop,VN,0,0.0,
10356,control,31.82,mobile,PH,0,0.0,
10357,treatment,28.21,desktop,MY,0,0.0,
10358,control,41.83,desktop,ID,0,0.0,
10359,control,9.5,mobile,SG,0,0.0,
10360,control,7.48,desktop,ID,0,0.0,
10361,control,28.37,mobile,SG,0,0.0,
10362,treatment,18.33,mobile,PH,0,0.0,
10363,control,29.68,desktop,MY,0,0.0,
10364,treatment,36.23,mobile,ID,0,0.0,
10365,treatment,17.83,mobile,PH,0,0.0,
10366,treatment,18.87,mobile,SG,0,0.0,
10367,control,39.97,,ID,0,0.0,
10368,treatment,32.17,mobile,MY,0,0.0,
10369,treatment,12.77,mobile,PH,0,0.0,
10370,treatment,60.75,mobile,MY,0,0.0,
10371,treatment,30.25,desktop,ID,0,0.0,
10372,control,62.54,mobile,PH,0,0.0,
10373,treatment,11.99,desktop,SG,0,0.0,
10374,treatment,34.25,desktop,PH,0,0.0,
10375,control,22.02,mobile,VN,0,0.0,
10376,treatment,16.71,,PH,1,14.2,
10377,control,69.88,mobile,SG,0,0.0,
10378,treatment,19.28,mobile,PH,0,0.0,
10379,treatment,51.06,mobile,SG,1,9.47,
10380,control,23.73,desktop,ID,0,0.0,
10381,treatment,28.7,mobile,ID,0,0.0,
10382,treatment,25.4,desktop,SG,0,0.0,
10383,treatment,12.72,desktop,SG,0,0.0,
10384,control,38.2,mobile,SG,0,0.0,
10385,control,19.53,desktop,ID,0,0.0,
10386,treatment,12.99,desktop,ID,1,86.74,
10387,control,64.05,mobile,VN,0,0.0,
10388,treatment,38.79,mobile,MY,0,0.0,
10389,control,8.31,desktop,ID,1,39.6,
10390,treatment,48.81,desktop,MY,0,0.0,
10391,control,13.24,desktop,SG,0,0.0,
10392,treatment,15.56,desktop,SG,0,0.0,
10393,treatment,9.06,mobile,SG,0,0.0,
10394,control,33.54,mobile,SG,0,0.0,
10395,treatment,20.19,mobile,MY,0,0.0,
10396,treatment,98.45,desktop,MY,1,16.76,
10397,control,20.21,mobile,MY,0,0.0,
10398,treatment,23.73,desktop,SG,0,0.0,
10399,treatment,6.06,mobile,MY,0,0.0,
10400,treatment,65.09,mobile,SG,0,0.0,
10401,treatment,21.68,mobile,MY,0,0.0,
10402,control,24.6,mobile,MY,0,0.0,
10403,control,31.83,mobile,SG,1,14.75,
10404,control,40.44,desktop,SG,0,0.0,
10405,control,19.87,mobile,SG,0,0.0,
10406,treatment,16.84,mobile,ID,0,0.0,
10407,treatment,23.34,mobile,SG,0,0.0,
10408,control,31.47,mobile,SG,1,44.61,
10409,treatment,,mobile,SG,0,0.0,
10410,control,63.73,desktop,MY,0,0.0,
10411,control,15.44,desktop,ID,0,0.0,
10412,control,30.38,mobile,SG,0,0.0,
10413,treatment,19.44,mobile,ID,1,21.53,
10414,control,19.46,mobile,MY,0,0.0,
10415,treatment,7.25,mobile,SG,0,0.0,
10416,treatment,,mobile,MY,0,0.0,
10417,control,26.84,mobile,SG,0,0.0,
10418,control,33.55,mobile,ID,0,0.0,
10419,treatment,15.67,mobile,ID,0,0.0,
10420,control,4.32,mobile,SG,0,0.0,
10421,treatment,59.7,mobile,SG,0,0.0,
10422,control,20.54,mobile,VN,0,0.0,
10423,control,5.62,desktop,MY,0,0.0,
10424,treatment,34.03,mobile,MY,0,0.0,
10425,control,34.46,desktop,VN,0,0.0,
10426,treatment,123.83,desktop,VN,0,0.0,
10427,control,40.42,mobile,ID,0,0.0,
10428,treatment,8.93,mobile,SG,0,0.0,
10429,control,19.95,mobile,ID,0,0.0,
10430,treatment,22.62,mobile,SG,0,0.0,
10431,control,18.42,desktop,ID,0,0.0,
10432,control,41.14,mobile,SG,0,0.0,
10433,control,33.22,mobile,ID,1,14.63,
10434,control,50.8,desktop,SG,0,0.0,
10435,treatment,2.92,mobile,VN,0,0.0,
10436,treatment,13.1,desktop,ID,0,0.0,
10437,treatment,6.33,desktop,ID,0,0.0,
10438,control,30.11,desktop,PH,1,29.66,
10439,treatment,40.08,mobile,ID,0,0.0,
10440,control,24.72,desktop,SG,0,0.0,
10441,control,27.43,mobile,MY,0,0.0,
10442,control,18.9,mobile,PH,0,0.0,
10443,treatment,74.26,desktop,PH,0,0.0,
10444,treatment,8.69,mobile,VN,0,0.0,
10445,treatment,18.99,desktop,PH,0,0.0,
10446,control,14.94,mobile,PH,0,0.0,
10447,control,8.62,desktop,PH,0,0.0,
10448,control,7.42,mobile,PH,0,0.0,
10449,control,9.04,mobile,MY,0,0.0,
10450,control,74.25,mobile,VN,0,0.0,
10451,treatment,39.84,mobile,ID,0,0.0,
10452,control,5.65,mobile,VN,0,0.0,
10453,control,32.15,mobile,MY,0,0.0,
10454,treatment,27.92,mobile,SG,0,0.0,
10455,treatment,43.58,mobile,MY,0,0.0,
10456,treatment,36.74,mobile,MY,1,4.88,
10457,treatment,,mobile,SG,0,0.0,
10458,treatment,63.34,mobile,MY,0,0.0,
10459,control,16.42,desktop,PH,0,0.0,
10460,control,34.34,mobile,ID,0,0.0,
10461,treatment,6.97,desktop,PH,1,43.79,
10462,control,6.05,desktop,ID,0,0.0,
10463,treatment,16.78,mobile,PH,0,0.0,
10464,treatment,80.21,mobile,MY,0,0.0,
10465,control,,mobile,ID,0,0.0,
10466,control,2.21,mobile,MY,0,0.0,
10467,control,16.87,desktop,PH,0,0.0,
10468,control,37.92,mobile,MY,0,0.0,
10469,treatment,19.86,mobile,PH,0,0.0,
10470,treatment,17.67,mobile,SG,0,0.0,
10471,treatment,26.68,mobile,ID,0,0.0,
10472,control,9.09,mobile,MY,0,0.0,
10473,treatment,11.79,mobile,SG,0,0.0,
10474,control,10.73,mobile,VN,0,0.0,
10475,control,53.7,mobile,MY,1,8.99,
10476,control,21.11,mobile,MY,0,0.0,
10477,treatment,89.45,desktop,SG,0,0.0,
10478,treatment,19.35,,MY,0,0.0,
10479,control,23.78,desktop,MY,0,0.0,
10480,control,68.1,mobile,ID,0,0.0,
10481,control,18.63,mobile,MY,0,0.0,
10482,control,45.44,desktop,SG,0,0.0,
10483,control,,desktop,MY,0,0.0,
10484,control,20.7,mobile,SG,0,0.0,
10485,control,4.54,mobile,SG,0,0.0,
10486,control,6.13,desktop,ID,0,0.0,
10487,treatment,27.84,desktop,SG,1,12.25,
10488,treatment,60.96,desktop,VN,0,0.0,
10489,treatment,10.09,desktop,MY,0,0.0,
10490,treatment,16.17,mobile,ID,0,0.0,
10491,treatment,11.0,desktop,SG,0,0.0,
10492,control,33.03,mobile,ID,0,0.0,
10493,control,,mobile,MY,0,0.0,
10494,treatment,6.95,mobile,SG,0,0.0,
10495,treatment,7.94,mobile,VN,0,0.0,
10496,treatment,16.96,mobile,ID,0,0.0,
10497,control,12.07,mobile,MY,0,0.0,
10498,treatment,,mobile,MY,0,0.0,
10499,control,23.62,mobile,ID,0,0.0,
10500,treatment,18.94,mobile,MY,0,0.0,
10501,treatment,40.44,desktop,PH,0,0.0,
10502,treatment,,mobile,PH,0,0.0,
10503,treatment,,mobile,VN,0,0.0,
10504,control,46.67,desktop,SG,0,0.0,
10505,control,26.5,desktop,MY,0,0.0,
10506,treatment,70.81,desktop,ID,0,0.0,
10507,control,40.11,mobile,PH,0,0.0,
10508,treatment,50.12,desktop,VN,1,29.59,
10509,control,17.47,mobile,ID,0,0.0,
10510,control,18.29,mobile,SG,0,0.0,
10511,treatment,18.47,mobile,SG,0,0.0,
10512,control,,desktop,PH,0,0.0,
10513,treatment,51.61,mobile,ID,0,0.0,
10514,treatment,18.6,desktop,SG,0,0.0,
10515,treatment,38.06,desktop,VN,0,0.0,
10516,treatment,5.46,mobile,SG,1,13.11,
10517,treatment,8.68,desktop,ID,1,18.12,
10518,treatment,3.29,mobile,SG,0,0.0,
10519,control,54.05,desktop,ID,0,0.0,
10520,treatment,45.19,desktop,SG,0,0.0,
10521,treatment,,mobile,MY,0,0.0,
10522,control,35.85,mobile,SG,0,0.0,
10523,treatment,13.64,mobile,SG,0,0.0,
10524,control,15.3,desktop,ID,0,0.0,
10525,control,5.45,mobile,PH,0,0.0,
10526,control,34.72,desktop,ID,0,0.0,
10527,control,33.16,desktop,SG,0,0.0,
10528,control,28.47,mobile,MY,0,0.0,
10529,control,55.84,desktop,ID,0,0.0,
10530,treatment,57.64,,MY,0,0.0,
10531,control,,mobile,MY,0,0.0,
10532,treatment,21.25,desktop,PH,0,0.0,
10533,control,13.13,mobile,ID,0,0.0,
10534,treatment,28.46,,ID,0,0.0,
10535,treatment,57.76,mobile,SG,1,8.55,
10536,treatment,22.9,mobile,PH,0,0.0,
10537,control,32.93,desktop,MY,0,0.0,
10538,control,25.09,mobile,PH,1,10.56,
10539,control,50.38,desktop,SG,0,0.0,
10540,treatment,101.21,desktop,VN,0,0.0,
10541,treatment,15.96,mobile,ID,0,0.0,
10542,control,27.49,mobile,PH,0,0.0,
10543,control,18.84,mobile,ID,0,0.0,
10544,treatment,32.23,desktop,ID,0,0.0,
10545,treatment,30.93,mobile,ID,0,0.0,
10546,control,9.49,mobile,SG,0,0.0,
10547,treatment,43.47,mobile,ID,0,0.0,
10548,control,19.03,mobile,PH,0,0.0,
10549,treatment,16.61,desktop,SG,0,0.0,
10550,treatment,,mobile,SG,0,0.0,
10551,control,29.13,desktop,MY,1,35.27,
10552,treatment,43.01,desktop,ID,0,0.0,
10553,control,17.56,desktop,SG,0,0.0,
10554,treatment,27.46,mobile,MY,0,0.0,
10555,treatment,28.09,mobile,SG,0,0.0,
10556,treatment,43.93,mobile,MY,0,0.0,
10557,treatment,35.72,desktop,MY,0,0.0,
10558,control,15.9,mobile,ID,0,0.0,
10559,control,19.57,mobile,ID,0,0.0,
10560,control,21.8,mobile,ID,0,0.0,
10561,control,20.47,mobile,SG,0,0.0,
10562,control,,mobile,SG,0,0.0,
10563,treatment,33.86,mobile,MY,0,0.0,
10564,control,88.27,mobile,PH,1,41.68,
10565,control,47.96,mobile,PH,0,0.0,
10566,control,54.45,desktop,MY,0,0.0,
10567,treatment,24.86,mobile,SG,0,0.0,
10568,control,49.0,mobile,VN,0,0.0,
10569,treatment,36.1,mobile,PH,0,0.0,
10570,treatment,9.98,mobile,PH,1,17.29,
10571,control,28.59,mobile,MY,0,0.0,
10572,treatment,24.9,mobile,PH,0,0.0,
10573,treatment,28.39,desktop,MY,0,0.0,
10574,control,6.53,,ID,1,33.16,
10575,control,8.09,desktop,SG,0,0.0,
10576,treatment,26.2,mobile,ID,0,0.0,
10577,treatment,6.36,mobile,ID,0,0.0,
10578,treatment,52.61,desktop,ID,0,0.0,
10579,treatment,46.02,desktop,MY,0,0.0,
10580,treatment,21.87,,VN,0,0.0,
10581,treatment,27.96,mobile,ID,0,0.0,
10582,treatment,15.77,mobile,ID,0,0.0,
10583,treatment,23.87,desktop,VN,1,45.83,
10584,control,5.36,desktop,ID,0,0.0,
10585,control,8.9,mobile,ID,0,0.0,
10586,treatment,46.78,mobile,ID,0,0.0,
10587,treatment,20.33,mobile,MY,0,0.0,
10588,treatment,,desktop,VN,0,0.0,
10589,treatment,39.85,desktop,SG,0,0.0,
10590,treatment,23.55,mobile,ID,0,0.0,
10591,control,3.15,desktop,SG,0,0.0,
10592,control,,desktop,ID,0,0.0,
10593,control,18.36,mobile,SG,0,0.0,
10594,treatment,7.68,mobile,MY,0,0.0,
10595,treatment,46.95,mobile,ID,0,0.0,
10596,control,38.85,,VN,0,0.0,
10597,treatment,27.43,mobile,SG,0,0.0,
10598,control,8.48,desktop,SG,0,0.0,
10599,control,24.94,mobile,VN,0,0.0,
10600,treatment,,desktop,MY,0,0.0,
10601,control,11.0,mobile,SG,0,0.0,
10602,control,25.9,mobile,VN,0,0.0,
10603,treatment,,mobile,ID,0,0.0,
10604,control,21.06,mobile,VN,1,38.97,
10605,control,8.3,mobile,VN,0,0.0,
10606,control,9.32,,SG,0,0.0,
10607,treatment,32.03,mobile,MY,0,0.0,
10608,control,73.42,,ID,0,0.0,
10609,control,13.92,mobile,PH,1,20.47,
10610,control,18.68,,SG,0,0.0,
10611,treatment,,desktop,SG,0,0.0,
10612,control,41.01,mobile,PH,0,0.0,
10613,control,12.73,mobile,ID,0,0.0,
10614,treatment,7.18,desktop,VN,0,0.0,
10615,treatment,5.67,,SG,1,26.81,
10616,control,21.19,desktop,VN,0,0.0,
10617,treatment,24.96,mobile,MY,1,37.74,
10618,control,24.38,mobile,ID,0,0.0,
10619,control,29.88,desktop,SG,0,0.0,
10620,control,10.07,mobile,SG,0,0.0,
10621,treatment,30.09,mobile,ID,0,0.0,
10622,treatment,26.94,,SG,1,29.57,
10623,treatment,42.88,mobile,SG,0,0.0,
10624,treatment,33.81,mobile,PH,0,0.0,
10625,control,50.51,mobile,ID,0,0.0,
10626,treatment,16.41,mobile,ID,0,0.0,
10627,control,11.73,desktop,SG,0,0.0,
10628,control,23.42,desktop,ID,0,0.0,
10629,treatment,4.33,mobile,SG,0,0.0,
10630,control,31.36,mobile,ID,1,33.79,
10631,treatment,18.52,mobile,SG,1,24.64,
10632,treatment,,mobile,SG,0,0.0,
10633,control,53.34,mobile,SG,0,0.0,
10634,treatment,6.52,mobile,PH,0,0.0,
10635,treatment,4.51,desktop,ID,1,22.2,
10636,control,37.26,mobile,ID,0,0.0,
10637,control,48.74,mobile,MY,0,0.0,
10638,control,41.36,mobile,SG,0,0.0,
10639,treatment,36.79,mobile,VN,1,32.62,
10640,treatment,29.74,mobile,PH,0,0.0,
10641,control,16.43,desktop,MY,0,0.0,
10642,treatment,18.55,mobile,PH,0,0.0,
10643,treatment,35.64,mobile,SG,0,0.0,
10644,treatment,14.73,mobile,SG,0,0.0,
10645,treatment,40.57,desktop,PH,0,0.0,
10646,control,45.29,desktop,MY,1,29.16,
10647,control,17.22,mobile,VN,0,0.0,
10648,treatment,16.28,mobile,ID,0,0.0,
10649,control,,mobile,MY,0,0.0,
10650,treatment,67.11,mobile,MY,0,0.0,
10651,treatment,44.27,desktop,SG,0,0.0,
10652,control,38.98,desktop,MY,1,11.4,
10653,treatment,16.95,mobile,VN,0,0.0,
10654,control,16.99,desktop,ID,0,0.0,
10655,treatment,33.55,mobile,SG,0,0.0,
10656,control,10.73,mobile,SG,0,0.0,
10657,control,23.17,mobile,SG,0,0.0,
10658,treatment,78.91,,SG,1,34.99,
10659,control,,mobile,PH,0,0.0,
10660,treatment,,mobile,ID,1,9.4,
10661,treatment,7.69,desktop,ID,0,0.0,
10662,treatment,56.25,mobile,SG,0,0.0,
10663,control,16.31,desktop,SG,1,37.67,
10664,control,,desktop,SG,0,0.0,
10665,treatment,36.87,,PH,0,0.0,
10666,treatment,32.12,mobile,SG,0,0.0,
10667,control,13.47,desktop,SG,0,0.0,
10668,control,33.19,mobile,PH,0,0.0,
10669,control,28.72,mobile,ID,1,20.02,
10670,control,4.21,mobile,MY,0,0.0,
10671,treatment,6.83,mobile,SG,0,0.0,
10672,treatment,21.89,desktop,ID,1,22.49,
10673,treatment,4.64,desktop,MY,0,0.0,
10674,control,10.23,mobile,MY,0,0.0,
10675,control,45.8,mobile,ID,0,0.0,
10676,treatment,14.97,desktop,VN,1,9.68,
10677,treatment,,mobile,SG,0,0.0,
10678,treatment,26.53,desktop,SG,0,0.0,
10679,control,,,ID,0,0.0,
10680,treatment,11.39,desktop,ID,1,25.63,
10681,treatment,43.11,mobile,MY,0,0.0,
10682,control,8.66,,MY,0,0.0,
10683,control,129.94,mobile,ID,0,0.0,
10684,treatment,81.18,mobile,PH,0,0.0,
10685,treatment,39.32,desktop,ID,0,0.0,
10686,treatment,3.56,mobile,SG,0,0.0,
10687,control,58.89,desktop,ID,0,0.0,
10688,control,38.27,mobile,SG,0,0.0,
10689,treatment,,desktop,PH,0,0.0,
10690,treatment,43.62,desktop,ID,0,0.0,
10691,control,29.72,mobile,MY,0,0.0,
10692,control,25.08,mobile,SG,0,0.0,
10693,treatment,56.05,mobile,VN,0,0.0,
10694,treatment,9.65,mobile,SG,0,0.0,
10695,treatment,36.34,,ID,0,0.0,
10696,control,8.03,mobile,SG,1,25.5,
10697,control,30.93,desktop,SG,0,0.0,
10698,treatment,27.88,mobile,ID,0,0.0,
10699,control,102.94,desktop,PH,0,0.0,
10700,treatment,18.3,desktop,SG,0,0.0,
10701,treatment,31.05,mobile,SG,0,0.0,
10702,treatment,24.13,desktop,MY,1,43.73,
10703,treatment,19.97,desktop,ID,0,0.0,
10704,treatment,17.69,mobile,SG,0,0.0,
10705,control,58.42,desktop,VN,0,0.0,
10706,control,7.1,mobile,MY,0,0.0,
10707,treatment,3.15,mobile,SG,1,36.18,
10708,treatment,25.35,desktop,VN,1,52.59,
10709,control,38.55,mobile,PH,0,0.0,
10710,control,45.18,mobile,SG,1,3.05,
10711,treatment,35.64,desktop,SG,0,0.0,
10712,control,22.71,mobile,ID,0,0.0,
10713,treatment,,mobile,MY,0,0.0,
10714,control,32.99,desktop,MY,0,0.0,
10715,control,28.54,desktop,SG,0,0.0,
10716,control,2.48,mobile,VN,0,0.0,
10717,control,23.94,mobile,PH,0,0.0,
10718,control,30.02,mobile,MY,0,0.0,
10719,treatment,29.59,mobile,ID,0,0.0,
10720,treatment,43.89,mobile,PH,0,0.0,
10721,control,23.41,mobile,MY,0,0.0,
10722,control,7.24,mobile,MY,0,0.0,
10723,treatment,18.62,mobile,PH,0,0.0,
10724,treatment,40.88,mobile,MY,0,0.0,
10725,control,28.03,desktop,SG,0,0.0,
10726,control,89.39,mobile,ID,0,0.0,
10727,treatment,32.89,desktop,ID,0,0.0,
10728,treatment,56.51,desktop,PH,0,0.0,
10729,treatment,23.61,desktop,MY,0,0.0,
10730,treatment,63.31,desktop,PH,0,0.0,
10731,control,20.16,mobile,VN,0,0.0,
10732,treatment,25.65,mobile,MY,0,0.0,
10733,control,45.33,mobile,ID,0,0.0,
10734,treatment,3.47,mobile,PH,0,0.0,
10735,control,34.63,mobile,PH,0,0.0,
10736,control,,desktop,SG,0,0.0,
10737,treatment,101.04,mobile,SG,1,22.69,
10738,control,5.64,,MY,1,38.63,
10739,treatment,15.67,mobile,MY,0,0.0,
10740,treatment,3.42,mobile,SG,0,0.0,
10741,control,108.96,mobile,SG,0,0.0,
10742,treatment,10.31,desktop,MY,0,0.0,
10743,control,,mobile,MY,0,0.0,
10744,control,2.51,mobile,ID,0,0.0,
10745,treatment,44.17,desktop,SG,1,6.48,
10746,control,29.93,desktop,MY,0,0.0,
10747,control,32.46,mobile,SG,0,0.0,
10748,treatment,18.0,mobile,ID,0,0.0,
10749,control,44.09,,SG,1,13.04,
10750,treatment,13.01,,ID,1,37.48,
10751,control,17.09,desktop,ID,1,10.63,
10752,treatment,33.47,mobile,MY,0,0.0,
10753,treatment,16.77,desktop,PH,0,0.0,
10754,treatment,39.82,mobile,SG,0,0.0,
10755,control,74.59,mobile,MY,0,0.0,
10756,control,16.03,mobile,SG,0,0.0,
10757,control,35.9,mobile,MY,1,14.06,
10758,control,11.44,desktop,ID,0,0.0,
10759,control,22.12,desktop,SG,0,0.0,
10760,treatment,12.98,mobile,MY,0,0.0,
10761,treatment,,mobile,MY,0,0.0,
10762,control,4.09,desktop,VN,0,0.0,
10763,control,17.79,mobile,ID,0,0.0,
10764,treatment,26.06,mobile,PH,0,0.0,
10765,treatment,30.34,mobile,MY,0,0.0,
10766,treatment,43.43,mobile,ID,0,0.0,
10767,treatment,50.24,mobile,MY,0,0.0,
10768,treatment,54.71,mobile,PH,1,8.65,
10769,control,5.86,mobile,SG,0,0.0,
10770,control,24.8,desktop,ID,0,0.0,
10771,control,24.08,,SG,0,0.0,
10772,treatment,54.89,desktop,PH,0,0.0,
10773,control,,mobile,ID,0,0.0,
10774,treatment,15.58,mobile,PH,0,0.0,
10775,control,94.38,mobile,SG,0,0.0,
10776,control,12.56,mobile,SG,0,0.0,
10777,control,47.6,mobile,SG,0,0.0,
10778,treatment,,mobile,SG,0,0.0,
10779,treatment,11.8,mobile,ID,0,0.0,
10780,treatment,6.98,desktop,PH,0,0.0,
10781,treatment,26.78,,SG,0,0.0,
10782,control,5.48,desktop,SG,0,0.0,
10783,treatment,21.39,desktop,SG,0,0.0,
10784,control,38.57,mobile,SG,1,22.79,
10785,treatment,79.42,mobile,SG,0,0.0,
10786,treatment,41.4,mobile,SG,0,0.0,
10787,treatment,16.88,desktop,ID,0,0.0,
10788,treatment,5.08,mobile,MY,0,0.0,
10789,treatment,56.4,mobile,SG,0,0.0,
10790,treatment,23.79,mobile,ID,1,9.2,
10791,control,9.51,mobile,ID,0,0.0,
10792,treatment,48.43,mobile,PH,0,0.0,
10793,control,14.65,mobile,ID,0,0.0,
10794,treatment,,mobile,SG,0,0.0,
10795,control,17.0,mobile,SG,0,0.0,
10796,control,15.78,mobile,ID,0,0.0,
10797,control,37.82,mobile,ID,0,0.0,
10798,treatment,45.36,mobile,SG,0,0.0,
10799,treatment,22.08,mobile,MY,0,0.0,
10800,treatment,11.79,desktop,ID,0,0.0,
10801,control,66.53,desktop,PH,1,27.48,
10802,control,,mobile,ID,0,0.0,
10803,control,14.56,mobile,SG,0,0.0,
10804,control,33.13,desktop,SG,1,34.37,
10805,control,21.62,mobile,VN,0,0.0,
10806,treatment,17.59,mobile,SG,0,0.0,
10807,treatment,17.3,mobile,VN,0,0.0,
10808,treatment,44.4,mobile,ID,0,0.0,
10809,treatment,3.27,desktop,MY,0,0.0,
10810,treatment,31.44,desktop,SG,0,0.0,
10811,treatment,1.71,mobile,PH,0,0.0,
10812,treatment,11.43,desktop,ID,0,0.0,
10813,treatment,42.76,mobile,ID,1,9.9,
10814,treatment,8.91,desktop,ID,0,0.0,
10815,control,16.3,mobile,ID,0,0.0,
10816,treatment,15.68,mobile,SG,0,0.0,
10817,treatment,40.28,mobile,VN,0,0.0,
10818,treatment,3.05,,PH,0,0.0,
10819,control,7.73,mobile,ID,0,0.0,
10820,treatment,33.21,mobile,SG,0,0.0,
10821,treatment,26.62,desktop,SG,0,0.0,
10822,treatment,23.57,mobile,SG,0,0.0,
10823,control,8.68,mobile,MY,0,0.0,
10824,treatment,51.98,desktop,ID,0,0.0,
10825,treatment,25.5,desktop,ID,0,0.0,
10826,treatment,34.0,desktop,ID,0,0.0,
10827,treatment,40.26,desktop,PH,0,0.0,
10828,control,39.41,mobile,VN,0,0.0,
10829,treatment,22.52,desktop,MY,0,0.0,
10830,treatment,36.79,mobile,SG,0,0.0,
10831,control,31.76,desktop,SG,0,0.0,
10832,treatment,12.03,mobile,PH,0,0.0,
10833,treatment,28.39,,ID,0,0.0,
10834,treatment,31.35,mobile,VN,1,9.66,
10835,treatment,20.09,desktop,SG,0,0.0,
10836,control,22.43,mobile,MY,0,0.0,
10837,control,28.74,mobile,SG,0,0.0,
10838,control,28.87,mobile,SG,0,0.0,
10839,treatment,41.59,desktop,ID,0,0.0,
10840,control,16.43,mobile,PH,0,0.0,
10841,treatment,24.12,mobile,SG,0,0.0,
10842,treatment,25.73,mobile,PH,0,0.0,
10843,control,28.56,mobile,SG,0,0.0,
10844,control,57.53,mobile,VN,0,0.0,
10845,control,95.74,mobile,ID,0,0.0,
10846,control,28.09,desktop,ID,0,0.0,
10847,treatment,66.42,mobile,SG,0,0.0,
10848,control,41.63,mobile,MY,0,0.0,
10849,treatment,16.99,desktop,SG,0,0.0,
10850,treatment,35.19,desktop,SG,0,0.0,
10851,control,,mobile,SG,0,0.0,
10852,treatment,5.28,mobile,VN,0,0.0,
10853,treatment,49.45,mobile,PH,1,28.1,
10854,treatment,,desktop,ID,0,0.0,
10855,treatment,35.65,mobile,PH,0,0.0,
10856,control,32.46,mobile,SG,0,0.0,
10857,control,,desktop,MY,0,0.0,
10858,treatment,50.25,desktop,MY,0,0.0,
10859,treatment,41.06,desktop,SG,0,0.0,
10860,control,59.04,mobile,ID,0,0.0,
10861,control,53.4,mobile,ID,0,0.0,
10862,control,10.46,desktop,SG,0,0.0,
10863,control,16.02,desktop,MY,0,0.0,
10864,treatment,78.73,desktop,SG,0,0.0,
10865,control,,mobile,ID,0,0.0,
10866,control,18.0,desktop,PH,1,3.77,
10867,treatment,43.63,mobile,MY,1,28.34,
10868,control,73.11,mobile,MY,0,0.0,
10869,treatment,22.68,,ID,0,0.0,
10870,treatment,16.02,mobile,MY,0,0.0,
10871,control,9.09,mobile,ID,0,0.0,
10872,control,,desktop,PH,0,0.0,
10873,treatment,24.75,mobile,ID,0,0.0,
10874,control,43.57,desktop,VN,0,0.0,
10875,treatment,22.13,mobile,PH,0,0.0,
10876,treatment,17.63,desktop,MY,0,0.0,
10877,treatment,32.16,mobile,SG,0,0.0,
10878,treatment,17.77,mobile,VN,0,0.0,
10879,treatment,39.57,desktop,ID,1,9.51,
10880,control,39.52,mobile,SG,0,0.0,
10881,control,8.54,desktop,VN,0,0.0,
10882,treatment,18.01,mobile,MY,1,46.17,
10883,control,4.43,desktop,SG,0,0.0,
10884,treatment,,desktop,VN,0,0.0,
10885,control,39.77,mobile,VN,0,0.0,
10886,treatment,30.49,desktop,MY,0,0.0,
10887,control,27.22,mobile,MY,0,0.0,
10888,control,23.16,desktop,PH,0,0.0,
10889,treatment,30.53,mobile,PH,0,0.0,
10890,treatment,73.01,mobile,SG,0,0.0,
10891,treatment,6.34,mobile,PH,0,0.0,
10892,control,3.14,mobile,SG,0,0.0,
10893,treatment,8.8,desktop,MY,0,0.0,
10894,treatment,35.46,mobile,SG,1,12.31,
10895,control,61.15,desktop,VN,0,0.0,
10896,control,40.1,,SG,0,0.0,
10897,treatment,16.24,mobile,ID,0,0.0,
10898,treatment,8.52,mobile,ID,0,0.0,
10899,control,26.19,desktop,VN,0,0.0,
10900,control,26.29,,ID,0,0.0,
10901,control,16.2,mobile,ID,0,0.0,
10902,control,32.85,desktop,VN,0,0.0,
10903,treatment,36.66,mobile,VN,0,0.0,
10904,control,58.64,mobile,MY,0,0.0,
10905,control,30.98,desktop,SG,0,0.0,
10906,treatment,,mobile,SG,0,0.0,
10907,treatment,18.45,mobile,ID,0,0.0,
10908,control,14.41,mobile,VN,0,0.0,
10909,control,,mobile,PH,0,0.0,
10910,treatment,7.28,,ID,0,0.0,
10911,treatment,8.18,desktop,PH,1,24.32,
10912,treatment,24.09,desktop,SG,0,0.0,
10913,treatment,28.86,desktop,MY,0,0.0,
10914,control,26.55,mobile,MY,0,0.0,
10915,treatment,37.05,desktop,ID,0,0.0,
10916,treatment,2.75,mobile,ID,0,0.0,
10917,control,24.48,mobile,MY,0,0.0,
10918,control,14.46,mobile,MY,0,0.0,
10919,control,,mobile,ID,0,0.0,
10920,control,30.83,mobile,SG,0,0.0,
10921,treatment,9.54,mobile,MY,0,0.0,
10922,treatment,47.95,desktop,MY,0,0.0,
10923,control,24.51,mobile,VN,0,0.0,
10924,treatment,55.79,desktop,PH,0,0.0,
10925,treatment,13.68,mobile,MY,0,0.0,
10926,treatment,,desktop,SG,1,23.47,
10927,control,10.92,mobile,PH,0,0.0,
10928,treatment,4.53,mobile,SG,0,0.0,
10929,treatment,44.67,mobile,MY,1,29.89,
10930,control,24.9,mobile,MY,1,22.87,
10931,control,49.69,mobile,ID,0,0.0,
10932,treatment,12.79,mobile,SG,1,15.27,
10933,treatment,51.88,mobile,PH,0,0.0,
10934,control,26.59,mobile,VN,0,0.0,
10935,treatment,,mobile,ID,0,0.0,
10936,treatment,39.37,desktop,SG,0,0.0,
10937,treatment,60.3,desktop,ID,0,0.0,
10938,control,43.49,mobile,PH,1,15.8,
10939,control,78.22,mobile,SG,0,0.0,
10940,treatment,1.78,mobile,PH,0,0.0,
10941,control,29.53,desktop,ID,0,0.0,
10942,treatment,,,VN,1,25.86,
10943,treatment,31.02,desktop,PH,0,0.0,
10944,control,7.24,mobile,ID,0,0.0,
10945,treatment,3.76,mobile,ID,0,0.0,
10946,control,,mobile,ID,0,0.0,
10947,control,42.33,desktop,SG,0,0.0,
10948,control,,desktop,SG,0,0.0,
10949,control,,desktop,VN,0,0.0,
10950,control,21.16,desktop,MY,0,0.0,
10951,treatment,8.39,mobile,SG,0,0.0,
10952,control,19.17,mobile,MY,0,0.0,
10953,control,7.88,mobile,VN,1,9.33,
10954,control,37.89,desktop,SG,0,0.0,
10955,control,11.56,desktop,VN,0,0.0,
10956,treatment,,mobile,MY,0,0.0,
10957,control,65.93,,VN,0,0.0,
10958,control,3.74,desktop,SG,0,0.0,
10959,treatment,28.26,mobile,PH,0,0.0,
10960,treatment,9.8,mobile,MY,0,0.0,
10961,treatment,12.72,mobile,SG,0,0.0,
10962,control,75.03,mobile,SG,0,0.0,
10963,control,17.69,mobile,ID,0,0.0,
10964,treatment,20.14,desktop,SG,0,0.0,
10965,treatment,33.17,mobile,SG,0,0.0,
10966,treatment,69.53,mobile,SG,0,0.0,
10967,treatment,4.11,desktop,ID,0,0.0,
10968,treatment,,desktop,ID,0,0.0,
10969,control,103.57,mobile,SG,0,0.0,
10970,treatment,,mobile,MY,0,0.0,
10971,control,71.18,mobile,SG,0,0.0,
10972,control,13.05,desktop,SG,0,0.0,
10973,treatment,5.53,,ID,0,0.0,
10974,treatment,35.14,desktop,SG,1,9.76,
10975,treatment,20.52,mobile,MY,0,0.0,
10976,control,25.98,mobile,SG,1,16.56,
10977,control,45.91,mobile,ID,0,0.0,
10978,treatment,37.06,mobile,ID,0,0.0,
10979,control,50.55,mobile,MY,0,0.0,
10980,treatment,69.13,desktop,VN,0,0.0,
10981,control,7.18,desktop,PH,0,0.0,
10982,treatment,28.6,mobile,ID,1,17.61,
10983,treatment,22.87,mobile,SG,0,0.0,
10984,treatment,65.36,mobile,PH,0,0.0,
10985,control,57.79,desktop,PH,1,47.84,
10986,control,27.77,mobile,PH,0,0.0,
10987,control,,desktop,SG,0,0.0,
10988,treatment,36.2,mobile,PH,0,0.0,
10989,control,25.41,mobile,MY,0,0.0,
10990,control,12.78,mobile,ID,0,0.0,
10991,treatment,77.55,mobile,VN,1,14.85,
10992,treatment,13.27,mobile,SG,0,0.0,
10993,control,23.16,desktop,ID,0,0.0,
10994,control,22.81,mobile,PH,0,0.0,
10995,treatment,11.02,desktop,SG,0,0.0,
10996,control,63.51,desktop,MY,0,0.0,
10997,treatment,28.02,mobile,SG,0,0.0,
10998,control,31.11,mobile,PH,0,0.0,
10999,treatment,69.52,desktop,VN,0,0.0,
11000,treatment,47.26,mobile,MY,0,0.0,
11001,control,37.28,mobile,PH,0,0.0,
11002,treatment,46.97,desktop,ID,0,0.0,
11003,control,26.18,mobile,SG,0,0.0,
11004,control,53.51,mobile,MY,0,0.0,
11005,control,24.63,mobile,ID,0,0.0,
11006,treatment,57.22,mobile,SG,0,0.0,
11007,treatment,36.83,desktop,SG,0,0.0,
11008,control,36.43,desktop,PH,0,0.0,
11009,treatment,54.58,mobile,VN,1,19.95,
11010,control,31.02,mobile,MY,0,0.0,
11011,treatment,5.67,mobile,SG,1,29.76,
11012,treatment,37.08,mobile,MY,0,0.0,
11013,treatment,21.52,,MY,0,0.0,
11014,control,9.6,desktop,PH,0,0.0,
11015,control,6.54,mobile,ID,0,0.0,
11016,control,,mobile,SG,0,0.0,
11017,control,46.57,mobile,ID,0,0.0,
11018,control,9.74,mobile,SG,0,0.0,
11019,treatment,11.73,mobile,SG,0,0.0,
11020,control,42.29,mobile,SG,0,0.0,
11021,control,65.23,mobile,ID,1,42.41,
11022,treatment,22.28,mobile,SG,0,0.0,
11023,treatment,10.5,mobile,PH,0,0.0,
11024,control,87.12,desktop,SG,1,18.0,
11025,treatment,17.21,desktop,PH,1,52.19,
11026,treatment,6.05,mobile,ID,0,0.0,
11027,treatment,44.01,mobile,SG,0,0.0,
11028,treatment,31.67,desktop,PH,1,39.89,
11029,control,27.5,mobile,PH,0,0.0,
11030,treatment,41.46,desktop,MY,0,0.0,
11031,control,24.58,desktop,SG,0,0.0,
11032,control,35.67,desktop,ID,0,0.0,
11033,treatment,28.34,mobile,VN,0,0.0,
11034,control,61.84,mobile,SG,0,0.0,
11035,control,17.23,desktop,MY,0,0.0,
11036,treatment,16.4,mobile,SG,0,0.0,
11037,control,13.02,mobile,SG,0,0.0,
11038,treatment,13.39,desktop,SG,0,0.0,
11039,treatment,40.72,mobile,MY,0,0.0,
11040,treatment,9.14,desktop,PH,0,0.0,
11041,treatment,33.93,mobile,SG,0,0.0,
11042,control,1.0,mobile,ID,0,0.0,
11043,control,29.15,desktop,SG,0,0.0,
11044,control,25.34,mobile,MY,0,0.0,
11045,control,9.93,desktop,VN,1,12.38,
11046,treatment,32.01,desktop,ID,0,0.0,
11047,control,,desktop,MY,0,0.0,
11048,control,10.46,desktop,SG,0,0.0,
11049,control,49.56,mobile,PH,0,0.0,
11050,treatment,10.46,mobile,MY,1,39.01,
11051,treatment,2.85,,VN,1,25.24,
11052,control,30.32,mobile,MY,0,0.0,
11053,treatment,31.45,mobile,SG,1,10.34,
11054,treatment,65.94,desktop,ID,0,0.0,
11055,control,18.84,desktop,SG,0,0.0,
11056,control,56.93,mobile,VN,0,0.0,
11057,control,28.5,mobile,ID,0,0.0,
11058,treatment,22.07,desktop,SG,0,0.0,
11059,control,15.85,mobile,SG,0,0.0,
11060,control,21.98,desktop,MY,0,0.0,
11061,control,,desktop,SG,0,0.0,
11062,treatment,86.28,mobile,MY,0,0.0,
11063,control,18.22,mobile,VN,0,0.0,
11064,control,29.26,desktop,VN,0,0.0,
11065,treatment,66.43,desktop,ID,0,0.0,
11066,treatment,36.82,mobile,SG,0,0.0,
11067,treatment,33.11,mobile,ID,0,0.0,
11068,control,,mobile,VN,0,0.0,
11069,control,6.09,mobile,PH,0,0.0,
11070,control,28.28,mobile,ID,0,0.0,
11071,treatment,54.62,mobile,SG,0,0.0,
11072,control,12.32,,SG,0,0.0,
11073,treatment,12.23,mobile,SG,0,0.0,
11074,control,32.2,desktop,SG,0,0.0,
11075,treatment,12.82,desktop,ID,0,0.0,
11076,control,48.03,mobile,ID,0,0.0,
11077,control,12.29,mobile,ID,0,0.0,
11078,control,47.92,desktop,SG,0,0.0,
11079,control,103.5,mobile,VN,0,0.0,
11080,control,22.71,mobile,MY,0,0.0,
11081,control,35.21,mobile,ID,0,0.0,
11082,treatment,45.25,desktop,MY,0,0.0,
11083,treatment,23.06,mobile,ID,0,0.0,
11084,treatment,10.92,mobile,SG,0,0.0,
11085,treatment,74.51,,MY,1,6.74,
11086,treatment,20.78,mobile,SG,0,0.0,
11087,control,21.59,desktop,SG,0,0.0,
11088,treatment,,mobile,PH,1,42.99,
11089,control,113.19,desktop,PH,0,0.0,
11090,treatment,9.51,mobile,MY,0,0.0,
11091,control,,mobile,MY,0,0.0,
11092,control,,mobile,VN,0,0.0,
11093,treatment,9.64,mobile,MY,0,0.0,
11094,control,51.3,mobile,SG,0,0.0,
11095,control,12.49,desktop,VN,0,0.0,
11096,control,23.49,desktop,ID,1,25.53,
11097,control,21.85,desktop,MY,0,0.0,
11098,treatment,17.06,mobile,PH,0,0.0,
11099,treatment,,mobile,MY,0,0.0,
11100,treatment,20.17,mobile,SG,0,0.0,
11101,control,30.96,mobile,MY,0,0.0,
11102,control,3.75,desktop,ID,0,0.0,
11103,control,66.72,mobile,MY,1,17.63,
11104,control,,desktop,PH,0,0.0,
11105,control,33.4,desktop,ID,0,0.0,
11106,treatment,18.57,mobile,SG,0,0.0,
11107,control,48.15,mobile,MY,0,0.0,
11108,control,52.41,desktop,MY,0,0.0,
11109,control,31.57,mobile,PH,1,23.05,
11110,treatment,46.18,mobile,VN,0,0.0,
11111,treatment,38.05,mobile,PH,0,0.0,
11112,control,23.86,desktop,ID,0,0.0,
11113,treatment,6.64,desktop,ID,0,0.0,
11114,control,50.91,mobile,ID,0,0.0,
11115,control,15.73,mobile,ID,0,0.0,
11116,treatment,5.1,mobile,MY,1,10.71,
11117,treatment,21.48,desktop,ID,0,0.0,
11118,treatment,23.91,desktop,MY,0,0.0,
11119,treatment,23.13,desktop,SG,0,0.0,
11120,treatment,6.33,,SG,0,0.0,
11121,control,35.98,desktop,PH,0,0.0,
11122,control,18.46,mobile,PH,0,0.0,
11123,treatment,13.28,mobile,VN,0,0.0,
11124,control,36.31,desktop,PH,0,0.0,
11125,control,38.79,mobile,VN,0,0.0,
11126,control,28.71,mobile,ID,1,58.35,
11127,treatment,18.78,desktop,MY,0,0.0,
11128,treatment,8.52,desktop,ID,0,0.0,
11129,control,19.05,desktop,ID,0,0.0,
11130,treatment,,mobile,ID,1,23.16,
11131,control,96.55,mobile,ID,0,0.0,
11132,treatment,14.09,mobile,SG,0,0.0,
11133,treatment,35.54,mobile,SG,0,0.0,
11134,treatment,16.38,mobile,PH,0,0.0,
11135,control,24.33,,ID,0,0.0,
11136,control,36.31,desktop,PH,0,0.0,
11137,control,17.84,mobile,ID,0,0.0,
11138,control,24.17,mobile,SG,0,0.0,
11139,control,19.0,mobile,SG,0,0.0,
11140,control,25.15,mobile,SG,0,0.0,
11141,control,2.62,desktop,SG,0,0.0,
11142,treatment,29.84,,MY,0,0.0,
11143,treatment,5.08,desktop,VN,0,0.0,
11144,treatment,30.86,mobile,ID,0,0.0,
11145,control,30.34,desktop,PH,0,0.0,
11146,control,29.47,mobile,ID,1,3.76,
11147,control,5.76,mobile,MY,0,0.0,
11148,control,38.63,desktop,MY,0,0.0,
11149,treatment,49.12,mobile,MY,0,0.0,
11150,treatment,26.73,desktop,MY,0,0.0,
11151,treatment,6.06,mobile,SG,0,0.0,
11152,treatment,43.43,mobile,ID,0,0.0,
11153,treatment,23.78,mobile,PH,1,57.69,
11154,treatment,7.64,desktop,PH,0,0.0,
11155,control,26.53,mobile,PH,0,0.0,
11156,treatment,12.49,mobile,PH,0,0.0,
11157,control,44.84,desktop,VN,0,0.0,
11158,treatment,29.47,mobile,SG,0,0.0,
11159,treatment,11.78,desktop,MY,0,0.0,
11160,control,74.64,desktop,MY,0,0.0,
11161,treatment,4.02,mobile,ID,0,0.0,
11162,treatment,58.69,desktop,MY,0,0.0,
11163,treatment,70.06,mobile,MY,0,0.0,
11164,treatment,37.69,mobile,VN,0,0.0,
11165,control,31.76,desktop,PH,1,29.87,
11166,treatment,35.85,mobile,SG,0,0.0,
11167,treatment,24.47,mobile,PH,0,0.0,
11168,treatment,,mobile,SG,0,0.0,
11169,treatment,9.33,desktop,SG,0,0.0,
11170,control,52.04,desktop,VN,0,0.0,
11171,treatment,47.81,mobile,VN,0,0.0,
11172,treatment,100.87,desktop,ID,0,0.0,
11173,treatment,4.46,mobile,ID,0,0.0,
11174,treatment,25.15,mobile,MY,0,0.0,
11175,control,5.2,desktop,ID,0,0.0,
11176,treatment,11.88,mobile,MY,0,0.0,
11177,treatment,10.3,mobile,MY,0,0.0,
11178,control,21.27,desktop,PH,0,0.0,
11179,treatment,17.76,mobile,ID,0,0.0,
11180,control,32.92,mobile,SG,0,0.0,
11181,control,,mobile,PH,0,0.0,
11182,treatment,6.85,mobile,ID,0,0.0,
11183,treatment,17.22,mobile,SG,0,0.0,
11184,control,,mobile,ID,0,0.0,
11185,treatment,39.65,desktop,PH,0,0.0,
11186,treatment,49.99,mobile,ID,0,0.0,
11187,control,10.46,mobile,VN,0,0.0,
11188,treatment,48.43,mobile,ID,0,0.0,
11189,control,22.51,mobile,MY,0,0.0,
11190,control,11.57,desktop,SG,1,39.36,
11191,treatment,17.98,mobile,MY,0,0.0,
11192,treatment,61.64,desktop,ID,0,0.0,
11193,control,12.7,mobile,VN,0,0.0,
11194,control,14.95,mobile,ID,0,0.0,
11195,treatment,9.03,mobile,MY,1,28.3,
11196,control,28.1,,PH,0,0.0,
11197,control,10.12,mobile,SG,1,54.1,
11198,control,14.87,mobile,ID,1,19.33,
11199,control,29.15,mobile,MY,0,0.0,
11200,control,9.94,mobile,ID,0,0.0,
11201,treatment,9.98,mobile,VN,0,0.0,
11202,treatment,56.27,mobile,SG,0,0.0,
11203,control,24.07,mobile,MY,0,0.0,
11204,control,,mobile,SG,0,0.0,
11205,treatment,NULL,desktop,MY,0,0.0,
11206,treatment,49.7,mobile,VN,0,0.0,
11207,control,15.96,mobile,VN,0,0.0,
11208,control,31.5,desktop,SG,0,0.0,
11209,control,61.35,mobile,ID,0,0.0,
11210,treatment,17.76,mobile,ID,0,0.0,
11211,control,,mobile,SG,1,12.52,
11212,control,38.69,mobile,SG,0,0.0,
11213,treatment,21.23,desktop,ID,0,0.0,
11214,treatment,14.6,mobile,SG,0,0.0,
11215,control,45.29,desktop,PH,0,0.0,
11216,control,26.51,mobile,VN,0,0.0,
11217,control,51.69,mobile,ID,0,0.0,
11218,control,11.05,desktop,ID,0,0.0,
11219,control,41.25,mobile,SG,0,0.0,
11220,treatment,17.26,mobile,MY,0,0.0,
11221,treatment,43.49,mobile,ID,1,26.53,
11222,control,14.46,mobile,SG,0,0.0,
11223,control,,,SG,0,0.0,
11224,control,,desktop,ID,0,0.0,
11225,treatment,4.55,mobile,ID,0,0.0,
11226,control,29.25,mobile,VN,1,20.88,
11227,treatment,30.78,mobile,SG,0,0.0,
11228,treatment,14.88,mobile,ID,1,27.29,
11229,treatment,36.12,mobile,SG,0,0.0,
11230,control,8.98,desktop,PH,0,0.0,
11231,control,4.4,mobile,VN,0,0.0,
11232,control,4.94,mobile,SG,0,0.0,
11233,control,21.06,desktop,SG,0,0.0,
11234,control,20.03,desktop,SG,1,32.67,
11235,control,7.55,mobile,MY,0,0.0,
11236,treatment,20.37,desktop,MY,0,0.0,
11237,control,51.98,mobile,SG,0,0.0,
11238,treatment,22.3,mobile,MY,0,0.0,
11239,treatment,71.46,mobile,MY,0,0.0,
11240,treatment,12.35,desktop,ID,0,0.0,
11241,control,15.65,mobile,SG,0,0.0,
11242,control,17.74,mobile,SG,0,0.0,
11243,control,139.29,mobile,SG,1,2.63,
11244,treatment,22.87,,SG,0,0.0,
11245,treatment,52.04,mobile,ID,0,0.0,
11246,control,4.93,desktop,SG,1,9.48,
11247,control,37.05,mobile,SG,0,0.0,
11248,control,33.25,desktop,PH,0,0.0,
11249,treatment,4.08,mobile,MY,0,0.0,
11250,control,17.42,mobile,VN,0,0.0,
11251,treatment,26.09,desktop,PH,0,0.0,
11252,treatment,1.42,desktop,PH,0,0.0,
11253,control,1.89,mobile,VN,0,0.0,
11254,control,37.14,mobile,PH,0,0.0,
11255,control,36.83,mobile,MY,0,0.0,
11256,control,27.25,mobile,ID,0,0.0,
11257,control,22.15,mobile,SG,0,0.0,
11258,control,41.18,desktop,SG,1,26.99,
11259,control,33.32,mobile,VN,0,0.0,
11260,treatment,22.1,desktop,PH,0,0.0,
11261,treatment,,mobile,MY,0,0.0,
11262,treatment,14.3,desktop,SG,0,0.0,
11263,treatment,15.61,mobile,VN,0,0.0,
11264,treatment,14.65,desktop,ID,0,0.0,
11265,control,57.19,desktop,MY,1,25.9,
11266,control,21.28,desktop,SG,0,0.0,
11267,treatment,50.72,mobile,PH,0,0.0,
11268,control,50.36,mobile,ID,0,0.0,
11269,control,3.85,desktop,SG,0,0.0,
11270,treatment,24.84,desktop,ID,0,0.0,
11271,treatment,15.28,mobile,ID,0,0.0,
11272,treatment,29.27,desktop,MY,0,0.0,
11273,control,27.48,desktop,ID,1,25.59,
11274,treatment,36.45,mobile,MY,1,73.04,
11275,treatment,31.86,mobile,SG,1,8.51,
11276,control,37.57,mobile,PH,0,0.0,
11277,treatment,22.06,mobile,SG,0,0.0,
11278,control,37.54,mobile,MY,0,0.0,
11279,control,21.35,mobile,SG,0,0.0,
11280,treatment,15.32,mobile,SG,0,0.0,
11281,control,45.34,mobile,SG,0,0.0,
11282,treatment,46.85,desktop,SG,1,28.35,
11283,treatment,17.33,mobile,SG,0,0.0,
11284,treatment,24.82,desktop,SG,0,0.0,
11285,treatment,15.2,mobile,SG,0,0.0,
11286,treatment,52.01,mobile,SG,0,0.0,
11287,treatment,15.71,mobile,ID,0,0.0,
11288,treatment,87.57,,MY,0,0.0,
11289,treatment,15.5,mobile,ID,0,0.0,
11290,treatment,13.06,mobile,PH,0,0.0,
11291,control,28.41,desktop,ID,0,0.0,
11292,treatment,21.44,desktop,MY,1,18.4,
11293,treatment,31.23,desktop,PH,0,0.0,
11294,control,33.87,mobile,PH,0,0.0,
11295,treatment,30.38,desktop,PH,0,0.0,
11296,treatment,24.0,desktop,VN,0,0.0,
11297,treatment,56.48,mobile,PH,0,0.0,
11298,control,,desktop,PH,0,0.0,
11299,control,34.01,desktop,MY,0,0.0,
11300,control,7.15,mobile,MY,0,0.0,
11301,treatment,,mobile,SG,0,0.0,
11302,treatment,20.27,mobile,ID,0,0.0,
11303,control,65.44,mobile,ID,0,0.0,
11304,control,31.53,mobile,ID,0,0.0,
11305,treatment,49.39,,MY,0,0.0,
11306,treatment,8.77,mobile,PH,0,0.0,
11307,control,16.35,mobile,ID,0,0.0,
11308,control,30.17,mobile,PH,0,0.0,
11309,treatment,25.0,mobile,SG,1,18.46,
11310,treatment,32.95,desktop,MY,0,0.0,
11311,control,26.4,desktop,VN,0,0.0,
11312,treatment,23.11,desktop,ID,0,0.0,
11313,control,38.12,mobile,ID,0,0.0,
11314,treatment,48.31,mobile,SG,0,0.0,
11315,control,10.79,mobile,PH,0,0.0,
11316,treatment,19.16,mobile,ID,1,16.67,
11317,control,37.04,mobile,ID,0,0.0,
11318,treatment,,desktop,VN,0,0.0,
11319,treatment,51.19,desktop,VN,0,0.0,
11320,treatment,38.28,mobile,ID,0,0.0,
11321,control,,desktop,SG,1,32.83,
11322,treatment,14.78,desktop,ID,0,0.0,
11323,control,7.46,desktop,ID,0,0.0,
11324,control,7.68,,SG,0,0.0,
11325,control,48.55,,VN,1,8.73,
11326,treatment,42.54,desktop,VN,0,0.0,
11327,treatment,5.34,mobile,SG,0,0.0,
11328,treatment,16.97,mobile,ID,0,0.0,
11329,control,70.57,mobile,SG,0,0.0,
11330,treatment,69.85,mobile,ID,0,0.0,
11331,control,23.1,desktop,SG,0,0.0,
11332,treatment,,desktop,SG,0,0.0,
11333,control,30.04,mobile,VN,0,0.0,
11334,treatment,39.57,mobile,PH,0,0.0,
11335,control,19.96,mobile,MY,0,0.0,
11336,treatment,41.59,mobile,VN,0,0.0,
11337,treatment,59.22,desktop,SG,0,0.0,
11338,control,58.22,desktop,ID,0,0.0,
11339,treatment,19.67,mobile,MY,1,19.89,
11340,treatment,33.95,mobile,ID,1,25.81,
11341,treatment,38.46,mobile,SG,0,0.0,
11342,treatment,8.9,desktop,MY,0,0.0,
11343,control,11.85,mobile,SG,0,0.0,
11344,treatment,26.7,desktop,MY,0,0.0,
11345,treatment,69.27,desktop,ID,0,0.0,
11346,control,22.29,desktop,PH,0,0.0,
11347,treatment,28.63,desktop,PH,1,16.14,
11348,treatment,58.44,,VN,0,0.0,
11349,control,8.33,,MY,0,0.0,
11350,control,6.11,desktop,SG,0,0.0,
11351,treatment,27.46,,PH,1,8.65,
11352,treatment,18.86,desktop,ID,1,13.26,
11353,control,41.86,mobile,MY,0,0.0,
11354,treatment,12.08,desktop,ID,0,0.0,
11355,treatment,17.84,mobile,ID,0,0.0,
11356,treatment,48.48,mobile,SG,1,37.12,
11357,control,4.89,desktop,MY,1,18.58,
11358,control,78.06,mobile,ID,0,0.0,
11359,control,94.25,mobile,PH,0,0.0,
11360,treatment,57.55,desktop,SG,0,0.0,
11361,control,22.09,mobile,PH,0,0.0,
11362,treatment,37.44,mobile,ID,0,0.0,
11363,treatment,6.28,mobile,SG,0,0.0,
11364,treatment,34.46,mobile,SG,0,0.0,
11365,treatment,69.1,,ID,0,0.0,
11366,control,38.63,mobile,SG,0,0.0,
11367,treatment,13.25,mobile,ID,0,0.0,
11368,treatment,24.94,desktop,PH,0,0.0,
11369,treatment,31.97,mobile,PH,0,0.0,
11370,control,8.96,desktop,ID,0,0.0,
11371,control,4.95,desktop,SG,0,0.0,
11372,control,17.34,,MY,1,49.03,
11373,treatment,29.87,desktop,SG,0,0.0,
11374,treatment,24.73,desktop,SG,0,0.0,
11375,control,31.54,mobile,PH,0,0.0,
11376,treatment,16.11,mobile,VN,0,0.0,
11377,control,15.77,mobile,ID,0,0.0,
11378,treatment,40.95,mobile,SG,0,0.0,
11379,treatment,28.34,mobile,ID,1,21.51,
11380,treatment,55.51,desktop,SG,1,41.69,
11381,control,31.4,desktop,MY,0,0.0,
11382,control,49.99,desktop,SG,0,0.0,
11383,control,29.3,mobile,MY,0,0.0,
11384,treatment,59.55,mobile,SG,0,0.0,
11385,treatment,35.31,mobile,ID,0,0.0,
11386,treatment,12.85,mobile,SG,0,0.0,
11387,control,7.35,,ID,0,0.0,
11388,treatment,9.78,desktop,VN,0,0.0,
11389,treatment,34.8,desktop,SG,0,0.0,
11390,control,8.06,mobile,MY,0,0.0,
11391,treatment,35.41,desktop,ID,0,0.0,
11392,treatment,13.06,mobile,ID,0,0.0,
11393,treatment,11.15,desktop,MY,0,0.0,
11394,control,23.74,,SG,0,0.0,
11395,control,24.58,mobile,MY,0,0.0,
11396,treatment,24.35,mobile,ID,0,0.0,
11397,treatment,32.98,mobile,MY,0,0.0,
11398,treatment,15.98,,ID,0,0.0,
11399,treatment,23.87,mobile,SG,0,0.0,
11400,control,12.47,mobile,PH,0,0.0,
11401,treatment,19.58,desktop,SG,1,44.14,
11402,control,12.9,desktop,SG,0,0.0,
11403,control,,mobile,PH,0,0.0,
11404,control,14.88,desktop,SG,0,0.0,
11405,control,17.8,mobile,ID,0,0.0,
11406,treatment,64.97,desktop,ID,0,0.0,
11407,treatment,24.03,desktop,PH,0,0.0,
11408,control,49.96,mobile,ID,0,0.0,
11409,control,21.24,mobile,PH,0,0.0,
11410,control,28.7,desktop,SG,0,0.0,
11411,treatment,33.5,mobile,ID,0,0.0,
11412,control,22.55,mobile,SG,0,0.0,
11413,control,37.37,mobile,SG,0,0.0,
11414,treatment,41.74,mobile,SG,0,0.0,
11415,treatment,11.14,mobile,MY,0,0.0,
11416,treatment,19.89,mobile,ID,0,0.0,
11417,treatment,29.23,desktop,MY,0,0.0,
11418,treatment,15.28,mobile,PH,0,0.0,
11419,treatment,4.94,desktop,VN,0,0.0,
11420,treatment,25.99,mobile,ID,0,0.0,
11421,control,4.45,mobile,SG,0,0.0,
11422,treatment,31.84,mobile,SG,0,0.0,
11423,treatment,12.79,desktop,SG,0,0.0,
11424,control,15.35,mobile,MY,0,0.0,
11425,control,27.83,mobile,MY,0,0.0,
11426,control,17.35,mobile,SG,0,0.0,
11427,treatment,77.07,mobile,SG,1,13.53,
11428,treatment,50.87,mobile,MY,0,0.0,
11429,treatment,40.68,mobile,ID,0,0.0,
11430,treatment,53.25,desktop,ID,0,0.0,
11431,control,29.58,mobile,MY,0,0.0,
11432,control,54.41,desktop,ID,0,0.0,
11433,control,36.84,mobile,ID,0,0.0,
11434,control,33.91,mobile,ID,1,15.76,
11435,treatment,,desktop,SG,0,0.0,
11436,control,132.12,mobile,ID,0,0.0,
11437,treatment,,mobile,PH,0,0.0,
11438,control,12.55,desktop,ID,0,0.0,
11439,treatment,46.67,mobile,SG,0,0.0,
11440,control,35.68,mobile,SG,0,0.0,
11441,control,10.08,mobile,PH,0,0.0,
11442,treatment,32.58,desktop,MY,0,0.0,
11443,control,13.17,mobile,SG,0,0.0,
11444,control,20.91,desktop,ID,0,0.0,
11445,control,29.63,mobile,ID,0,0.0,
11446,treatment,57.92,desktop,SG,0,0.0,
11447,treatment,13.2,mobile,SG,0,0.0,
11448,control,,mobile,ID,1,11.61,
11449,treatment,51.46,mobile,SG,0,0.0,
11450,control,28.91,desktop,MY,0,0.0,
11451,control,49.72,mobile,PH,0,0.0,
11452,control,,mobile,ID,0,0.0,
11453,treatment,25.63,desktop,PH,0,0.0,
11454,treatment,38.63,desktop,SG,1,11.27,
11455,treatment,25.83,mobile,SG,0,0.0,
11456,treatment,30.28,mobile,ID,0,0.0,
11457,treatment,6.56,mobile,MY,1,19.23,
11458,control,87.36,desktop,VN,1,10.95,
11459,treatment,33.12,desktop,SG,0,0.0,
11460,treatment,4.59,desktop,ID,1,16.42,
11461,treatment,29.35,desktop,MY,0,0.0,
11462,treatment,30.34,desktop,MY,0,0.0,
11463,control,32.31,mobile,SG,1,18.87,
11464,treatment,10.81,mobile,SG,0,0.0,
11465,treatment,15.65,mobile,VN,0,0.0,
11466,treatment,47.86,mobile,SG,0,0.0,
11467,treatment,61.52,mobile,MY,0,0.0,
11468,control,20.18,desktop,SG,0,0.0,
11469,control,27.38,mobile,VN,0,0.0,
11470,treatment,50.79,mobile,PH,0,0.0,
11471,treatment,36.05,mobile,SG,0,0.0,
11472,control,,desktop,VN,0,0.0,
11473,treatment,68.07,desktop,SG,1,19.93,
11474,treatment,34.42,desktop,MY,0,0.0,
11475,treatment,8.36,mobile,VN,0,0.0,
11476,control,43.9,mobile,SG,0,0.0,
11477,treatment,5.15,desktop,ID,0,0.0,
11478,treatment,24.3,mobile,SG,0,0.0,
11479,control,76.17,mobile,SG,0,0.0,
11480,control,40.71,desktop,ID,0,0.0,
11481,treatment,34.62,mobile,SG,0,0.0,
11482,treatment,81.08,desktop,SG,0,0.0,
11483,control,17.06,mobile,SG,0,0.0,
11484,treatment,19.8,desktop,SG,0,0.0,
11485,control,16.6,mobile,SG,0,0.0,
11486,treatment,16.52,mobile,ID,0,0.0,
11487,control,22.32,mobile,SG,0,0.0,
11488,treatment,18.54,mobile,ID,0,0.0,
11489,control,,mobile,VN,0,0.0,
11490,control,25.9,desktop,VN,0,0.0,
11491,treatment,13.79,mobile,ID,0,0.0,
11492,control,24.99,mobile,SG,0,0.0,
11493,treatment,20.37,desktop,VN,0,0.0,
11494,control,41.47,desktop,MY,0,0.0,
11495,treatment,47.19,mobile,PH,1,8.58,
11496,treatment,9.81,mobile,ID,0,0.0,
11497,treatment,33.09,,VN,0,0.0,
11498,treatment,48.12,desktop,SG,0,0.0,
11499,control,23.04,mobile,VN,0,0.0,
11500,control,16.1,mobile,SG,0,0.0,
11501,treatment,37.8,mobile,VN,0,0.0,
11502,treatment,18.09,desktop,ID,0,0.0,
11503,treatment,29.35,mobile,ID,1,29.46,
11504,treatment,72.15,mobile,SG,0,0.0,
11505,control,22.69,desktop,ID,0,0.0,
11506,treatment,77.67,desktop,PH,0,0.0,
11507,treatment,16.72,mobile,SG,0,0.0,
11508,control,,desktop,MY,0,0.0,
11509,control,13.44,desktop,VN,0,0.0,
11510,treatment,16.35,mobile,PH,0,0.0,
11511,control,15.01,,MY,0,0.0,
11512,treatment,18.96,desktop,SG,0,0.0,
11513,treatment,17.87,mobile,SG,0,0.0,
11514,control,24.27,mobile,SG,0,0.0,
11515,control,18.41,,SG,0,0.0,
11516,treatment,15.17,mobile,ID,0,0.0,
11517,control,14.21,mobile,MY,0,0.0,
11518,treatment,,mobile,ID,0,0.0,
11519,control,15.53,mobile,PH,0,0.0,
11520,control,47.34,desktop,PH,0,0.0,
11521,treatment,38.62,desktop,SG,0,0.0,
11522,control,90.43,,ID,0,0.0,
11523,treatment,11.21,mobile,PH,0,0.0,
11524,treatment,19.62,mobile,VN,0,0.0,
11525,treatment,23.97,mobile,ID,0,0.0,
11526,treatment,29.73,desktop,MY,0,0.0,
11527,treatment,28.02,mobile,ID,0,0.0,
11528,treatment,36.86,mobile,ID,0,0.0,
11529,control,10.48,mobile,SG,0,0.0,
11530,treatment,24.35,desktop,ID,1,31.75,
11531,control,,mobile,MY,0,0.0,
11532,control,19.94,desktop,SG,0,0.0,
11533,treatment,47.54,mobile,VN,0,0.0,
11534,control,74.94,mobile,VN,0,0.0,
11535,control,100.58,mobile,ID,0,0.0,
11536,control,11.18,mobile,ID,0,0.0,
11537,treatment,30.4,mobile,SG,0,0.0,
11538,control,75.69,desktop,PH,0,0.0,
11539,control,16.04,desktop,VN,0,0.0,
11540,control,65.23,desktop,SG,0,0.0,
11541,control,,,ID,0,0.0,
11542,control,25.67,mobile,MY,1,11.04,
11543,treatment,36.64,desktop,ID,0,0.0,
11544,control,20.75,desktop,VN,0,0.0,
11545,treatment,19.2,desktop,MY,0,0.0,
11546,treatment,7.68,mobile,PH,0,0.0,
11547,control,1.35,mobile,MY,1,14.6,
11548,control,13.1,desktop,SG,0,0.0,
11549,control,19.38,desktop,SG,0,0.0,
11550,treatment,33.48,mobile,SG,0,0.0,
11551,control,5.63,desktop,VN,0,0.0,
11552,treatment,62.51,mobile,VN,0,0.0,
11553,control,18.36,desktop,MY,1,10.45,
11554,control,5.09,mobile,ID,1,8.7,
11555,control,33.29,mobile,VN,0,0.0,
11556,treatment,79.39,mobile,PH,1,23.7,
11557,control,67.09,mobile,SG,0,0.0,
11558,treatment,11.46,desktop,SG,0,0.0,
11559,treatment,33.14,desktop,MY,0,0.0,
11560,treatment,82.55,desktop,SG,0,0.0,
11561,treatment,74.46,mobile,ID,0,0.0,
11562,control,27.36,mobile,MY,0,0.0,
11563,treatment,58.37,desktop,ID,0,0.0,
11564,treatment,80.18,desktop,MY,0,0.0,
11565,treatment,95.12,mobile,SG,0,0.0,
11566,treatment,30.67,mobile,ID,0,0.0,
11567,control,58.24,desktop,SG,0,0.0,
11568,treatment,26.51,mobile,MY,0,0.0,
11569,control,8.43,mobile,SG,0,0.0,
11570,control,57.87,mobile,PH,0,0.0,
11571,treatment,,mobile,SG,0,0.0,
11572,treatment,3.41,desktop,SG,0,0.0,
11573,treatment,21.75,,PH,0,0.0,
11574,control,18.57,mobile,SG,0,0.0,
11575,treatment,,desktop,SG,0,0.0,
11576,treatment,55.93,mobile,ID,0,0.0,
11577,treatment,26.44,desktop,PH,0,0.0,
11578,control,12.7,mobile,MY,0,0.0,
11579,treatment,2.45,desktop,SG,1,44.84,
11580,treatment,33.31,mobile,SG,0,0.0,
11581,treatment,,mobile,SG,0,0.0,
11582,treatment,1.38,mobile,SG,0,0.0,
11583,treatment,9.62,mobile,MY,0,0.0,
11584,control,23.68,desktop,ID,1,43.71,
11585,control,,mobile,SG,1,21.72,
11586,control,17.85,mobile,SG,0,0.0,
11587,treatment,33.47,mobile,SG,0,0.0,
11588,control,53.19,mobile,MY,0,0.0,
11589,treatment,32.16,mobile,PH,0,0.0,
11590,control,14.37,desktop,SG,0,0.0,
11591,control,40.62,mobile,VN,0,0.0,
11592,control,3.17,desktop,SG,0,0.0,
11593,treatment,13.26,desktop,PH,0,0.0,
11594,control,45.47,desktop,ID,0,0.0,
11595,control,30.31,desktop,ID,0,0.0,
11596,treatment,31.04,mobile,VN,0,0.0,
11597,treatment,50.11,mobile,ID,0,0.0,
11598,control,47.39,mobile,SG,0,0.0,
11599,treatment,69.41,mobile,VN,0,0.0,
11600,control,39.6,mobile,ID,1,13.51,
11601,control,7.79,mobile,MY,0,0.0,
11602,treatment,56.56,mobile,ID,0,0.0,
11603,control,29.12,mobile,MY,0,0.0,
11604,treatment,60.61,mobile,SG,0,0.0,
11605,treatment,63.83,mobile,MY,0,0.0,
11606,treatment,11.21,desktop,MY,0,0.0,
11607,treatment,23.3,mobile,ID,0,0.0,
11608,treatment,9.8,desktop,ID,0,0.0,
11609,treatment,6.28,desktop,SG,0,0.0,
11610,control,30.1,mobile,SG,0,0.0,
11611,treatment,54.12,desktop,MY,0,0.0,
11612,control,11.58,mobile,PH,0,0.0,
11613,treatment,13.17,desktop,PH,0,0.0,
11614,treatment,,mobile,PH,0,0.0,
11615,treatment,11.32,desktop,SG,0,0.0,
11616,treatment,59.24,desktop,MY,0,0.0,
11617,control,13.1,desktop,MY,0,0.0,
11618,control,20.44,mobile,SG,0,0.0,
11619,control,51.24,mobile,ID,0,0.0,
11620,control,39.06,mobile,ID,0,0.0,
11621,control,4.07,mobile,SG,0,0.0,
11622,treatment,60.63,mobile,PH,0,0.0,
11623,treatment,12.93,desktop,VN,0,0.0,
11624,control,68.63,mobile,ID,0,0.0,
11625,treatment,17.72,desktop,SG,0,0.0,
11626,treatment,59.42,,SG,0,0.0,
11627,treatment,,mobile,PH,1,39.64,
11628,treatment,46.77,mobile,MY,1,24.32,
11629,treatment,14.26,mobile,MY,0,0.0,
11630,control,32.95,mobile,PH,0,0.0,
11631,treatment,172.61,desktop,ID,0,0.0,
11632,treatment,,desktop,ID,0,0.0,
11633,treatment,13.73,mobile,ID,0,0.0,
11634,control,55.29,mobile,PH,0,0.0,
11635,treatment,26.06,desktop,ID,0,0.0,
11636,treatment,42.32,mobile,VN,1,19.46,
11637,treatment,59.99,desktop,ID,0,0.0,
11638,control,40.64,mobile,ID,0,0.0,
11639,control,8.36,mobile,PH,0,0.0,
11640,control,10.93,,ID,0,0.0,
11641,control,,mobile,MY,0,0.0,
11642,control,14.5,desktop,ID,0,0.0,
11643,treatment,15.21,desktop,SG,0,0.0,
11644,control,52.06,desktop,SG,0,0.0,
11645,control,10.2,mobile,VN,0,0.0,
11646,control,24.62,desktop,PH,0,0.0,
11647,control,63.78,mobile,MY,0,0.0,
11648,control,22.32,mobile,MY,1,7.25,
11649,treatment,109.79,mobile,SG,1,11.43,
11650,treatment,,mobile,SG,1,11.08,
11651,treatment,53.55,desktop,MY,0,0.0,
11652,control,3.88,desktop,SG,0,0.0,
11653,treatment,17.66,desktop,SG,0,0.0,
11654,control,2.78,mobile,ID,0,0.0,
11655,treatment,17.63,mobile,ID,0,0.0,
11656,treatment,24.61,mobile,MY,0,0.0,
11657,treatment,58.65,mobile,VN,0,0.0,
11658,treatment,4.65,desktop,ID,0,0.0,
11659,control,90.33,desktop,PH,0,0.0,
11660,control,12.99,mobile,VN,0,0.0,
11661,treatment,9.12,mobile,MY,0,0.0,
11662,control,43.66,mobile,ID,0,0.0,
11663,control,45.46,desktop,ID,1,10.63,
11664,treatment,38.84,mobile,ID,0,0.0,
11665,control,48.46,,SG,0,0.0,
11666,treatment,18.41,desktop,SG,0,0.0,
11667,treatment,16.44,mobile,SG,0,0.0,
11668,control,14.01,desktop,MY,0,0.0,
11669,control,18.59,desktop,PH,0,0.0,
11670,treatment,15.42,mobile,VN,0,0.0,
11671,treatment,,desktop,SG,0,0.0,
11672,treatment,18.21,mobile,MY,0,0.0,
11673,treatment,18.84,mobile,SG,1,27.6,
11674,control,38.42,,MY,0,0.0,
11675,treatment,39.33,mobile,MY,0,0.0,
11676,treatment,11.3,mobile,SG,0,0.0,
11677,control,18.1,desktop,PH,0,0.0,
11678,treatment,103.45,desktop,MY,0,0.0,
11679,control,12.22,,VN,0,0.0,
11680,control,25.72,desktop,MY,0,0.0,
11681,treatment,2.33,desktop,MY,0,0.0,
11682,control,60.46,mobile,PH,1,25.86,
11683,control,11.38,mobile,PH,0,0.0,
11684,treatment,50.44,desktop,MY,0,0.0,
11685,control,31.77,mobile,MY,0,0.0,
11686,treatment,,desktop,ID,0,0.0,
11687,treatment,23.19,mobile,VN,0,0.0,
11688,control,19.23,,PH,0,0.0,
11689,control,15.98,mobile,PH,0,0.0,
11690,control,29.71,desktop,MY,0,0.0,
11691,treatment,6.5,mobile,ID,0,0.0,
11692,control,41.19,mobile,VN,1,54.73,
11693,control,15.4,mobile,MY,1,86.34,
11694,treatment,7.06,mobile,ID,0,0.0,
11695,treatment,1.8,mobile,ID,0,0.0,
11696,control,36.95,desktop,SG,0,0.0,
11697,control,31.8,mobile,ID,0,0.0,
11698,treatment,33.07,,MY,0,0.0,
11699,treatment,28.37,mobile,VN,0,0.0,
11700,treatment,26.35,mobile,MY,1,20.71,
11701,control,30.65,mobile,ID,0,0.0,
11702,treatment,44.16,,MY,0,0.0,
11703,control,41.28,mobile,VN,0,0.0,
11704,control,36.5,mobile,VN,0,0.0,
11705,treatment,45.62,mobile,PH,0,0.0,
11706,treatment,73.42,mobile,MY,0,0.0,
11707,treatment,62.97,mobile,PH,0,0.0,
11708,treatment,5.13,desktop,SG,0,0.0,
11709,control,41.73,mobile,ID,1,11.86,
11710,control,13.67,mobile,ID,1,15.91,
11711,control,7.39,mobile,SG,0,0.0,
11712,control,9.71,desktop,MY,0,0.0,
11713,treatment,35.15,mobile,SG,0,0.0,
11714,control,18.58,desktop,SG,0,0.0,
11715,treatment,26.93,desktop,PH,0,0.0,
11716,treatment,40.83,mobile,ID,1,8.51,
11717,control,74.05,mobile,ID,0,0.0,
11718,control,36.83,mobile,SG,0,0.0,
11719,treatment,27.46,mobile,MY,0,0.0,
11720,treatment,94.77,desktop,MY,1,14.23,
11721,control,7.58,mobile,ID,0,0.0,
11722,treatment,26.72,mobile,SG,0,0.0,
11723,control,42.27,desktop,MY,1,38.19,
11724,treatment,67.76,desktop,PH,0,0.0,
11725,treatment,37.68,desktop,SG,0,0.0,
11726,treatment,14.71,mobile,PH,0,0.0,
11727,treatment,47.53,mobile,SG,0,0.0,
11728,control,56.43,mobile,ID,0,0.0,
11729,treatment,25.86,mobile,PH,1,25.53,
11730,treatment,77.95,mobile,MY,0,0.0,
11731,treatment,10.31,mobile,SG,0,0.0,
11732,control,31.29,desktop,PH,0,0.0,
11733,treatment,99.67,mobile,ID,1,9.35,
11734,treatment,15.31,mobile,ID,1,53.52,
11735,treatment,33.2,,VN,0,0.0,
11736,control,3.07,mobile,PH,0,0.0,
11737,control,44.96,mobile,SG,0,0.0,
11738,treatment,47.22,mobile,SG,0,0.0,
11739,treatment,7.16,mobile,MY,0,0.0,
11740,treatment,49.17,mobile,SG,0,0.0,
11741,treatment,55.83,desktop,PH,0,0.0,
11742,control,19.58,mobile,PH,0,0.0,
11743,treatment,,mobile,ID,0,0.0,
11744,treatment,45.23,desktop,MY,0,0.0,
11745,treatment,92.35,mobile,PH,0,0.0,
11746,control,,mobile,VN,0,0.0,
11747,control,21.01,mobile,SG,0,0.0,
11748,treatment,36.63,,MY,0,0.0,
11749,treatment,38.46,mobile,PH,0,0.0,
11750,treatment,17.25,mobile,MY,1,53.17,
11751,control,65.82,,PH,0,0.0,
11752,treatment,10.77,mobile,VN,0,0.0,
11753,treatment,45.24,desktop,ID,0,0.0,
11754,treatment,,desktop,SG,0,0.0,
11755,control,20.38,mobile,MY,0,0.0,
11756,treatment,30.66,mobile,ID,0,0.0,
11757,control,25.26,mobile,ID,0,0.0,
11758,control,14.22,desktop,SG,0,0.0,
11759,treatment,34.45,mobile,MY,0,0.0,
11760,control,46.44,mobile,ID,1,11.45,
11761,control,52.84,desktop,VN,0,0.0,
11762,treatment,,mobile,MY,0,0.0,
11763,treatment,27.52,mobile,ID,1,27.42,
11764,control,10.93,mobile,SG,0,0.0,
11765,control,28.11,desktop,MY,1,48.71,
11766,control,21.09,mobile,MY,0,0.0,
11767,control,8.63,mobile,VN,1,6.14,
11768,control,0.72,mobile,ID,0,0.0,
11769,control,15.63,mobile,VN,0,0.0,
11770,treatment,2.69,mobile,MY,0,0.0,
11771,control,1.25,,MY,0,0.0,
11772,treatment,,mobile,MY,0,0.0,
11773,control,20.65,,ID,0,0.0,
11774,control,44.4,,PH,0,0.0,
11775,treatment,7.56,desktop,MY,1,8.37,
11776,treatment,36.68,mobile,SG,0,0.0,
11777,treatment,16.43,desktop,PH,0,0.0,
11778,treatment,13.48,mobile,ID,0,0.0,
11779,treatment,62.92,mobile,MY,0,0.0,
11780,control,,desktop,PH,0,0.0,
11781,treatment,19.1,desktop,MY,1,23.62,
11782,control,10.6,mobile,SG,0,0.0,
11783,control,44.58,mobile,MY,0,0.0,
11784,treatment,21.19,desktop,VN,0,0.0,
11785,treatment,53.17,desktop,ID,0,0.0,
11786,treatment,51.12,mobile,MY,0,0.0,
11787,control,,mobile,SG,0,0.0,
11788,treatment,64.16,mobile,SG,1,9.53,
11789,treatment,98.36,mobile,ID,0,0.0,
11790,control,6.51,mobile,SG,0,0.0,
11791,control,24.82,mobile,SG,0,0.0,
11792,control,26.89,desktop,MY,0,0.0,
11793,control,45.58,mobile,PH,0,0.0,
11794,control,37.57,mobile,PH,1,21.56,
11795,treatment,30.39,desktop,MY,0,0.0,
11796,treatment,13.66,desktop,MY,0,0.0,
11797,control,22.51,mobile,ID,0,0.0,
11798,treatment,35.98,mobile,ID,0,0.0,
11799,treatment,18.13,mobile,ID,0,0.0,
11800,treatment,81.6,mobile,ID,0,0.0,
11801,treatment,,desktop,ID,0,0.0,
11802,control,15.47,mobile,SG,0,0.0,
11803,treatment,60.12,mobile,ID,0,0.0,
11804,treatment,75.85,mobile,ID,0,0.0,
11805,control,14.09,mobile,MY,0,0.0,
11806,control,2.3,desktop,PH,0,0.0,
11807,control,62.33,desktop,ID,0,0.0,
11808,treatment,62.24,mobile,SG,0,0.0,
11809,control,17.88,mobile,ID,1,18.8,
11810,treatment,28.16,mobile,SG,0,0.0,
11811,treatment,26.56,desktop,PH,1,12.78,
11812,treatment,25.44,mobile,ID,0,0.0,
11813,treatment,39.98,desktop,SG,0,0.0,
11814,treatment,10.28,mobile,PH,0,0.0,
11815,treatment,7.67,desktop,MY,1,24.52,
11816,control,20.42,mobile,ID,0,0.0,
11817,treatment,15.49,mobile,MY,0,0.0,
11818,treatment,19.68,mobile,SG,0,0.0,
11819,control,80.04,mobile,MY,1,115.2,
11820,control,12.99,mobile,VN,0,0.0,
11821,treatment,28.77,mobile,ID,0,0.0,
11822,treatment,16.26,mobile,SG,1,10.51,
11823,treatment,5.02,,ID,0,0.0,
11824,treatment,21.38,mobile,ID,0,0.0,
11825,control,21.4,mobile,PH,0,0.0,
11826,treatment,29.57,,SG,0,0.0,
11827,treatment,38.13,mobile,ID,0,0.0,
11828,control,5.07,mobile,VN,0,0.0,
11829,control,46.14,desktop,MY,0,0.0,
11830,control,60.82,mobile,ID,0,0.0,
11831,treatment,17.39,mobile,SG,1,10.3,
11832,control,21.02,mobile,PH,0,0.0,
11833,control,7.22,,ID,0,0.0,
11834,treatment,44.44,desktop,MY,0,0.0,
11835,control,36.23,desktop,SG,0,0.0,
11836,control,36.68,mobile,MY,1,4.92,
11837,control,18.88,mobile,SG,0,0.0,
11838,control,33.84,mobile,ID,1,14.08,
11839,treatment,18.63,desktop,PH,0,0.0,
11840,treatment,50.63,mobile,VN,0,0.0,
11841,treatment,33.88,mobile,PH,1,41.87,
11842,treatment,,desktop,VN,0,0.0,
11843,control,17.92,mobile,MY,0,0.0,
11844,control,31.94,mobile,MY,0,0.0,
11845,treatment,34.76,,VN,0,0.0,
11846,control,93.01,mobile,SG,0,0.0,
11847,treatment,5.48,mobile,PH,1,46.76,
11848,treatment,33.55,desktop,ID,0,0.0,
11849,treatment,20.64,mobile,MY,0,0.0,
11850,treatment,19.67,mobile,ID,0,0.0,
11851,control,48.01,mobile,MY,0,0.0,
11852,control,48.95,desktop,MY,0,0.0,
11853,control,31.85,,VN,0,0.0,
11854,control,22.96,mobile,PH,0,0.0,
11855,control,29.02,desktop,ID,0,0.0,
11856,control,57.95,desktop,PH,0,0.0,
11857,treatment,27.87,mobile,SG,0,0.0,
11858,treatment,3.53,mobile,SG,0,0.0,
11859,control,,mobile,ID,0,0.0,
11860,control,6.41,mobile,PH,0,0.0,
11861,treatment,32.58,desktop,SG,0,0.0,
11862,control,,mobile,ID,1,47.14,
11863,control,62.22,mobile,SG,0,0.0,
11864,control,22.31,mobile,MY,0,0.0,
11865,treatment,11.36,mobile,SG,0,0.0,
11866,treatment,13.9,mobile,SG,0,0.0,
11867,treatment,29.83,desktop,SG,0,0.0,
11868,control,,mobile,ID,0,0.0,
11869,control,26.58,mobile,PH,0,0.0,
11870,control,32.72,mobile,SG,0,0.0,
11871,treatment,52.77,mobile,SG,0,0.0,
11872,treatment,28.61,desktop,ID,0,0.0,
11873,control,10.9,mobile,MY,0,0.0,
11874,control,,mobile,ID,1,26.6,
11875,control,42.43,mobile,SG,0,0.0,
11876,treatment,7.72,mobile,ID,0,0.0,
11877,treatment,,desktop,MY,0,0.0,
11878,treatment,3.36,mobile,MY,0,0.0,
11879,control,15.36,desktop,ID,0,0.0,
11880,control,46.33,mobile,MY,0,0.0,
11881,treatment,13.46,mobile,PH,0,0.0,
11882,treatment,,mobile,SG,0,0.0,
11883,treatment,11.77,mobile,SG,0,0.0,
11884,control,38.38,desktop,MY,1,38.78,
11885,treatment,9.6,mobile,ID,0,0.0,
11886,treatment,27.5,mobile,SG,0,0.0,
11887,control,34.58,mobile,SG,0,0.0,
11888,control,11.77,mobile,MY,1,44.59,
11889,treatment,45.58,desktop,SG,0,0.0,
11890,control,41.96,desktop,PH,0,0.0,
11891,treatment,13.2,,SG,0,0.0,
11892,control,15.43,mobile,SG,0,0.0,
11893,treatment,13.01,mobile,MY,0,0.0,
11894,treatment,11.9,desktop,ID,0,0.0,
11895,treatment,40.54,desktop,PH,0,0.0,
11896,control,16.38,desktop,MY,1,20.03,
11897,control,,mobile,ID,0,0.0,
11898,treatment,11.41,,MY,0,0.0,
11899,control,67.18,desktop,SG,0,0.0,
11900,treatment,29.66,desktop,PH,0,0.0,
11901,treatment,43.5,mobile,MY,0,0.0,
11902,control,23.23,mobile,MY,0,0.0,
11903,control,44.43,mobile,PH,0,0.0,
11904,treatment,16.83,mobile,ID,0,0.0,
11905,control,52.75,mobile,SG,1,12.12,
11906,control,33.95,mobile,ID,0,0.0,
11907,treatment,31.77,mobile,SG,0,0.0,
11908,treatment,58.19,desktop,MY,0,0.0,
11909,control,,mobile,SG,0,0.0,
11910,control,12.86,mobile,SG,0,0.0,
11911,treatment,14.66,,SG,1,15.41,
11912,control,43.83,mobile,MY,0,0.0,
11913,control,2.73,mobile,ID,0,0.0,
11914,treatment,15.53,desktop,VN,1,46.41,
11915,control,29.49,desktop,ID,0,0.0,
11916,control,14.08,mobile,ID,0,0.0,
11917,treatment,17.06,mobile,ID,0,0.0,
11918,control,8.43,desktop,PH,0,0.0,
11919,control,,mobile,VN,0,0.0,
11920,treatment,31.03,desktop,PH,0,0.0,
11921,control,19.74,,MY,0,0.0,
11922,control,40.4,desktop,PH,0,0.0,
11923,treatment,45.28,desktop,VN,0,0.0,
11924,control,,mobile,SG,0,0.0,
11925,treatment,34.54,mobile,SG,1,34.24,
11926,treatment,25.68,desktop,SG,0,0.0,
11927,control,34.34,desktop,SG,0,0.0,
11928,treatment,9.31,mobile,ID,0,0.0,
11929,control,32.42,,SG,0,0.0,
11930,control,10.33,mobile,SG,0,0.0,
11931,control,9.39,desktop,SG,0,0.0,
11932,control,48.98,mobile,SG,0,0.0,
11933,treatment,12.53,desktop,SG,0,0.0,
11934,control,31.65,mobile,MY,0,0.0,
11935,treatment,58.03,desktop,VN,0,0.0,
11936,treatment,30.17,desktop,SG,0,0.0,
11937,treatment,13.78,mobile,MY,0,0.0,
11938,treatment,48.86,mobile,PH,1,20.72,
11939,control,3.44,desktop,ID,0,0.0,
11940,control,8.92,desktop,MY,0,0.0,
11941,control,61.18,desktop,PH,0,0.0,
11942,treatment,27.92,mobile,VN,0,0.0,
11943,control,45.99,mobile,ID,0,0.0,
11944,treatment,30.84,mobile,PH,0,0.0,
11945,treatment,24.38,,SG,0,0.0,
11946,control,44.23,desktop,VN,0,0.0,
11947,treatment,31.68,mobile,SG,0,0.0,
11948,treatment,33.95,mobile,ID,1,46.96,
11949,control,9.49,mobile,MY,0,0.0,
11950,treatment,27.76,mobile,MY,0,0.0,
11951,treatment,,mobile,MY,0,0.0,
11952,control,13.31,mobile,ID,0,0.0,
11953,control,10.01,desktop,SG,0,0.0,
11954,control,17.92,mobile,PH,0,0.0,
11955,treatment,106.6,desktop,MY,0,0.0,
11956,control,39.6,desktop,VN,0,0.0,
11957,treatment,25.68,desktop,MY,0,0.0,
11958,control,51.0,mobile,MY,0,0.0,
11959,treatment,29.95,mobile,MY,0,0.0,
11960,control,,mobile,MY,0,0.0,
11961,treatment,88.89,mobile,MY,0,0.0,
11962,control,42.57,desktop,SG,0,0.0,
11963,treatment,76.85,mobile,MY,0,0.0,
11964,control,57.08,mobile,SG,0,0.0,
11965,treatment,11.15,desktop,PH,0,0.0,
11966,control,52.94,mobile,SG,0,0.0,
11967,control,38.57,mobile,SG,0,0.0,
11968,control,12.09,mobile,MY,0,0.0,
11969,treatment,9.21,desktop,ID,0,0.0,
11970,control,10.86,desktop,PH,0,0.0,
11971,treatment,11.62,mobile,ID,0,0.0,
11972,treatment,27.83,mobile,SG,0,0.0,
11973,control,,desktop,SG,0,0.0,
11974,treatment,25.42,mobile,SG,0,0.0,
11975,treatment,3.86,mobile,SG,0,0.0,
11976,treatment,,desktop,SG,0,0.0,
11977,control,22.33,mobile,PH,1,21.69,
11978,control,9.39,mobile,SG,0,0.0,
11979,treatment,16.25,mobile,SG,1,21.95,
11980,control,,mobile,MY,0,0.0,
11981,treatment,4.63,desktop,VN,0,0.0,
11982,control,16.43,mobile,MY,1,29.57,
11983,control,45.85,desktop,MY,0,0.0,
11984,treatment,40.05,desktop,SG,0,0.0,
11985,control,35.53,desktop,MY,0,0.0,
11986,treatment,24.36,mobile,ID,0,0.0,
11987,control,38.99,mobile,SG,0,0.0,
11988,treatment,9.9,mobile,PH,0,0.0,
11989,control,27.43,desktop,MY,0,0.0,
11990,treatment,29.39,mobile,SG,1,27.03,
11991,control,4.03,mobile,SG,1,39.02,
11992,treatment,72.54,desktop,SG,0,0.0,
11993,treatment,24.02,desktop,VN,1,23.25,
11994,treatment,48.45,mobile,SG,0,0.0,
11995,control,13.83,mobile,ID,0,0.0,
11996,treatment,10.37,desktop,SG,0,0.0,
11997,treatment,11.53,desktop,SG,0,0.0,
11998,control,90.26,mobile,VN,0,0.0,
11999,control,7.02,mobile,SG,0,0.0,
12000,treatment,3.22,desktop,SG,0,0.0,
3118,treatment,13.68,mobile,SG,1,33.83,
5548,control,17.29,,ID,0,0.0,
3893,control,23.18,,ID,0,0.0,
2741,control,114.67,mobile,PH,0,0.0,
11809,control,17.88,mobile,ID,1,18.8,
3875,treatment,64.04,mobile,SG,0,0.0,
4458,control,13.28,mobile,ID,0,0.0,
8764,treatment,19.87,mobile,SG,1,25.74,
3771,treatment,22.46,mobile,PH,0,0.0,
4928,treatment,58.14,mobile,VN,1,33.66,
1985,control,33.15,desktop,SG,0,0.0,
3983,control,26.64,mobile,SG,0,0.0,
149,control,52.51,mobile,SG,0,0.0,
7625,treatment,4.84,desktop,MY,0,0.0,
2079,control,19.07,mobile,PH,0,0.0,
2041,control,12.92,mobile,PH,0,0.0,
4763,treatment,25.15,mobile,ID,0,0.0,
2736,control,40.83,mobile,SG,0,0.0,
1584,control,16.39,mobile,PH,1,9.95,
333,treatment,48.08,mobile,VN,0,0.0,
3726,control,8.67,mobile,PH,0,0.0,
2161,treatment,25.49,desktop,ID,0,0.0,
3850,treatment,55.9,mobile,MY,1,21.78,
4366,control,33.14,,MY,0,0.0,
6092,control,29.23,mobile,SG,0,0.0,
